Timestamp,Apartment,Aurelia F204 - B Phase,Aurelia F204 - Bed1 AC,Aurelia F204 - Bed1 Lights and Plug,Aurelia F204 - Common Geyser,Aurelia F204 - Common Toilet,Aurelia F204 - ELV DB Power,Aurelia F204 - Fridge,Aurelia F204 - Kitchen,Aurelia F204 - Living AC,Aurelia F204 - Living Lights & Plug,Aurelia F204 - Master Bed Lights,Aurelia F204 - Master Bedroom AC,Aurelia F204 - Master Bedroom Geyser,Aurelia F204 - Master Toilet Lights,Aurelia F204 - Oven,Aurelia F204 - R Phase,Aurelia F204 - Washing Machine,Aurelia F204 - Y Phase
2025-05-03 11:40:00,Aurelia F204,0.02757,,,0.0,0.0,,0.0,0.0282,,,,,,,0.0,,,
2025-05-03 11:45:00,Aurelia F204,,,,,,0.0,,,,,0.03324,0.0,0.0,0.0,,0.03476,,
2025-05-03 12:10:00,Aurelia F204,0.04682,0.0,0.0,0.0,0.0,0.0,0.04708,0.0,0.0,0.0,0.07937999999999999,0.0,0.0,0.0,0.0,0.08075,0.0,0.014070000000000001
2025-05-03 12:15:00,Aurelia F204,0.0464,0.0,0.0,0.0,0.0,0.0,0.04664,0.0,0.0,0.0,0.06803000000000001,0.0,0.0,0.0,0.0,0.06923,0.0,0.014029999999999999
2025-05-03 12:20:00,Aurelia F204,0.046380000000000005,0.0,0.0,0.0,0.0,0.0,0.046770000000000006,0.0,0.0,0.0,0.06781000000000001,0.0,0.0,0.00869,0.0,0.07786,0.0,0.01399
2025-05-03 12:25:00,Aurelia F204,0.07278,0.0,0.0,0.0,0.0,0.0,0.04499,0.02853,0.0,0.0,0.06316,0.0,0.0,0.0087,0.0,0.07303,0.0,0.014199999999999999
2025-05-03 12:30:00,Aurelia F204,0.13549,0.0,0.0,0.0,0.0,0.0,0.10772,0.02835,0.0,0.0,0.0731,0.0,0.0,0.00878,0.0,0.08279,0.0,0.01592
2025-05-03 12:35:00,Aurelia F204,0.13536,0.0,0.0,0.0,0.0,0.0,0.10776999999999999,0.02832,0.010230000000000001,0.0,0.09887,0.0,0.0,0.0,0.0,0.10023,0.0,0.12412000000000001
2025-05-03 12:40:00,Aurelia F204,0.13418,0.0,0.0,0.0,0.0,0.0,0.10648,0.02827,1.60575,0.0,0.0,0.0,0.0,0.0,0.0,0.0,0.00504,1.7230699999999999
2025-05-03 12:45:00,Aurelia F204,0.10612,0.0,0.0,0.0,0.0,0.0,0.10621,0.0,1.638,0.0,0.0,0.0,0.0,0.0,0.0,0.0,0.00574,1.75284
2025-05-03 12:50:00,Aurelia F204,0.10248,0.0,0.0,0.0,0.0,0.0,0.10274,0.0,1.61182,0.0,0.0,0.0,0.0,0.0,0.0,0.0,0.19583,1.9153699999999998
2025-05-03 12:55:00,Aurelia F204,0.10112,0.0,0.0,0.0,0.0,0.0,0.10121,0.0,1.6031,0.0,0.0,0.0,0.0,0.0,0.0,0.0,0.00517,1.71712
2025-05-03 13:00:00,Aurelia F204,0.1015,0.0,0.0,0.0,0.0,0.0,0.10178,0.0,1.2998599999999998,0.0,-2e-05,0.0,0.0,0.0,0.0,0.0,0.00577,1.4161
2025-05-03 13:05:00,Aurelia F204,0.09987,0.0,0.0,0.0,0.0,0.0,0.10008,0.0,1.30161,0.0,-2e-05,0.0,0.0,0.0,0.0,0.0,0.00534,1.4184700000000001
2025-05-03 13:10:00,Aurelia F204,0.09977,0.0,0.0,0.0,0.0,0.0,0.10001,0.0,1.29836,0.0,-2e-05,0.0,0.0,0.0,0.0,0.0,0.00584,1.41364
2025-05-03 13:15:00,Aurelia F204,0.09881000000000001,0.0,0.0,0.0,0.0,0.0,0.09902,0.0,1.29805,0.0,0.0,0.0,0.0,0.0,0.0,0.0,0.0,1.4076
2025-05-03 13:20:00,Aurelia F204,0.09870999999999999,0.0,0.0,0.0,0.0,0.0,0.09895,0.0,1.3140999999999998,0.0,-2e-05,0.0,0.0,0.0,0.0,0.0,0.0052,1.42673
2025-05-03 13:25:00,Aurelia F204,0.09733,0.0,0.0,0.0,0.0,0.0,0.09751,0.0,1.4719,0.0,-8e-05,0.0,0.0,0.0,0.0,0.0,0.00508,1.58462
2025-05-03 13:30:00,Aurelia F204,0.13227,0.0,0.0,0.0,0.0,0.0,0.1041,0.02871,0.8231,-1e-05,-1e-05,0.0,0.0,0.0,0.0,0.0,0.0,0.92991
2025-05-03 13:35:00,Aurelia F204,0.10669,0.0,0.0,0.0,0.0,0.0,0.10697,0.0,1.12444,0.0,-1e-05,0.0,0.0,0.0,0.0,0.0,0.0,1.2315999999999998
2025-05-03 13:40:00,Aurelia F204,0.10199,0.0,0.0,0.0,0.0,0.0,0.10221,0.0,1.2658,0.0,-1e-05,0.0,0.0,0.0,0.0,0.0,0.0,1.37315
2025-05-03 13:45:00,Aurelia F204,0.09976,0.0,0.0,0.0,0.0,0.0,0.10003000000000001,0.0,0.0,0.0,0.02957,0.52901,0.0,0.0,0.0,0.56117,0.0,0.015099999999999999
2025-05-03 13:50:00,Aurelia F204,0.09814,0.0,0.0,0.0,0.0,0.0,0.09837,0.0,0.0,0.0,0.03578,0.62307,0.0,0.0,0.0,0.66143,0.0,0.011009999999999999
2025-05-03 13:55:00,Aurelia F204,0.09786,0.0,0.0,0.0,0.0,0.0,0.09818,0.0,0.0,0.0,0.03582,0.591,0.0,0.0,0.0,0.62947,0.0,0.01092
2025-05-03 14:00:00,Aurelia F204,0.09762,0.0,0.0,0.0,0.0,0.0,0.09791,0.0,0.0,0.0,0.02875,0.57135,0.0,0.0,0.0,0.60281,0.0,0.01117
2025-05-03 14:05:00,Aurelia F204,0.09726,0.0,0.0,0.0,0.0,0.0,0.09762,0.0,0.0,0.0,0.02918,0.5483300000000001,0.0,0.0,0.0,0.58012,0.0,0.01134
2025-05-03 14:10:00,Aurelia F204,0.09570000000000001,0.0,0.0,0.0,0.0,0.0,0.09602,0.0,0.0,0.0,0.02599,0.52774,0.0,0.0,0.0,0.55623,0.0,0.01149
2025-05-03 14:15:00,Aurelia F204,0.09534999999999999,0.0,0.0,0.0,0.0,0.0,0.09562999999999999,0.0,0.0,0.0,0.02186,0.52774,0.0,0.0,0.0,0.55214,0.0,0.01112
2025-05-03 14:20:00,Aurelia F204,0.09605,0.0,0.0,0.0,0.0,0.0,0.09636,0.0,0.0,0.0,0.02138,0.53037,0.0,0.0,0.0,0.55424,0.0,0.01109
2025-05-03 14:25:00,Aurelia F204,0.09670000000000001,0.0,0.0,0.0,0.0,0.0,0.09694,0.0,0.0,0.0,0.02095,0.5253,0.0,0.0,0.0,0.54868,0.0,0.01091
2025-05-03 14:30:00,Aurelia F204,0.09470999999999999,0.0,0.0,0.0,0.0,0.0,0.09495999999999999,0.0,0.0,0.0,0.02035,0.52583,0.0,0.0,0.0,0.54883,0.0,0.0114
2025-05-03 14:35:00,Aurelia F204,0.09384999999999999,0.0,0.0,0.0,0.0,0.0,0.09411,0.0,0.0,0.0,0.01998,0.53344,0.0,0.0,0.0,0.55595,0.0,0.0112
2025-05-03 14:40:00,Aurelia F204,0.09440000000000001,0.0,0.0,0.0,0.0,0.0,0.09466,0.0,0.0,0.0,0.019059999999999997,0.52499,0.0,0.0,0.0,0.54643,0.0,0.01141
2025-05-03 14:45:00,Aurelia F204,0.09548000000000001,0.0,0.0,0.0,0.0,0.0,0.09576000000000001,0.0,0.0,0.0,0.01763,0.52891,0.0,0.0,0.0,0.54914,0.0,0.01117
2025-05-03 14:50:00,Aurelia F204,0.09384999999999999,0.0,0.0,0.0,0.0,0.0,0.09411,0.0,0.0,0.0,0.01679,0.53249,0.0,0.0,0.0,0.55176,0.0,0.011380000000000001
2025-05-03 14:55:00,Aurelia F204,0.09484999999999999,0.0,0.0,0.0,0.0,0.0,0.09514,0.0,0.0,0.0,0.01844,0.5278400000000001,0.0,0.0,0.0,0.54876,0.0,0.01099
2025-05-03 15:00:00,Aurelia F204,0.09443,0.0,0.0,0.0,0.0,0.0,0.09473999999999999,0.0,0.0,0.0,0.01569,0.53271,0.0,0.0,0.0,0.55095,0.0,0.01139
2025-05-03 15:05:00,Aurelia F204,0.09358,0.0,0.0,0.0,0.0,0.0,0.09373000000000001,0.0,0.0,0.0,0.01526,0.52746,0.0,0.0,0.0,0.54522,0.0,0.011460000000000001
2025-05-03 15:10:00,Aurelia F204,0.09229000000000001,0.0,0.0,0.0,0.0,0.0,0.09248999999999999,0.0,0.0,0.0,0.01485,0.5277000000000001,0.0,0.0,0.0,0.5449299999999999,0.0,0.011009999999999999
2025-05-03 15:15:00,Aurelia F204,0.09157,0.0,0.0,0.0,0.0,0.0,0.09182,0.0,0.0,0.0,0.01497,0.52806,0.0,0.0,0.0,0.54547,0.0,0.011210000000000001
2025-05-03 15:20:00,Aurelia F204,0.0917,0.0,0.0,0.0,0.0,0.0,0.09201000000000001,0.0,0.0,0.0,0.01474,0.5278099999999999,0.0,0.0,0.0,0.54501,0.0,0.0112
2025-05-03 15:25:00,Aurelia F204,0.09197,0.0,0.0,0.0,0.0,0.0,0.0922,0.0,0.0,0.0,0.01452,0.5254800000000001,0.0,0.0,0.0,0.54244,0.0,0.01116
2025-05-03 15:30:00,Aurelia F204,0.09212000000000001,0.0,0.0,0.0,0.0,0.0,0.09239,0.0,0.0,0.0,0.01453,0.5246000000000001,0.0,0.0,0.0,0.5415800000000001,0.0,0.01092
2025-05-03 15:35:00,Aurelia F204,0.09111,0.0,0.0,0.0,0.0,0.0,0.09131,0.0,0.0,0.0,0.01433,0.5285,0.0,0.0,0.0,0.54527,0.0,0.01132
2025-05-03 15:40:00,Aurelia F204,0.09076000000000001,0.0,0.0,0.0,0.0,0.0,0.09104000000000001,0.0,0.0,0.0,0.01422,0.52622,0.0,0.0,0.0,0.54291,0.0,0.01111
2025-05-03 15:45:00,Aurelia F204,0.09025,0.0,0.0,0.0,0.0,0.0,0.09059,0.0,0.0,0.0,0.013699999999999999,0.52378,0.0,0.0,0.0,0.5397799999999999,0.0,0.011
2025-05-03 15:50:00,Aurelia F204,0.09117,0.0,0.0,0.0,0.0,0.0,0.09134,0.0,0.0,0.0,0.01359,0.52254,0.0,0.0,0.0,0.53851,0.0,0.010960000000000001
2025-05-03 15:55:00,Aurelia F204,0.09115999999999999,0.0,0.0,0.0,0.0,0.0,0.09137,0.0,0.0,0.0,0.013869999999999999,0.52606,0.0,0.0,0.0,0.5425800000000001,0.0,0.01123
2025-05-03 16:00:00,Aurelia F204,0.09022,0.0,0.0,0.0,0.0,0.0,0.09049,0.0,0.0,0.0,0.01377,0.52976,0.0,0.0,0.0,0.5459400000000001,0.0,0.0109
2025-05-03 16:05:00,Aurelia F204,0.0901,0.0,0.0,0.0,0.0,0.0,0.09036,0.0,0.0,0.0,0.01382,0.52454,0.0,0.0,0.0,0.54088,0.0,0.0111
2025-05-03 16:10:00,Aurelia F204,0.08956,0.0,0.0,0.0,0.0,0.0,0.08982,0.0,0.0,0.0,0.013980000000000001,0.527,0.0,0.0,0.0,0.5434,0.0,0.01133
2025-05-03 16:15:00,Aurelia F204,0.09065999999999999,0.0,0.0,0.0,0.0,0.0,0.09083,0.0,0.0,0.0,0.013869999999999999,0.5260199999999999,0.0,0.0,0.0,0.54242,0.0,0.011130000000000001
2025-05-03 16:20:00,Aurelia F204,0.09058,0.0,0.0,0.0,0.0,0.0,0.09098,0.0,0.0,0.0,0.01384,0.53787,0.0,0.0,0.0,0.5541900000000001,0.0,0.01105
2025-05-03 16:25:00,Aurelia F204,0.08990999999999999,0.0,0.0,0.0,0.0,0.0,0.0901,0.0,0.0,0.0,0.01385,0.5475599999999999,0.0,0.0,0.0,0.5639500000000001,0.0,0.01112
2025-05-03 16:30:00,Aurelia F204,0.08918999999999999,0.0,0.0,0.0,0.0,0.0,0.08952,0.0,0.0,0.0,0.01423,0.51509,0.0,0.0,0.0,0.53183,0.0,0.01112
2025-05-03 16:35:00,Aurelia F204,0.08936,0.0,0.0,0.0,0.0,0.0,0.08963,0.0,0.0,0.0,0.014,0.5182,0.0,0.0,0.0,0.5347000000000001,0.0,0.01117
2025-05-03 16:40:00,Aurelia F204,0.08893000000000001,0.0,0.0,0.0,0.0,0.0,0.08932,0.0,0.0,0.0,0.01399,0.51196,0.0,0.0,0.0,0.5289299999999999,0.0,0.01087
2025-05-03 16:45:00,Aurelia F204,0.0896,0.0,0.0,0.0,0.0,0.0,0.08989,0.0,0.0,0.0,0.0141,0.51348,0.0,0.0,0.0,0.5300199999999999,0.0,0.01106
2025-05-03 16:50:00,Aurelia F204,0.09,0.0,0.0,0.0,0.0,0.0,0.09034,0.0,0.0,0.0,0.01405,0.5109,0.0,0.0,0.0,0.52744,0.0,0.01092
2025-05-03 16:55:00,Aurelia F204,0.07742,0.0,0.0,0.0,0.0,0.0,0.07773000000000001,0.0,0.0,0.0,0.013789999999999998,0.51364,0.0,0.0,0.0,0.52995,0.0,0.01104
2025-05-03 17:00:00,Aurelia F204,0.07573,0.0,0.0,0.0,0.0,0.0,0.0761,0.0,0.0,0.0,0.01391,0.51195,0.0,0.0,0.0,0.52842,0.0,0.01094
2025-05-03 17:05:00,Aurelia F204,0.07508,0.0,0.0,0.0,0.0,0.0,0.07534,0.0,0.0,0.0,0.014,0.5126499999999999,0.0,0.0,0.0,0.5291,0.0,0.010960000000000001
2025-05-03 17:10:00,Aurelia F204,0.07472,0.0,0.0,0.0,0.0,0.0,0.07498,0.0,0.0,0.0,0.013980000000000001,0.51102,0.0,0.0,0.0,0.5275700000000001,0.0,0.01107
2025-05-03 17:15:00,Aurelia F204,0.07453,0.0,0.0,0.0,0.0,0.0,0.07482,0.0,0.0,0.0,0.014029999999999999,0.51539,0.0,0.0,0.0,0.53204,0.0,0.01099
2025-05-03 17:20:00,Aurelia F204,0.07429999999999999,0.0,0.0,0.0,0.0,0.0,0.07459,0.0,0.0,0.0,0.01396,0.51128,0.0,0.0,0.0,0.5275299999999999,0.0,0.01137
2025-05-03 17:25:00,Aurelia F204,0.10059,0.0,0.0,0.0,0.0,0.0,0.07296,0.02845,0.0,0.0166,0.01411,0.51094,0.0,0.0,0.0,0.5276799999999999,0.0,0.0288
2025-05-03 17:30:00,Aurelia F204,0.12071,0.0,0.0,0.0,0.0,0.0,0.09303,0.028390000000000002,0.0,0.08239,0.01414,0.51024,0.0,0.0,0.0,0.52708,0.0,0.13072
2025-05-03 17:35:00,Aurelia F204,0.11873,0.0,0.0,0.0,0.0,0.0,0.09098,0.028239999999999998,0.0,0.08079,0.01431,0.00383,0.0,0.0,0.0,0.02052,0.0,0.13008
2025-05-03 17:40:00,Aurelia F204,0.11854,0.0,0.0,0.0,0.0,0.0,0.09078,0.028300000000000002,0.0,0.08036,0.01447,0.00023999999999999998,0.0,0.00891,0.0,0.02736,0.0,0.12788
2025-05-03 17:45:00,Aurelia F204,0.11798,0.0,0.0,0.0,0.0,0.0,0.09017,0.02818,0.0,0.07933,0.05035,0.0,0.0,0.0,0.0,0.052020000000000004,0.0,0.12716
2025-05-03 17:50:00,Aurelia F204,0.11755,0.0,0.0,0.0,0.0,0.0,0.08982,0.028210000000000002,0.0,0.07906999999999999,0.06262,0.0,0.0,0.0,0.0,0.06378,0.0,0.12713
2025-05-03 17:55:00,Aurelia F204,0.11856,0.0,0.0,0.0,0.0,0.0,0.09092,0.02823,0.0,0.07897,0.061090000000000005,0.0,0.0,0.0,0.0,0.062329999999999997,0.0,0.12702
2025-05-03 18:00:00,Aurelia F204,0.11543,0.0,0.0,0.0,0.0,0.0,0.08776,0.028239999999999998,0.0,0.07948000000000001,0.05868,0.0,0.0,0.0,0.0,0.06006,0.0,0.12694
2025-05-03 18:05:00,Aurelia F204,0.11358,0.0,0.0,0.0,0.0,0.0,0.08597,0.02816,0.0,0.21847999999999998,0.04729,0.0,0.0,0.0,0.0,0.04826,0.0,0.26536000000000004
2025-05-03 18:10:00,Aurelia F204,0.11267,0.0,0.0,0.0,0.0,0.0,0.08509,0.02819,0.0,0.1899,0.00597,0.0,0.0,0.0,0.0,0.0076500000000000005,0.0,0.23707
2025-05-03 18:15:00,Aurelia F204,0.11263,0.0,0.0,0.0,0.0,0.0,0.08504,0.028210000000000002,0.0,0.16462000000000002,0.04292,0.0,0.0,0.0,0.0,0.04428,0.0,0.21259
2025-05-03 18:20:00,Aurelia F204,0.10709,0.0,0.0,0.0,0.0,0.0,0.07939,0.02816,0.0,0.16634000000000002,0.04246,0.0,0.0,0.0,0.0,0.043609999999999996,0.0,0.21438
2025-05-03 18:25:00,Aurelia F204,0.104,0.0,0.0,0.0,0.0,0.0,0.07637000000000001,0.02832,0.0,0.15274000000000001,0.04215,0.0,0.0,0.0,0.0,0.043609999999999996,0.0,0.20036
2025-05-03 18:30:00,Aurelia F204,0.10225,0.0,0.0,0.0,0.0,0.0,0.07464,0.02818,0.0,0.15289,0.04233,0.0,0.0,0.0,0.0,0.04373,0.0,0.20031000000000002
2025-05-03 18:35:00,Aurelia F204,0.10142,0.0,0.0,0.0,0.0,0.0,0.07379999999999999,0.02818,0.0,0.14673,0.042,0.0,0.0,0.0,0.0,0.04342,0.0,0.19438
2025-05-03 18:40:00,Aurelia F204,0.10099,0.0,0.0,0.0,0.0,0.0,0.07324,0.02817,0.0,0.14683000000000002,0.00595,0.0,0.0,0.0,0.0,0.00754,0.0,0.19436
2025-05-03 18:45:00,Aurelia F204,0.02935,0.0,0.0,0.0,0.0,0.0,0.00082,0.028239999999999998,0.0,0.14152,0.00594,0.0,0.0,0.0,0.0,0.00756,0.0,0.18856
2025-05-03 18:50:00,Aurelia F204,0.02923,0.0,0.0,0.0,0.0,0.0,0.00047,0.02817,0.0,0.13879,0.00596,0.0,0.0,0.0,0.0,0.00753,0.0,0.18556
2025-05-03 18:55:00,Aurelia F204,0.02923,0.0,0.0,0.0,0.0,0.00477,0.00047999999999999996,0.02818,0.0,0.13965,0.00597,0.0,0.0,0.0,0.0,0.012029999999999999,0.0,0.18581999999999999
2025-05-03 19:00:00,Aurelia F204,0.16143000000000002,0.0,0.0,0.0,0.0,0.14564,0.13388999999999998,0.028210000000000002,0.0,0.1442,0.00597,0.0,0.0,0.0,0.0,0.15305000000000002,0.0,0.19156
2025-05-03 19:05:00,Aurelia F204,0.16009,0.0,0.0,0.0,0.0,0.16652,0.13248,0.0282,0.0,0.16888999999999998,0.0058200000000000005,0.0,0.0,0.0,0.0,0.17383,0.0,0.21655000000000002
2025-05-03 19:10:00,Aurelia F204,0.1595,0.0,0.0,0.0,0.0,0.16372,0.13184,0.02817,0.0,0.13254,0.00587,0.0,0.0,0.0,0.0,0.17109,0.0,0.18184
2025-05-03 19:15:00,Aurelia F204,0.15947999999999998,0.0,0.0,0.0,0.0,0.16153,0.13185,0.02813,0.0,0.14406,0.00588,0.0,0.0,0.0,0.0,0.16874,0.0,0.19238999999999998
2025-05-03 19:20:00,Aurelia F204,0.20227,0.0,0.0,0.0,0.0,0.16046000000000002,0.13149,0.07126,0.0,0.12924000000000002,0.00583,0.0,0.0,0.0,0.0,0.16753,0.0,0.1765
2025-05-03 19:25:00,Aurelia F204,0.20061,0.0,0.0,0.0,0.0,0.16071000000000002,0.13153,0.06959,0.0,0.12039,0.00588,0.0,0.0,0.0,0.0,0.16775,0.0,0.16791
2025-05-03 19:30:00,Aurelia F204,0.20042,0.0,0.0,0.0,0.0,0.16104,0.13181,0.06908,0.0,0.11884,0.00591,0.0,0.0,0.0,0.0,0.16809000000000002,0.0,0.16618
2025-05-03 19:35:00,Aurelia F204,0.07016,0.0,0.0,0.0,0.0,0.16179,0.00032,0.06881999999999999,0.0,0.09918,0.0059299999999999995,0.0,0.0,0.0,0.0,0.16907,0.0,0.14648
2025-05-03 19:40:00,Aurelia F204,0.02926,0.0,0.0,0.0,0.0,0.13015000000000002,0.00063,0.02817,0.0,0.09666,0.005900000000000001,0.0,0.0,0.0,0.0,0.13763999999999998,0.0,0.14443
2025-05-03 19:45:00,Aurelia F204,0.06822,0.0,0.0,0.0,0.0,0.12913999999999998,0.04069,0.0282,0.0,0.11641,0.00594,0.0,0.0,0.0,0.0,0.13656000000000001,0.0,0.16379
2025-05-03 19:50:00,Aurelia F204,0.18181,0.0,0.0,0.0,0.0,0.0,0.1082,0.07415999999999999,0.0,0.13481,0.006,0.0,0.0,0.0,0.0,0.00751,0.0,0.18181
2025-05-03 19:55:00,Aurelia F204,0.18203,0.0,0.0,0.0,0.0,0.0,0.1087,0.07393999999999999,0.0,0.11011,0.00598,0.0,0.0,0.0,0.0,0.007549999999999999,0.0,0.15703999999999999
2025-05-03 20:00:00,Aurelia F204,0.18031,0.0,0.0,0.0,0.0,0.0,0.10673,0.07409,0.0,0.09906000000000001,0.00597,0.0,0.0,0.0,0.0,0.00762,0.0,0.1457
2025-05-03 20:05:00,Aurelia F204,0.17836000000000002,0.0,0.0,0.0,0.0,0.0,0.10479000000000001,0.074,0.0,0.13204,0.0060999999999999995,0.0,0.0,0.0,0.0,0.0076,0.0,0.18151
2025-05-03 20:10:00,Aurelia F204,0.13331,0.0,0.0,0.0,0.0,0.0,0.10573,0.02823,0.0,0.08355,0.07449,0.0,0.0,0.0,0.0,0.07579999999999999,0.0,0.13261
2025-05-03 20:15:00,Aurelia F204,0.10206,0.0,0.0,0.0,0.0,0.0,0.10237,0.0,0.0,0.08312,0.07377,0.0,0.0,0.00883,0.0,0.08384,0.0,0.12940000000000002
2025-05-03 20:20:00,Aurelia F204,0.10776000000000001,0.0,0.0,0.0,0.008490000000000001,0.0,0.09944,0.0,0.0,0.07890000000000001,0.07292,0.0,0.0,0.0,0.0,0.07446,0.0,0.12469
2025-05-03 20:25:00,Aurelia F204,0.1062,0.0,0.0,0.0,0.00842,0.0,0.09794,0.0,0.0,0.07934999999999999,0.07291,0.0,0.0,0.0,0.0,0.07422,0.0,0.12551
2025-05-03 20:30:00,Aurelia F204,0.09815,0.0,0.0,0.0,0.0,0.0,0.09848,0.0,0.0,0.07884999999999999,0.07257,0.0,0.0,0.00864,0.0,0.0824,0.0,0.12436
2025-05-03 20:35:00,Aurelia F204,0.09526000000000001,0.0,0.0,0.0,0.0,0.0,0.09555,0.0,0.0,0.07906999999999999,0.07261,0.0,0.0,0.00907,0.0,0.08306000000000001,0.0,0.12498999999999999
2025-05-03 20:40:00,Aurelia F204,0.09475,0.0,0.0,0.0,0.0,0.0,0.09503,0.0,0.0,0.0795,0.07282,0.0,0.0,0.03357,0.0,0.10759,0.0,0.12583
2025-05-03 20:45:00,Aurelia F204,0.0947,0.0,0.00457,0.0,0.0,0.0,0.09498999999999999,0.0,0.0,0.0795,0.07277,0.0,0.0,0.00865,0.0,0.08268,0.0,0.13041999999999998
2025-05-03 20:50:00,Aurelia F204,0.09378,0.0,0.0,0.0,0.0,0.0,0.0942,0.0,0.0,0.08020000000000001,1.05163,0.0,0.0,0.00867,0.0,1.06235,0.0,0.12635
2025-05-03 20:55:00,Aurelia F204,0.09254000000000001,0.0,0.0,0.0,0.0,0.0,0.09275,0.0,0.0,0.07959000000000001,0.07276,0.0,0.0,0.00869,0.0,0.08251,0.0,0.0958
2025-05-03 21:00:00,Aurelia F204,0.09137,0.0,0.0,0.0,0.0,0.0,0.09156,0.0,0.0,0.00368,0.00611,0.0,0.0,0.00857,0.0,0.016460000000000002,0.0,0.01961
2025-05-03 21:05:00,Aurelia F204,0.09225,0.0,0.0,0.0,0.0,0.0,0.09254000000000001,0.0,0.0,0.00346,0.00601,0.0,0.0,0.0087,0.0,0.016399999999999998,0.0,0.01573
2025-05-03 21:10:00,Aurelia F204,0.09083,0.0,0.0,0.0,0.0,0.0,0.09104000000000001,0.0,0.0,0.0034,0.00596,0.0,0.0,0.00856,0.0,0.01643,0.0,0.01572
2025-05-03 21:15:00,Aurelia F204,0.08990999999999999,0.0,0.0,0.0,0.0,0.0,0.09014,0.0,0.0,0.0034,0.00604,0.0,0.0,0.00869,0.0,0.01644,0.0,0.01584
2025-05-03 21:20:00,Aurelia F204,0.08981,0.0,0.0,0.0,0.0,0.0,0.09006,0.0,0.0,0.00337,0.00598,0.0,0.0,0.0087,0.0,0.01638,0.0,0.015519999999999999
2025-05-03 21:25:00,Aurelia F204,0.09004000000000001,0.0,0.0,0.0,0.0,0.0,0.09040999999999999,0.0,0.0,0.00337,0.0059299999999999995,0.0,0.0,0.00868,0.0,0.01636,0.0,0.01549
2025-05-03 21:30:00,Aurelia F204,0.08979999999999999,0.0,0.0,0.0,0.0,0.0,0.09008,0.0,0.0,0.00332,0.006030000000000001,0.0,0.0,0.00855,0.0,0.016399999999999998,0.0,0.015519999999999999
2025-05-03 21:35:00,Aurelia F204,0.08906,0.0,0.0,0.0,0.0,0.0,0.08929000000000001,0.0,0.0,0.00332,0.00601,0.0,0.0,0.00872,0.0,0.016390000000000002,0.0,0.01542
2025-05-03 21:40:00,Aurelia F204,0.09002,0.0,0.0,0.0,0.0,0.0,0.09024,0.0,0.0,0.0034,0.00597,0.0,0.0,0.00862,0.0,0.016329999999999997,0.0,0.015710000000000002
2025-05-03 21:45:00,Aurelia F204,0.08868000000000001,0.0,0.0,0.0,0.0,0.0,0.08892,0.0,0.0,0.00332,0.00574,0.0,0.0,0.00868,0.0,0.016050000000000002,0.0,0.015349999999999999
2025-05-03 21:50:00,Aurelia F204,0.08885,0.0,0.0,0.0,0.0,0.0,0.08914,0.0,0.0,0.0034100000000000003,0.00578,0.0,0.0,0.00864,0.0,0.01611,0.0,0.01533
2025-05-03 21:55:00,Aurelia F204,0.08851,0.0,0.0,0.0,0.0,0.0,0.0887,0.0,0.0,0.0035299999999999997,0.005730000000000001,0.0,0.0,0.00872,0.0,0.016059999999999998,0.0,0.015470000000000001
2025-05-03 22:00:00,Aurelia F204,0.08941,0.0,0.0,0.0,0.0,0.0,0.08962,0.0,0.0,0.0035099999999999997,0.005809999999999999,0.0,0.0,0.00864,0.0,0.01609,0.0,0.01567
2025-05-03 22:05:00,Aurelia F204,0.08874,0.0,0.0,0.0,0.0,0.0,0.08907999999999999,0.0,0.0,0.0033399999999999997,0.0057599999999999995,0.0,0.0,0.0087,0.0,0.016059999999999998,0.0,0.01543
2025-05-03 22:10:00,Aurelia F204,0.08769,0.0,0.0,0.0,0.0,0.0,0.08788,0.0,0.0,0.0033799999999999998,0.00577,0.0,0.0,0.00868,0.0,0.01601,0.0,0.015359999999999999
2025-05-03 22:15:00,Aurelia F204,0.09406999999999999,0.0,0.0,0.0,0.0,0.0,0.09426000000000001,0.0,0.0,0.00344,0.00571,0.0,0.0,0.00868,0.0,0.016,0.0,0.015380000000000001
2025-05-03 22:20:00,Aurelia F204,0.09328,0.0,0.0,0.0,0.0,0.0,0.09358,0.0,0.0,0.0033900000000000002,0.00567,0.0,0.0,0.00868,0.0,0.0159,0.0,0.01575
2025-05-03 22:25:00,Aurelia F204,0.093,0.0,0.0,0.0,0.0,0.0,0.0932,0.0,0.0,0.0033399999999999997,0.005679999999999999,0.0,0.0,0.00864,0.0,0.01597,0.0,0.015390000000000001
2025-05-03 22:30:00,Aurelia F204,0.0928,0.0,0.0,0.0,0.0,0.0,0.09315000000000001,0.0,0.0,0.00346,0.005730000000000001,0.0,0.0,0.00868,0.0,0.01598,0.0,0.015359999999999999
2025-05-03 22:35:00,Aurelia F204,0.0932,0.0,0.0,0.0,0.0,0.0,0.09340999999999999,0.0,0.0,0.00344,0.00575,0.0,0.0,0.00874,0.0,0.01591,0.0,0.015269999999999999
2025-05-03 22:40:00,Aurelia F204,0.09318000000000001,0.0,0.0,0.0,0.0,0.0,0.09345999999999999,0.0,0.0,0.00335,0.0057,0.0,0.0,0.00874,0.0,0.01592,0.0,0.015390000000000001
2025-05-03 22:45:00,Aurelia F204,0.09268000000000001,0.0,0.0,0.0,0.0,0.0,0.09301999999999999,0.0,0.0,0.00333,0.0057,0.0,0.0,0.00874,0.0,0.01586,0.0,0.01532
2025-05-03 22:50:00,Aurelia F204,0.08452,0.0,0.0,0.0,0.0,0.0,0.08476,0.0,0.0,0.00342,0.005730000000000001,0.0,0.0,0.00864,0.0,0.01589,0.0,0.015460000000000002
2025-05-03 22:55:00,Aurelia F204,0.08270999999999999,0.0,0.0,0.0,0.0,0.0,0.08315,0.0,0.0,0.00342,0.00564,0.0,0.0,0.00869,0.0,0.015960000000000002,0.0,0.0154
2025-05-03 23:00:00,Aurelia F204,0.08191,0.0,0.0,0.0,0.0,0.0,0.08215,0.0,0.0,0.00335,0.00561,0.0,0.0,0.00863,0.0,0.01594,0.0,0.0155
2025-05-03 23:05:00,Aurelia F204,0.08162,0.0,0.0,0.0,0.0,0.0,0.08184999999999999,0.0,0.0,0.0033799999999999998,0.00567,0.0,0.0,0.00869,0.0,0.01591,0.0,0.015460000000000002
2025-05-03 23:10:00,Aurelia F204,0.08020000000000001,0.0,0.0,0.0,0.0,0.0,0.08052,0.0,0.0,0.00348,0.00567,0.0,0.0,0.0087,0.0,0.0159,0.0,0.01531
2025-05-03 23:15:00,Aurelia F204,0.08053,0.0,0.0,0.0,0.0,0.0,0.08069,0.0,0.0,0.0034,0.005690000000000001,0.0,0.0,0.00868,0.0,0.01592,0.0,0.01567
2025-05-03 23:20:00,Aurelia F204,5e-05,0.0,0.0,0.0,0.0,0.0,0.00035,0.0,0.0,0.0034,0.0057,0.0,0.0,0.00869,0.0,0.01586,0.0,0.01533
2025-05-03 23:25:00,Aurelia F204,0.00014000000000000001,0.0,0.0,0.0,0.0,0.0,0.00041,0.0,0.0,0.00344,0.00567,0.0,0.0,0.00872,0.0,0.0159,0.0,0.01575
2025-05-03 23:30:00,Aurelia F204,0.00011999999999999999,0.0,0.0,0.0,0.0,0.0,0.00033,0.0,0.0,0.00348,0.0056,0.0,0.0,0.00862,0.0,0.01589,0.0,0.01532
2025-05-03 23:35:00,Aurelia F204,4e-05,0.0,0.0,0.0,0.0,0.0,0.00025,0.0,0.0,0.0034100000000000003,0.00557,0.0,0.0,0.00869,0.0,0.01587,0.0,0.01525
2025-05-03 23:40:00,Aurelia F204,2e-05,0.0,0.0,0.0,0.0,0.0,0.00047,0.0,0.0,0.0034100000000000003,0.00557,0.0,0.0,0.00865,0.0,0.01586,0.0,0.015349999999999999
2025-05-03 23:45:00,Aurelia F204,0.02982,0.0,0.0,0.0,0.0,0.0,0.00034,0.02866,0.0,0.00322,0.00562,0.0,0.0,0.00872,0.0,0.01576,0.0,0.015359999999999999
2025-05-03 23:50:00,Aurelia F204,0.02941,0.0,0.0,0.0,0.0,0.0,0.00043,0.02841,0.0,0.0,0.06458,0.484,0.0,0.00864,0.0,0.55956,0.0,0.01099
2025-05-03 23:55:00,Aurelia F204,2e-05,0.0,0.0,0.0,0.0,0.0,0.0005,0.0,0.0,0.0,0.01927,0.69404,0.0,0.00872,0.0,0.72472,0.0,0.0109
2025-05-04 00:00:00,Aurelia F204,2e-05,0.0,0.0,0.0,0.0,0.0,0.00041999999999999996,0.0,0.0,0.0,0.01911,0.84324,0.0,0.0,0.0,0.86495,0.0,0.01116
2025-05-04 00:05:00,Aurelia F204,0.03481,0.0,0.0,0.0,0.0,0.0,0.0351,0.0,0.0,0.0,0.019059999999999997,0.9067799999999999,0.0,0.0,0.0,0.92837,0.0,0.01107
2025-05-04 00:10:00,Aurelia F204,0.09157,0.0,0.0,0.0,0.0,0.0,0.09185,0.0,0.0,0.0,0.019059999999999997,0.90085,0.0,0.0,0.0,0.92241,0.0,0.01107
2025-05-04 00:15:00,Aurelia F204,0.0887,0.0,0.0,0.0,0.0,0.0,0.08902,0.0,0.0,0.0,0.01907,0.90911,0.0,0.0,0.0,0.9307000000000001,0.0,0.01107
2025-05-04 00:20:00,Aurelia F204,0.08713,0.0,0.0,0.0,0.0,0.0,0.08829000000000001,0.0,0.0,0.0,0.019,0.9024,0.0,0.0,0.0,0.92384,0.0,0.01137
2025-05-04 00:25:00,Aurelia F204,0.08597,0.0,0.0,0.0,0.0,0.0,0.08631,0.0,0.0,0.0,0.019100000000000002,0.90367,0.0,0.0,0.0,0.9252100000000001,0.0,0.01105
2025-05-04 00:30:00,Aurelia F204,0.08683,0.0,0.0,0.0,0.0,0.0,0.08707,0.0,0.0,0.0,0.01908,0.89695,0.0,0.0,0.0,0.91865,0.0,0.01097
2025-05-04 00:35:00,Aurelia F204,0.0846,0.0,0.0,0.0,0.0,0.0,0.08488,0.0,0.0,0.0,0.019190000000000002,0.8879,0.0,0.0,0.0,0.90963,0.0,0.01094
2025-05-04 00:40:00,Aurelia F204,0.08403000000000001,0.0,0.0,0.0,0.0,0.0,0.08447,0.0,0.0,0.0,0.019219999999999998,0.89483,0.0,0.0,0.0,0.91655,0.0,0.01134
2025-05-04 00:45:00,Aurelia F204,0.08409,0.0,0.0,0.0,0.0,0.0,0.08438,0.0,0.0,0.0,0.013359999999999999,0.85092,0.0,0.0,0.0,0.86691,0.0,0.01103
2025-05-04 00:50:00,Aurelia F204,0.08433,0.0,0.0,0.0,0.0,0.0,0.08475,0.0,0.0,0.0,0.0134,0.7720199999999999,0.0,0.0,0.0,0.78799,0.0,0.01099
2025-05-04 00:55:00,Aurelia F204,0.08356,0.0,0.0,0.0,0.0,0.0,0.08381999999999999,0.0,0.0,0.0,0.01349,0.77225,0.0,0.0,0.0,0.7882100000000001,0.0,0.01124
2025-05-04 01:00:00,Aurelia F204,0.08411,0.0,0.0,0.0,0.0,0.0,0.08438,0.0,0.0,0.0,0.013519999999999999,0.74719,0.0,0.0,0.0,0.76323,0.0,0.01125
2025-05-04 01:05:00,Aurelia F204,0.08455,0.0,0.0,0.0,0.0,0.0,0.08492,0.0,0.0,0.0,0.013519999999999999,0.76954,0.0,0.0,0.0,0.7855700000000001,0.0,0.010960000000000001
2025-05-04 01:10:00,Aurelia F204,0.08341,0.0,0.0,0.0,0.0,0.0,0.08385,0.0,0.0,0.0,0.013619999999999998,0.7709400000000001,0.0,0.0,0.0,0.7871699999999999,0.0,0.01097
2025-05-04 01:15:00,Aurelia F204,0.08355,0.0,0.0,0.0,0.0,0.0,0.08393,0.0,0.0,0.0,0.01351,0.77061,0.0,0.0,0.0,0.78669,0.0,0.01103
2025-05-04 01:20:00,Aurelia F204,0.08311,0.0,0.0,0.0,0.0,0.0,0.08344,0.0,0.0,0.0,0.013519999999999999,0.73285,0.0,0.0,0.0,0.74894,0.0,0.01105
2025-05-04 01:25:00,Aurelia F204,0.07465000000000001,0.0,0.0,0.0,0.0,0.0,0.07498,0.0,0.0,0.0,0.013699999999999999,0.76847,0.0,0.0,0.0,0.7847000000000001,0.0,0.0109
2025-05-04 01:30:00,Aurelia F204,0.07354999999999999,0.0,0.0,0.0,0.0,0.0,0.07390000000000001,0.0,0.0,0.0,0.013710000000000002,0.76939,0.0,0.0,0.0,0.7856599999999999,0.0,0.01124
2025-05-04 01:35:00,Aurelia F204,0.07286,0.0,0.0,0.0,0.0,0.0,0.07311,0.0,0.0,0.0,0.01376,0.77,0.0,0.0,0.0,0.7862899999999999,0.0,0.01097
2025-05-04 01:40:00,Aurelia F204,0.07243000000000001,0.0,0.0,0.0,0.0,0.0,0.07284,0.0,0.0,0.0,0.01376,0.7317899999999999,0.0,0.0,0.0,0.74811,0.0,0.01117
2025-05-04 01:45:00,Aurelia F204,5.9999999999999995e-05,0.0,0.0,0.0,0.0,0.0,0.0005,0.0,0.0,0.0,0.013730000000000001,0.76963,0.0,0.0,0.0,0.78592,0.0,0.01105
2025-05-04 01:50:00,Aurelia F204,1e-05,0.0,0.0,0.0,0.0,0.0,0.00034,0.0,0.0,0.0,0.013859999999999999,0.73207,0.0,0.0,0.0,0.7484500000000001,0.0,0.01124
2025-05-04 01:55:00,Aurelia F204,5.9999999999999995e-05,0.0,0.0,0.0,0.0,0.0,0.00041999999999999996,0.0,0.0,0.0,0.013800000000000002,0.65513,0.0,0.0,0.0,0.67157,0.0,0.01097
2025-05-04 02:00:00,Aurelia F204,0.0,0.0,0.0,0.0,0.0,0.0,0.00061,0.0,0.0,0.0,0.01385,0.6730700000000001,0.0,0.0,0.0,0.69013,0.0,0.01126
2025-05-04 02:05:00,Aurelia F204,1e-05,0.0,0.0,0.0,0.0,0.0,0.00033,0.0,0.0,0.0,0.013800000000000002,0.688,0.0,0.0,0.0,0.7044400000000001,0.0,0.01091
2025-05-04 02:10:00,Aurelia F204,2e-05,0.0,0.0,0.0,0.0,0.0,0.0005200000000000001,0.0,0.0,0.0,0.01385,0.7699900000000001,0.0,0.0,0.0,0.78651,0.0,0.01107
2025-05-04 02:15:00,Aurelia F204,7.000000000000001e-05,0.0,0.0,0.0,0.0,0.0,0.00035,0.0,0.0,0.0,0.014119999999999999,0.008119999999999999,0.0,0.0,0.0,0.02462,0.0,0.01087
2025-05-04 02:20:00,Aurelia F204,1e-05,0.0,0.0,0.0,0.0,0.0,0.00035,0.0,0.0,0.0,0.014,0.48085,0.0,0.0,0.0,0.49739999999999995,0.0,0.0109
2025-05-04 02:25:00,Aurelia F204,0.0,0.0,0.0,0.0,0.0,0.0,0.00041,0.0,0.0,0.0,0.01396,0.47132999999999997,0.0,0.0,0.0,0.48777,0.0,0.01119
2025-05-04 02:30:00,Aurelia F204,1e-05,0.0,0.0,0.0,0.0,0.0,0.00037,0.0,0.0,0.0,0.01396,0.49311,0.0,0.0,0.0,0.50968,0.0,0.0111
2025-05-04 02:35:00,Aurelia F204,0.03319,0.0,0.0,0.0,0.0,0.0,0.033460000000000004,0.0,0.0,0.0,0.014240000000000001,0.00791,0.0,0.0,0.0,0.024489999999999998,0.0,0.01133
2025-05-04 02:40:00,Aurelia F204,0.04844,0.0,0.0,0.0,0.0,0.0,0.048780000000000004,0.0,0.0,0.0,0.014199999999999999,0.00792,0.0,0.0,0.0,0.02452,0.0,0.011439999999999999
2025-05-04 02:45:00,Aurelia F204,0.048060000000000005,0.0,0.0,0.0,0.0,0.0,0.048310000000000006,0.0,0.0,0.0,0.01425,0.00801,0.0,0.0,0.0,0.024489999999999998,0.0,0.01449
2025-05-04 02:50:00,Aurelia F204,0.04758,0.0,0.0,0.0,0.0,0.0,0.04784,0.0,0.0,0.0,0.01413,0.48901999999999995,0.0,0.0,0.0,0.5058,0.0,0.01109
2025-05-04 02:55:00,Aurelia F204,0.047850000000000004,0.0,0.0,0.0,0.0,0.0,0.04827,0.0,0.0,0.0,0.014199999999999999,0.48473,0.0,0.0,0.0,0.50142,0.0,0.01098
2025-05-04 03:00:00,Aurelia F204,0.048240000000000005,0.0,0.0,0.0,0.0,0.0,0.048530000000000004,0.0,0.0,0.0,0.01418,0.49429,0.0,0.0,0.0,0.51094,0.0,0.01091
2025-05-04 03:05:00,Aurelia F204,0.04862,0.0,0.0,0.0,0.0,0.0,0.048979999999999996,0.0,0.0,0.0,0.014369999999999999,0.00791,0.0,0.0,0.0,0.02463,0.0,0.01093
2025-05-04 03:10:00,Aurelia F204,0.04832,0.0,0.0,0.0,0.0,0.0,0.04871,0.0,0.0,0.0,0.014240000000000001,0.48828,0.0,0.0,0.0,0.50508,0.0,0.0111
2025-05-04 03:15:00,Aurelia F204,0.04786,0.0,0.0,0.0,0.0,0.0,0.04818,0.0,0.0,0.0,0.01425,0.47422000000000003,0.0,0.0,0.0,0.49081,0.0,0.01105
2025-05-04 03:20:00,Aurelia F204,0.04795,0.0,0.0,0.0,0.0,0.0,0.048369999999999996,0.0,0.0,0.0,0.01417,0.49504000000000004,0.0,0.0,0.0,0.51176,0.0,0.01089
2025-05-04 03:25:00,Aurelia F204,0.04789,0.0,0.0,0.0,0.0,0.0,0.048229999999999995,0.0,0.0,0.0,0.0143,0.007940000000000001,0.0,0.0,0.0,0.02466,0.0,0.011
2025-05-04 03:30:00,Aurelia F204,0.04793,0.0,0.0,0.0,0.0,0.0,0.04832,0.0,0.0,0.0,0.01439,0.007940000000000001,0.0,0.0,0.0,0.0247,0.0,0.01086
2025-05-04 03:35:00,Aurelia F204,0.04736,0.0,0.0,0.0,0.0,0.0,0.04758,0.0,0.0,0.0,0.0144,0.00797,0.0,0.0,0.0,0.024730000000000002,0.0,0.010960000000000001
2025-05-04 03:40:00,Aurelia F204,0.04715,0.0,0.0,0.0,0.0,0.0,0.047420000000000004,0.0,0.0,0.0,0.01431,0.47844,0.0,0.0,0.0,0.49529,0.0,0.01106
2025-05-04 03:45:00,Aurelia F204,0.04783,0.0,0.0,0.0,0.0,0.0,0.04813,0.0,0.0,0.0,0.0144,0.129,0.0,0.0,0.0,0.13049000000000002,0.0,0.01084
2025-05-04 03:50:00,Aurelia F204,0.04775,0.0,0.0,0.0,0.0,0.0,0.04804,0.0,0.0,0.0,0.01433,0.56425,0.0,0.0,0.0,0.5810599999999999,0.0,0.0109
2025-05-04 03:55:00,Aurelia F204,0.047439999999999996,0.0,0.0,0.0,0.0,0.0,0.04776,0.0,0.0,0.0,0.01427,0.5321,0.0,0.0,0.0,0.54911,0.0,0.01123
2025-05-04 04:00:00,Aurelia F204,0.046979999999999994,0.0,0.0,0.0,0.0,0.0,0.04739,0.0,0.0,0.0,0.01433,0.49158999999999997,0.0,0.0,0.0,0.50861,0.0,0.01099
2025-05-04 04:05:00,Aurelia F204,0.047200000000000006,0.0,0.0,0.0,0.0,0.0,0.047479999999999994,0.0,0.0,0.0,0.0144,0.5185,0.0,0.0,0.0,0.5354,0.0,0.01103
2025-05-04 04:10:00,Aurelia F204,0.047700000000000006,0.0,0.0,0.0,0.0,0.0,0.048100000000000004,0.0,0.0,0.0,0.014369999999999999,0.5530499999999999,0.0,0.0,0.0,0.57002,0.0,0.01098
2025-05-04 04:15:00,Aurelia F204,0.046939999999999996,0.0,0.0,0.0,0.0,0.0,0.047270000000000006,0.0,0.0,0.0,0.01444,0.48765,0.0,0.0,0.0,0.5047,0.0,0.01139
2025-05-04 04:20:00,Aurelia F204,0.04714,0.0,0.0,0.0,0.0,0.0,0.0475,0.0,0.0,0.0,0.014320000000000001,0.47835,0.0,0.0,0.0,0.49526,0.0,0.01099
2025-05-04 04:25:00,Aurelia F204,0.047409999999999994,0.0,0.0,0.0,0.0,0.0,0.04779,0.0,0.0,0.0,0.01434,0.47519,0.0,0.0,0.0,0.49216000000000004,0.0,0.01114
2025-05-04 04:30:00,Aurelia F204,0.04725,0.0,0.0,0.0,0.0,0.0,0.04765,0.0,0.0,0.0,0.01433,0.49387000000000003,0.0,0.0,0.0,0.5107200000000001,0.0,0.011
2025-05-04 04:35:00,Aurelia F204,0.047420000000000004,0.0,0.0,0.0,0.0,0.0,0.04757,0.0,0.0,0.0,0.01446,0.00821,0.0,0.0,0.0,0.02504,0.0,0.01103
2025-05-04 04:40:00,Aurelia F204,0.04739,0.0,0.0,0.0,0.0,0.0,0.04764,0.0,0.0,0.0,0.01434,0.47584,0.0,0.0,0.0,0.49277,0.0,0.01105
2025-05-04 04:45:00,Aurelia F204,0.047270000000000006,0.0,0.0,0.0,0.0,0.0,0.04776,0.0,0.0,0.0,0.01443,0.15891,0.0,0.0,0.0,0.17587,0.0,0.01092
2025-05-04 04:50:00,Aurelia F204,0.04223,0.0,0.0,0.0,0.0,0.0,0.04256,0.0,0.0,0.0,0.014369999999999999,0.4853,0.0,0.0,0.0,0.50216,0.0,0.01151
2025-05-04 04:55:00,Aurelia F204,0.04175,0.0,0.0,0.0,0.0,0.0,0.0421,0.0,0.0,0.0,0.0143,0.49433,0.0,0.0,0.0,0.5112099999999999,0.0,0.011
2025-05-04 05:00:00,Aurelia F204,0.04144,0.0,0.0,0.0,0.0,0.0,0.04174,0.0,0.0,0.0,0.01443,0.008029999999999999,0.0,0.0,0.0,0.02494,0.0,0.01094
2025-05-04 05:05:00,Aurelia F204,0.08292000000000001,0.0,0.0,0.0,0.0,0.0,0.08322,0.0,0.0,0.0,0.0143,0.47807,0.0,0.0,0.0,0.495,0.0,0.01097
2025-05-04 05:10:00,Aurelia F204,0.0785,0.0,0.0,0.0,0.0,0.0,0.07906,0.0,0.0,0.0,0.01446,0.00796,0.0,0.0,0.0,0.02492,0.0,0.01132
2025-05-04 05:15:00,Aurelia F204,0.07816,0.0,0.0,0.0,0.0,0.0,0.07859999999999999,0.0,0.0,0.0,0.01434,0.63835,0.0,0.0,0.0,0.6552899999999999,0.0,0.01109
2025-05-04 05:20:00,Aurelia F204,0.07751999999999999,0.0,0.0,0.0,0.0,0.0,0.07784999999999999,0.0,0.0,0.0,0.01431,0.5441900000000001,0.0,0.0,0.0,0.56111,0.0,0.01116
2025-05-04 05:25:00,Aurelia F204,0.0,0.0,0.0,0.0,0.0,0.0,0.0005899999999999999,0.0,0.0,0.0,0.01438,0.46642,0.0,0.0,0.0,0.48339,0.0,0.0109
2025-05-04 05:30:00,Aurelia F204,0.0,0.0,0.0,0.0,0.0,0.0,0.00032,0.0,0.0,0.0,0.014369999999999999,0.46464,0.0,0.0,0.0,0.48163,0.0,0.0111
2025-05-04 05:35:00,Aurelia F204,0.0,0.0,0.0,0.0,0.0,0.0,0.0004,0.0,0.0,0.0,0.01439,0.00802,0.0,0.00898,0.0,0.033780000000000004,0.0,0.01092
2025-05-04 05:40:00,Aurelia F204,8e-05,0.0,0.0,0.0,0.0,0.0,0.00037,0.0,0.0,0.0,0.01434,0.46762,0.0,0.0,0.0,0.48447,0.0,0.01104
2025-05-04 05:45:00,Aurelia F204,2e-05,0.0,0.0,0.0,0.0,0.0,0.00045,0.0,0.0,0.0,0.014320000000000001,0.48793000000000003,0.0,0.0,0.0,0.50483,0.0,0.01106
2025-05-04 05:50:00,Aurelia F204,0.0,0.0,0.0,0.0,0.0,0.0,0.0005899999999999999,0.0,0.0,0.0,0.014289999999999999,0.46855,0.0,0.00898,0.0,0.49437000000000003,0.0,0.01106
2025-05-04 05:55:00,Aurelia F204,0.0,0.0,0.0,0.0,0.0,0.0,0.00039,0.0,0.0,0.0,0.014369999999999999,0.46957,0.0,0.0,0.0,0.48649000000000003,0.0,0.0115
2025-05-04 06:00:00,Aurelia F204,0.0,0.0,0.0,0.0,0.0,0.0,0.00041,0.0,0.0,0.0,0.0146,0.00802,0.0,0.0,0.0,0.02506,0.0,0.01089
2025-05-04 06:05:00,Aurelia F204,7.000000000000001e-05,0.0,0.0,0.0,0.0,0.0,0.0005600000000000001,0.0,0.0,0.0,0.01438,0.5844600000000001,0.0,0.0,0.0,0.60138,0.0,0.010960000000000001
2025-05-04 06:10:00,Aurelia F204,7.000000000000001e-05,0.0,0.0,0.0,0.0,0.0,0.00041,0.0,0.0,0.0,0.01431,0.52465,0.0,0.0,0.0,0.54159,0.0,0.01134
2025-05-04 06:15:00,Aurelia F204,0.05009,0.0,0.0,0.0,0.0,0.0,0.05046,0.0,0.0,0.0,0.01447,0.00822,0.0,0.0,0.0,0.02506,0.0,0.01099
2025-05-04 06:20:00,Aurelia F204,0.048310000000000006,0.0,0.0,0.0,0.0,0.0,0.048549999999999996,0.0,0.0,0.0,0.01439,0.46362000000000003,0.0,0.0,0.0,0.48061000000000004,0.0,0.01093
2025-05-04 06:25:00,Aurelia F204,0.04825,0.0,0.0,0.0,0.0,0.0,0.04852,0.0,0.0,0.0,0.01431,0.5691,0.0,0.0,0.0,0.58608,0.0,0.01092
2025-05-04 06:30:00,Aurelia F204,0.04797,0.0,0.0,0.0,0.0,0.0,0.04834,0.0,0.0,0.0,0.01458,0.032369999999999996,0.0,0.0,0.0,0.049530000000000005,0.0,0.01089
2025-05-04 06:35:00,Aurelia F204,0.04758,0.0,0.0,0.0,0.0,0.0,0.04793,0.0,0.0,0.0,0.014369999999999999,0.4621,0.0,0.0,0.0,0.47979,0.0,0.01097
2025-05-04 06:40:00,Aurelia F204,0.04802,0.0,0.0,0.0,0.0,0.0,0.04826,0.0,0.0,0.0,0.014369999999999999,0.46617000000000003,0.0,0.0,0.0,0.483,0.0,0.01097
2025-05-04 06:45:00,Aurelia F204,0.04809,0.0,0.0,0.0,0.0,0.0,0.04847,0.0,0.0,0.0,0.01438,0.45951,0.0,0.0,0.0,0.47656,0.0,0.011210000000000001
2025-05-04 06:50:00,Aurelia F204,0.04797,0.0,0.0,0.0,0.0,0.0,0.048229999999999995,0.0,0.0,0.0,0.01449,0.4635,0.0,0.00904,0.0,0.48961,0.0,0.01103
2025-05-04 06:55:00,Aurelia F204,0.04771,0.0,0.0,0.0,0.0,0.0,0.04809,0.0,0.0,0.0,0.01463,0.47055,0.0,0.00876,0.0,0.49668,0.0,0.01099
2025-05-04 07:00:00,Aurelia F204,0.04783,0.0,0.0,0.0,0.0,0.0,0.04819,0.0,0.0,0.0,0.01472,0.00827,0.0,0.0088,0.0,0.03406,0.0,0.01087
2025-05-04 07:05:00,Aurelia F204,0.04758,0.0,0.0,0.0,0.0,0.0,0.04795,0.0,0.0,0.0,0.035840000000000004,0.0,0.0,0.0,0.0,0.03756,0.11394,0.12581
2025-05-04 07:10:00,Aurelia F204,0.04784,0.0,0.0,0.0,0.0,0.0,0.0482,0.0,0.0,0.0,0.03545,0.0,0.0,0.0,0.0,0.037200000000000004,0.22859000000000002,0.24048
2025-05-04 07:15:00,Aurelia F204,0.047700000000000006,0.0,0.0,0.0,0.0,0.0,0.047990000000000005,0.0,0.0,0.0,0.03516,0.0,0.0,0.0,0.0,0.03692,0.0,0.01139
2025-05-04 07:20:00,Aurelia F204,0.04772,0.0,0.0,0.0,0.0,0.0,0.048049999999999995,0.0,0.0,0.0,0.03513,0.0,0.0,0.0,0.0,0.036899999999999995,0.0,0.01092
2025-05-04 07:25:00,Aurelia F204,0.04771,0.0,0.0,0.0,0.0,0.0,0.048060000000000005,0.0,0.0,0.0,0.03536,0.0,0.0,0.0,0.0,0.0371,0.0,0.01091
2025-05-04 07:30:00,Aurelia F204,0.04783,0.0,0.0,0.0,0.0,0.0,0.048119999999999996,0.0,0.0,0.0,0.0354,0.0,0.0,0.0,0.0,0.037079999999999995,0.0,0.01106
2025-05-04 07:35:00,Aurelia F204,0.04789,0.0,0.0,0.0,0.0,0.0,0.048170000000000004,0.0,0.0,0.0,0.03549,0.0,0.0,0.0,0.0,0.03721,0.0,0.01094
2025-05-04 07:40:00,Aurelia F204,0.0475,0.0,0.0,0.0,0.0,0.0,0.047920000000000004,0.0,0.0,0.0,0.03537,0.0,0.0,0.0,0.0,0.03701,0.0,0.048119999999999996
2025-05-04 07:45:00,Aurelia F204,0.04739,0.0,0.0,0.0,0.0,0.0,0.04765,0.0,0.0,0.0,0.03546,0.0,0.0,0.00883,0.0,0.04564,0.0,0.04675
2025-05-04 07:50:00,Aurelia F204,0.04772,0.0,0.0,0.0,0.0,0.0,0.04809,0.0,0.0,0.0,-8e-05,0.0,0.0,0.0,0.0,0.0,0.0,0.04621
2025-05-04 07:55:00,Aurelia F204,0.048119999999999996,0.0,0.0,0.0,0.0,0.0,0.04846,0.0,0.0,0.0,-8.999999999999999e-05,0.0,0.0,0.0088,0.0,0.00907,0.0,0.046340000000000006
2025-05-04 08:00:00,Aurelia F204,0.04839,0.0,0.0,0.0,0.0,0.0,0.048780000000000004,0.0,0.0,0.06778,-7.000000000000001e-05,0.0,0.0,0.0,0.0,0.0,0.0,0.11518
2025-05-04 08:05:00,Aurelia F204,0.04804,0.0,0.0,0.0,0.0,0.0,0.04832,0.0,0.0,0.06508,-0.00011999999999999999,0.0,0.0,0.0,0.0,0.0,0.0,0.11229
2025-05-04 08:10:00,Aurelia F204,0.047560000000000005,0.0,0.0,0.0,0.0,0.0,0.047920000000000004,0.0,0.0,0.0643,-8e-05,0.0,0.0,0.0,0.0,0.0,0.0,0.11089
2025-05-04 08:15:00,Aurelia F204,0.047729999999999995,0.0,0.0,0.0,0.0,0.0,0.048,0.0,0.0,0.06286,-1e-05,0.0,0.0,0.0,0.0,0.0,0.0,0.10937000000000001
2025-05-04 08:20:00,Aurelia F204,0.04752,0.0,0.0,0.0,0.0,0.0,0.04776,0.0,0.0,0.06251,-4e-05,0.0,0.0,0.0,0.0,0.0,0.0,0.10979000000000001
2025-05-04 08:25:00,Aurelia F204,0.04722,0.0,0.0,0.0,0.0,0.0,0.04754,0.0,0.0,0.06182,-7.000000000000001e-05,0.0,0.0,0.0,0.0,0.0,0.0,0.11015000000000001
2025-05-04 08:30:00,Aurelia F204,0.07562999999999999,0.0,0.0,0.0,0.0,0.0,0.04778,0.02844,0.0,0.06146,-1e-05,0.0,0.0,0.0,0.0,0.0,0.0,0.10916
2025-05-04 08:35:00,Aurelia F204,0.07875,0.0,0.0,0.0,0.0,0.0,0.0509,0.02842,0.0,0.06146,-2e-05,0.0,0.0,0.008919999999999999,0.0,0.009210000000000001,0.0,0.10840999999999999
2025-05-04 08:40:00,Aurelia F204,0.16262000000000001,0.0,0.0,0.0,0.0,0.0,0.13486,0.02831,0.0,0.06141,-1e-05,0.0,0.0,0.0089,0.0,0.00914,0.0,0.10797
2025-05-04 08:45:00,Aurelia F204,0.16259,0.0,0.0,0.0,0.0,0.0,0.13491999999999998,0.02828,0.0,0.06104,0.0,0.0,0.0,0.0,0.0,0.0,0.0,0.10729000000000001
2025-05-04 08:50:00,Aurelia F204,0.13449,0.0,0.0,0.0,0.0,0.0,0.1348,0.0,0.0,0.06124,-0.00016,0.0,0.0,0.0,0.0,0.0,0.0,0.10825
2025-05-04 08:55:00,Aurelia F204,0.13412000000000002,0.0,0.0,0.0,0.0,0.0,0.13437000000000002,0.0,0.0,0.05999,-5e-05,0.0,0.0,0.0,0.0,0.0,0.0,0.10711
2025-05-04 09:00:00,Aurelia F204,0.13290000000000002,0.0,0.0,0.0,0.0,0.0,0.13323,0.0,0.0,0.060219999999999996,0.0,0.0,0.0,0.0,0.0,0.0,0.0,0.10786
2025-05-04 09:05:00,Aurelia F204,0.16116,0.0,0.0,0.0,0.0,0.0,0.13315000000000002,0.028480000000000002,0.0,0.05978,-1e-05,0.0,0.0,0.0,0.0,0.0,0.0,0.10776999999999999
2025-05-04 09:10:00,Aurelia F204,5.9999999999999995e-05,0.0,0.0,0.0,0.0,0.0,0.0005899999999999999,0.0,0.0,0.059969999999999996,-8.999999999999999e-05,0.0,0.0,0.0,0.0,0.0,0.0,0.10768000000000001
2025-05-04 09:15:00,Aurelia F204,1e-05,0.0,0.0,0.0,0.0,0.0,0.00045,0.0,0.0,0.0598,-1e-05,0.0,0.0,0.0,0.0,0.0,0.0,0.10726000000000001
2025-05-04 09:20:00,Aurelia F204,0.06242,0.0,0.0,0.0,0.0,0.0,0.06278,0.0,0.0,0.05985,-7.000000000000001e-05,0.0,0.0,0.0,0.0,0.0,0.0,0.10754999999999999
2025-05-04 09:25:00,Aurelia F204,0.05225,0.0,0.0,0.0,0.0,0.0,0.05253,0.0,0.0,0.059590000000000004,-5.9999999999999995e-05,0.0,0.0,0.0,0.0,0.0,0.0,0.10676999999999999
2025-05-04 09:30:00,Aurelia F204,0.0565,0.0,0.0,0.0,0.0,0.0,0.05674,0.0,0.0,0.0597,-5e-05,0.0,0.0,0.0,0.0,0.0,0.0,0.10634
2025-05-04 09:35:00,Aurelia F204,0.055670000000000004,0.0,0.0,0.0,0.0,0.0,0.05596,0.0,0.0,0.05996,-1e-05,0.0,0.0,0.0,0.0,0.0,0.0,0.10736
2025-05-04 09:40:00,Aurelia F204,0.055560000000000005,0.0,0.0,0.0,0.0,0.0,0.05582,0.0,0.0,0.0,-0.00015,0.0,0.0,0.0,0.0,0.0,0.0,0.04641
2025-05-04 09:45:00,Aurelia F204,0.09198,0.0,0.0,0.0,0.008539999999999999,0.0,0.055439999999999996,0.028480000000000002,0.0,0.02159,0.0058,0.0,0.0,0.0,0.0,0.0072699999999999996,0.0,0.03961
2025-05-04 09:50:00,Aurelia F204,0.09137999999999999,0.0,0.0,0.0,0.008400000000000001,0.0,0.055009999999999996,0.028390000000000002,0.0,0.02142,0.04258,0.0,0.0,0.0,0.0,0.0437,0.0,0.0367
2025-05-04 09:55:00,Aurelia F204,0.1519,0.0,0.08216,0.0,0.008140000000000001,0.0,0.05425,0.08945,0.0,0.1123,0.04252,0.0,0.0,0.0,0.0,0.04363,0.0,0.30144
2025-05-04 10:00:00,Aurelia F204,0.14102,0.0,0.0,0.0,0.0,0.0,0.05324,0.0881,0.0,0.0,0.03492,0.0,0.0,0.0,0.0,0.03639,0.0,0.09408
2025-05-04 10:05:00,Aurelia F204,0.13937,0.0,0.0,0.0,0.0,0.0,0.05323,0.08662,0.0,0.0,0.03426,0.0,0.0,0.0,0.0,0.03597,0.0,0.09192
2025-05-04 10:10:00,Aurelia F204,0.13801,0.0,0.0,0.0,0.0,0.0,0.05264,0.08598,0.0,0.0,0.03393,0.0,0.0,0.0,0.0,0.03551,0.0,0.09059
2025-05-04 10:15:00,Aurelia F204,0.13707,0.0,0.0,0.0,0.0,0.0,0.05256,0.08505,0.0,0.0,0.03362,0.0,0.0,0.0,0.0,0.0353,0.0,0.08943999999999999
2025-05-04 10:20:00,Aurelia F204,0.13629,0.0,0.0,0.0,0.0,0.0,0.0523,0.08454,0.0,0.0,0.03349,0.0,0.0,0.0,0.0,0.03509,0.0,0.08827
2025-05-04 10:25:00,Aurelia F204,0.13623,0.0,0.0,0.0,0.0,0.0,0.05196,0.08468,0.0,0.0,0.03357,0.0,0.0,0.0,0.0,0.03516,0.0,0.08831
2025-05-04 10:30:00,Aurelia F204,0.05237,0.0,0.0,0.0,0.0,0.0,0.05273,0.0,0.0,0.0,0.03325,0.0,0.0,0.0,0.0,0.03491,0.0,0.014240000000000001
2025-05-04 10:35:00,Aurelia F204,0.08861,0.0,0.0,0.0,0.00845,0.0,0.052090000000000004,0.02834,0.0,0.0,0.033299999999999996,0.0,0.0,0.0,0.0,0.03478,0.0,0.0141
2025-05-04 10:40:00,Aurelia F204,0.12364,0.0,0.0,0.0,0.00831,0.0,0.05239,0.06328,0.0,0.0,0.03313,0.0,0.0,0.0,0.0,0.0346,0.0,0.01409
2025-05-04 10:45:00,Aurelia F204,0.11414,0.0,0.0,0.0,0.0,0.0,0.05257,0.062240000000000004,0.0,0.0,0.03289,0.0,0.0,0.0,0.0,0.0344,0.0,0.01397
2025-05-04 10:50:00,Aurelia F204,0.08567,0.0,0.0,0.0,0.0,0.0,0.05255,0.03364,0.0,0.0,0.03306,0.0,0.0,0.0,0.0,0.03476,0.005860000000000001,0.02066
2025-05-04 10:55:00,Aurelia F204,0.08443,0.0,0.0,0.0,0.0,0.0,0.05165,0.03329,0.0,0.0,0.032990000000000005,0.0,0.0,0.0,0.0,0.03465,0.17275,0.18816999999999998
2025-05-04 11:00:00,Aurelia F204,0.08408,0.0,0.0,0.0,0.0,0.0,0.05146,0.03302,0.0,0.0,0.033049999999999996,0.0,0.0,0.0,0.0,0.03476,0.08248,0.0986
2025-05-04 11:05:00,Aurelia F204,0.08363,0.0,0.0,0.0,0.0,0.0,0.05124,0.03295,0.0,0.0,0.03318,0.0,0.0,0.0,0.0,0.03473,0.03034,0.045689999999999995
2025-05-04 11:10:00,Aurelia F204,0.05181,0.0,0.0,0.0,0.0,0.0,0.05101,0.0,0.0,0.0,0.03319,0.0,0.0,0.0,0.0,0.03486,0.00531,0.02016
2025-05-04 11:15:00,Aurelia F204,0.05185,0.0,0.0,0.0,0.0,0.0,0.05106,0.0,0.0,0.0,0.03289,0.0,0.0,0.0,0.0,0.03465,0.20515,0.22007
2025-05-04 11:20:00,Aurelia F204,0.05173,0.0,0.0,0.0,0.0,0.0,0.05079,1e-05,0.0,0.0,0.033049999999999996,0.0,0.0,0.0,0.0,0.03464,0.00563,0.02057
2025-05-04 11:25:00,Aurelia F204,0.05083,0.0,0.0,0.0,0.0,0.0,0.0512,0.0,0.0,0.0,0.03315,0.0,0.0,0.0,0.0,0.0348,0.0,0.0156
2025-05-04 11:30:00,Aurelia F204,0.05058,0.0,0.0,0.0,0.0,0.0,0.05073,0.0,0.0,0.0,0.0803,0.0,0.0,0.0,0.0,0.08145999999999999,0.00508,0.02009
2025-05-04 11:35:00,Aurelia F204,0.09739,0.0,0.0,0.0,0.0,0.0,0.09764,0.0,0.0,0.0,0.08809,0.0,0.0,0.0,0.0,0.0896,0.20124,0.21615
2025-05-04 11:40:00,Aurelia F204,0.09136,0.0,0.0,0.0,0.0,0.0,0.09156,0.0,0.0,0.0,0.07819,0.0,0.0,0.0,0.0,0.07965000000000001,0.0,0.0143
2025-05-04 11:45:00,Aurelia F204,0.09015000000000001,0.0,0.0,0.0,0.0,0.0,0.09047,0.0,0.0,0.0,0.09531999999999999,0.0,0.0,0.0,0.0,0.0969,0.0,0.01413
2025-05-04 11:50:00,Aurelia F204,0.75824,0.0,0.0,0.0,0.0,0.0,0.7608,0.0,0.0,0.0,0.6918,0.0,0.0,0.0,0.0,0.70564,0.0,0.11384
2025-05-04 11:55:00,Aurelia F204,0.09487000000000001,0.0,0.0,0.0,0.0,0.0,0.09506999999999999,0.0,0.0,0.0,0.09509000000000001,0.0,0.0,0.0,0.0,0.09659000000000001,0.0,0.01423
2025-05-04 12:00:00,Aurelia F204,0.09555,0.0,0.0,0.0,0.0,0.0,0.09583,0.0,0.0,0.0,0.09417,0.0,0.0,0.0,0.0,0.09572,0.0,0.013980000000000001
2025-05-04 12:05:00,Aurelia F204,0.09455,0.0,0.0,0.0,0.0,0.0,0.09481999999999999,0.0,0.0,0.0,0.09014,0.0,0.0,0.0,0.0,0.09187999999999999,0.0,0.014
2025-05-04 12:10:00,Aurelia F204,0.09468,0.0,0.0,0.0,0.0,0.0,0.09505,0.0,0.0,0.0,0.0861,0.0,0.0,0.0,0.0,0.08771999999999999,0.0,0.014039999999999999
2025-05-04 12:15:00,Aurelia F204,0.09381999999999999,0.0,0.0,0.0,0.0,0.0,0.09406,0.0,0.0,0.0,0.08426,0.0,0.0,0.0,0.0,0.08574,0.0,0.014199999999999999
2025-05-04 12:20:00,Aurelia F204,0.09384,0.0,0.0,0.0,0.0,0.0,0.09414,0.0,0.0,0.0,0.07498,0.0,0.0,0.0,0.0,0.0767,0.0,0.01416
2025-05-04 12:25:00,Aurelia F204,0.0935,0.0,0.0,0.0,0.0,0.0,0.09359,0.0,0.0,0.0,0.07382999999999999,0.0,0.0,0.0,0.0,0.07556,0.0,0.01453
2025-05-04 12:30:00,Aurelia F204,0.09358,0.0,0.05065,0.0,0.0,0.0,0.09387000000000001,0.0,0.0,0.0,-4e-05,0.0,0.0,0.0,0.0,0.0,0.0,0.06595000000000001
2025-05-04 12:35:00,Aurelia F204,0.09403,0.79284,0.01748,0.0,0.0,0.0,0.09426999999999999,0.0,0.0,0.0,-0.00011,0.0,0.0,0.0,0.0,0.0,0.0,0.82673
2025-05-04 12:40:00,Aurelia F204,0.09643,0.87172,0.01755,0.0,0.0,0.0,0.0969,0.0,0.0,0.0,-5.9999999999999995e-05,0.0,0.0,0.0,0.0,0.0,0.0,0.90552
2025-05-04 12:45:00,Aurelia F204,0.09533,0.86564,0.039380000000000005,0.0,0.0,0.0,0.09548999999999999,0.0,0.0,0.0,-5.9999999999999995e-05,0.0,0.0,0.0,0.0,0.0,0.0,0.91875
2025-05-04 12:50:00,Aurelia F204,0.09373000000000001,0.8612799999999999,0.01759,0.0,0.0,0.0,0.09397,0.0,0.0,0.0,-7.000000000000001e-05,0.0,0.0,0.0,0.0,0.0,0.0,0.8921399999999999
2025-05-04 12:55:00,Aurelia F204,0.09273,0.87717,0.037149999999999996,0.0,0.0,0.0,0.09298000000000001,0.0,0.0,0.0,-4e-05,0.0,0.0,0.0,0.0,0.0,0.0,0.92786
2025-05-04 13:00:00,Aurelia F204,0.09305,0.86551,0.03432,0.0,0.0,0.0,0.09348999999999999,0.0,0.0,0.0,-5.9999999999999995e-05,0.0,0.0,0.0,0.0,0.0,0.0,0.91324
2025-05-04 13:05:00,Aurelia F204,0.09270999999999999,0.8693,0.030350000000000002,0.0,0.0,0.0,0.09295999999999999,0.0,0.0,0.0,-7.000000000000001e-05,0.0,0.0,0.0,0.0,0.0,0.0,0.9131
2025-05-04 13:10:00,Aurelia F204,0.0922,0.88883,0.027960000000000002,0.0,0.0,0.0,0.09259,0.0,0.0,0.0,-4e-05,0.0,0.0,0.0,0.0,0.0,0.0,0.93006
2025-05-04 13:15:00,Aurelia F204,0.09240999999999999,0.88776,0.02578,0.0,0.0,0.0,0.09262000000000001,0.0,0.0,0.0,-1e-05,0.0,0.0,0.0,0.0,0.0,0.0,0.9267799999999999
2025-05-04 13:20:00,Aurelia F204,0.09248,0.0,0.0,0.0,0.0,0.0,0.09273,0.0,0.0,0.0,-0.00022,0.0,0.0,0.0,0.0,0.0,0.0,0.011210000000000001
2025-05-04 13:25:00,Aurelia F204,0.08331000000000001,0.0,0.0,0.0,0.0,0.0,0.08367000000000001,0.0,0.0,0.0,0.06322,0.00011,0.0,0.00887,0.0,0.07575,0.0,0.01104
2025-05-04 13:30:00,Aurelia F204,0.08223,0.0,0.0,0.0,0.0,0.0,0.08262,0.0,0.0,0.0,0.04211,0.87934,0.0,0.0,0.0,0.9241900000000001,0.0,0.01145
2025-05-04 13:35:00,Aurelia F204,0.08102,0.0,0.0,0.0,0.0,0.0,0.08134999999999999,0.0,0.0,0.0,0.042140000000000004,0.9945499999999999,0.0,0.0,0.0,1.0393800000000002,0.0,0.011
2025-05-04 13:40:00,Aurelia F204,0.08065,0.0,0.0,0.0,0.0,0.0,0.08106999999999999,0.0,0.0,0.0,0.039049999999999994,0.98815,0.0,0.0,0.0,1.02978,0.0,0.011179999999999999
2025-05-04 13:45:00,Aurelia F204,0.08039,0.0,0.0,0.0,0.0,0.0,0.08079,0.0,0.0,0.0,0.09018000000000001,0.98715,0.0,0.0,0.0,1.07996,0.0,0.01116
2025-05-04 13:50:00,Aurelia F204,0.08003,0.0,0.0,0.0,0.0,0.0,0.08031,0.0,0.0,0.0,0.10413,0.97578,0.0,0.008919999999999999,0.0,1.0915899999999998,0.0,0.01093
2025-05-04 13:55:00,Aurelia F204,0.07970000000000001,0.0,0.0,0.0,0.0,0.0,0.07997,0.0,0.0,0.0,0.10305,0.99109,0.0,0.00888,0.0,1.1056400000000002,0.0,0.01104
2025-05-04 14:00:00,Aurelia F204,5e-05,0.0,0.0,0.0,0.0,0.0,0.00079,0.0,0.0,0.0,0.10121,0.98196,0.0,0.00874,0.0,1.0946300000000002,0.0,0.011009999999999999
2025-05-04 14:05:00,Aurelia F204,0.0,0.0,0.0,0.0,0.0,0.0,0.0006,0.0,0.0,0.0,0.09187000000000001,0.9872799999999999,0.0,0.0,0.0,1.08193,0.0,0.01093
2025-05-04 14:10:00,Aurelia F204,0.0,0.0,0.0,0.0,0.0,0.0,0.00046,0.0,0.0,0.0,0.07484,0.97554,0.0,0.0,0.0,1.053,0.0,0.01125
2025-05-04 14:15:00,Aurelia F204,1e-05,0.0,0.0,0.0,0.0,0.0,0.00041999999999999996,0.0,0.0,0.0,0.06199,0.9826699999999999,0.0,0.0,0.0,1.04729,0.0,0.01104
2025-05-04 14:20:00,Aurelia F204,2e-05,0.0,0.0,0.0,0.0,0.0,0.00039,0.0,0.0,0.0,0.06886,0.9802000000000001,0.0,0.0,0.0,1.05155,0.0,0.01109
2025-05-04 14:25:00,Aurelia F204,0.029670000000000002,0.0,0.0,0.0,0.0,0.0,0.00057,0.02857,0.0,0.0,0.01739,0.0,0.0,0.0,0.0,0.019059999999999997,0.0,0.01143
2025-05-04 14:30:00,Aurelia F204,0.02953,0.0,0.0,0.0,0.0,0.0,0.00041,0.02838,0.53066,0.0,-1e-05,0.0,0.0,0.0,0.0,0.0,0.0,0.64252
2025-05-04 14:35:00,Aurelia F204,2e-05,0.0,0.0,0.0,0.0,0.0,0.0005600000000000001,0.0,1.3109600000000001,0.0,-1e-05,0.0,0.0,0.0,0.0,0.0,0.0,1.42045
2025-05-04 14:40:00,Aurelia F204,0.0,0.0,0.0,0.0,0.0,0.0,0.0004,0.0,0.79507,0.0,-4e-05,0.0,0.0,0.0,0.0,0.0,0.0,0.90347
2025-05-04 14:45:00,Aurelia F204,0.03594,0.0,0.0,0.0,0.0,0.0,0.03618,0.0,0.9218500000000001,0.0,-1e-05,0.0,0.0,0.0,0.0,0.0,0.0,1.02939
2025-05-04 14:50:00,Aurelia F204,0.09118000000000001,0.0,0.0,0.0,0.0,0.0,0.09137999999999999,0.0,0.93213,0.0,-1e-05,0.0,0.0,0.0,0.0,0.0,0.0,1.03877
2025-05-04 14:55:00,Aurelia F204,0.08812,0.0,0.0,0.0,0.0,0.0,0.08839,0.0,0.51507,0.0,-4e-05,0.0,0.0,0.0,0.0,0.0,0.0,0.62152
2025-05-04 15:00:00,Aurelia F204,0.08782,0.0,0.0,0.0,0.0,0.0,0.08806,0.0,0.0,0.0,0.01954,0.64761,0.0,0.0,0.0,0.6695399999999999,0.0,0.10729999999999999
2025-05-04 15:05:00,Aurelia F204,0.08752,0.0,0.0,0.0,0.0,0.0,0.08777,0.0,0.0,0.0,0.019579999999999997,0.01019,0.0,0.0,0.0,0.032060000000000005,0.0,0.10759
2025-05-04 15:10:00,Aurelia F204,0.08604,0.0,0.0,0.0,0.0,0.0,0.08625,0.0,0.0,0.0,0.019440000000000002,0.03847,0.0,0.0,0.0,0.059969999999999996,0.0,0.01472
2025-05-04 15:15:00,Aurelia F204,0.08472,0.0,0.0,0.0,0.0,0.0,0.08491,0.0,0.0,0.0,0.019129999999999998,0.5892000000000001,0.0,0.0,0.0,0.6107899999999999,0.0,0.01097
2025-05-04 15:20:00,Aurelia F204,0.08502,0.0,0.0,0.0,0.0,0.0,0.08524,0.0,0.0,0.0,0.019219999999999998,0.54086,0.0,0.0,0.0,0.56248,0.0,0.0111
2025-05-04 15:25:00,Aurelia F204,0.08434,0.0,0.0,0.0,0.0,0.0,0.08462,0.0,0.0,0.0,0.019370000000000002,0.010150000000000001,0.0,0.0,0.0,0.03183,0.0,0.01104
2025-05-04 15:30:00,Aurelia F204,0.08525,0.0,0.0,0.0,0.0,0.0,0.08557,0.0,0.0,0.0,0.019350000000000003,0.00994,0.0,0.00899,0.0,0.04054,0.0,0.01109
2025-05-04 15:35:00,Aurelia F204,0.08419,0.0,0.0,0.0,0.0,0.0,0.08447,0.0,0.0,0.0,0.02323,0.01018,0.0,0.0,0.0,0.03544,0.0,0.011009999999999999
2025-05-04 15:40:00,Aurelia F204,0.08408,0.0,0.0,0.0,0.0,0.0,0.08445,0.0,0.0,0.0,0.02165,0.87046,0.0,0.0,0.0,0.89455,0.0,0.01106
2025-05-04 15:45:00,Aurelia F204,0.08462,0.0,0.0,0.0,0.0,0.0,0.08491,0.0,0.0,0.0,0.02138,0.98929,0.0,0.0,0.0,1.01324,0.0,0.01093
2025-05-04 15:50:00,Aurelia F204,0.08369,0.0,0.0,0.0,0.0,0.0,0.08393,0.0,0.0,0.0,0.02101,0.99064,0.0,0.0,0.0,1.01424,0.0,0.01106
2025-05-04 15:55:00,Aurelia F204,0.08401,0.0,0.0,0.0,0.0,0.0,0.08435,0.0,0.0,0.0,0.02087,0.9752000000000001,0.0,0.0,0.0,0.9986499999999999,0.0,0.011
2025-05-04 16:00:00,Aurelia F204,0.08345,0.0,0.0,0.0,0.0,0.0,0.08372,0.0,0.0,0.0,0.020730000000000002,0.83861,0.0,0.0,0.0,0.8618899999999999,0.0,0.01099
2025-05-04 16:05:00,Aurelia F204,0.07492,0.0,0.0,0.0,0.0,0.0,0.07523,0.0,0.0,0.0,0.020649999999999998,0.839,0.0,0.0,0.0,0.86214,0.0,0.01092
2025-05-04 16:10:00,Aurelia F204,0.07332,0.0,0.0,0.0,0.0,0.0,0.07372,0.0,0.0,0.0,0.02092,0.84111,0.0,0.0,0.0,0.86456,0.0,0.011
2025-05-04 16:15:00,Aurelia F204,0.07303,0.0,0.0,0.0,0.0,0.0,0.07328,0.0,0.0,0.0,0.020460000000000002,0.83505,0.0,0.0,0.0,0.85805,0.0,0.011300000000000001
2025-05-04 16:20:00,Aurelia F204,0.07293000000000001,0.0,0.0,0.0,0.0,0.0,0.07323,0.0,0.0,0.0,0.019969999999999998,0.82999,0.0,0.0,0.0,0.85263,0.0,0.01109
2025-05-04 16:25:00,Aurelia F204,0.0,0.0,0.0,0.0,0.0,0.0,0.00032,0.0,0.0,0.0,0.0198,0.83097,0.0,0.0,0.0,0.8532000000000001,0.0,0.01097
2025-05-04 16:30:00,Aurelia F204,0.0,0.0,0.0,0.0,0.0,0.0,0.00043,0.0,0.0,0.0,0.01349,0.83178,0.0,0.0,0.0,0.84778,0.0,0.0111
2025-05-04 16:35:00,Aurelia F204,0.0,0.0,0.0,0.0,0.0,0.0,0.00043,0.0,0.0,0.0,0.0132,0.80743,0.0,0.0,0.0,0.8232,0.0,0.01097
2025-05-04 16:40:00,Aurelia F204,0.0,0.0,0.0,0.0,0.0,0.0,0.00041,0.0,0.0,0.0,0.013300000000000001,0.8328099999999999,0.0,0.0,0.0,0.8487,0.0,0.01105
2025-05-04 16:45:00,Aurelia F204,0.0,0.0,0.0,0.0,0.0,0.0,0.0003,0.0,0.0,0.0,0.013300000000000001,0.83004,0.0,0.0,0.0,0.84596,0.0,0.011359999999999999
2025-05-04 16:50:00,Aurelia F204,2e-05,0.0,0.0,0.0,0.0,0.0,0.00041999999999999996,0.0,0.0,0.0,0.01365,0.00696,0.0,0.0,0.0,0.022789999999999998,0.0,0.01092
2025-05-04 16:55:00,Aurelia F204,2e-05,0.0,0.0,0.0,0.0,0.0,0.00026000000000000003,0.0,0.0,0.0,0.013550000000000001,0.5086499999999999,0.0,0.0,0.0,0.52466,0.0,0.011009999999999999
2025-05-04 17:00:00,Aurelia F204,0.0,0.0,0.0,0.0,0.0,0.0,0.0006,0.0,0.0,0.0,0.01357,0.51903,0.0,0.0,0.0,0.53508,0.0,0.01103
2025-05-04 17:05:00,Aurelia F204,0.0,0.0,0.0,0.0,0.0,0.0,0.00025,0.0,0.0,0.0,0.013550000000000001,0.48837,0.0,0.0,0.0,0.50448,0.0,0.011
2025-05-04 17:10:00,Aurelia F204,2e-05,0.0,0.0,0.0,0.0,0.0,0.00022,0.0,0.0,0.0,0.01384,0.00662,0.0,0.0,0.0,0.02283,0.0,0.01109
2025-05-04 17:15:00,Aurelia F204,0.0,0.0,0.0,0.0,0.0,0.0,0.00043,0.0,0.0,0.0,0.013689999999999999,0.0067800000000000004,0.0,0.0,0.0,0.022760000000000002,0.0,0.011130000000000001
2025-05-04 17:20:00,Aurelia F204,0.04911,0.0,0.0,0.0,0.0,0.0,0.04944,0.0,0.0,0.0,0.01377,0.006809999999999999,0.0,0.0,0.0,0.02296,0.0,0.01112
2025-05-04 17:25:00,Aurelia F204,0.04851,0.0,0.0,0.0,0.0,0.0,0.04875,0.0,0.0,0.0,0.013800000000000002,0.00414,0.0,0.0,0.0,0.02029,0.0,0.01098
2025-05-04 17:30:00,Aurelia F204,0.04821,0.0,0.0,0.0,0.0,0.0,0.04857,0.0,0.0,0.0,0.03372,0.00349,0.0,0.0,0.0,0.039259999999999996,0.0,0.01111
2025-05-04 17:35:00,Aurelia F204,0.048979999999999996,0.0,0.0,0.0,0.0,0.0,0.04926,0.0,0.0,0.0,0.0339,0.0,0.0,0.00897,0.0,0.04407,0.0,0.01131
2025-05-04 17:40:00,Aurelia F204,0.04894,0.0,0.0,0.0,0.0,0.0,0.0492,0.0,0.0,0.0,0.033780000000000004,0.0,0.0,0.0,0.0,0.03538,0.0,0.01106
2025-05-04 17:45:00,Aurelia F204,0.048780000000000004,0.0,0.0,0.0,0.0,0.0,0.04911,0.0,0.0,0.0,0.033729999999999996,0.0,0.0,0.008919999999999999,0.0,0.04405,0.0,0.01107
2025-05-04 17:50:00,Aurelia F204,0.0482,0.0,0.0,0.0,0.0,0.0,0.0485,0.0,0.0,0.0,0.04097,0.0,0.0,0.0,0.0,0.04249,0.0,0.01092
2025-05-04 17:55:00,Aurelia F204,0.07547,0.0,0.0,0.0,0.0,0.0,0.047479999999999994,0.02847,0.0,0.01677,0.00591,0.0,0.0,0.0,0.0,0.00733,0.0,0.03195
2025-05-04 18:00:00,Aurelia F204,0.12232,0.0,0.0,0.0,0.0,0.0,0.09441,0.02837,0.0,0.159,0.00587,0.0,0.0,0.0,0.0,0.00737,0.0,0.17473
2025-05-04 18:05:00,Aurelia F204,0.12065000000000001,0.0,0.0,0.0,0.0,0.0,0.09293000000000001,0.02826,0.0,0.15369999999999998,0.00597,0.0,0.0,0.0,0.0,0.00744,0.0,0.16899
2025-05-04 18:10:00,Aurelia F204,0.11855,0.0,0.0,0.0,0.0,0.0,0.09081,0.02823,0.0,0.14764,0.0059299999999999995,0.0,0.0,0.0,0.0,0.00743,0.0,0.16336
2025-05-04 18:15:00,Aurelia F204,0.11597,0.0,0.0,0.0,0.0,0.0,0.08829000000000001,0.02819,0.0,0.13818,0.00588,0.0,0.0,0.0,0.0,0.00744,0.0,0.15605000000000002
2025-05-04 18:20:00,Aurelia F204,0.11411,0.0,0.0,0.0,0.0,0.0,0.08651,0.0282,0.0,0.12498000000000001,0.005860000000000001,0.0,0.0,0.0,0.0,0.00743,0.0,0.1404
2025-05-04 18:25:00,Aurelia F204,0.11409,0.0,0.0,0.0,0.0,0.0,0.08643,0.028140000000000002,0.0,0.11888,0.005889999999999999,0.0,0.0,0.009089999999999999,0.0,0.01632,0.0,0.13443
2025-05-04 18:30:00,Aurelia F204,0.11329,0.0,0.0,0.0,0.0,0.0,0.08565,0.028210000000000002,0.0,0.10493000000000001,0.005860000000000001,0.0,0.0,0.00882,0.0,0.01609,0.0,0.2304
2025-05-04 18:35:00,Aurelia F204,0.10897,0.0,0.0,0.0,0.0,0.0,0.08128,0.02813,0.0,0.12906,0.005889999999999999,0.0,0.0,0.0,0.0,0.00738,0.0,0.25169
2025-05-04 18:40:00,Aurelia F204,0.11581,0.0,0.0,0.0,0.0,0.0,0.08821999999999999,0.028140000000000002,0.0,0.11183,0.0058200000000000005,0.0,0.0,0.0,0.0,0.00734,0.0,0.23208
2025-05-04 18:45:00,Aurelia F204,0.11363,0.0,0.0,0.0,0.0,0.0,0.08599,0.02819,0.0,0.10809999999999999,0.00583,0.0,0.0,0.0,0.0,0.00722,0.0,0.22785
2025-05-04 18:50:00,Aurelia F204,0.11331000000000001,0.0,0.0,0.0,0.0,0.0,0.08536,0.02818,0.0,0.10694,0.00577,0.0,0.0,0.0,0.0,0.00724,0.0,0.22637000000000002
2025-05-04 18:55:00,Aurelia F204,0.11302,0.0,0.0,0.0,0.0,0.0,0.08538,0.02818,0.0,0.11638,0.00578,0.0,0.0,0.0,0.0,0.00725,0.0,0.23488
2025-05-04 19:00:00,Aurelia F204,0.11208,0.0,0.0,0.0,0.0,0.0,0.08456,0.02813,0.0,0.1057,0.00584,0.0,0.0,0.0,0.0,0.00725,0.0,0.22419
2025-05-04 19:05:00,Aurelia F204,0.11239,0.0,0.0,0.0,0.0,0.0,0.08467,0.028140000000000002,0.0,0.11031999999999999,0.005809999999999999,0.0,0.0,0.0,0.0,0.0073,0.0,0.22891999999999998
2025-05-04 19:10:00,Aurelia F204,0.11267,0.0,0.0,0.0,0.0,0.0,0.08509,0.02813,0.0,0.10455,0.005730000000000001,0.0,0.0,0.0,0.0,0.0072,0.0,0.22094999999999998
2025-05-04 19:15:00,Aurelia F204,0.11183,0.0,0.0,0.0,0.0,0.0,0.08427,0.028239999999999998,0.0,0.09548999999999999,0.0057599999999999995,0.0,0.0,0.0,0.0,0.00724,0.0,0.21255000000000002
2025-05-04 19:20:00,Aurelia F204,0.15594999999999998,0.0,0.0,0.0,0.0,0.0,0.12835,0.02816,0.0,0.10112,0.005730000000000001,0.0,0.0,0.0,0.0,0.00721,0.0,0.21847
2025-05-04 19:25:00,Aurelia F204,0.15450999999999998,0.0,0.0,0.0,0.0,0.0,0.12685,0.02811,0.0,0.0912,0.005730000000000001,0.0,0.0,0.0,0.0,0.00714,0.0,0.20632
2025-05-04 19:30:00,Aurelia F204,0.15506999999999999,0.0,0.0,0.0,0.0,0.0,0.12738,0.028120000000000003,0.0,0.09883,0.005690000000000001,0.0,0.0,0.0,0.0,0.00718,0.0,0.21499000000000001
2025-05-04 19:35:00,Aurelia F204,0.15441999999999997,0.0,0.0,0.0,0.0,0.0,0.12665,0.0282,0.0,0.07584,0.0057,0.0,0.0,0.0,0.0,0.00725,0.0,0.19256
2025-05-04 19:40:00,Aurelia F204,0.15512,0.0,0.0,0.0,0.0,0.0,0.12743000000000002,0.02817,0.0,0.07596,0.00575,0.0,0.0,0.0,0.0,0.0072,0.0,0.1921
2025-05-04 19:45:00,Aurelia F204,0.15602000000000002,0.0,0.0,0.0,0.0,0.0,0.12838999999999998,0.028120000000000003,0.0,0.07609,0.005809999999999999,0.0,0.0,0.0,0.0,0.00721,0.0,0.19263999999999998
2025-05-04 19:50:00,Aurelia F204,0.15572999999999998,0.0,0.0,0.0,0.0,0.0,0.12806,0.02813,0.0,0.0761,0.00577,0.0,0.0,0.0,0.0,0.00723,0.0,0.19194
2025-05-04 19:55:00,Aurelia F204,0.02917,0.0,0.0,0.0,0.0,0.0,0.00046,0.028120000000000003,0.0,0.07634,0.00578,0.0,0.0,0.0,0.0,0.00725,0.0,0.19197999999999998
2025-05-04 20:00:00,Aurelia F204,0.03793,0.0,0.0,0.0,0.00864,0.0,0.00032,0.02813,0.0,0.07662000000000001,0.03691,0.0,0.0,0.00894,0.0,0.04743,0.0,0.19279
2025-05-04 20:05:00,Aurelia F204,0.07837000000000001,0.0,0.0,0.0,0.0,0.0,0.05078,0.02813,0.0,0.07636,0.00578,0.0,0.0,0.0,0.0,0.00728,0.0,0.1901
2025-05-04 20:10:00,Aurelia F204,0.11031,0.0,0.0,0.0,0.0,0.0,0.11051000000000001,0.0,0.0,0.077,0.04201,0.0,0.0,0.0,0.0,0.04341,0.0,0.19266
2025-05-04 20:15:00,Aurelia F204,0.10603,0.0,0.0,0.0,0.0,0.0,0.10633,0.0,0.0,0.077,0.04136,0.0,0.0,0.0,0.0,0.04253,0.0,0.19263
2025-05-04 20:20:00,Aurelia F204,0.1017,0.0,0.0,0.0,0.0,0.0,0.10196,0.0,0.0,0.07712000000000001,0.07215,0.0,0.0,0.0,0.0,0.07338,0.0,0.19299000000000002
2025-05-04 20:25:00,Aurelia F204,0.09775,0.0,0.0,0.0,0.0,0.0,0.09801,0.0,0.0,0.07684,0.07097,0.0,0.0,0.0,0.0,0.07228,0.0,0.19269999999999998
2025-05-04 20:30:00,Aurelia F204,0.09702,0.0,0.0,0.0,0.0,0.0,0.09731000000000001,0.0,0.0,0.07708,0.07094,0.0,0.0,0.0,0.0,0.0723,0.0,0.19326
2025-05-04 20:35:00,Aurelia F204,0.09617,0.0,0.0,0.0,0.0,0.0,0.09648999999999999,0.0,0.0,0.07732,0.07094,0.0,0.0,0.0,0.0,0.07219,0.0,0.19369
2025-05-04 20:40:00,Aurelia F204,0.13336,0.0,0.0,0.0,0.0,0.0,0.10551,0.02847,0.0,0.07669,0.07085,0.0,0.0,0.0,0.0,0.07207,0.0,0.12257
2025-05-04 20:45:00,Aurelia F204,0.12659,0.0,0.0,0.0,0.0,0.0,0.0987,0.028329999999999998,0.0,0.0768,0.07114,0.0,0.0,0.00891,0.0,0.08079,0.0,0.12273
2025-05-04 20:50:00,Aurelia F204,0.12408,0.0,0.0,0.0,0.0,0.0,0.09648000000000001,0.02817,0.0,0.07682,0.07095,0.0,0.0,0.00883,0.0,0.08048000000000001,0.0,0.12333
2025-05-04 20:55:00,Aurelia F204,0.12278,0.0,0.0,0.0,0.0,0.0,0.09509000000000001,0.02817,0.0,0.07733,0.07125,0.0,0.0,0.0,0.0,0.07266,0.0,0.12328
2025-05-04 21:00:00,Aurelia F204,0.09479000000000001,0.0,0.0,0.0,0.0,0.0,0.09508,0.0,0.0,0.07726999999999999,0.0058,0.0,0.0,0.0,0.0,0.00728,0.0,0.12245
2025-05-04 21:05:00,Aurelia F204,0.09303,0.0,0.0,0.0,0.0,0.0,0.09329000000000001,0.0,0.0,0.004,0.0058,0.0,0.0,0.0,0.0,0.00741,0.0,0.02025
2025-05-04 21:10:00,Aurelia F204,0.09207,0.0,0.0,0.0,0.0,0.0,0.09234999999999999,0.0,0.0,0.00391,0.0057599999999999995,0.0,0.0,0.0,0.0,0.00738,0.0,0.01591
2025-05-04 21:15:00,Aurelia F204,0.09297,0.0,0.0,0.0,0.0,0.0,0.09323999999999999,0.0,0.0,0.00379,0.005809999999999999,0.0,0.0,0.0,0.0,0.00736,0.0,0.01587
2025-05-04 21:20:00,Aurelia F204,0.11881,0.0,0.0,0.0,0.0,0.0,0.09098,0.02838,0.0,0.00359,0.005860000000000001,0.0,0.0,0.0,0.0,0.00731,0.0,0.01586
2025-05-04 21:25:00,Aurelia F204,0.12076,0.0,0.0,0.0,0.0,0.0,0.09297,0.02826,0.0,0.0035099999999999997,0.00583,0.0,0.0,0.0,0.0,0.00735,0.0,0.01583
2025-05-04 21:30:00,Aurelia F204,0.11809,0.0,0.0,0.0,0.0,0.0,0.09043999999999999,0.0282,0.0,0.00357,0.00584,0.0,0.0,0.0,0.0,0.00731,0.0,0.01572
2025-05-04 21:35:00,Aurelia F204,0.1193,0.0,0.0,0.0,0.0,0.0,0.09158,0.02823,0.0,0.0035,0.00591,0.0,0.0,0.0,0.0,0.00737,0.0,0.01569
2025-05-04 21:40:00,Aurelia F204,0.11781,0.0,0.0,0.0,0.0,0.0,0.09011,0.02819,0.0,0.00367,0.005860000000000001,0.0,0.0,0.0,0.0,0.00733,0.0,0.01579
2025-05-04 21:45:00,Aurelia F204,0.11732,0.0,0.0,0.0,0.0,0.0,0.08972,0.0281,0.0,0.00352,0.00596,0.0,0.0,0.0,0.0,0.00738,0.0,0.01582
2025-05-04 21:50:00,Aurelia F204,0.117,0.0,0.0,0.0,0.0,0.0,0.08940000000000001,0.028140000000000002,0.0,0.0035,0.00588,0.0,0.0,0.0,0.0,0.00734,0.0,0.01565
2025-05-04 21:55:00,Aurelia F204,0.11719,0.0,0.0,0.0,0.0,0.0,0.08949,0.02817,0.0,0.0035099999999999997,0.00588,0.0,0.0,0.0,0.0,0.00741,0.0,0.01558
2025-05-04 22:00:00,Aurelia F204,0.11645,0.0,0.0,0.0,0.0,0.0,0.08906,0.028140000000000002,0.0,0.0035800000000000003,0.00595,0.0,0.0,0.0,0.0,0.0074199999999999995,0.0,0.01575
2025-05-04 22:05:00,Aurelia F204,0.10819,0.0,0.0,0.0,0.0,0.0,0.08053,0.02811,0.0,0.00357,0.005860000000000001,0.0,0.0,0.0,0.0,0.00725,0.0,0.01572
2025-05-04 22:10:00,Aurelia F204,0.10572,0.0,0.0,0.0,0.0,0.0,0.07812999999999999,0.02811,0.0,0.0035099999999999997,0.00588,0.0,0.0,0.0,0.0,0.00725,0.0,0.01565
2025-05-04 22:15:00,Aurelia F204,0.10446,0.0,0.0,0.0,0.0,0.0,0.07687000000000001,0.02811,0.0,0.0035499999999999998,0.00583,0.0,0.0,0.0,0.0,0.00722,0.0,0.01567
2025-05-04 22:20:00,Aurelia F204,0.10407999999999999,0.0,0.0,0.0,0.0,0.0,0.07643000000000001,0.02816,0.0,0.00354,0.005809999999999999,0.0,0.0,0.0,0.0,0.00733,0.0,0.01563
2025-05-04 22:25:00,Aurelia F204,0.10379000000000001,0.0,0.0,0.0,0.0,0.0,0.07623,0.028140000000000002,0.0,0.0035800000000000003,0.00584,0.0,0.0,0.0,0.0,0.00721,0.0,0.01565
2025-05-04 22:30:00,Aurelia F204,0.10337,0.0,0.0,0.0,0.0,0.0,0.07583,0.02813,0.0,0.0036,0.00583,0.0,0.0,0.0,0.0,0.0072,0.0,0.01564
2025-05-04 22:35:00,Aurelia F204,0.10989,0.0,0.0,0.0,0.0,0.0,0.08234999999999999,0.02818,0.0,0.00352,0.00577,0.0,0.0,0.0,0.0,0.00722,0.0,0.01563
2025-05-04 22:40:00,Aurelia F204,0.11012999999999999,0.0,0.0,0.0,0.0,0.0,0.08249,0.02816,0.0,0.00359,0.00575,0.0,0.0,0.0,0.0,0.00715,0.0,0.0157
2025-05-04 22:45:00,Aurelia F204,0.11006999999999999,0.0,0.0,0.0,0.0,0.0,0.08242000000000001,0.02813,0.0,0.0035499999999999998,0.0057,0.0,0.0,0.0,0.0,0.0071600000000000006,0.0,0.0158
2025-05-04 22:50:00,Aurelia F204,0.10948999999999999,0.0,0.0,0.0,0.0,0.0,0.08184000000000001,0.02811,0.0,0.00357,0.00575,0.0,0.0,0.0,0.0,0.00728,0.0,0.01575
2025-05-04 22:55:00,Aurelia F204,0.1082,0.0,0.0,0.0,0.0,0.0,0.08056,0.028120000000000003,0.0,0.00359,0.005730000000000001,0.0,0.0,0.0,0.0,0.00721,0.0,0.01558
2025-05-04 23:00:00,Aurelia F204,0.10854000000000001,0.0,0.0,0.0,0.0,0.0,0.08087000000000001,0.028140000000000002,0.0,0.00354,0.00567,0.0,0.0,0.0,0.0,0.00708,0.0,0.016050000000000002
2025-05-04 23:05:00,Aurelia F204,0.10853,0.0,0.0,0.0,0.0,0.0,0.08092,0.02816,0.0,0.00357,0.00571,0.0,0.0,0.0,0.0,0.00713,0.0,0.01564
2025-05-04 23:10:00,Aurelia F204,0.02917,0.0,0.0,0.0,0.0,0.0,0.00039,0.028059999999999998,0.0,0.0035499999999999998,0.00575,0.0,0.0,0.0,0.0,0.0072,0.0,0.01557
2025-05-04 23:15:00,Aurelia F204,0.02917,0.0,0.0,0.0,0.0,0.0,0.00033,0.0281,0.0,0.00352,0.00567,0.0,0.0,0.0,0.0,0.00709,0.0,0.01564
2025-05-04 23:20:00,Aurelia F204,1e-05,0.0,0.0,0.0,0.0,0.0,0.00026000000000000003,0.0,0.0,0.0,0.04122,0.0,0.0,0.0089,0.0,0.05097,0.0,0.01111
2025-05-04 23:25:00,Aurelia F204,4e-05,0.0,0.0,0.0,0.0,0.0,0.00029,0.0,0.0,0.0,0.019309999999999997,0.92749,0.0,0.0,0.0,0.9494199999999999,0.0,0.010960000000000001
2025-05-04 23:30:00,Aurelia F204,0.0,0.0,0.0,0.0,0.0,0.0,0.0004,0.0,0.0,0.0,0.019309999999999997,0.92728,0.0,0.0,0.0,0.94914,0.0,0.01098
2025-05-04 23:35:00,Aurelia F204,5e-05,0.0,0.0,0.0,0.0,0.0,0.00034,0.0,0.0,0.0,0.019260000000000003,0.9213300000000001,0.0,0.0,0.0,0.9429500000000001,0.0,0.01225
2025-05-04 23:40:00,Aurelia F204,4e-05,0.0,0.0,0.0,0.0,0.0,0.00043,0.0,0.0,0.0,0.01671,0.91411,0.0,0.0,0.0,0.93322,0.0,0.01097
2025-05-04 23:45:00,Aurelia F204,0.00014000000000000001,0.0,0.0,0.0,0.0,0.0,0.00028000000000000003,0.0,0.0,0.0,0.01663,0.9130900000000001,0.0,0.0,0.0,0.9321499999999999,0.0,0.01105
2025-05-04 23:50:00,Aurelia F204,2e-05,0.0,0.0,0.0,0.0,0.0,0.00028000000000000003,0.0,0.0,0.0,0.01339,0.9105700000000001,0.0,0.0,0.0,0.92663,0.0,0.01125
2025-05-04 23:55:00,Aurelia F204,0.05971,0.0,0.0,0.0,0.0,0.0,0.06001,0.0,0.0,0.0,0.01345,0.7807000000000001,0.0,0.0,0.0,0.79683,0.0,0.01099
2025-05-05 00:00:00,Aurelia F204,0.08957,0.0,0.0,0.0,0.0,0.0,0.08984,0.0,0.0,0.0,0.013529999999999999,0.77232,0.0,0.0,0.0,0.7884500000000001,0.0,0.01137
2025-05-05 00:05:00,Aurelia F204,0.08735,0.0,0.0,0.0,0.0,0.0,0.08763,0.0,0.0,0.0,0.01359,0.7687,0.0,0.0,0.0,0.78499,0.0,0.01105
2025-05-05 00:10:00,Aurelia F204,0.08706,0.0,0.0,0.0,0.0,0.0,0.08729,0.0,0.0,0.0,0.01358,0.76502,0.0,0.0,0.0,0.78131,0.0,0.01111
2025-05-05 00:15:00,Aurelia F204,0.08658,0.0,0.0,0.0,0.0,0.0,0.08692,0.0,0.0,0.0,0.01351,0.7653,0.0,0.0,0.0,0.78138,0.0,0.01094
2025-05-05 00:20:00,Aurelia F204,0.08571,0.0,0.0,0.0,0.0,0.0,0.08594,0.0,0.0,0.0,0.01358,0.76698,0.0,0.0,0.0,0.7832100000000001,0.0,0.01112
2025-05-05 00:25:00,Aurelia F204,0.08489000000000001,0.0,0.0,0.0,0.0,0.0,0.08515,0.0,0.0,0.0,0.0136,0.76298,0.0,0.0,0.0,0.77922,0.0,0.01091
2025-05-05 00:30:00,Aurelia F204,0.08443,0.0,0.0,0.0,0.0,0.0,0.08475,0.0,0.0,0.0,0.013720000000000001,0.76606,0.0,0.0,0.0,0.7824099999999999,0.0,0.011269999999999999
2025-05-05 00:35:00,Aurelia F204,0.08469,0.0,0.0,0.0,0.0,0.0,0.08501,0.0,0.0,0.0,0.013730000000000001,0.76623,0.0,0.0,0.0,0.78251,0.0,0.01094
2025-05-05 00:40:00,Aurelia F204,0.08517,0.0,0.0,0.0,0.0,0.0,0.08552,0.0,0.0,0.0,0.01377,0.76383,0.0,0.0,0.0,0.78011,0.0,0.01103
2025-05-05 00:45:00,Aurelia F204,0.08454,0.0,0.0,0.0,0.0,0.0,0.08496,0.0,0.0,0.0,0.013730000000000001,0.76388,0.0,0.0,0.0,0.78015,0.0,0.01097
2025-05-05 00:50:00,Aurelia F204,0.08421,0.0,0.0,0.0,0.0,0.0,0.08456,0.0,0.0,0.0,0.01382,0.76303,0.0,0.0,0.0,0.7795700000000001,0.0,0.01103
2025-05-05 00:55:00,Aurelia F204,0.08495,0.0,0.0,0.0,0.0,0.0,0.08529,0.0,0.0,0.0,0.013890000000000001,0.7641100000000001,0.0,0.0,0.0,0.7805700000000001,0.0,0.01093
2025-05-05 01:00:00,Aurelia F204,0.08413,0.0,0.0,0.0,0.0,0.0,0.08449,0.0,0.0,0.0,0.013949999999999999,0.7650399999999999,0.0,0.0,0.0,0.78174,0.0,0.01114
2025-05-05 01:05:00,Aurelia F204,0.0841,0.0,0.0,0.0,0.0,0.0,0.08449,0.0,0.0,0.0,0.01396,0.76424,0.0,0.0,0.0,0.78075,0.0,0.01098
2025-05-05 01:10:00,Aurelia F204,0.07626000000000001,0.0,0.0,0.0,0.0,0.0,0.0765,0.0,0.0,0.0,0.013949999999999999,0.76366,0.0,0.0,0.0,0.7802,0.0,0.01089
2025-05-05 01:15:00,Aurelia F204,0.07393000000000001,0.0,0.0,0.0,0.0,0.0,0.07431,0.0,0.0,0.0,0.01399,0.76321,0.0,0.0,0.0,0.7798999999999999,0.0,0.01116
2025-05-05 01:20:00,Aurelia F204,0.07329000000000001,0.0,0.0,0.0,0.0,0.0,0.07366,0.0,0.0,0.0,0.01434,0.76505,0.0,0.0,0.0,0.78192,0.0,0.01117
2025-05-05 01:25:00,Aurelia F204,0.07282999999999999,0.0,0.0,0.0,0.0,0.0,0.07309,0.0,0.0,0.0,0.014119999999999999,0.7641699999999999,0.0,0.0,0.0,0.7809400000000001,0.0,0.011009999999999999
2025-05-05 01:30:00,Aurelia F204,0.07228,0.0,0.0,0.0,0.0,0.0,0.07249,0.0,0.0,0.0,0.01416,0.76286,0.0,0.0,0.0,0.77967,0.0,0.01105
2025-05-05 01:35:00,Aurelia F204,4e-05,0.0,0.0,0.0,0.0,0.0,0.00049,0.0,0.0,0.0,0.01411,0.76222,0.0,0.0,0.0,0.77911,0.0,0.0111
2025-05-05 01:40:00,Aurelia F204,1e-05,0.0,0.0,0.0,0.0,0.0,0.00041999999999999996,0.0,0.0,0.0,0.01422,0.7604099999999999,0.0,0.0,0.0,0.77737,0.0,0.01104
2025-05-05 01:45:00,Aurelia F204,4e-05,0.0,0.0,0.0,0.0,0.0,0.00039,0.0,0.0,0.0,0.014240000000000001,0.76266,0.0,0.0,0.0,0.77967,0.0,0.011210000000000001
2025-05-05 01:50:00,Aurelia F204,1e-05,0.0,0.0,0.0,0.0,0.0,0.00045,0.0,0.0,0.0,0.01433,0.75942,0.0,0.0,0.0,0.77637,0.0,0.011210000000000001
2025-05-05 01:55:00,Aurelia F204,0.0,0.0,0.0,0.0,0.0,0.0,0.00043,0.0,0.0,0.0,0.01431,0.7591,0.0,0.0,0.0,0.77613,0.0,0.01123
2025-05-05 02:00:00,Aurelia F204,8.999999999999999e-05,0.0,0.0,0.0,0.0,0.0,0.00057,0.0,0.0,0.0,0.01425,0.7599,0.0,0.0,0.0,0.77687,0.0,0.01094
2025-05-05 02:05:00,Aurelia F204,0.0,0.0,0.0,0.0,0.0,0.0,0.00054,0.0,0.0,0.0,0.01431,0.7579400000000001,0.0,0.0,0.0,0.7749400000000001,0.0,0.011
2025-05-05 02:10:00,Aurelia F204,1e-05,0.0,0.0,0.0,0.0,0.0,0.00043,0.0,0.0,0.0,0.01438,0.75764,0.0,0.0,0.0,0.77473,0.0,0.01097
2025-05-05 02:15:00,Aurelia F204,1e-05,0.0,0.0,0.0,0.0,0.0,0.00035,0.0,0.0,0.0,0.01446,0.76082,0.0,0.0,0.0,0.77801,0.0,0.01141
2025-05-05 02:20:00,Aurelia F204,4e-05,0.0,0.0,0.0,0.0,0.0,0.0005200000000000001,0.0,0.0,0.0,0.01446,0.76346,0.0,0.0,0.0,0.78065,0.0,0.010960000000000001
2025-05-05 02:25:00,Aurelia F204,0.033729999999999996,0.0,0.0,0.0,0.0,0.0,0.03404,0.0,0.0,0.0,0.01444,0.76458,0.0,0.0,0.0,0.78177,0.0,0.011
2025-05-05 02:30:00,Aurelia F204,0.04828,0.0,0.0,0.0,0.0,0.0,0.048549999999999996,0.0,0.0,0.0,0.01445,0.7637,0.0,0.0,0.0,0.78225,0.0,0.01124
2025-05-05 02:35:00,Aurelia F204,0.047850000000000004,0.0,0.0,0.0,0.0,0.0,0.04826,0.0,0.0,0.0,0.01449,0.76339,0.0,0.0,0.0,0.78058,0.0,0.01114
2025-05-05 02:40:00,Aurelia F204,0.047920000000000004,0.0,0.0,0.0,0.0,0.0,0.04833,0.0,0.0,0.0,0.01446,0.76542,0.0,0.0,0.0,0.7826900000000001,0.0,0.01103
2025-05-05 02:45:00,Aurelia F204,0.048,0.0,0.0,0.0,0.0,0.0,0.048310000000000006,0.0,0.0,0.0,0.01457,0.7629600000000001,0.0,0.0,0.0,0.78023,0.0,0.01123
2025-05-05 02:50:00,Aurelia F204,0.0485,0.0,0.0,0.0,0.0,0.0,0.048909999999999995,0.0,0.0,0.0,0.01463,0.76432,0.0,0.0,0.0,0.7817000000000001,0.0,0.01116
2025-05-05 02:55:00,Aurelia F204,0.04872,0.0,0.0,0.0,0.0,0.0,0.04915,0.0,0.0,0.0,0.01469,0.76375,0.0,0.0,0.0,0.78122,0.0,0.01106
2025-05-05 03:00:00,Aurelia F204,0.04814,0.0,0.0,0.0,0.0,0.0,0.04851,0.0,0.0,0.0,0.01463,0.7629900000000001,0.0,0.0,0.0,0.78042,0.0,0.01103
2025-05-05 03:05:00,Aurelia F204,0.048409999999999995,0.0,0.0,0.0,0.0,0.0,0.04872,0.0,0.0,0.0,0.01459,0.76195,0.0,0.0,0.0,0.7792899999999999,0.0,0.01103
2025-05-05 03:10:00,Aurelia F204,0.048159999999999994,0.0,0.0,0.0,0.0,0.0,0.04843,0.0,0.0,0.0,0.01458,0.75882,0.0,0.0,0.0,0.77613,0.0,0.01103
2025-05-05 03:15:00,Aurelia F204,0.04846,0.0,0.0,0.0,0.0,0.0,0.048799999999999996,0.0,0.0,0.0,0.01458,0.7604299999999999,0.0,0.0,0.0,0.77777,0.0,0.011179999999999999
2025-05-05 03:20:00,Aurelia F204,0.04804,0.0,0.0,0.0,0.0,0.0,0.048310000000000006,0.0,0.0,0.0,0.01464,0.7609199999999999,0.0,0.0,0.0,0.77824,0.0,0.011009999999999999
2025-05-05 03:25:00,Aurelia F204,0.04765,0.0,0.0,0.0,0.0,0.0,0.04802,0.0,0.0,0.0,0.01472,0.75925,0.0,0.0,0.0,0.7766799999999999,0.0,0.01103
2025-05-05 03:30:00,Aurelia F204,0.04775,0.0,0.0,0.0,0.0,0.0,0.04809,0.0,0.0,0.0,0.0148,0.7596799999999999,0.0,0.0,0.0,0.7772,0.0,0.01097
2025-05-05 03:35:00,Aurelia F204,0.0482,0.0,0.0,0.0,0.0,0.0,0.048600000000000004,0.0,0.0,0.0,0.01477,0.76112,0.0,0.0,0.0,0.7786799999999999,0.0,0.01103
2025-05-05 03:40:00,Aurelia F204,0.04793,0.0,0.0,0.0,0.0,0.0,0.048310000000000006,0.0,0.0,0.0,0.014839999999999999,0.7582899999999999,0.0,0.0,0.0,0.77589,0.0,0.01109
2025-05-05 03:45:00,Aurelia F204,0.04771,0.0,0.0,0.0,0.0,0.0,0.048,0.0,0.0,0.0,0.014839999999999999,0.75497,0.0,0.0,0.0,0.7725299999999999,0.0,0.01105
2025-05-05 03:50:00,Aurelia F204,0.04739,0.0,0.0,0.0,0.0,0.0,0.04784,0.0,0.0,0.0,0.01483,0.7591,0.0,0.0,0.0,0.77666,0.0,0.01119
2025-05-05 03:55:00,Aurelia F204,0.04746,0.0,0.0,0.0,0.0,0.0,0.04789,0.0,0.0,0.0,0.014839999999999999,0.74951,0.0,0.0,0.0,0.76705,0.0,0.011
2025-05-05 04:00:00,Aurelia F204,0.04759,0.0,0.0,0.0,0.0,0.0,0.04797,0.0,0.0,0.0,0.01482,0.75162,0.0,0.0,0.0,0.76918,0.0,0.01114
2025-05-05 04:05:00,Aurelia F204,0.04722,0.0,0.0,0.0,0.0,0.0,0.04757,0.0,0.0,0.0,0.01479,0.75383,0.0,0.0,0.0,0.77151,0.0,0.01112
2025-05-05 04:10:00,Aurelia F204,0.047299999999999995,0.0,0.0,0.0,0.0,0.0,0.0475,0.0,0.0,0.0,0.01487,0.75078,0.0,0.0,0.0,0.76834,0.0,0.011009999999999999
2025-05-05 04:15:00,Aurelia F204,0.047200000000000006,0.0,0.0,0.0,0.0,0.0,0.047420000000000004,0.0,0.0,0.0,0.01483,0.74988,0.0,0.0,0.0,0.76754,0.0,0.011009999999999999
2025-05-05 04:20:00,Aurelia F204,0.04707,0.0,0.0,0.0,0.0,0.0,0.04752,0.0,0.0,0.0,0.01482,0.74837,0.0,0.0,0.0,0.76605,0.0,0.011179999999999999
2025-05-05 04:25:00,Aurelia F204,0.0471,0.0,0.0,0.0,0.0,0.0,0.04746,0.0,0.0,0.0,0.01478,0.7483500000000001,0.0,0.0,0.0,0.76603,0.0,0.011
2025-05-05 04:30:00,Aurelia F204,0.0471,0.0,0.0,0.0,0.0,0.0,0.047490000000000004,0.0,0.0,0.0,0.01474,0.75755,0.0,0.0,0.0,0.77512,0.0,0.01112
2025-05-05 04:35:00,Aurelia F204,0.04722,0.0,0.0,0.0,0.0,0.0,0.047619999999999996,0.0,0.0,0.0,0.01474,0.75347,0.0,0.0,0.0,0.77093,0.0,0.011130000000000001
2025-05-05 04:40:00,Aurelia F204,0.04225,0.0,0.0,0.0,0.0,0.0,0.04263,0.0,0.0,0.0,0.0147,0.7688400000000001,0.0,0.0,0.0,0.78623,0.0,0.01131
2025-05-05 04:45:00,Aurelia F204,0.04209,0.0,0.0,0.0,0.0,0.0,0.042409999999999996,0.0,0.0,0.0,0.01467,0.77436,0.0,0.0,0.0,0.7917000000000001,0.0,0.01116
2025-05-05 04:50:00,Aurelia F204,0.041479999999999996,0.0,0.0,0.0,0.0,0.0,0.04199,0.0,0.0,0.0,0.01467,0.76859,0.0,0.0,0.0,0.786,0.0,0.01151
2025-05-05 04:55:00,Aurelia F204,0.08037000000000001,0.0,0.0,0.0,0.0,0.0,0.08067,0.0,0.0,0.0,0.01473,0.55268,0.0,0.0,0.0,0.5699299999999999,0.0,0.010960000000000001
2025-05-05 05:00:00,Aurelia F204,0.07942,0.0,0.0,0.0,0.0,0.0,0.07973000000000001,0.0,0.0,0.0,0.01471,0.47376999999999997,0.0,0.0,0.0,0.49112,0.0,0.011380000000000001
2025-05-05 05:05:00,Aurelia F204,0.07829000000000001,0.0,0.0,0.0,0.0,0.0,0.07858,0.0,0.0,0.0,0.03604,0.004030000000000001,0.0,0.0,0.0,0.04225,0.0,0.01105
2025-05-05 05:10:00,Aurelia F204,0.07816,0.0,0.0,0.0,0.0,0.0,0.0785,0.0,0.0,0.0,0.03604,0.0036,0.0,0.0,0.0,0.041530000000000004,0.0,0.01094
2025-05-05 05:15:00,Aurelia F204,5e-05,0.0,0.0,0.0,0.0,0.0,0.00032,0.0,0.0,0.0,0.03558,0.0,0.0,0.0,0.0,0.03725,0.0,0.011269999999999999
2025-05-05 05:20:00,Aurelia F204,0.038130000000000004,0.0,0.0,0.0,0.008539999999999999,0.0,0.00035999999999999997,0.028329999999999998,0.0,0.0,0.03571,0.0,0.0,0.0,0.0,0.0373,0.0,0.014150000000000001
2025-05-05 05:25:00,Aurelia F204,0.02932,0.0,0.0,0.0,0.0,0.0,0.00032,0.028239999999999998,0.0,0.0,0.03557,0.0,0.0,0.0,0.0,0.03739,0.0,0.014070000000000001
2025-05-05 05:30:00,Aurelia F204,0.02927,0.0,0.0,0.0,0.0,0.0,0.00049,0.028210000000000002,0.0,0.0,0.03549,0.0,0.0,0.0,0.0,0.03699,0.0,0.01411
2025-05-05 05:35:00,Aurelia F204,0.02912,0.0,0.0,0.0,0.0,0.0,0.00064,0.02818,0.0,0.0,0.03536,0.0,0.0,0.0,0.0,0.0371,0.0,0.01419
2025-05-05 05:40:00,Aurelia F204,0.02921,0.0,0.0,0.0,0.0,0.0,0.00055,0.02813,0.0,0.0,0.0354,0.0,0.0,0.0,0.0,0.03701,0.0,0.01438
2025-05-05 05:45:00,Aurelia F204,0.0688,0.0,0.0,0.0,0.0,0.0,0.041210000000000004,0.02813,0.0,0.0,0.0353,0.0,0.0,0.0,0.0,0.03703,0.0,0.013949999999999999
2025-05-05 05:50:00,Aurelia F204,0.1248,0.0,0.0,0.0,0.0,0.0,0.09723000000000001,0.02816,0.0,0.0,0.03545,0.0,0.0,0.00871,0.0,0.0455,0.0,0.014060000000000001
2025-05-05 05:55:00,Aurelia F204,0.12217,0.0,0.0,0.0,0.0,0.0,0.09462000000000001,0.02816,0.0,0.0,0.03522,0.0,0.0,0.00881,0.0,0.04529,0.0,0.01417
2025-05-05 06:00:00,Aurelia F204,0.16527,0.0,0.0,0.0,0.0,0.0,0.13772,0.02809,0.0,0.0,0.03543,0.0,0.0,0.00871,0.0,0.045590000000000006,0.0,0.014039999999999999
2025-05-05 06:05:00,Aurelia F204,0.1657,0.0,0.0,0.0,0.0,0.0,0.1382,0.02817,0.0,0.0,0.03564,0.0,0.0,0.0,0.0,0.03728,0.0,0.014039999999999999
2025-05-05 06:10:00,Aurelia F204,0.16338999999999998,0.0,0.0,0.0,0.0,0.0,0.13586,0.02813,0.0,0.08506999999999999,0.035,0.0,0.0,0.0,0.0,0.03665,0.0,0.11886
2025-05-05 06:15:00,Aurelia F204,0.16413,0.0,0.0,0.0,0.0,0.0,0.13657,0.02813,0.0,0.07826999999999999,0.03527,0.0,0.0,0.0,0.0,0.03691,0.0,0.11227
2025-05-05 06:20:00,Aurelia F204,0.1635,0.0,0.0,0.0,0.0,0.0,0.13588,0.02816,0.0,0.07767,0.03533,0.0,0.0,0.0,0.0,0.03693,0.0,0.11118
2025-05-05 06:25:00,Aurelia F204,0.17282,0.0,0.0,0.0,0.00848,0.0,0.13658,0.0282,0.0,0.07334,0.03509,0.0,0.0,0.0,0.0,0.036719999999999996,0.0,0.10721
2025-05-05 06:30:00,Aurelia F204,0.02923,0.0,0.0,0.0,0.0,0.0,0.00057,0.02818,0.0,0.07057,0.03533,0.0,0.0,0.0,0.0,0.03707,0.0,0.10479000000000001
2025-05-05 06:35:00,Aurelia F204,0.02921,0.0,0.0,0.0,0.0,0.0,0.00082,0.028140000000000002,0.0,0.0,0.03518,0.0,0.0,0.0,0.0,0.03681,0.0,0.01402
2025-05-05 06:40:00,Aurelia F204,0.07904000000000001,0.0,0.0,0.0,0.0,0.0,0.05148,0.028050000000000002,0.0,0.0,0.03518,0.0,0.0,0.0,0.0,0.03692,0.0,0.01416
2025-05-05 06:45:00,Aurelia F204,0.08513,0.0,0.0,0.0,0.0,0.0,0.05765,0.02811,0.0,0.0,0.03558,0.0,0.0,0.0,0.0,0.03721,0.0,0.01451
2025-05-05 06:50:00,Aurelia F204,0.08496,0.0,0.0,0.0,0.0,0.0,0.0573,0.02809,0.0,0.0,0.03517,0.0,0.0,0.0,0.0,0.03686,0.0,0.014320000000000001
2025-05-05 06:55:00,Aurelia F204,0.08381,0.0,0.0,0.0,0.0,0.0,0.056299999999999996,0.02818,0.0,0.0,0.03545,0.0,0.0,0.0,0.0,0.03704,0.0,0.01422
2025-05-05 07:00:00,Aurelia F204,0.08352,0.0,0.0,0.0,0.0,0.0,0.055979999999999995,0.02816,0.0,0.0,0.03534,0.0,0.0,0.0,0.0,0.03705,0.0,0.01444
2025-05-05 07:05:00,Aurelia F204,0.08342000000000001,0.0,0.0,0.0,0.0,0.0,0.05578,0.02816,0.0,0.0,0.03505,0.0,0.0,0.0,0.0,0.036770000000000004,0.0,0.01417
2025-05-05 07:10:00,Aurelia F204,0.08259,0.0,0.0,0.0,0.0,0.0,0.055060000000000005,0.028120000000000003,0.0,0.0,0.03491,0.0,0.0,0.0,0.0,0.03656,0.0,0.01396
2025-05-05 07:15:00,Aurelia F204,0.08195000000000001,0.0,0.0,0.0,0.0,0.0,0.054369999999999995,0.02807,0.0,0.0,-5e-05,0.0,0.0,0.0089,0.0,0.00912,0.0,0.01433
2025-05-05 07:20:00,Aurelia F204,0.0813,0.0,0.0,0.0,0.0,0.0,0.053840000000000006,0.02809,0.0,0.0,-5e-05,0.0,0.0,0.00885,0.0,0.00905,0.0,0.01413
2025-05-05 07:25:00,Aurelia F204,0.08123000000000001,0.0,0.0,0.0,0.0,0.0,0.053700000000000005,0.028140000000000002,0.0,0.0,-1e-05,0.0,0.0,0.0,0.0,0.0,0.0,0.01419
2025-05-05 07:30:00,Aurelia F204,0.05323,0.0,0.0,0.0,0.0,0.0,0.05355,0.0,0.0,0.0,-5.9999999999999995e-05,0.0,0.0,0.0,0.0,0.0,0.0,0.01409
2025-05-05 07:35:00,Aurelia F204,0.05298,0.0,0.0,0.0,0.0,0.0,0.05316,0.0,0.0,0.0,-1e-05,0.0,0.0,0.0,0.0,0.0,0.0,0.01511
2025-05-05 07:40:00,Aurelia F204,0.0526,0.0,0.0,0.0,0.0,0.0,0.052969999999999996,0.0,0.0,0.0,-7.000000000000001e-05,0.0,0.0,0.0,0.0,0.0,0.0,0.01399
2025-05-05 07:45:00,Aurelia F204,0.05298,0.0,0.0,0.0,0.0,0.0,0.053219999999999996,0.0,0.0,0.0,-0.00013000000000000002,0.0,0.0,0.0,0.0,0.0,0.0,0.01495
2025-05-05 07:50:00,Aurelia F204,0.05266,0.0,0.0,0.0,0.0,0.0,0.05304,0.0,0.0,0.0,0.036270000000000004,0.0,0.0,0.0,0.0,0.037880000000000004,0.0,0.014029999999999999
2025-05-05 07:55:00,Aurelia F204,0.05169,0.0,0.0,0.0,0.0,0.0,0.052020000000000004,0.0,0.0,0.0,0.03574,0.0,0.0,0.0,0.0,0.03741,0.0,0.0144
2025-05-05 08:00:00,Aurelia F204,0.08846,0.0,0.0,0.0,0.00847,0.0,0.05193,0.02835,0.0,0.02175,0.00614,0.0,0.0,0.0,0.0,0.00767,0.0,0.03696
2025-05-05 08:05:00,Aurelia F204,0.08877,0.0,0.0,0.0,0.00839,0.0,0.05246,0.02828,0.0,0.02137,0.006059999999999999,0.0,0.0,0.0,0.0,0.00757,0.0,0.03673
2025-05-05 08:10:00,Aurelia F204,0.08912,0.0,0.0,0.0,0.00827,0.0,0.05307,0.028300000000000002,0.0,0.02137,0.00607,0.0,0.0,0.0,0.0,0.0076100000000000004,0.0,0.036770000000000004
2025-05-05 08:15:00,Aurelia F204,0.08873,0.0,0.02368,0.0,0.00825,0.0,0.05255,0.02819,0.0,0.02135,0.04252,0.0,0.0,0.0,0.0,0.04342,0.0,0.061189999999999994
2025-05-05 08:20:00,Aurelia F204,0.15649000000000002,0.0,0.0,0.0,0.00828,0.0,0.057890000000000004,0.09061,0.0,0.09931,0.04192,0.0,0.0,0.0,0.0,0.04333,0.0,0.19590000000000002
2025-05-05 08:25:00,Aurelia F204,0.182,0.0,0.0,0.0,0.0,0.0,0.09466,0.08778,0.0,0.0,0.034570000000000004,0.0,0.0,0.0,0.0,0.03619,0.0,0.014070000000000001
2025-05-05 08:30:00,Aurelia F204,0.1779,0.0,0.0,0.0,0.0,0.0,0.0922,0.08613,0.0,0.0,0.034159999999999996,0.0,0.0,0.0,0.0,0.03563,0.0,0.01425
2025-05-05 08:35:00,Aurelia F204,0.17508,0.0,0.0,0.0,0.0,0.0,0.09084,0.08481999999999999,0.0,0.0,0.03343,0.0,0.0,0.0,0.0,0.03498,0.0,0.01446
2025-05-05 08:40:00,Aurelia F204,0.17288,0.0,0.0,0.0,0.0,0.0,0.0887,0.08478,0.0,0.0,0.03342,0.0,0.0,0.0,0.0,0.03504,0.0,0.014
2025-05-05 08:45:00,Aurelia F204,0.08912,0.0,0.0,0.0,0.0,0.0,0.08934,0.0,0.0,0.0,0.033170000000000005,0.0,0.0,0.0,0.0,0.03489,0.0,0.01418
2025-05-05 08:50:00,Aurelia F204,0.08799,0.0,0.0,0.0,0.0,0.0,0.08831,0.0,0.0,0.0,0.033299999999999996,0.0,0.0,0.0,0.0,0.03487,0.0,0.01445
2025-05-05 08:55:00,Aurelia F204,0.0877,0.0,0.0,0.0,0.0,0.0,0.08796,0.0,0.0,0.0,0.033170000000000005,0.0,0.0,0.0,0.0,0.0349,0.0,0.01425
2025-05-05 09:00:00,Aurelia F204,0.08781,0.0,0.0,0.0,0.0,0.0,0.08796,0.0,0.0,0.0,0.03304,0.0,0.0,0.0,0.0,0.03471,0.0,0.01442
2025-05-05 09:05:00,Aurelia F204,0.08782999999999999,0.0,0.0,0.0,0.0,0.0,0.08819,0.0,0.0,0.0,0.03281,0.0,0.0,0.0,0.0,0.03435,0.0,0.01393
2025-05-05 09:10:00,Aurelia F204,0.09331,0.0,0.0,0.0,0.0,0.0,0.09358,0.0,0.0,0.0,0.03265,0.0,0.0,0.0,0.0,0.03423,0.0,0.01396
2025-05-05 09:15:00,Aurelia F204,0.09340999999999999,0.0,0.0,0.0,0.0,0.0,0.09369,0.0,0.0,0.0,0.03246,0.0,0.0,0.0,0.0,0.03399,0.0,0.014029999999999999
2025-05-05 09:20:00,Aurelia F204,0.08419,0.0,0.0,0.0,0.0,0.0,0.08448,0.0,0.0,0.0,0.09076999999999999,0.0,0.0,0.0,0.0,0.09243000000000001,0.0,0.01409
2025-05-05 09:25:00,Aurelia F204,0.08276,0.0,0.0,0.0,0.0,0.0,0.08314,0.0,0.0,0.0,0.09323999999999999,0.0,0.0,0.0,0.0,0.09468,0.0,0.0144
2025-05-05 09:30:00,Aurelia F204,0.08181999999999999,0.0,0.0,0.0,0.0,0.0,0.08217,0.0,0.0,0.0,0.09115000000000001,0.0,0.0,0.0,0.0,0.09276999999999999,0.0,0.01399
2025-05-05 09:35:00,Aurelia F204,0.08158,0.0,0.0,0.0,0.0,0.0,0.08187,0.0,0.0,0.0,0.09054000000000001,0.0,0.0,0.0,0.0,0.09209,0.0,0.01392
2025-05-05 09:40:00,Aurelia F204,0.08129,0.0,0.0,0.0,0.0,0.0,0.08123999999999999,0.0,0.0,0.0,0.09154000000000001,0.0,0.0,0.0,0.0,0.09315000000000001,0.0,0.013980000000000001
2025-05-05 09:45:00,Aurelia F204,0.08175,0.0,0.0,0.0,0.0,0.0,0.08184000000000001,0.0,0.0,0.0,0.09364,0.0,0.0,0.0,0.0,0.09526000000000001,0.0,0.01402
2025-05-05 09:50:00,Aurelia F204,0.0808,0.0,0.0,0.0,0.0,0.0,0.08109000000000001,0.0,0.0,0.0,0.08436,0.0,0.0,0.0,0.0,0.0861,0.0,0.01405
2025-05-05 09:55:00,Aurelia F204,0.08051,0.0,0.0,0.0,0.0,0.0,0.08076,0.0,0.0,0.0,0.08419,0.0,0.0,0.0,0.0,0.08567,0.0,0.014
2025-05-05 10:00:00,Aurelia F204,0.08056,0.0,0.0,0.0,0.0,0.0,0.08078,0.0,0.0,0.0,0.07991,0.0,0.0,0.0,0.0,0.08172,0.0,0.013949999999999999
2025-05-05 10:05:00,Aurelia F204,0.07876999999999999,0.0,0.0,0.0,0.0,0.0,0.07904000000000001,0.0,0.0,0.0,0.07512,0.0,0.0,0.0,0.0,0.07658,0.0,0.01402
2025-05-05 10:10:00,Aurelia F204,1e-05,0.0,0.0,0.0,0.0,0.0,0.00028000000000000003,0.0,0.0,0.0,0.07373,0.0,0.0,0.0,0.0,0.0755,0.0,0.013890000000000001
2025-05-05 10:15:00,Aurelia F204,0.0,0.0,0.0,0.0,0.0,0.0,0.00028000000000000003,0.0,0.0,0.0,0.06883,0.0,0.0,0.0,0.0,0.07052,0.0,0.013890000000000001
2025-05-05 10:20:00,Aurelia F204,0.0,0.0,0.0,0.0,0.0,0.0,0.00016,0.0,0.0,0.0,0.06767000000000001,0.0,0.0,0.0,0.0,0.06917,0.0,0.014029999999999999
2025-05-05 10:25:00,Aurelia F204,0.0,0.0,0.0,0.0,0.0,0.0,0.0002,0.0,0.0,0.0,0.06768,0.0,0.0,0.0,0.0,0.06953,0.0,0.013900000000000001
2025-05-05 10:30:00,Aurelia F204,0.0,0.0,0.0,0.0,0.0,0.0,0.00026000000000000003,0.0,0.0,0.0,0.06221,0.0,0.0,0.0,0.0,0.06409000000000001,0.0,0.01442
2025-05-05 10:35:00,Aurelia F204,0.0,0.0,0.0,0.0,0.0,0.0,0.00047999999999999996,0.0,0.0,0.0,0.06028,0.0,0.0,0.0,0.0,0.06197,0.0,0.01436
2025-05-05 10:40:00,Aurelia F204,5.9999999999999995e-05,0.0,0.0,0.0,0.0,0.0,0.00039,0.0,0.0,0.0,0.06225,0.0,0.0,0.0,0.0,0.06374,0.0,0.01391
2025-05-05 10:45:00,Aurelia F204,0.0,0.0,0.0,0.0,0.0,0.0,0.00027,0.0,0.0,0.0,0.05007,0.0,0.0,0.0,0.0,0.05154,0.0,0.014070000000000001
2025-05-05 10:50:00,Aurelia F204,0.03896,0.0,0.0,0.0,0.0,0.0,0.03922,0.0,0.0,0.0,0.03159,0.0,0.0,0.0,0.0,0.03315,0.0,0.014369999999999999
2025-05-05 10:55:00,Aurelia F204,0.09140000000000001,0.0,0.0,0.0,0.0,0.0,0.09167,0.0,0.0,0.0,0.03188,0.0,0.0,0.0,0.0,0.03337,0.0,0.01402
2025-05-05 11:00:00,Aurelia F204,0.08735,0.0,0.0,0.0,0.0,0.0,0.08762,0.0,0.0,0.0,0.03186,0.0,0.0,0.0,0.0,0.03337,0.0,0.01397
2025-05-05 11:05:00,Aurelia F204,0.08703,0.0,0.0,0.0,0.0,0.0,0.08733,0.0,0.0,0.0,0.062479999999999994,0.0,0.0,0.00891,0.0,0.07251,0.0,0.01419
2025-05-05 11:10:00,Aurelia F204,0.08656,0.0,0.0,0.0,0.0,0.0,0.08679,0.0,0.0,0.0,0.06014,0.0,0.0,0.00868,0.0,0.07044,0.0,0.014039999999999999
2025-05-05 11:15:00,Aurelia F204,0.08588,0.0,0.0,0.0,0.0,0.0,0.08606,0.0,0.0,0.0,0.05854,0.0,0.0,0.0,0.0,0.05988,0.0,0.01431
2025-05-05 11:20:00,Aurelia F204,0.08572,0.0,0.0,0.0,0.0,0.0,0.08594,0.0,0.0,0.0,0.05819,0.0,0.0,0.0,0.0,0.05928,0.0,0.01396
2025-05-05 11:25:00,Aurelia F204,0.08872,0.0,0.0,0.0,0.0,0.0,0.08893000000000001,0.0,0.0,0.0,0.05704,0.0,0.0,0.0,0.0,0.05837,0.0,0.013980000000000001
2025-05-05 11:30:00,Aurelia F204,0.08655,0.0,0.0,0.0,0.0,0.0,0.08695,0.0,0.0,0.0,0.05658,0.0,0.0,0.0,0.0,0.05776,0.0,0.01396
2025-05-05 11:35:00,Aurelia F204,0.08645,0.0,0.0,0.0,0.0,0.0,0.08672,0.0,0.0,0.0,0.05552,0.0,0.0,0.0,0.0,0.056799999999999996,0.0,0.01393
2025-05-05 11:40:00,Aurelia F204,0.08857999999999999,0.0,0.0,0.0,0.0,0.0,0.08886,0.0,0.00318,0.07859999999999999,0.0,0.0,0.0,0.0,0.0,0.0,0.0,0.19363
2025-05-05 11:45:00,Aurelia F204,0.08572,0.0,0.0,0.0,0.0,0.0,0.08585,0.0,1.53405,0.04195,-1e-05,0.0,0.0,0.0,0.0,0.0,0.0,1.6836900000000001
2025-05-05 11:50:00,Aurelia F204,0.68208,0.0,0.0,0.0,0.0,0.0,0.68388,0.0,10.85668,0.36484,0.0,0.0,0.0,0.0,0.0,0.0,0.0,12.09256
2025-05-05 11:55:00,Aurelia F204,0.0857,0.0,0.0,0.0,0.0,0.0,0.08585,0.0,0.79541,0.0396,-1e-05,0.0,0.0,0.0,0.0,0.0,0.0,0.94311
2025-05-05 12:00:00,Aurelia F204,0.08465,0.0,0.0,0.0,0.0,0.0,0.08484,0.0,0.79163,0.036340000000000004,-1e-05,0.0,0.0,0.0,0.0,0.0,0.0,0.93621
2025-05-05 12:05:00,Aurelia F204,0.08361,0.0,0.0,0.0,0.0,0.0,0.08389,0.0,0.79891,0.02105,-1e-05,0.0,0.0,0.0,0.0,0.0,0.0,0.92691
2025-05-05 12:10:00,Aurelia F204,0.08461,0.0,0.0,0.0,0.0,0.0,0.08484,0.0,0.80055,0.01909,0.0,0.0,0.0,0.0,0.0,0.0,0.0,0.92647
2025-05-05 12:15:00,Aurelia F204,0.08464,0.0,0.0,0.0,0.0,0.0,0.08501,0.0,0.8275,0.01709,-1e-05,0.0,0.0,0.0,0.0,0.0,0.0,0.95116
2025-05-05 12:20:00,Aurelia F204,0.08474,0.0,0.0,0.0,0.0,0.0,0.08496,0.0,1.28542,0.0,0.0,0.0,0.0,0.0,0.0,0.0,0.0,1.3919000000000001
2025-05-05 12:25:00,Aurelia F204,0.08437,0.0,0.0,0.0,0.0,0.0,0.08469,0.0,0.51695,0.0,-1e-05,0.0,0.0,0.0,0.0,0.0,0.0,0.6227
2025-05-05 12:30:00,Aurelia F204,0.08379,0.0,0.0,0.0,0.0,0.0,0.0841,0.0,0.5265700000000001,0.0,-5e-05,0.0,0.0,0.0,0.0,0.0,0.0,0.63263
2025-05-05 12:35:00,Aurelia F204,0.08355,0.0,0.0,0.0,0.0,0.0,0.08378000000000001,0.0,0.54963,0.0,-5e-05,0.0,0.0,0.0,0.0,0.0,0.0,0.65623
2025-05-05 12:40:00,Aurelia F204,0.08344,0.0,0.0,0.0,0.0,0.0,0.08366,0.0,0.8002400000000001,0.0,0.0,0.0,0.0,0.0,0.0,0.0,0.0,0.90834
2025-05-05 12:45:00,Aurelia F204,0.08392000000000001,0.0,0.0,0.0,0.0,0.0,0.08417,0.0,0.9469500000000001,0.0,0.0,0.0,0.0,0.0,0.0,0.0,0.0,1.05294
2025-05-05 12:50:00,Aurelia F204,0.08434,0.0,0.0,0.0,0.0,0.0,0.08455,0.0,2e-05,0.0,-1e-05,0.0,0.0,0.0,0.0,0.0,0.0,0.10864
2025-05-05 12:55:00,Aurelia F204,0.08381,0.0,0.0,0.0,0.0,0.0,0.08414,0.0,2e-05,0.0,-2e-05,0.0,0.0,0.0,0.0,0.0,0.0,0.10984000000000001
2025-05-05 13:00:00,Aurelia F204,0.08373,0.0,0.0,0.0,0.0,0.0,0.08383,0.0,0.80143,0.0,-2e-05,0.0,0.0,0.0,0.0,0.0,0.0,0.91049
2025-05-05 13:05:00,Aurelia F204,0.08324,0.0,0.0,0.0,0.0,0.0,0.08349,0.0,0.52504,0.0,-5e-05,0.0,0.0,0.0,0.0,0.0,0.0,0.6347999999999999
2025-05-05 13:10:00,Aurelia F204,0.08404,0.0,0.0,0.0,0.0,0.0,0.08434,0.0,0.5500700000000001,0.0,-5.9999999999999995e-05,0.0,0.0,0.0,0.0,0.0,0.0,0.65872
2025-05-05 13:15:00,Aurelia F204,0.08297,0.0,0.0,0.0,0.0,0.0,0.08312,0.0,0.5225599999999999,0.0,-7.000000000000001e-05,0.0,0.0,0.0,0.0,0.0,0.0,0.63054
2025-05-05 13:20:00,Aurelia F204,0.08138,0.0,0.0,0.0,0.0,0.0,0.08143,0.0,0.52503,0.0,-5e-05,0.0,0.0,0.0,0.0,0.0,0.0,0.63306
2025-05-05 13:25:00,Aurelia F204,0.07858,0.0,0.0,0.0,0.0,0.0,0.07889,0.0,0.52643,0.0,-0.00011,0.0,0.0,0.0,0.0,0.0,0.0,0.63402
2025-05-05 13:30:00,Aurelia F204,0.0,0.0,0.0,0.0,0.0,0.0,0.00034,0.0,0.53235,0.0,-2e-05,0.0,0.0,0.0,0.0,0.0,0.0,0.6403300000000001
2025-05-05 13:35:00,Aurelia F204,8e-05,0.0,0.0,0.0,0.0,0.0,0.00047999999999999996,0.0,0.8532799999999999,0.0,-2e-05,0.0,0.0,0.0,0.0,0.0,0.0,0.96065
2025-05-05 13:40:00,Aurelia F204,1e-05,0.0,0.0,0.0,0.0,0.0,0.0005,0.0,0.52713,0.0,-4e-05,0.0,0.0,0.0,0.0,0.0,0.0,0.63395
2025-05-05 13:45:00,Aurelia F204,4e-05,0.0,0.0,0.0,0.0,0.0,0.0005600000000000001,0.0,0.52134,0.0,-7.000000000000001e-05,0.0,0.0,0.0,0.0,0.0,0.0,0.62807
2025-05-05 13:50:00,Aurelia F204,5e-05,0.0,0.0,0.0,0.0,0.0,0.00037,0.0,0.53875,0.0,0.0,0.0,0.0,0.0,0.0,0.0,0.0,0.64562
2025-05-05 13:55:00,Aurelia F204,1e-05,0.0,0.0,0.0,0.0,0.0,0.00032,0.0,0.55661,0.0,-2e-05,0.0,0.0,0.0,0.0,0.0,0.0,0.66315
2025-05-05 14:00:00,Aurelia F204,2e-05,0.0,0.0,0.0,0.0,0.0,0.00046,0.0,0.8030700000000001,0.0,-1e-05,0.0,0.0,0.0,0.0,0.0,0.0,0.90876
2025-05-05 14:05:00,Aurelia F204,0.0,0.0,0.0,0.0,0.0,0.0,0.00035999999999999997,0.0,0.5200499999999999,0.0,-2e-05,0.0,0.0,0.0,0.0,0.0,0.0,0.62809
2025-05-05 14:10:00,Aurelia F204,0.0,0.0,0.0,0.0,0.0,0.0,0.00033,0.0,0.5192,0.06814,-8e-05,0.0,0.0,0.0,0.0,0.0,0.0,0.69539
2025-05-05 14:15:00,Aurelia F204,2e-05,0.0,0.0,0.0,0.0,0.0,0.00066,0.0,0.53318,0.06648,-2e-05,0.0,0.0,0.0,0.0,0.0,0.0,0.70594
2025-05-05 14:20:00,Aurelia F204,1e-05,0.0,0.0,0.0,0.0,0.0,0.00034,0.0,0.51762,0.06217,-1e-05,0.0,0.0,0.0,0.0,0.0,0.0,0.68649
2025-05-05 14:25:00,Aurelia F204,0.00027,0.0,0.0,0.0,0.0,0.0,0.00067,0.0,0.55295,0.062090000000000006,-1e-05,0.0,0.0,0.0,0.0,0.0,0.0,0.72116
2025-05-05 14:30:00,Aurelia F204,0.03947,0.0,0.0,0.0,0.0,0.0,0.03977,0.0,0.72736,0.05306,0.0,0.0,0.0,0.0,0.0,0.0,0.0,0.8865599999999999
2025-05-05 14:35:00,Aurelia F204,0.08846,0.0,0.0,0.0,0.0,0.0,0.08877,0.0,0.0,0.046520000000000006,0.0,0.0,0.0,0.0,0.0,0.0,0.0,0.1541
2025-05-05 14:40:00,Aurelia F204,0.0879,0.0,0.0,0.0,0.0,0.0,0.08821999999999999,0.0,0.0,0.0,-1e-05,0.0,0.0,0.0,0.0,0.0,0.0,0.10573
2025-05-05 14:45:00,Aurelia F204,0.08639,0.0,0.0,0.0,0.0,0.0,0.08662,0.0,5e-05,0.0,-1e-05,0.0,0.0,0.0,0.0,0.0,0.0,0.10642
2025-05-05 14:50:00,Aurelia F204,0.08539,0.0,0.0,0.0,0.0,0.0,0.08568,0.0,0.5344099999999999,0.0,0.0,0.0,0.0,0.0,0.0,0.0,0.0,0.6383300000000001
2025-05-05 14:55:00,Aurelia F204,0.0858,0.0,0.0,0.0,0.0,0.0,0.08605,0.0,0.53232,0.0,0.0,0.0,0.0,0.0,0.0,0.0,0.0,0.6362000000000001
2025-05-05 15:00:00,Aurelia F204,0.08428000000000001,0.0,0.0,0.0,0.0,0.0,0.08451,0.0,0.5498,0.0,-1e-05,0.0,0.0,0.0,0.0,0.0,0.0,0.6557000000000001
2025-05-05 15:05:00,Aurelia F204,0.08393,0.0,0.0,0.0,0.0,0.0,0.08413,0.0,0.51071,0.0,0.0,0.0,0.0,0.0,0.0,0.0,0.0,0.61529
2025-05-05 15:10:00,Aurelia F204,0.0841,0.0,0.0,0.0,0.0,0.0,0.08435,0.0,0.5147999999999999,0.0,0.0,0.0,0.0,0.0,0.0,0.0,0.0,0.61917
2025-05-05 15:15:00,Aurelia F204,0.0841,0.0,0.0,0.0,0.0,0.0,0.0844,0.0,0.52875,0.0,-1e-05,0.0,0.0,0.0,0.0,0.0,0.0,0.6321599999999999
2025-05-05 15:20:00,Aurelia F204,0.08401,0.0,0.0,0.0,0.0,0.0,0.08431,0.0,0.6332899999999999,0.0,0.0,0.0,0.0,0.0,0.0,0.0,0.0,0.73724
2025-05-05 15:25:00,Aurelia F204,0.11520999999999999,0.0,0.0,0.0,0.0,0.0,0.08738,0.028480000000000002,0.7965800000000001,0.05664,0.0,0.0,0.0,0.0,0.0,0.0,0.0,0.9562
2025-05-05 15:30:00,Aurelia F204,0.08535,0.0,0.0,0.0,0.0,0.0,0.08566,0.0,0.5131100000000001,0.05863,0.0,0.0,0.0,0.0,0.0,0.0,0.0,0.6762999999999999
2025-05-05 15:35:00,Aurelia F204,0.07503,0.0,0.0,0.0,0.0,0.0,0.07521,0.0,0.52297,0.05855,0.0,0.0,0.0,0.0,0.0,0.0,0.0,0.68586
2025-05-05 15:40:00,Aurelia F204,0.07398,0.0,0.0,0.0,0.0,0.0,0.07418000000000001,0.0,0.50925,0.06157,-1e-05,0.0,0.0,0.0,0.0,0.0,0.0,0.67553
2025-05-05 15:45:00,Aurelia F204,0.07249,0.0,0.0,0.0,0.0,0.0,0.07282,0.0,0.5091,0.055380000000000006,-1e-05,0.0,0.0,0.0,0.0,0.0,0.0,0.6687000000000001
2025-05-05 15:50:00,Aurelia F204,1e-05,0.0,0.0,0.0,0.0,0.0,0.00025,0.0,0.5774199999999999,0.045590000000000006,0.0,0.0,0.0,0.0,0.0,0.0,0.0,0.72653
2025-05-05 15:55:00,Aurelia F204,1e-05,0.0,0.0,0.0,0.0,0.0,0.00023,0.0,0.54261,0.04327,0.0,0.0,0.0,0.0,0.0,0.0,0.0,0.68967
2025-05-05 16:00:00,Aurelia F204,1e-05,0.0,0.0,0.0,0.0,0.0,0.0004,0.0,0.5225,0.037579999999999995,0.0,0.0,0.0,0.0,0.0,0.0,0.0,0.66532
2025-05-05 16:05:00,Aurelia F204,0.0,0.0,0.0,0.0,0.0,0.0,0.00035,0.0,0.5360900000000001,0.03074,0.0,0.0,0.0,0.0,0.0,0.0,0.0,0.67113
2025-05-05 16:10:00,Aurelia F204,4e-05,0.0,0.0,0.0,0.0,0.0,0.00039,0.0,0.12122,0.03399,-1e-05,0.0,0.0,0.0,0.0,0.0,0.0,0.26022
2025-05-05 16:15:00,Aurelia F204,0.0,0.0,0.0,0.0,0.0,0.0,0.0004,0.0,1e-05,0.03321,-2e-05,0.0,0.0,0.0,0.0,0.0,0.0,0.13918
2025-05-05 16:20:00,Aurelia F204,0.0,0.0,0.0,0.0,0.0,0.0,0.0004,0.0,5e-05,0.03617,0.0,0.0,0.0,0.0,0.0,0.0,0.0,0.1429
2025-05-05 16:25:00,Aurelia F204,5e-05,0.0,0.0,0.0,0.0,0.0,0.00029,0.0,2e-05,0.0,0.0,0.0,0.0,0.0,0.0,0.0,0.0,0.10548
2025-05-05 16:30:00,Aurelia F204,4e-05,0.0,0.0,0.0,0.0,0.0,0.00041999999999999996,0.0,0.49582,0.0,0.0,0.0,0.0,0.0,0.0,0.0,0.0,0.60022
2025-05-05 16:35:00,Aurelia F204,4e-05,0.0,0.0,0.0,0.0,0.0,0.00034,0.0,0.49955,0.0,-4e-05,0.0,0.0,0.0,0.0,0.0,0.0,0.6039
2025-05-05 16:40:00,Aurelia F204,0.0,0.0,0.0,0.0,0.0,0.0,0.00029,0.0,0.00505,0.0,-5e-05,0.0,0.0,0.0,0.0,0.0,0.0,0.10939
2025-05-05 16:45:00,Aurelia F204,0.03786,0.0,0.0,0.0,0.0,0.0,0.03786,0.0,0.0,0.0,-1e-05,0.0,0.0,0.0,0.0,0.0,0.0,0.10571
2025-05-05 16:50:00,Aurelia F204,0.04901,0.0,0.0,0.0,0.0,0.0,0.0492,0.0,0.0,0.0,-4e-05,0.0,0.0,0.0,0.0,0.0,0.0,0.10635
2025-05-05 16:55:00,Aurelia F204,0.048229999999999995,0.0,0.0,0.0,0.0,0.0,0.04851,0.0,0.0,0.0,-2e-05,0.0,0.0,0.0,0.0,0.0,0.0,0.10626000000000001
2025-05-05 17:00:00,Aurelia F204,0.04872,0.0,0.0,0.0,0.0,0.0,0.049049999999999996,0.0,0.0,0.0,-4e-05,0.0,0.0,0.0,0.0,0.0,0.0,0.10645
2025-05-05 17:05:00,Aurelia F204,0.048850000000000005,0.0,0.0,0.0,0.0,0.0,0.04912,0.0,0.0,0.0,-0.00014000000000000001,0.0,0.0,0.0,0.0,0.0,0.0,0.10754000000000001
2025-05-05 17:10:00,Aurelia F204,0.04902,0.0,0.0,0.0,0.0,0.0,0.04926,0.0,0.17572,0.06363,-1e-05,0.0,0.0,0.0,0.0,0.0,0.0,0.34664999999999996
2025-05-05 17:15:00,Aurelia F204,0.04884,0.0,0.0,0.0,0.0,0.0,0.04907,0.0,0.50906,0.05804,0.0,0.0,0.0,0.0,0.0,0.0,0.0,0.67464
2025-05-05 17:20:00,Aurelia F204,0.048979999999999996,0.0,0.0,0.0,0.0,0.0,0.04919,0.0,5.9999999999999995e-05,0.14305,-1e-05,0.0,0.0,0.0,0.0,0.0,0.0,0.26206999999999997
2025-05-05 17:25:00,Aurelia F204,0.04847,0.0,0.0,0.0,0.0,0.0,0.04869,0.0,5.9999999999999995e-05,0.13603,-1e-05,0.0,0.0,0.0,0.0,0.0,0.0,0.25544
2025-05-05 17:30:00,Aurelia F204,0.04839,0.0,0.0,0.0,0.0,0.0,0.04865,0.0,8e-05,0.12852000000000002,-0.00025,0.0,0.0,0.0,0.0,0.0,0.0,0.24869999999999998
2025-05-05 17:35:00,Aurelia F204,0.04838,0.0,0.0,0.0,0.0,0.0,0.04862,0.0,1e-05,0.122,-2e-05,0.0,0.0,0.0,0.0,0.0,0.0,0.24165
2025-05-05 17:40:00,Aurelia F204,0.047799999999999995,0.0,0.0,0.0,0.0,0.0,0.048159999999999994,0.0,0.0,0.11899,-8e-05,0.0,0.0,0.0,0.0,0.0,0.0,0.2381
2025-05-05 17:45:00,Aurelia F204,0.04796,0.0,0.0,0.0,0.0,0.0,0.04826,0.0,2e-05,0.11653,-5e-05,0.0,0.0,0.0,0.0,0.0,0.0,0.23693999999999998
2025-05-05 17:50:00,Aurelia F204,0.0765,0.0,0.0,0.0,0.0,0.0,0.04844,0.028579999999999998,7.000000000000001e-05,0.07825,0.00591,0.0,0.0,0.0,0.0,0.00743,0.0,0.0995
2025-05-05 17:55:00,Aurelia F204,0.17415,0.0,0.0,0.0,0.0,0.0,0.04833,0.12634,1e-05,0.07819,0.00584,0.0,0.0,0.0,0.0,0.0074,0.0,0.09527
2025-05-05 18:00:00,Aurelia F204,0.17275,0.0,0.0,0.0,0.0,0.0,0.04955,0.1238,5e-05,0.07908,0.00604,0.0,0.0,0.0,0.0,0.00763,0.0,0.09670000000000001
2025-05-05 18:05:00,Aurelia F204,0.13751,0.0,0.0,0.0,0.0,0.0,0.04915,0.08878,5.9999999999999995e-05,0.07912999999999999,0.006059999999999999,0.0,0.0,0.0,0.0,0.0076100000000000004,0.0,0.09639
2025-05-05 18:10:00,Aurelia F204,0.1279,0.0,0.0,0.0,0.0,0.0,0.04026,0.08811,7.000000000000001e-05,0.0785,0.00607,0.0,0.0,0.0,0.0,0.0076,0.0,0.09566
2025-05-05 18:15:00,Aurelia F204,0.09547,0.0,0.0,0.0,0.0,0.0,0.09570999999999999,0.0,0.0,0.07928,0.00601,0.0,0.0,0.0,0.0,0.0076100000000000004,0.0,0.19911
2025-05-05 18:20:00,Aurelia F204,0.09464,0.0,0.0,0.0,0.0,0.0,0.09484999999999999,0.0,0.0,0.07823000000000001,0.00598,0.0,0.0,0.0,0.0,0.00747,0.0,0.20113
2025-05-05 18:25:00,Aurelia F204,0.09301000000000001,0.0,0.0,0.0,0.0,0.0,0.09326999999999999,0.0,0.0,0.07915000000000001,0.006019999999999999,0.0,0.0,0.0,0.0,0.00762,0.0,0.2013
2025-05-05 18:30:00,Aurelia F204,0.09237999999999999,0.0,0.0,0.0,0.0,0.0,0.09275,0.0,0.0,0.07968,0.006,0.0,0.0,0.0,0.0,0.00767,0.0,0.20302
2025-05-05 18:35:00,Aurelia F204,0.13756000000000002,0.0,0.0,0.0,0.0,0.0,0.13781000000000002,0.0,0.0,0.08027,0.006,0.0,0.0,0.0,0.0,0.0076100000000000004,0.0,0.20239
2025-05-05 18:40:00,Aurelia F204,0.13637,0.0,0.0,0.0,0.0,0.0,0.13666,0.0,0.0,0.07929,0.00595,0.0,0.0,0.0,0.0,0.00758,0.0,0.20038
2025-05-05 18:45:00,Aurelia F204,0.13595,0.0,0.0,0.0,0.0,0.0,0.13624,0.0,0.0,0.07934000000000001,0.0059299999999999995,0.0,0.0,0.0,0.0,0.0076100000000000004,0.0,0.20096
2025-05-05 18:50:00,Aurelia F204,0.13671,0.0,0.0,0.0,0.0,0.0,0.13705,0.0,0.0,0.07948999999999999,0.00596,0.0,0.0,0.0,0.0,0.0076100000000000004,0.0,0.20067
2025-05-05 18:55:00,Aurelia F204,0.13511,0.0,0.0,0.0,0.0,0.0,0.13541,0.0,0.0,0.07909000000000001,0.00601,0.0,0.0,0.0,0.0,0.00753,0.0,0.19954
2025-05-05 19:00:00,Aurelia F204,0.13693,0.0,0.0,0.0,0.0,0.0,0.13715,0.0,0.0,0.07945,0.00604,0.0,0.0,0.0,0.0,0.007730000000000001,0.0,0.20074
2025-05-05 19:05:00,Aurelia F204,2e-05,0.0,0.0,0.0,0.0,0.0,0.00027,0.0,0.0,0.07984999999999999,0.006059999999999999,0.0,0.0,0.0,0.0,0.00764,0.0,0.20061
2025-05-05 19:10:00,Aurelia F204,5e-05,0.0,0.0,0.0,0.0,0.0,0.0004,0.0,0.0,0.07925,0.0059299999999999995,0.0,0.0,0.0,0.0,0.00763,0.0,0.19975
2025-05-05 19:15:00,Aurelia F204,0.06279,0.0,0.0,0.0,0.0,0.0,0.06298,0.0,0.0,0.13837,0.00594,0.0,0.0,0.0,0.0,0.0076,0.0,0.25821
2025-05-05 19:20:00,Aurelia F204,0.05266,0.0,0.0,0.0,0.0,0.0,0.05314,0.0,0.0,0.13866,0.006019999999999999,0.0,0.0,0.0,0.0,0.00758,0.0,0.25912
2025-05-05 19:25:00,Aurelia F204,0.057030000000000004,0.0,0.0,0.0,0.0,0.0,0.05726,0.0,0.0,0.1393,0.006,0.0,0.0,0.0,0.0,0.00757,0.0,0.26014
2025-05-05 19:30:00,Aurelia F204,0.08445,0.0,0.0,0.0,0.0,0.0,0.05657,0.028390000000000002,0.0,0.13947,0.00601,0.0,0.0,0.0,0.0,0.00753,0.0,0.25958
2025-05-05 19:35:00,Aurelia F204,0.08406,0.0,0.0,0.0,0.0,0.0,0.056170000000000005,0.02832,0.0,0.13919,0.00597,0.0,0.0,0.0,0.0,0.0076,0.0,0.25911
2025-05-05 19:40:00,Aurelia F204,0.08341,0.0,0.0,0.0,0.0,0.0,0.05565,0.02818,0.0,0.07895,0.00601,0.0,0.0,0.00897,0.0,0.0165,0.0,0.19885
2025-05-05 19:45:00,Aurelia F204,0.08353000000000001,0.0,0.0,0.0,0.0,0.0,0.055850000000000004,0.028140000000000002,0.0,0.07912999999999999,0.00598,0.0,0.0,0.00876,0.0,0.01643,0.00617,0.20648
2025-05-05 19:50:00,Aurelia F204,0.08338,0.0,0.0,0.0,0.0,0.0,0.055729999999999995,0.02819,0.0,0.0793,0.07511,0.0,0.0,0.0,0.0,0.07635,0.0,0.20171
2025-05-05 19:55:00,Aurelia F204,0.08403000000000001,0.0,0.0,0.0,0.0,0.0,0.05659,0.028140000000000002,0.0,0.0795,0.006059999999999999,0.0,0.0,0.0,0.0,0.0076100000000000004,0.0,0.20224
2025-05-05 20:00:00,Aurelia F204,0.08164,0.0,0.0,0.0,0.0,0.0,0.054049999999999994,0.02818,0.0,0.07862999999999999,0.00597,0.0,0.0,0.0,0.0,0.00758,0.0,0.20008
2025-05-05 20:05:00,Aurelia F204,0.08388,0.0,0.0,0.0,0.0,0.0,0.056229999999999995,0.02816,0.0,0.07787000000000001,0.00591,0.0,0.0,0.0,0.0,0.00758,0.0,0.19584000000000001
2025-05-05 20:10:00,Aurelia F204,0.08361,0.0,0.0,0.0,0.0,0.0,0.05602,0.02816,0.0,0.07754000000000001,0.00594,0.0,0.0,0.0,0.0,0.00745,0.22035,0.41527
2025-05-05 20:15:00,Aurelia F204,0.08295,0.0,0.0,0.0,0.0,0.0,0.055299999999999995,0.02801,0.0,0.07740999999999999,0.00588,0.0,0.0,0.0,0.0,0.00745,0.22065,0.41514999999999996
2025-05-05 20:20:00,Aurelia F204,0.08274,0.0,0.0,0.0,0.0,0.0,0.05515,0.028120000000000003,0.0,0.07786,0.005900000000000001,0.0,0.0,0.0,0.0,0.0074800000000000005,0.0055,0.2006
2025-05-05 20:25:00,Aurelia F204,0.08170999999999999,0.0,0.0,0.0,0.0,0.0,0.054079999999999996,0.02816,0.0,0.07795999999999999,0.00588,0.0,0.0,0.0,0.0,0.00754,0.00526,0.20071
2025-05-05 20:30:00,Aurelia F204,0.08089,0.0,0.0,0.0,0.0,0.0,0.053380000000000004,0.02804,0.0,0.07775,0.00583,0.0,0.0,0.0,0.0,0.0076,0.00592,0.20029
2025-05-05 20:35:00,Aurelia F204,0.08095999999999999,0.0,0.0,0.0,0.0,0.0,0.05335,0.028140000000000002,0.0,0.078,0.00587,0.0,0.0,0.0,0.0,0.00747,0.00545,0.20004
2025-05-05 20:40:00,Aurelia F204,0.08144,0.0,0.0,0.0,0.0,0.0,0.053869999999999994,0.02816,0.0,0.07809999999999999,0.00595,0.0,0.0,0.0,0.0,0.00738,0.00583,0.20044
2025-05-05 20:50:00,Aurelia F204,0.6522,0.0,0.0,0.0,0.0,0.0,0.43163999999999997,0.22496000000000002,0.0,0.624,0.0474,0.0,0.0,0.0,0.0,0.06028,0.85072,2.41348
2025-05-05 20:55:00,Aurelia F204,0.08109999999999999,0.0,0.0,0.0,0.0,0.0,0.05348,0.02809,0.0,0.07793000000000001,0.00601,0.0,0.0,0.0,0.0,0.0076,0.21134999999999998,0.40574
2025-05-05 21:00:00,Aurelia F204,0.09140999999999999,0.0,0.0,0.0,0.0,0.0,0.05307,0.03890999999999999,0.0,0.07833,0.006,0.0,0.0,0.0,0.0,0.00754,0.0,0.19459
2025-05-05 21:05:00,Aurelia F204,0.09084,0.0,0.0,0.0,0.0,0.0,0.05274,0.03867,0.0,0.07828,0.00591,0.0,0.0,0.0,0.0,0.007549999999999999,0.0,0.19448
2025-05-05 21:10:00,Aurelia F204,0.10018,0.0,0.0,0.0,0.0,0.0,0.1004,0.0,0.0,0.07834999999999999,0.00587,0.0,0.0,0.0,0.0,0.0074800000000000005,0.0,0.19425
2025-05-05 21:15:00,Aurelia F204,0.09525,0.0,0.0,0.0,0.0,0.0,0.09548999999999999,0.0,0.0,0.07834,0.005889999999999999,0.0,0.0,0.0,0.0,0.00741,0.0,0.19438999999999998
2025-05-05 21:20:00,Aurelia F204,0.09522,0.0,0.0,0.0,0.0,0.0,0.09543,0.0,0.0,0.07801999999999999,0.00591,0.0,0.0,0.0,0.0,0.00754,0.0,0.19356
2025-05-05 21:25:00,Aurelia F204,0.09426000000000001,0.0,0.0,0.0,0.0,0.0,0.09451000000000001,0.0,0.0,0.0,0.015,0.8401000000000001,0.0,0.0,0.0,0.85782,0.0,0.011
2025-05-05 21:30:00,Aurelia F204,0.09139,0.0,0.0,0.0,0.0,0.0,0.09165000000000001,0.0,0.0,0.0,0.014839999999999999,0.93777,0.0,0.0,0.0,0.95536,0.0,0.01093
2025-05-05 21:35:00,Aurelia F204,0.09051000000000001,0.0,0.0,0.0,0.0,0.0,0.09081,0.0,0.0,0.0,0.01476,0.9379700000000001,0.0,0.0,0.0,0.9554600000000001,0.0,0.011
2025-05-05 21:40:00,Aurelia F204,0.08963,0.0,0.0,0.0,0.0,0.0,0.09002,0.0,0.0,0.0,0.01472,0.93186,0.0,0.0,0.0,0.9491799999999999,0.0,0.01106
2025-05-05 21:45:00,Aurelia F204,0.09681999999999999,0.0,0.0,0.0,0.0,0.0,0.09716,0.0,0.0,0.0,0.0146,0.92765,0.0,0.0,0.0,0.94487,0.0,0.01106
2025-05-05 21:50:00,Aurelia F204,0.09609999999999999,0.0,0.0,0.0,0.0,0.0,0.09643,0.0,0.0,0.0,0.0088,0.92427,0.0,0.0,0.0,0.93571,0.0,0.01099
2025-05-05 21:55:00,Aurelia F204,0.09527,0.0,0.0,0.0,0.0,0.0,0.09570000000000001,0.0,0.0,0.0,0.0121,0.8015800000000001,0.0,0.0,0.0,0.81623,0.0,0.01097
2025-05-05 22:00:00,Aurelia F204,0.09439,0.0,0.0,0.0,0.0,0.0,0.09475,0.0,0.0,0.0,0.00869,0.79699,0.0,0.0,0.0,0.80822,0.0,0.01137
2025-05-05 22:05:00,Aurelia F204,0.09454000000000001,0.0,0.0,0.0,0.0,0.0,0.09486,0.0,0.0,0.0,0.00875,0.7943300000000001,0.0,0.0,0.0,0.80562,0.0,0.01104
2025-05-05 22:10:00,Aurelia F204,0.09464,0.0,0.0,0.0,0.0,0.0,0.09495999999999999,0.0,0.0,0.0,0.00861,0.78804,0.0,0.0,0.0,0.79915,0.0,0.01134
2025-05-05 22:15:00,Aurelia F204,0.09423999999999999,0.0,0.0,0.0,0.0,0.0,0.09454000000000001,0.0,0.0,0.0,0.00855,0.7906,0.0,0.0,0.0,0.80176,0.0,0.01114
2025-05-05 22:20:00,Aurelia F204,0.09481,0.0,0.0,0.0,0.0,0.0,0.09506,0.0,0.0,0.0,0.00858,0.79207,0.0,0.0,0.0,0.80322,0.0,0.011130000000000001
2025-05-05 22:25:00,Aurelia F204,0.09406,0.0,0.0,0.0,0.0,0.0,0.09433,0.0,0.0,0.0,0.00865,0.78939,0.0,0.0,0.0,0.8005099999999999,0.0,0.01103
2025-05-05 22:30:00,Aurelia F204,0.09431999999999999,0.0,0.0,0.0,0.0,0.0,0.09455,0.0,0.0,0.0,0.00861,0.79024,0.0,0.0,0.0,0.80141,0.0,0.01099
2025-05-05 22:35:00,Aurelia F204,0.09348999999999999,0.0,0.0,0.0,0.0,0.0,0.09379000000000001,0.0,0.0,0.0,0.00862,0.7908999999999999,0.0,0.0,0.0,0.80203,0.0,0.01089
2025-05-05 22:40:00,Aurelia F204,0.09307,0.0,0.0,0.0,0.0,0.0,0.09331999999999999,0.0,0.0,0.0,0.00862,0.78964,0.0,0.0,0.0,0.80071,0.0,0.01134
2025-05-05 22:45:00,Aurelia F204,0.09409999999999999,0.0,0.0,0.0,0.0,0.0,0.09436,0.0,0.0,0.0,0.008539999999999999,0.7905399999999999,0.0,0.0,0.0,0.80164,0.0,0.01129
2025-05-05 22:50:00,Aurelia F204,0.09334,0.0,0.0,0.0,0.0,0.0,0.09364,0.0,0.0,0.0,0.008539999999999999,0.78844,0.0,0.0,0.0,0.79948,0.0,0.01107
2025-05-05 22:55:00,Aurelia F204,0.09308,0.0,0.0,0.0,0.0,0.0,0.09336,0.0,0.0,0.0,0.0086,0.7886,0.0,0.0,0.0,0.7998,0.0,0.01119
2025-05-05 23:00:00,Aurelia F204,0.09343000000000001,0.0,0.0,0.0,0.0,0.0,0.09365000000000001,0.0,0.0,0.0,0.00863,0.7901900000000001,0.0,0.0,0.0,0.8012999999999999,0.0,0.011
2025-05-05 23:05:00,Aurelia F204,0.09325,0.0,0.0,0.0,0.0,0.0,0.09345999999999999,0.0,0.0,0.0,0.00862,0.78532,0.0,0.0,0.0,0.79622,0.0,0.01097
2025-05-05 23:10:00,Aurelia F204,0.09245,0.0,0.0,0.0,0.0,0.0,0.09269,0.0,0.0,0.0,0.008539999999999999,0.7886599999999999,0.0,0.0,0.0,0.79955,0.0,0.01091
2025-05-05 23:15:00,Aurelia F204,0.09212999999999999,0.0,0.0,0.0,0.0,0.0,0.09245,0.0,0.0,0.0,0.00861,0.7879700000000001,0.0,0.0,0.0,0.79904,0.0,0.011009999999999999
2025-05-05 23:20:00,Aurelia F204,0.09229000000000001,0.0,0.0,0.0,0.0,0.0,0.09259999999999999,0.0,0.0,0.0,0.00852,0.78754,0.0,0.0,0.0,0.79848,0.0,0.01092
2025-05-05 23:25:00,Aurelia F204,0.09253,0.0,0.0,0.0,0.0,0.0,0.09284,0.0,0.0,0.0,0.00857,0.78512,0.0,0.0,0.0,0.79618,0.0,0.01139
2025-05-05 23:30:00,Aurelia F204,0.09256,0.0,0.0,0.0,0.0,0.0,0.09279000000000001,0.0,0.0,0.0,0.00861,0.78375,0.0,0.0,0.0,0.7949400000000001,0.0,0.01091
2025-05-05 23:35:00,Aurelia F204,0.09176999999999999,0.0,0.0,0.0,0.0,0.0,0.09207,0.0,0.0,0.0,0.0086,0.7798200000000001,0.0,0.0,0.0,0.79099,0.0,0.01107
2025-05-05 23:40:00,Aurelia F204,0.09193000000000001,0.0,0.0,0.0,0.0,0.0,0.09226999999999999,0.0,0.0,0.0,0.00861,0.78484,0.0,0.0,0.0,0.79601,0.0,0.01109
2025-05-05 23:45:00,Aurelia F204,0.09148,0.0,0.0,0.0,0.0,0.0,0.09173,0.0,0.0,0.0,0.00862,0.78504,0.0,0.0,0.0,0.79618,0.0,0.01109
2025-05-05 23:50:00,Aurelia F204,0.09168000000000001,0.0,0.0,0.0,0.0,0.0,0.09212000000000001,0.0,0.0,0.0,0.00856,0.7806799999999999,0.0,0.0,0.0,0.7917799999999999,0.0,0.011
2025-05-05 23:55:00,Aurelia F204,0.09201000000000001,0.0,0.0,0.0,0.0,0.0,0.09233,0.0,0.0,0.0,0.00865,0.7791699999999999,0.0,0.0,0.0,0.79025,0.0,0.011
2025-05-06 00:00:00,Aurelia F204,0.09126000000000001,0.0,0.0,0.0,0.0,0.0,0.09156,0.0,0.0,0.0,0.00863,0.74925,0.0,0.0,0.0,0.7604,0.0,0.01104
2025-05-06 00:05:00,Aurelia F204,0.09109,0.0,0.0,0.0,0.0,0.0,0.09137,0.0,0.0,0.0,0.00861,0.7791,0.0,0.0,0.0,0.79026,0.0,0.01098
2025-05-06 00:10:00,Aurelia F204,0.09076000000000001,0.0,0.0,0.0,0.0,0.0,0.09107,0.0,0.0,0.0,0.00857,0.77871,0.0,0.0,0.0,0.78974,0.0,0.01099
2025-05-06 00:15:00,Aurelia F204,0.09087999999999999,0.0,0.0,0.0,0.0,0.0,0.09114,0.0,0.0,0.0,0.00867,0.78035,0.0,0.0,0.0,0.79157,0.0,0.01099
2025-05-06 00:20:00,Aurelia F204,0.09043999999999999,0.0,0.0,0.0,0.0,0.0,0.09081,0.0,0.0,0.0,0.0087,0.7807000000000001,0.0,0.0,0.0,0.7919700000000001,0.0,0.01087
2025-05-06 00:25:00,Aurelia F204,0.09093000000000001,0.0,0.0,0.0,0.0,0.0,0.09125,0.0,0.0,0.0,0.00864,0.7835599999999999,0.0,0.0,0.0,0.79473,0.0,0.011009999999999999
2025-05-06 00:30:00,Aurelia F204,0.08481999999999999,0.0,0.0,0.0,0.0,0.0,0.08512,0.0,0.0,0.0,0.00842,0.7840199999999999,0.0,0.0,0.0,0.79498,0.0,0.01097
2025-05-06 00:35:00,Aurelia F204,0.07964,0.0,0.0,0.0,0.0,0.0,0.07992,0.0,0.0,0.0,0.008490000000000001,0.78308,0.0,0.0,0.0,0.79413,0.0,0.01092
2025-05-06 00:40:00,Aurelia F204,0.07853,0.0,0.0,0.0,0.0,0.0,0.07889,0.0,0.0,0.0,0.008539999999999999,0.78289,0.0,0.0,0.0,0.79379,0.0,0.011380000000000001
2025-05-06 00:45:00,Aurelia F204,0.07748000000000001,0.0,0.0,0.0,0.0,0.0,0.07770999999999999,0.0,0.0,0.0,0.00852,0.77373,0.0,0.0,0.0,0.78472,0.0,0.01091
2025-05-06 00:50:00,Aurelia F204,2e-05,0.0,0.0,0.0,0.0,0.0,0.00041,0.0,0.0,0.0,0.00862,0.7740499999999999,0.0,0.0,0.0,0.78512,0.0,0.01098
2025-05-06 00:55:00,Aurelia F204,0.0,0.0,0.0,0.0,0.0,0.0,0.00043,0.0,0.0,0.0,0.00862,0.78085,0.0,0.0,0.0,0.79192,0.0,0.01097
2025-05-06 01:00:00,Aurelia F204,0.0,0.0,0.0,0.0,0.0,0.0,0.00023,0.0,0.0,0.0,0.00868,0.7840900000000001,0.0,0.0,0.0,0.79545,0.0,0.01094
2025-05-06 01:05:00,Aurelia F204,0.0,0.0,0.0,0.0,0.0,0.0,0.0005899999999999999,0.0,0.0,0.0,0.0087,0.7726799999999999,0.0,0.0,0.0,0.78385,0.0,0.01098
2025-05-06 01:10:00,Aurelia F204,0.0,0.0,0.0,0.0,0.0,0.0,0.00047,0.0,0.0,0.0,0.0087,0.72873,0.0,0.0,0.0,0.74003,0.0,0.01094
2025-05-06 01:15:00,Aurelia F204,0.0,0.0,0.0,0.0,0.0,0.0,0.00025,0.0,0.0,0.0,0.00872,0.76881,0.0,0.0,0.0,0.78015,0.0,0.01094
2025-05-06 01:20:00,Aurelia F204,0.0,0.0,0.0,0.0,0.0,0.0,0.00057,0.0,0.0,0.0,0.00871,0.77025,0.0,0.0,0.0,0.7814500000000001,0.0,0.01116
2025-05-06 01:25:00,Aurelia F204,1e-05,0.0,0.0,0.0,0.0,0.0,0.00045,0.0,0.0,0.0,0.00875,0.76961,0.0,0.0,0.0,0.78083,0.0,0.01099
2025-05-06 01:30:00,Aurelia F204,0.0,0.0,0.0,0.0,0.0,0.0,0.00041,0.0,0.0,0.0,0.00871,0.7171000000000001,0.0,0.0,0.0,0.72827,0.0,0.0109
2025-05-06 01:35:00,Aurelia F204,0.0,0.0,0.0,0.0,0.0,0.0,0.0005200000000000001,0.0,0.0,0.0,0.00867,0.76823,0.0,0.0,0.0,0.7794800000000001,0.0,0.010960000000000001
2025-05-06 01:40:00,Aurelia F204,0.03848,0.0,0.0,0.0,0.0,0.0,0.038810000000000004,0.0,0.0,0.0,0.00877,0.76778,0.0,0.0,0.0,0.77903,0.0,0.011009999999999999
2025-05-06 01:45:00,Aurelia F204,0.08893000000000001,0.0,0.0,0.0,0.0,0.0,0.08924,0.0,0.0,0.0,0.00872,0.7202200000000001,0.0,0.0,0.0,0.73156,0.0,0.01117
2025-05-06 01:50:00,Aurelia F204,0.08557,0.0,0.0,0.0,0.0,0.0,0.08586,0.0,0.0,0.0,0.00884,0.73038,0.0,0.0,0.0,0.74188,0.0,0.01093
2025-05-06 01:55:00,Aurelia F204,0.08532,0.0,0.0,0.0,0.0,0.0,0.08564,0.0,0.0,0.0,0.00884,0.75583,0.0,0.0,0.0,0.76737,0.0,0.01126
2025-05-06 02:00:00,Aurelia F204,0.08477,0.0,0.0,0.0,0.0,0.0,0.08508,0.0,0.0,0.0,0.00888,0.76913,0.0,0.0,0.0,0.78058,0.0,0.01089
2025-05-06 02:05:00,Aurelia F204,0.08369,0.0,0.0,0.0,0.0,0.0,0.08403000000000001,0.0,0.0,0.0,0.00888,0.72807,0.0,0.0,0.0,0.7394400000000001,0.0,0.011210000000000001
2025-05-06 02:10:00,Aurelia F204,0.08445,0.0,0.0,0.0,0.0,0.0,0.08472,0.0,0.0,0.0,0.008919999999999999,0.00555,0.0,0.0,0.0,0.01678,0.0,0.01106
2025-05-06 02:15:00,Aurelia F204,0.08336,0.0,0.0,0.0,0.0,0.0,0.08373,0.0,0.0,0.0,0.01445,0.00347,0.0,0.0,0.0,0.02051,0.0,0.01107
2025-05-06 02:20:00,Aurelia F204,0.08313,0.0,0.0,0.0,0.0,0.0,0.08339,0.0,0.0,0.0,0.01452,4e-05,0.0,0.0,0.0,0.018269999999999998,0.0,0.01107
2025-05-06 02:25:00,Aurelia F204,0.08269,0.0,0.0,0.0,0.0,0.0,0.08305,0.0,0.0,0.0,0.01452,4e-05,0.0,0.0,0.0,0.0183,0.0,0.01105
2025-05-06 02:30:00,Aurelia F204,0.08259999999999999,0.0,0.0,0.0,0.0,0.0,0.08281000000000001,0.0,0.0,0.0,0.01451,5e-05,0.0,0.0,0.0,0.018260000000000002,0.0,0.01085
2025-05-06 02:35:00,Aurelia F204,0.08315,0.0,0.0,0.0,0.0,0.0,0.08356,0.0,0.0,0.0,0.0146,8e-05,0.0,0.0,0.0,0.01828,0.0,0.011
2025-05-06 02:40:00,Aurelia F204,0.08237,0.0,0.0,0.0,0.0,0.0,0.08269,0.0,0.0,0.0,0.01453,5e-05,0.0,0.0,0.0,0.01832,0.0,0.011179999999999999
2025-05-06 02:45:00,Aurelia F204,0.08345999999999999,0.0,0.0,0.0,0.0,0.0,0.0837,0.0,0.0,0.0,0.01452,8.999999999999999e-05,0.0,0.0,0.0,0.01819,0.0,0.01092
2025-05-06 02:50:00,Aurelia F204,0.08356,0.0,0.0,0.0,0.0,0.0,0.08378000000000001,0.0,0.0,0.0,0.01451,4e-05,0.0,0.0,0.0,0.0182,0.0,0.0109
2025-05-06 02:55:00,Aurelia F204,0.07385,0.0,0.0,0.0,0.0,0.0,0.07423,0.0,0.0,0.0,0.03552,5e-05,0.0,0.0,0.0,0.039009999999999996,0.0,0.011
2025-05-06 03:00:00,Aurelia F204,0.07312,0.0,0.0,0.0,0.0,0.0,0.07339,0.0,0.0,0.0,0.03529,5.9999999999999995e-05,0.0,0.0,0.0,0.03897,0.0,0.01124
2025-05-06 03:05:00,Aurelia F204,0.07208,0.0,0.0,0.0,0.0,0.0,0.07243000000000001,0.0,0.0,0.0,0.03531,0.00013000000000000002,0.0,0.0,0.0,0.03879,0.0,0.01092
2025-05-06 03:10:00,Aurelia F204,0.0,0.0,0.0,0.0,0.0,0.0,0.00041,0.0,0.0,0.0,0.03542,0.00014000000000000001,0.0,0.0,0.0,0.038939999999999995,0.0,0.01125
2025-05-06 03:15:00,Aurelia F204,1e-05,0.0,0.0,0.0,0.0,0.0,0.00023,0.0,0.0,0.0,0.0353,8e-05,0.0,0.0,0.0,0.0389,0.0,0.01099
2025-05-06 03:20:00,Aurelia F204,1e-05,0.0,0.0,0.0,0.0,0.0,0.00043,0.0,0.0,0.0,0.0353,5.9999999999999995e-05,0.0,0.0,0.0,0.03890999999999999,0.0,0.01107
2025-05-06 03:25:00,Aurelia F204,0.0,0.0,0.0,0.0,0.0,0.0,0.00045,0.0,0.0,0.0,0.03542,5.9999999999999995e-05,0.0,0.0,0.0,0.038939999999999995,0.0,0.01094
2025-05-06 03:30:00,Aurelia F204,1e-05,0.0,0.0,0.0,0.0,0.0,0.00043,0.0,0.0,0.0,0.03527,0.00019,0.0,0.0,0.0,0.038979999999999994,0.0,0.011439999999999999
2025-05-06 03:35:00,Aurelia F204,1e-05,0.0,0.0,0.0,0.0,0.0,0.00035999999999999997,0.0,0.0,0.0,0.03525,0.00014000000000000001,0.0,0.0,0.0,0.038950000000000005,0.0,0.01092
2025-05-06 03:40:00,Aurelia F204,0.0,0.0,0.0,0.0,0.0,0.0,0.00035999999999999997,0.0,0.0,0.0,0.0354,7.000000000000001e-05,0.0,0.0,0.0,0.038979999999999994,0.0,0.010960000000000001
2025-05-06 03:45:00,Aurelia F204,0.0,0.0,0.0,0.0,0.0,0.0,0.00041,0.0,0.0,0.0,0.03532,0.00017999999999999998,0.0,0.0,0.0,0.0389,0.0,0.01093
2025-05-06 03:50:00,Aurelia F204,0.0,0.0,0.0,0.0,0.0,0.0,0.00026000000000000003,0.0,0.0,0.0,0.03534,5.9999999999999995e-05,0.0,0.0,0.0,0.038979999999999994,0.0,0.01097
2025-05-06 03:55:00,Aurelia F204,5e-05,0.0,0.0,0.0,0.0,0.0,0.00049,0.0,0.0,0.0,0.03537,0.00011,0.0,0.0,0.0,0.038829999999999996,0.0,0.01133
2025-05-06 04:00:00,Aurelia F204,5e-05,0.0,0.0,0.0,0.0,0.0,0.00035999999999999997,0.0,0.0,0.0,0.03557,0.00023999999999999998,0.0,0.0,0.0,0.03915,0.0,0.01089
2025-05-06 04:05:00,Aurelia F204,0.037149999999999996,0.0,0.0,0.0,0.0,0.0,0.037469999999999996,0.0,0.0,0.0,0.03565,0.00015,0.0,0.0,0.0,0.03922,0.0,0.01104
2025-05-06 04:10:00,Aurelia F204,0.04839,0.0,0.0,0.0,0.0,0.0,0.04868,0.0,0.0,0.0,0.03545,0.00013000000000000002,0.0,0.0,0.0,0.039,0.0,0.01099
2025-05-06 04:15:00,Aurelia F204,0.04825,0.0,0.0,0.0,0.0,0.0,0.04844,0.0,0.0,0.0,0.0356,5.9999999999999995e-05,0.0,0.0,0.0,0.0391,0.0,0.011210000000000001
2025-05-06 04:20:00,Aurelia F204,0.04851,0.0,0.0,0.0,0.0,0.0,0.048799999999999996,0.0,0.0,0.0,0.03563,0.00014000000000000001,0.0,0.0,0.0,0.039200000000000006,0.0,0.01104
2025-05-06 04:25:00,Aurelia F204,0.04807,0.0,0.0,0.0,0.0,0.0,0.04844,0.0,0.0,0.0,0.03563,0.00014000000000000001,0.0,0.0,0.0,0.03922,0.0,0.01104
2025-05-06 04:30:00,Aurelia F204,0.04797,0.0,0.0,0.0,0.0,0.0,0.04827,0.0,0.0,0.0,0.03542,0.00019,0.0,0.0,0.0,0.038939999999999995,0.0,0.01109
2025-05-06 04:35:00,Aurelia F204,0.04821,0.0,0.0,0.0,0.0,0.0,0.04851,0.0,0.0,0.0,0.03563,0.00011999999999999999,0.0,0.0,0.0,0.039,0.0,0.01104
2025-05-06 04:40:00,Aurelia F204,0.04811,0.0,0.0,0.0,0.0,0.0,0.04844,0.0,0.0,0.0,0.03549,7.000000000000001e-05,0.0,0.0,0.0,0.039049999999999994,0.0,0.011380000000000001
2025-05-06 04:45:00,Aurelia F204,0.04804,0.0,0.0,0.0,0.0,0.0,0.04825,0.0,0.0,0.0,0.03553,0.00011,0.0,0.0,0.0,0.039060000000000004,0.0,0.01097
2025-05-06 04:50:00,Aurelia F204,0.04819,0.0,0.0,0.0,0.0,0.0,0.04845,0.0,0.0,0.0,0.03566,8e-05,0.0,0.0,0.0,0.039369999999999995,0.0,0.01093
2025-05-06 04:55:00,Aurelia F204,0.048060000000000005,0.0,0.0,0.0,0.0,0.0,0.04832,0.0,0.0,0.0,0.03571,0.00011999999999999999,0.0,0.0,0.0,0.039259999999999996,0.0,0.011359999999999999
2025-05-06 05:00:00,Aurelia F204,0.047659999999999994,0.0,0.0,0.0,0.0,0.0,0.048,0.0,0.0,0.0,0.03573,0.00017999999999999998,0.0,0.0,0.0,0.039240000000000004,0.0,0.01098
2025-05-06 05:05:00,Aurelia F204,0.04776,0.0,0.0,0.0,0.0,0.0,0.04802,0.0,0.0,0.0,0.03544,0.00017999999999999998,0.0,0.0,0.0,0.03904,0.0,0.01093
2025-05-06 05:10:00,Aurelia F204,0.04777,0.0,0.0,0.0,0.0,0.0,0.048159999999999994,0.0,0.0,0.0,0.03564,0.00011999999999999999,0.0,0.0,0.0,0.03915,0.0,0.011130000000000001
2025-05-06 05:15:00,Aurelia F204,0.04714,0.0,0.0,0.0,0.0,0.0,0.047369999999999995,0.0,0.0,0.0,0.035590000000000004,0.0,0.0,0.0,0.0,0.037329999999999995,0.0,0.01119
2025-05-06 05:20:00,Aurelia F204,0.11123000000000001,0.0,0.0,0.0,0.00846,0.0,0.07478,0.028239999999999998,0.0,0.0,0.07549,0.0,0.0,0.0,0.0,0.07705,0.0,0.01411
2025-05-06 05:25:00,Aurelia F204,0.11623,0.0,0.0,0.0,0.0,0.0,0.08849,0.02828,0.0,0.0,0.0649,0.0,0.0,0.0,0.0,0.06653,0.0,0.01477
2025-05-06 05:30:00,Aurelia F204,0.11534,0.0,0.0,0.0,0.0,0.0,0.08779,0.028210000000000002,0.0,0.0726,0.06135,0.0,0.0,0.0,0.0,0.06268,0.0,0.08795
2025-05-06 05:35:00,Aurelia F204,0.11398,0.0,0.0,0.0,0.0,0.0,0.08643,0.028210000000000002,0.0,0.06591,0.06904,0.0,0.0,0.0,0.0,0.07072,0.0,0.08123000000000001
2025-05-06 05:40:00,Aurelia F204,0.11297,0.0,0.0,0.0,0.0,0.0,0.08533,0.02813,0.0,0.06462000000000001,0.06429,0.0,0.0,0.0,0.0,0.06583,0.0,0.07977
2025-05-06 05:45:00,Aurelia F204,0.1175,0.0,0.0,0.0,0.0,0.0,0.08993000000000001,0.0281,0.0,0.0637,0.06534000000000001,0.0,0.0,0.0,0.0,0.0669,0.0,0.07927
2025-05-06 05:50:00,Aurelia F204,0.10659,0.0,0.0,0.0,0.0,0.0,0.07891,0.02816,0.0,0.06324,0.05704,0.0,0.0,0.0,0.0,0.05844,0.0,0.07848999999999999
2025-05-06 05:55:00,Aurelia F204,0.1362,0.0,0.0,0.0,0.0,0.0,0.10862999999999999,0.02818,0.0,0.0627,0.04847,0.0,0.0,0.0,0.0,0.049640000000000004,0.0,0.07836
2025-05-06 06:00:00,Aurelia F204,0.1268,0.0,0.0,0.0,0.0,0.0,0.09926,0.0281,0.0,0.06284000000000001,0.04636,0.0,0.0,0.00872,0.0,0.05627,0.0,0.07820999999999999
2025-05-06 06:05:00,Aurelia F204,0.12290999999999999,0.0,0.0,0.0,0.0,0.0,0.0953,0.0281,0.0,0.062079999999999996,0.04555,0.0,0.0,0.00869,0.0,0.055130000000000005,0.0,0.07737000000000001
2025-05-06 06:10:00,Aurelia F204,0.16558,0.0,0.0,0.0,0.0,0.0,0.138,0.028140000000000002,0.0,0.062079999999999996,0.05157,0.0,0.0,0.0,0.0,0.05258,0.0,0.07728
2025-05-06 06:15:00,Aurelia F204,0.16385,0.0,0.0,0.0,0.0,0.0,0.13624,0.02818,0.0,0.07919,0.04331,0.0,0.0,0.0,0.0,0.04466,0.0,0.09437999999999999
2025-05-06 06:20:00,Aurelia F204,0.16363999999999998,0.0,0.0,0.0,0.0,0.0,0.13601,0.02818,0.0,0.07952,0.04309,0.0,0.0,0.0,0.0,0.04457,0.0,0.09506
2025-05-06 06:25:00,Aurelia F204,0.16291,0.0,0.0,0.0,0.0,0.0,0.13535,0.028140000000000002,0.0,0.079,0.04252,0.0,0.0,0.0,0.0,0.044,0.0,0.09426000000000001
2025-05-06 06:30:00,Aurelia F204,0.16348,0.0,0.0,0.0,0.0,0.0,0.13588999999999998,0.02819,0.0,0.07968,0.03516,0.0,0.0,0.0,0.0,0.03674,0.0,0.09498000000000001
2025-05-06 06:35:00,Aurelia F204,0.13369999999999999,0.0,0.0,0.0,0.0,0.0,0.13397,0.0,0.0,0.0,0.03497,0.0,0.0,0.0,0.0,0.036719999999999996,0.0,0.01413
2025-05-06 06:40:00,Aurelia F204,0.13522,0.0,0.0,0.0,0.0,0.0,0.13545,0.0,0.0,0.0,0.03486,0.0,0.0,0.0,0.0,0.0365,0.0,0.01416
2025-05-06 06:45:00,Aurelia F204,4e-05,0.0,0.0,0.0,0.0,0.0,0.00047,0.0,0.0,0.0,0.03491,0.0,0.0,0.0,0.0,0.03663,0.0,0.014039999999999999
2025-05-06 06:50:00,Aurelia F204,1e-05,0.0,0.0,0.0,0.0,0.0,0.00041999999999999996,0.0,0.0,0.0,0.03487,0.0,0.0,0.0,0.0,0.03658,0.0,0.01402
2025-05-06 06:55:00,Aurelia F204,0.05328,0.0,0.0,0.0,0.0,0.0,0.05357,0.0,0.0,0.0,0.03491,0.0,0.0,0.0,0.0,0.03658,0.0,0.014029999999999999
2025-05-06 07:00:00,Aurelia F204,0.05752,0.0,0.0,0.0,0.0,0.0,0.05787,0.0,0.0,0.0,0.03485,0.0,0.0,0.0,0.0,0.03658,0.0,0.014119999999999999
2025-05-06 07:05:00,Aurelia F204,0.0574,0.0,0.0,0.0,0.0,0.0,0.05772,0.0,0.0,0.0,0.03471,0.0,0.0,0.0,0.0,0.03639,0.0,0.014289999999999999
2025-05-06 07:10:00,Aurelia F204,0.0565,0.0,0.0,0.0,0.0,0.0,0.05672,0.0,0.0,0.0,0.03465,0.0,0.0,0.0,0.0,0.03637,0.0,0.014060000000000001
2025-05-06 07:15:00,Aurelia F204,0.05663,0.0,0.0,0.0,0.0,0.0,0.05697,0.0,0.0,0.0,0.03438,0.0,0.0,0.0,0.0,0.036109999999999996,0.0,0.01443
2025-05-06 07:20:00,Aurelia F204,0.05571,0.0,0.0,0.0,0.0,0.0,0.055909999999999994,0.0,0.0,0.0,0.03435,0.0,0.0,0.0,0.0,0.036,0.0,0.014150000000000001
2025-05-06 07:25:00,Aurelia F204,0.05553,0.0,0.0,0.0,0.0,0.0,0.05582,0.0,0.0,0.0,0.03451,0.0,0.0,0.0,0.0,0.03616,0.0,0.01409
2025-05-06 07:30:00,Aurelia F204,0.054740000000000004,0.0,0.0,0.0,0.0,0.0,0.0551,0.0,0.0,0.0,0.03435,0.0,0.0,0.0,0.0,0.03599,0.0,0.01405
2025-05-06 07:35:00,Aurelia F204,0.05454,0.0,0.0,0.0,0.0,0.0,0.05482,0.0,0.0,0.0,0.0343,0.0,0.0,0.0,0.0,0.03598,0.0,0.014
2025-05-06 07:40:00,Aurelia F204,0.054079999999999996,0.0,0.0,0.0,0.0,0.0,0.054369999999999995,0.0,0.0,0.0,0.03436,0.0,0.0,0.0,0.0,0.03605,0.0,0.014039999999999999
2025-05-06 07:45:00,Aurelia F204,0.0531,0.0,0.0,0.0,0.0,0.0,0.05357,0.0,0.0,0.0,0.0341,0.0,0.0,0.0,0.0,0.03592,0.0,0.01449
2025-05-06 07:50:00,Aurelia F204,0.05317,0.0,0.0,0.0,0.0,0.0,0.05343,0.0,0.0,0.0,0.03443,0.0,0.0,0.0,0.0,0.0361,0.0,0.014119999999999999
2025-05-06 07:55:00,Aurelia F204,0.05304,0.0,0.0,0.0,0.0,0.0,0.05329,0.0,0.0,0.0,0.03437,0.0,0.0,0.0,0.0,0.03612,0.0,0.01425
2025-05-06 08:00:00,Aurelia F204,0.052539999999999996,0.0,0.0,0.0,0.0,0.0,0.05269,0.0,0.0,0.0,0.03429,0.0,0.0,0.00887,0.0,0.04466,0.0,0.014119999999999999
2025-05-06 08:05:00,Aurelia F204,0.07925,0.0,0.0,0.0,0.0,0.0,0.05137,0.02842,0.0,0.0,0.0341,0.0,0.0,0.0,0.0,0.03577,0.0,0.01419
2025-05-06 08:10:00,Aurelia F204,0.13902,0.0,0.0,0.0,0.008400000000000001,0.0,0.10256,0.028239999999999998,0.0,0.0,0.03393,0.0,0.0,0.0,0.0,0.0356,0.0,0.013949999999999999
2025-05-06 08:15:00,Aurelia F204,0.12705,0.0,0.0,0.0,0.0,0.0,0.09938,0.028239999999999998,0.0,0.0,0.0,0.0,0.0,0.0,0.0,0.0,0.0,0.014240000000000001
2025-05-06 08:20:00,Aurelia F204,0.12344,0.0,0.0,0.0,0.0,0.0,0.09583,0.028239999999999998,0.0,0.0,0.0,0.0,0.0,0.0,0.0,0.0,0.0,0.013980000000000001
2025-05-06 08:25:00,Aurelia F204,0.12340000000000001,0.0,0.0,0.0,0.0,0.0,0.09570000000000001,0.028210000000000002,0.0,0.0,0.0,0.0,0.0,0.0,0.0,0.0,0.0,0.014070000000000001
2025-05-06 08:30:00,Aurelia F204,0.1226,0.0,0.0,0.0,0.0,0.0,0.095,0.02818,0.0,0.0,-1e-05,0.0,0.0,0.0,0.0,0.0,0.0,0.01405
2025-05-06 08:35:00,Aurelia F204,0.1202,0.0,0.0,0.0,0.0,0.0,0.09247,0.02811,0.0,0.0,0.0,0.0,0.0,0.0,0.0,0.0,0.0,0.01402
2025-05-06 08:40:00,Aurelia F204,0.12061,0.0,0.0,0.0,0.0,0.0,0.09304000000000001,0.028120000000000003,0.0,0.0,0.0,0.0,0.0,0.0,0.0,0.0,0.0,0.0141
2025-05-06 08:45:00,Aurelia F204,0.11976,0.0,0.0,0.0,0.0,0.0,0.09212999999999999,0.02818,0.0,0.0,0.0,0.0,0.0,0.0,0.0,0.0,0.0,0.014070000000000001
2025-05-06 08:50:00,Aurelia F204,0.1245,0.0,0.0,0.0,0.0,0.0,0.09737,0.02813,0.0,0.0,0.0,0.0,0.0,0.0,0.0,0.0,0.0,0.01405
2025-05-06 08:55:00,Aurelia F204,0.09586,0.0,0.0,0.0,0.0,0.0,0.09611,0.0,0.0,0.0,0.0,0.0,0.0,0.0,0.0,0.0,0.0,0.01413
2025-05-06 09:00:00,Aurelia F204,0.09234999999999999,0.0,0.0,0.0,0.0,0.0,0.09259,0.0,0.0,0.0,0.08965999999999999,0.0,0.0,0.0,0.0,0.09142,0.0,0.013980000000000001
2025-05-06 09:05:00,Aurelia F204,0.09134,0.0,0.0,0.0,0.0,0.0,0.09165999999999999,0.0,0.0,0.0,0.08668000000000001,0.0,0.0,0.0,0.0,0.08828,0.0,0.01416
2025-05-06 09:10:00,Aurelia F204,0.09140999999999999,0.0,0.0,0.0,0.0,0.0,0.09159,0.0,0.0,0.0,0.08161,0.0,0.0,0.0,0.0,0.08325,0.0,0.0141
2025-05-06 09:15:00,Aurelia F204,0.08952,0.0,0.0,0.0,0.0,0.0,0.08972,0.0,0.0,0.0,0.06776,0.0,0.0,0.0,0.0,0.06937,0.0,0.01433
2025-05-06 09:20:00,Aurelia F204,0.09458,0.0,0.0,0.0,0.0,0.0,0.09489,0.0,0.0,0.0,0.07301,0.0,0.0,0.0,0.0,0.07531,0.0,0.01411
2025-05-06 09:25:00,Aurelia F204,0.09378,0.0,0.0,0.0,0.0,0.0,0.09412000000000001,0.0,0.0,0.0,0.07221999999999999,0.0,0.0,0.0,0.0,0.07392,0.0,0.014240000000000001
2025-05-06 09:30:00,Aurelia F204,0.09383,0.0,0.0,0.0,0.0,0.0,0.09405,0.0,0.0,0.0,0.06989,0.0,0.0,0.0,0.0,0.07148,0.0,0.01409
2025-05-06 09:35:00,Aurelia F204,0.09375,0.0,0.0,0.0,0.0,0.0,0.09398000000000001,0.0,0.0,0.0,0.06763,0.0,0.0,0.0,0.0,0.06942,0.0,0.01422
2025-05-06 09:40:00,Aurelia F204,0.0927,0.0,0.0,0.0,0.0,0.0,0.093,0.0,0.0,0.0,0.06634000000000001,0.0,0.0,0.0,0.0,0.0681,0.0,0.01384
2025-05-06 09:45:00,Aurelia F204,0.1021,0.0,0.0,0.0,0.00861,0.0,0.09364,0.0,0.0,0.02203,0.03211,0.0,0.0,0.0,0.0,0.033659999999999995,0.0,0.03728
2025-05-06 09:50:00,Aurelia F204,0.10243000000000001,0.0,0.0,0.0,0.00835,0.0,0.094,0.0,0.0,0.02172,0.00567,0.0,0.0,0.0,0.0,0.00725,0.0,0.03666
2025-05-06 09:55:00,Aurelia F204,0.10203,0.0,0.0,0.0,0.00827,0.0,0.09383,0.0,0.0,0.02158,0.0404,0.0,0.0,0.0,0.0,0.04188,0.0,0.03694
2025-05-06 10:00:00,Aurelia F204,0.12961,0.0,0.0,0.0,0.008369999999999999,0.0,0.0933,0.02842,0.0,0.02143,0.040420000000000005,0.0,0.0,0.0,0.0,0.041729999999999996,0.0,0.036520000000000004
2025-05-06 10:05:00,Aurelia F204,0.12954,0.0,0.022629999999999997,0.0,0.00838,0.0,0.09323000000000001,0.02827,0.0,0.02135,0.0402,0.0,0.0,0.0,0.0,0.04155,0.0,0.059969999999999996
2025-05-06 10:10:00,Aurelia F204,0.18414,0.0,0.02224,0.0,0.00825,0.0,0.09087999999999999,0.08526,0.0,0.09709999999999999,0.0327,0.0,0.0,0.0,0.0,0.03429,0.0,0.13513
2025-05-06 10:15:00,Aurelia F204,0.18371,0.0,0.0,0.0,0.008320000000000001,0.0,0.09051000000000001,0.08516,0.0,0.0,0.033159999999999995,0.0,0.0,0.0,0.0,0.03463,0.0,0.01405
2025-05-06 10:20:00,Aurelia F204,0.18316,0.0,0.0,0.0,0.00839,0.0,0.09054999999999999,0.08465,0.0,0.0,0.032979999999999995,0.0,0.0,0.0,0.0,0.0346,0.0,0.014060000000000001
2025-05-06 10:25:00,Aurelia F204,0.18153,0.0,0.0,0.0,0.00831,0.0,0.08963,0.08376,0.0,0.0,0.03272,0.0,0.0,0.0,0.0,0.03418,0.0,0.014070000000000001
2025-05-06 10:30:00,Aurelia F204,0.09139,0.0,0.0,0.0,0.0,0.0,0.09165999999999999,0.0,0.0,0.0,0.032490000000000005,0.0,0.0,0.0,0.0,0.03418,0.0,0.01442
2025-05-06 10:35:00,Aurelia F204,0.09233,0.0,0.0,0.0,0.0,0.0,0.09259999999999999,0.0,0.0,0.0,0.032479999999999995,0.0,0.0,0.0,0.0,0.03411,0.0,0.013980000000000001
2025-05-06 10:40:00,Aurelia F204,0.092,0.0,0.0,0.0,0.0,0.0,0.09214,0.0,0.0,0.0,0.03228,0.0,0.0,0.0,0.0,0.03379,0.0,0.01433
2025-05-06 10:45:00,Aurelia F204,0.09168000000000001,0.0,0.0,0.0,0.0,0.0,0.09198,0.0,0.0,0.0,0.03245,0.0,0.0,0.0,0.0,0.03399,0.0,0.01419
2025-05-06 10:50:00,Aurelia F204,0.0838,0.0,0.0,0.0,0.0,0.0,0.08406,0.0,0.0,0.0,0.03203,0.0,0.0,0.0,0.0,0.03365,0.0,0.014060000000000001
2025-05-06 10:55:00,Aurelia F204,0.08086,0.0,0.0,0.0,0.0,0.0,0.08109999999999999,0.0,0.0,0.0,0.00549,0.0,0.0,0.00882,0.0,0.0159,0.0,0.014
2025-05-06 11:00:00,Aurelia F204,0.08006999999999999,0.0,0.0,0.0,0.0,0.0,0.08033,0.0,0.0,0.0,0.00562,0.0,0.0,0.00871,0.0,0.01589,0.0,0.01397
2025-05-06 11:05:00,Aurelia F204,0.08018,0.0,0.0,0.0,0.0,0.0,0.08042,0.0,0.0,0.0,0.07025,0.0,0.0,0.0,0.0,0.07164,0.0,0.014029999999999999
2025-05-06 11:10:00,Aurelia F204,0.07909999999999999,0.0,0.0,0.0,0.0,0.0,0.07933,0.0,0.0,0.0,0.0,0.0,0.0,0.0,0.0,0.0,0.0,0.01411
2025-05-06 11:15:00,Aurelia F204,0.07892,0.0,0.0,0.0,0.0,0.0,0.07911,0.0,0.0,0.0,0.0,0.0,0.0,0.0,0.0,0.0,0.0,0.01439
2025-05-06 11:20:00,Aurelia F204,0.0,0.0,0.0,0.0,0.0,0.0,0.00029,0.0,0.0,0.0,0.0,0.0,0.0,0.0,0.0,0.0,0.0,0.014029999999999999
2025-05-06 11:25:00,Aurelia F204,5e-05,0.0,0.0,0.0,0.0,0.0,0.00025,0.0,0.0,0.0,0.0,0.0,0.0,0.0,0.0,0.0,0.0,0.014039999999999999
2025-05-06 11:30:00,Aurelia F204,4e-05,0.0,0.0,0.0,0.0,0.0,0.00027,0.0,0.0,0.0,0.0,0.0,0.0,0.0,0.0,0.0,0.0,0.01402
2025-05-06 11:35:00,Aurelia F204,0.0,0.0,0.0,0.0,0.0,0.0,0.00029,0.0,0.0,0.0,-4e-05,0.0,0.0,0.0,0.0,0.0,0.0,0.013859999999999999
2025-05-06 11:40:00,Aurelia F204,0.0,0.0,0.0,0.0,0.0,0.0,0.00027,0.0,0.0,0.0,0.0,0.0,0.0,0.0,0.0,0.0,0.0,0.013869999999999999
2025-05-06 11:45:00,Aurelia F204,4e-05,0.0,0.0,0.0,0.0,0.0,0.00026000000000000003,0.0,0.0,0.0,0.0,0.0,0.0,0.0,0.0,0.0,0.0,0.013890000000000001
2025-05-06 11:50:00,Aurelia F204,4e-05,0.0,0.0,0.0,0.0,0.0,0.00272,0.0,0.0,0.0,-4e-05,0.0,0.0,0.0,0.0,0.0,0.0,0.11376
2025-05-06 11:55:00,Aurelia F204,0.0,0.0,0.0,0.0,0.0,0.0,0.00033,0.0,0.0,0.0,-2e-05,0.0,0.0,0.0,0.0,0.0,0.0,0.01445
2025-05-06 12:00:00,Aurelia F204,0.0,0.0,0.0,0.0,0.0,0.0,0.00047999999999999996,0.0,0.0,0.0,0.0,0.0,0.0,0.0,0.0,0.0,0.0,0.01409
2025-05-06 12:05:00,Aurelia F204,0.03475,0.0,0.0,0.0,0.0,0.0,0.03501,0.0,0.0,0.0,0.0,0.0,0.0,0.0,0.0,0.0,0.0,0.014029999999999999
2025-05-06 12:10:00,Aurelia F204,0.09061,0.0,0.0,0.0,0.0,0.0,0.09076999999999999,0.0,0.0,0.0,0.0,0.0,0.0,0.0,0.0,0.0,0.0,0.014320000000000001
2025-05-06 12:15:00,Aurelia F204,0.08802,0.0,0.0,0.0,0.0,0.0,0.08831,0.0,0.0,0.0,0.0,0.0,0.0,0.0,0.0,0.0,0.0,0.01392
2025-05-06 12:20:00,Aurelia F204,0.0879,0.0,0.0,0.0,0.0,0.0,0.08813,0.0,0.0,0.0,0.0,0.0,0.0,0.0,0.0,0.0,0.0,0.01416
2025-05-06 12:25:00,Aurelia F204,0.08749,0.0,0.0,0.0,0.0,0.0,0.08779,0.0,0.0,0.0,0.0,0.0,0.0,0.0,0.0,0.0,0.0,0.01449
2025-05-06 12:30:00,Aurelia F204,0.08605,0.0,0.0,0.0,0.0,0.0,0.08632,0.0,0.0,0.0,-1e-05,0.0,0.0,0.0,0.0,0.0,0.0,0.014119999999999999
2025-05-06 12:35:00,Aurelia F204,0.08565,0.0,0.0,0.0,0.0,0.0,0.08598,0.0,0.0,0.0,-1e-05,0.0,0.0,0.0,0.0,0.0,0.0,0.01413
2025-05-06 12:40:00,Aurelia F204,0.08547,0.0,0.0,0.0,0.0,0.0,0.08579,0.0,0.0,0.0,-1e-05,0.0,0.0,0.0,0.0,0.0,0.0,0.013949999999999999
2025-05-06 12:45:00,Aurelia F204,0.08715,0.0,0.0,0.0,0.0,0.0,0.08731,0.0,0.0,0.0,-1e-05,0.0,0.0,0.0,0.0,0.0,0.0,0.01094
2025-05-06 12:50:00,Aurelia F204,0.08729,0.0,0.0,0.0,0.0,0.0,0.08752,0.0,0.0,0.0,0.04962,0.0,0.0,0.0,0.0,0.05117,0.0,0.01091
2025-05-06 12:55:00,Aurelia F204,0.0875,0.0,0.0,0.0,0.0,0.0,0.08785,0.0,0.0,0.0,0.07103,0.9333899999999999,0.0,0.0,0.0,1.0070700000000001,0.0,0.01114
2025-05-06 13:00:00,Aurelia F204,0.08594,0.0,0.0,0.0,0.0,0.0,0.08628,0.0,0.0,0.0,0.07142,1.00373,0.0,0.0,0.0,1.0778299999999998,0.0,0.01106
2025-05-06 13:05:00,Aurelia F204,0.08692,0.0,0.0,0.0,0.0,0.0,0.08724,0.0,0.0,0.0,0.08646,0.54071,0.0,0.0,0.0,0.62975,0.0,0.01104
2025-05-06 13:10:00,Aurelia F204,0.08565,0.0,0.0,0.0,0.0,0.0,0.08593,0.0,0.0,0.0,0.08742,0.54615,0.0,0.0,0.0,0.63609,0.0,0.011179999999999999
2025-05-06 13:15:00,Aurelia F204,0.11364,0.0,0.0,0.0,0.0,0.0,0.08586,0.02851,0.0,0.0,0.07867,0.51681,0.0,0.0,0.0,0.598,0.0,0.0111
2025-05-06 13:20:00,Aurelia F204,0.08523,0.0,0.0,0.0,0.0,0.0,0.08564,0.0,0.0,0.0,0.08018,0.5213300000000001,0.0,0.0,0.0,0.6040099999999999,0.0,0.01105
2025-05-06 13:25:00,Aurelia F204,0.08494,0.0,0.0,0.0,0.0,0.0,0.08511,0.0,0.0,0.0,0.0761,0.52075,0.0,0.0,0.0,0.59945,0.0,0.010960000000000001
2025-05-06 13:30:00,Aurelia F204,0.08476,0.0,0.0,0.0,0.0,0.0,0.08517,0.0,0.0,0.0,0.06555,0.52791,0.0,0.0,0.0,0.59597,0.0,0.01143
2025-05-06 13:35:00,Aurelia F204,0.08481,0.0,0.0,0.0,0.0,0.0,0.08506,0.0,0.0,0.0,0.06258,0.76689,0.0,0.0,0.0,0.83213,0.0,0.011130000000000001
2025-05-06 13:40:00,Aurelia F204,0.08429,0.0,0.0,0.0,0.0,0.0,0.08456999999999999,0.0,0.0,0.0,0.07084,0.65812,0.0,0.0,0.0,0.73158,0.0,0.01119
2025-05-06 13:45:00,Aurelia F204,0.07959999999999999,0.0,0.0,0.0,0.0,0.0,0.07984000000000001,0.0,0.0,0.0,0.06731999999999999,0.55856,0.0,0.0,0.0,0.62848,0.0,0.011130000000000001
2025-05-06 13:50:00,Aurelia F204,0.07543000000000001,0.0,0.0,0.0,0.0,0.0,0.07571,0.0,0.0,0.0,0.06461,0.54764,0.0,0.0,0.0,0.61463,0.0,0.01097
2025-05-06 13:55:00,Aurelia F204,0.07440999999999999,0.0,0.0,0.0,0.0,0.0,0.07462,0.0,0.0,0.0,0.06239,0.53315,0.0,0.0,0.0,0.59803,0.0,0.011
2025-05-06 14:00:00,Aurelia F204,0.07387,0.0,0.0,0.0,0.0,0.0,0.07412,0.0,0.0,0.0,0.06225,0.52804,0.0,0.0,0.0,0.59292,0.0,0.011009999999999999
2025-05-06 14:05:00,Aurelia F204,0.0,0.0,0.0,0.0,0.0,0.0,0.00037,0.0,0.0,0.0,0.05991,0.53476,0.0,0.0,0.0,0.59725,0.0,0.01091
2025-05-06 14:10:00,Aurelia F204,0.0,0.0,0.0,0.0,0.0,0.0,0.00023,0.0,0.0,0.0,0.05871,0.54023,0.0,0.0,0.0,0.6014400000000001,0.0,0.01103
2025-05-06 14:15:00,Aurelia F204,0.0,0.0,0.0,0.0,0.0,0.0,0.00053,0.0,0.0,0.0,0.0575,0.565,0.0,0.0,0.0,0.62499,0.0,0.01092
2025-05-06 14:20:00,Aurelia F204,1e-05,0.0,0.0,0.0,0.0,0.0,0.00041,0.0,0.0,0.0,0.05724,0.52975,0.0,0.0,0.0,0.5894400000000001,0.0,0.01083
2025-05-06 14:25:00,Aurelia F204,1e-05,0.0,0.0,0.0,0.0,0.0,0.00019,0.0,0.0,0.0,0.05318,0.53358,0.0,0.0,0.0,0.5890700000000001,0.0,0.01097
2025-05-06 14:30:00,Aurelia F204,2e-05,0.0,0.0,0.0,0.0,0.0,0.0005899999999999999,0.0,0.0,0.0,0.04904,0.52336,0.0,0.0,0.0,0.57488,0.0,0.0109
2025-05-06 14:35:00,Aurelia F204,0.0,0.0,0.0,0.0,0.0,0.0,0.00037,0.0,0.0,0.0,0.05237,0.5203,0.0,0.0,0.0,0.57505,0.0,0.01107
2025-05-06 14:40:00,Aurelia F204,0.0,0.0,0.0,0.0,0.0,0.0,0.00035,0.0,0.0,0.0,0.05124,0.0038599999999999997,0.0,0.0,0.0,0.05726,0.0,0.01107
2025-05-06 14:45:00,Aurelia F204,2e-05,0.0,0.0,0.0,0.0,0.0,0.0003,0.0,0.0,0.0,0.05111,0.0034100000000000003,0.0,0.0,0.0,0.05683,0.0,0.01098
2025-05-06 14:50:00,Aurelia F204,0.0,0.0,0.0,0.0,0.0,0.0,0.00039,0.0,0.0,0.0,0.047659999999999994,0.54188,0.0,0.0,0.0,0.59184,0.0,0.01103
2025-05-06 14:55:00,Aurelia F204,0.03383,0.0,0.0,0.0,0.0,0.0,0.03406,0.0,0.0,0.0,0.05122,0.5641499999999999,0.0,0.0,0.0,0.61791,0.0,0.01099
2025-05-06 15:00:00,Aurelia F204,0.048920000000000005,0.0,0.0,0.0,0.0,0.0,0.0492,0.0,0.0,0.0,0.05343,0.53008,0.0,0.0,0.0,0.5860299999999999,0.0,0.011269999999999999
2025-05-06 15:05:00,Aurelia F204,0.048299999999999996,0.0,0.0,0.0,0.0,0.0,0.048600000000000004,0.0,0.0,0.0,0.047630000000000006,0.00796,0.0,0.0,0.0,0.05781,0.0,0.01111
2025-05-06 15:10:00,Aurelia F204,0.048369999999999996,0.0,0.0,0.0,0.0,0.0,0.04859,0.0,0.0,0.0,0.0256,0.0329,0.0,0.0,0.0,0.06068,0.0,0.010960000000000001
2025-05-06 15:15:00,Aurelia F204,0.04833,0.0,0.0,0.0,0.0,0.0,0.04861,0.0,0.0,0.0,0.025160000000000002,0.50742,0.0,0.0,0.0,0.53498,0.0,0.01119
2025-05-06 15:20:00,Aurelia F204,0.048060000000000005,0.0,0.0,0.0,0.0,0.0,0.0484,0.0,0.0,0.0,0.02524,0.57688,0.0,0.0,0.0,0.6044700000000001,0.0,0.010960000000000001
2025-05-06 15:25:00,Aurelia F204,0.04893,0.0,0.0,0.0,0.0,0.0,0.04925,0.0,0.0,0.0,0.0253,0.08128,0.0,0.0,0.0,0.10872,0.0,0.01099
2025-05-06 15:30:00,Aurelia F204,0.04854,0.0,0.0,0.0,0.0,0.0,0.048909999999999995,0.0,0.0,0.0,0.02546,0.00789,0.0,0.0,0.0,0.03542,0.0,0.01093
2025-05-06 15:35:00,Aurelia F204,0.07632,0.0,0.0,0.0,0.0,0.0,0.04834,0.028480000000000002,0.0,0.0,0.02546,0.00791,0.0,0.0,0.0,0.03554,0.0,0.010960000000000001
2025-05-06 15:40:00,Aurelia F204,0.07664,0.0,0.0,0.0,0.0,0.0,0.04882,0.02827,0.0,0.0,0.02547,0.03197,0.0,0.0,0.0,0.05945,0.0,0.01098
2025-05-06 15:45:00,Aurelia F204,0.07581,0.0,0.0,0.0,0.0,0.0,0.04819,0.02826,0.0,0.0,0.02535,0.52428,0.0,0.0,0.0,0.55202,0.0,0.011300000000000001
2025-05-06 15:50:00,Aurelia F204,0.07635,0.0,0.0,0.0,0.0,0.0,0.04872,0.028210000000000002,0.0,0.0,0.0254,0.55689,0.0,0.0,0.0,0.58465,0.0,0.010960000000000001
2025-05-06 15:55:00,Aurelia F204,0.07623999999999999,0.0,0.0,0.0,0.0,0.0,0.048659999999999995,0.02816,0.0,0.0,0.02534,0.00836,0.0,0.0,0.0,0.0358,0.0,0.010960000000000001
2025-05-06 16:00:00,Aurelia F204,0.07651999999999999,0.0,0.0,0.0,0.0,0.0,0.04881,0.02818,0.0,0.0,0.02539,0.007690000000000001,0.0,0.0,0.0,0.03524,0.0,0.01083
2025-05-06 16:05:00,Aurelia F204,0.07569,0.0,0.0,0.0,0.0,0.0,0.04804,0.0282,0.0,0.0,0.0255,0.00789,0.0,0.0,0.0,0.03534,0.0,0.011009999999999999
2025-05-06 16:10:00,Aurelia F204,0.07590000000000001,0.0,0.0,0.0,0.0,0.0,0.048299999999999996,0.02818,0.0,0.0,0.02542,0.0327,0.0,0.0,0.0,0.06013,0.0,0.01099
2025-05-06 16:15:00,Aurelia F204,0.07576999999999999,0.0,0.0,0.0,0.0,0.0,0.04821,0.028140000000000002,0.0,0.0,0.02536,0.50976,0.0,0.0,0.0,0.5375800000000001,0.0,0.01109
2025-05-06 16:20:00,Aurelia F204,0.07589,0.0,0.0,0.0,0.0,0.0,0.04839,0.02817,0.0,0.0,0.02539,0.53092,0.0,0.0,0.0,0.55849,0.0,0.0116
2025-05-06 16:25:00,Aurelia F204,0.07596,0.0,0.0,0.0,0.0,0.0,0.04825,0.02817,0.0,0.0,0.02549,0.00777,0.0,0.0,0.0,0.03531,0.0,0.01132
2025-05-06 16:30:00,Aurelia F204,0.07561,0.0,0.0,0.0,0.0,0.0,0.04802,0.02813,0.0,0.0,0.10672,0.00375,0.0,0.0,0.0,0.11218,0.0,0.01137
2025-05-06 16:35:00,Aurelia F204,0.07576999999999999,0.0,0.0,0.0,0.0,0.0,0.048240000000000005,0.028140000000000002,0.0,0.0,0.10673,0.00016,0.0,0.0,0.0,0.11006999999999999,0.0,0.01098
2025-05-06 16:40:00,Aurelia F204,0.07543000000000001,0.0,0.0,0.0,0.0,0.0,0.0479,0.02807,0.0,0.0,0.10686,0.0,0.0,0.0,0.0,0.10848000000000001,0.0,0.011009999999999999
2025-05-06 16:45:00,Aurelia F204,0.07615000000000001,0.0,0.0,0.0,0.0,0.0,0.048659999999999995,0.02819,0.0,0.0,0.10538,0.0,0.0,0.0,0.0,0.10695,0.0,0.01109
2025-05-06 16:50:00,Aurelia F204,0.15681,0.0,0.0,0.0,0.0,0.0,0.12922,0.02807,0.0,0.0,0.10698,0.0,0.0,0.0,0.0,0.10839,0.0,0.01106
2025-05-06 16:55:00,Aurelia F204,0.15608000000000002,0.0,0.0,0.0,0.0,0.0,0.12837,0.028120000000000003,0.0,0.0,0.10327,0.0,0.0,0.0,0.0,0.10489,0.0,0.01104
2025-05-06 17:00:00,Aurelia F204,0.15649000000000002,0.0,0.0,0.0,0.0,0.0,0.1288,0.02811,0.0,0.0,0.09844,0.0,0.0,0.0,0.0,0.10008,0.0,0.01105
2025-05-06 17:05:00,Aurelia F204,0.15609,0.0,0.0,0.0,0.0,0.0,0.12838,0.02813,0.0,0.0,0.08369,0.0,0.0,0.0,0.0,0.08534,0.0,0.010960000000000001
2025-05-06 17:10:00,Aurelia F204,0.15708000000000003,0.0,0.0,0.0,0.0,0.0,0.12946000000000002,0.028140000000000002,0.0,0.0,0.010539999999999999,0.0,0.0,0.0,0.0,0.01217,0.0,0.01093
2025-05-06 17:15:00,Aurelia F204,0.15616999999999998,0.0,0.0,0.0,0.0,0.0,0.12846000000000002,0.02819,0.0,0.0,0.010539999999999999,0.0,0.0,0.0,0.0,0.012240000000000001,0.0,0.011300000000000001
2025-05-06 17:20:00,Aurelia F204,0.15622,0.0,0.0,0.0,0.0,0.0,0.12856,0.0281,0.0,0.08179,0.01061,0.0,0.0,0.0,0.0,0.01225,0.0,0.09712
2025-05-06 17:25:00,Aurelia F204,0.0,0.0,0.0,0.0,0.0,0.0,0.00046,0.0,0.0,0.08055,0.010490000000000001,0.0,0.0,0.0,0.0,0.012240000000000001,0.0,0.20592
2025-05-06 17:30:00,Aurelia F204,1e-05,0.0,0.0,0.0,0.0,0.0,0.00046,0.0,0.0,0.08002,0.010539999999999999,0.0,0.0,0.0,0.0,0.012199999999999999,0.0,0.20281
2025-05-06 17:35:00,Aurelia F204,0.03893,0.0,0.0,0.0,0.0,0.0,0.039259999999999996,0.0,0.0,0.0793,0.01052,0.0,0.0,0.0,0.0,0.01218,0.0,0.19757
2025-05-06 17:40:00,Aurelia F204,0.055619999999999996,0.0,0.0,0.0,0.0,0.0,0.05596,0.0,0.0,0.07886,0.01051,0.0,0.0,0.0,0.0,0.01228,0.0,0.2009
2025-05-06 17:45:00,Aurelia F204,0.05687,0.0,0.0,0.0,0.0,0.0,0.05715,0.0,0.0,0.0787,0.010539999999999999,0.0,0.0,0.0,0.0,0.01226,0.0,0.1996
2025-05-06 17:50:00,Aurelia F204,0.05632,0.0,0.0,0.0,0.0,0.0,0.05656,0.0,0.0,0.07845999999999999,0.01046,0.0,0.0,0.0,0.0,0.01222,0.0,0.1987
2025-05-06 17:55:00,Aurelia F204,0.05571,0.0,0.0,0.0,0.0,0.0,0.055920000000000004,0.0,0.0,0.07814,0.01046,0.0,0.0,0.0,0.0,0.01222,0.0,0.19848
2025-05-06 18:00:00,Aurelia F204,0.055240000000000004,0.0,0.0,0.0,0.0,0.0,0.05554,0.0,0.0,0.07919,0.01042,0.0,0.0,0.0,0.0,0.01231,0.0,0.20026
2025-05-06 18:05:00,Aurelia F204,0.05514,0.0,0.0,0.0,0.0,0.0,0.055409999999999994,0.0,0.0,0.07931999999999999,0.01042,0.0,0.0,0.0,0.0,0.012199999999999999,0.0,0.20048
2025-05-06 18:10:00,Aurelia F204,0.05486,0.0,0.0,0.0,0.0,0.0,0.05509,0.0,0.0,0.07853,0.01044,0.0,0.0,0.0,0.0,0.012199999999999999,0.0,0.19853
2025-05-06 18:15:00,Aurelia F204,0.05417,0.0,0.0,0.0,0.0,0.0,0.054490000000000004,0.0,0.0,0.0787,0.01042,0.0,0.0,0.0,0.0,0.01228,0.0,0.19965
2025-05-06 18:20:00,Aurelia F204,0.05416,0.0,0.0,0.0,0.0,0.0,0.054380000000000005,0.0,0.0,0.07893,0.01044,0.0,0.0,0.0,0.0,0.012230000000000001,0.0,0.1992
2025-05-06 18:25:00,Aurelia F204,0.05396,0.0,0.0,0.0,0.0,0.0,0.05441,0.0,0.0,0.07916,0.0105,0.0,0.0,0.0,0.0,0.012240000000000001,0.0,0.19918
2025-05-06 18:30:00,Aurelia F204,0.054270000000000006,0.0,0.0,0.0,0.0,0.0,0.054549999999999994,0.0,0.0,0.07875,0.01041,0.0,0.0,0.0,0.0,0.012230000000000001,0.0,0.19798
2025-05-06 18:35:00,Aurelia F204,0.08189,0.0,0.0,0.0,0.0,0.0,0.054130000000000005,0.02832,0.0,0.08403000000000001,0.01042,0.0,0.0,0.0,0.0,0.01218,0.0,0.20556
2025-05-06 18:40:00,Aurelia F204,0.08164,0.0,0.0,0.0,0.0,0.0,0.05382,0.02823,0.0,0.08393,0.01046,0.0,0.0,0.0,0.0,0.01219,0.0,0.20436
2025-05-06 18:45:00,Aurelia F204,0.0808,0.0,0.0,0.0,0.0,0.0,0.05312,0.02817,0.0,0.08394,0.010539999999999999,0.0,0.0,0.0,0.0,0.012320000000000001,0.0,0.20452
2025-05-06 18:50:00,Aurelia F204,0.08073999999999999,0.0,0.0,0.0,0.0,0.0,0.05304,0.02823,0.0,0.08352,0.01046,0.0,0.0,0.0,0.0,0.01213,0.0,0.20328
2025-05-06 18:55:00,Aurelia F204,0.08018,0.0,0.0,0.0,0.0,0.0,0.05264,0.0282,0.0,0.08323,0.01039,0.0,0.0,0.0,0.0,0.012289999999999999,0.0,0.20241
2025-05-06 19:00:00,Aurelia F204,0.08011,0.0,0.0,0.0,0.0,0.0,0.0526,0.02816,0.0,0.08366,0.01048,0.0,0.0,0.0,0.0,0.01225,0.0,0.20128000000000001
2025-05-06 19:05:00,Aurelia F204,0.08003,0.0,0.0,0.0,0.0,0.0,0.05235,0.02817,0.0,0.08331999999999999,0.01051,0.0,0.0,0.0,0.0,0.012289999999999999,0.0,0.20469
2025-05-06 19:10:00,Aurelia F204,0.07651000000000001,0.0,0.0,0.0,0.0,0.0,0.04901,0.0282,0.0,0.08345,0.01057,0.0,0.0,0.0,0.0,0.01228,0.0,0.20309
2025-05-06 19:15:00,Aurelia F204,0.08832999999999999,0.0,0.0,0.0,0.00841,0.0,0.052020000000000004,0.028120000000000003,0.0,0.08306999999999999,0.01057,0.0,0.0,0.00878,0.0,0.021079999999999998,0.0,0.20248
2025-05-06 19:20:00,Aurelia F204,0.08131000000000001,0.0,0.0,0.0,0.0,0.0,0.053689999999999995,0.02817,0.0,0.07854000000000001,0.01062,0.0,0.0,0.00877,0.0,0.02089,0.0,0.19862
2025-05-06 19:25:00,Aurelia F204,0.08027,0.0,0.0,0.0,0.0,0.0,0.05273,0.028210000000000002,0.0,0.07848000000000001,0.04821,0.0,0.0,0.0,0.0,0.04955,0.0,0.19816
2025-05-06 19:30:00,Aurelia F204,0.05221,0.0,0.0,0.0,0.0,0.0,0.052539999999999996,0.0,0.0,0.0795,0.01044,0.0,0.0,0.0,0.0,0.012240000000000001,0.0,0.19957
2025-05-06 19:35:00,Aurelia F204,0.05168,0.0,0.0,0.0,0.0,0.0,0.05206,0.0,0.0,0.07912999999999999,0.01046,0.0,0.0,0.0,0.0,0.012230000000000001,0.0,0.19848
2025-05-06 19:40:00,Aurelia F204,0.05165,0.0,0.0,0.0,0.0,0.0,0.05192,0.0,0.0,0.07937000000000001,0.01043,0.0,0.0,0.0,0.0,0.012230000000000001,0.0,0.19861
2025-05-06 19:45:00,Aurelia F204,0.05146,0.0,0.0,0.0,0.0,0.0,0.05175,0.0,0.0,0.07919,0.01045,0.0,0.0,0.0,0.0,0.01231,0.0,0.1982
2025-05-06 19:50:00,Aurelia F204,0.08873,0.0,0.0,0.0,0.036969999999999996,0.0,0.05174,0.0,0.0,0.07967,0.01039,0.0,0.0,0.0,0.0,0.012289999999999999,0.0,0.19963
2025-05-06 19:55:00,Aurelia F204,0.07805,0.0,0.0,0.0,0.02637,0.0,0.05174,0.0,0.0,0.01676,0.01043,0.0,0.0,0.0,0.0,0.01209,0.0,0.03529
2025-05-06 20:00:00,Aurelia F204,0.07754000000000001,0.0,0.0,0.0,0.02607,0.0,0.051609999999999996,0.0,0.0,0.0167,0.01039,0.0,0.0,0.0,0.0,0.012289999999999999,0.0,0.035590000000000004
2025-05-06 20:05:00,Aurelia F204,0.12365999999999999,0.0,0.0,0.0,0.02603,0.0,0.09775,0.0,0.0,0.01692,0.01039,0.0,0.0,0.0,0.0,0.012240000000000001,0.0,0.03183
2025-05-06 20:10:00,Aurelia F204,0.12262999999999999,0.0,0.0,0.0,0.02596,0.0,0.09673000000000001,0.0,0.0,0.01676,0.01038,0.0,0.0,0.0,0.0,0.01222,0.0,0.03194
2025-05-06 20:15:00,Aurelia F204,0.11869,0.0,0.0,0.0,0.024640000000000002,0.0,0.0942,0.0,0.0,0.01685,0.010490000000000001,0.0,0.0,0.0,0.0,0.01217,0.0,0.03174
2025-05-06 20:20:00,Aurelia F204,0.11942,0.0,0.0,0.0,0.02476,0.0,0.0948,0.0,0.0,0.0169,0.01052,0.0,0.0,0.0,0.0,0.01225,0.0,0.0318
2025-05-06 20:25:00,Aurelia F204,0.11977,0.0,0.0,0.0,0.02476,0.0,0.09506999999999999,0.0,0.0,0.01685,0.010539999999999999,0.0,0.0,0.0,0.0,0.012150000000000001,0.0,0.03183
2025-05-06 20:30:00,Aurelia F204,0.11959,0.0,0.0,0.0,0.02502,0.0,0.09468,0.0,0.0,0.01693,0.01041,0.0,0.0,0.0,0.0,0.012150000000000001,0.0,0.03188
2025-05-06 20:35:00,Aurelia F204,0.11882,0.0,0.0,0.0,0.02461,0.0,0.09440000000000001,0.0,0.0,0.01692,0.01045,0.0,0.0,0.0,0.0,0.01219,0.0,0.03168
2025-05-06 20:40:00,Aurelia F204,0.11896,0.0,0.0,0.0,0.0245,0.0,0.09453,0.0,0.0,0.01688,0.0105,0.0,0.0,0.0,0.0,0.01217,0.0,0.03186
2025-05-06 20:45:00,Aurelia F204,0.11903,0.0,0.0,0.0,0.02475,0.0,0.09426999999999999,0.0,0.0,0.01677,0.01051,0.0,0.0,0.0,0.0,0.01226,0.0,0.03168
2025-05-06 20:50:00,Aurelia F204,0.13812,0.0,0.0,0.0,0.02469,0.0,0.08486,0.02853,0.0,0.08173,0.01052,0.0,0.0,0.0,0.0,0.0121,0.0,0.09373000000000001
2025-05-06 20:55:00,Aurelia F204,0.11015000000000001,0.0,0.0,0.0,0.02534,0.0,0.08495,0.0,0.0,0.08148000000000001,0.02059,0.26985000000000003,0.0,0.00895,0.0,0.30195,0.0,0.0933
2025-05-06 21:00:00,Aurelia F204,0.10939,0.0,0.0,0.0,0.02616,0.0,0.08345999999999999,0.0,0.0,0.08159999999999999,0.02051,0.9559099999999999,0.0,0.0,0.0,0.9790800000000001,0.0,0.09381
2025-05-06 21:05:00,Aurelia F204,0.10936,0.0,0.0,0.0,0.02629,0.0,0.08333,0.0,0.0,0.0,0.02034,0.93911,0.0,0.0,0.0,0.96213,0.0,0.01097
2025-05-06 21:10:00,Aurelia F204,0.10901999999999999,0.0,0.0,0.0,0.02629,0.0,0.08301,0.0,0.0,0.0,0.02041,0.94163,0.0,0.0,0.0,0.96473,0.0,0.01103
2025-05-06 21:15:00,Aurelia F204,0.10844,0.0,0.0,0.0,0.02666,0.0,0.08199,0.0,0.0,0.0,0.02045,0.9400700000000001,0.0,0.0,0.0,0.96339,0.0,0.01116
2025-05-06 21:20:00,Aurelia F204,0.10758,0.0,0.0,0.0,0.0264,0.0,0.08123999999999999,0.0,0.0,0.0,0.02054,0.93403,0.0,0.0,0.0,0.9572999999999999,0.0,0.011380000000000001
2025-05-06 21:25:00,Aurelia F204,0.1083,0.0,0.0,0.0,0.027100000000000003,0.0,0.08123999999999999,0.0,0.0,0.0,0.02087,0.80053,0.0,0.0,0.0,0.82443,0.0,0.011179999999999999
2025-05-06 21:30:00,Aurelia F204,0.10826000000000001,0.0,0.0,0.0,0.027239999999999997,0.0,0.08126,0.0,0.0,0.0,0.02088,0.78851,0.0,0.0,0.0,0.81221,0.0,0.01132
2025-05-06 21:35:00,Aurelia F204,0.10832,0.0,0.0,0.0,0.02786,0.0,0.08063,0.0,0.0,0.0,0.02121,0.7909700000000001,0.0,0.0,0.0,0.81525,0.0,0.0111
2025-05-06 21:40:00,Aurelia F204,0.02852,0.0,0.0,0.0,0.02709,0.0,0.00063,0.0,0.0,0.0,0.02078,0.79428,0.0,0.0,0.0,0.8179299999999999,0.0,0.01158
2025-05-06 21:45:00,Aurelia F204,0.02926,0.0,0.0,0.0,0.02777,0.0,0.00046,0.0,0.0,0.01732,0.02089,0.7740499999999999,0.0,0.0,0.0,0.7978,0.0,0.02936
2025-05-06 21:50:00,Aurelia F204,0.02852,0.0,0.0,0.0,0.02707,0.0,0.00068,0.0,0.0,0.0,0.02068,0.7465,0.0,0.0,0.0,0.76975,0.0,0.01196
2025-05-06 21:55:00,Aurelia F204,0.02865,0.0,0.0,0.0,0.027120000000000002,0.0,0.0004,0.0,0.0,0.0,0.02079,0.74138,0.0,0.0,0.0,0.76479,0.0,0.01103
2025-05-06 22:00:00,Aurelia F204,0.0285,0.0,0.0,0.0,0.027030000000000002,0.0,0.00047,0.0,0.0,0.0,0.02075,0.73641,0.0,0.0,0.0,0.75998,0.0,0.01094
2025-05-06 22:05:00,Aurelia F204,0.028329999999999998,0.0,0.0,0.0,0.026879999999999998,0.0,0.00068,0.0,0.0,0.0,0.02085,0.42908999999999997,0.0,0.0,0.0,0.45273,0.0,0.01087
2025-05-06 22:10:00,Aurelia F204,0.02827,0.0,0.0,0.0,0.02659,0.0,0.00061,0.0,0.0,0.0,0.02088,0.00718,0.0,0.0,0.0,0.030809999999999997,0.0,0.011009999999999999
2025-05-06 22:15:00,Aurelia F204,0.02819,0.0,0.0,0.0,0.026670000000000003,0.0,0.0004,0.0,0.0,0.0,0.020649999999999998,0.42460000000000003,0.0,0.0,0.0,0.44795,0.0,0.01093
2025-05-06 22:20:00,Aurelia F204,0.061509999999999995,0.0,0.0,0.0,0.02673,0.0,0.03488,0.0,0.0,0.0,0.02072,0.42942,0.0,0.0,0.0,0.45292,0.0,0.0111
2025-05-06 22:25:00,Aurelia F204,0.11721,0.0,0.0,0.0,0.02647,0.0,0.09083,0.0,0.0,0.0,0.01477,0.26085,0.0,0.0,0.0,0.27820999999999996,0.0,0.01109
2025-05-06 22:30:00,Aurelia F204,0.11491,0.0,0.0,0.0,0.027190000000000002,0.0,0.08786,0.0,0.0,0.0,0.01499,0.81059,0.0,0.0,0.0,0.8284400000000001,0.0,0.0112
2025-05-06 22:35:00,Aurelia F204,0.11355,0.0,0.0,0.0,0.02628,0.0,0.08745,0.0,0.0,0.0,0.01467,0.71397,0.0,0.0,0.0,0.7313200000000001,0.0,0.01114
2025-05-06 22:40:00,Aurelia F204,0.11256999999999999,0.0,0.0,0.0,0.02622,0.0,0.0866,0.0,0.0,0.0,0.01472,0.59684,0.0,0.0,0.0,0.61418,0.0,0.01099
2025-05-06 22:45:00,Aurelia F204,0.11069,0.0,0.0,0.0,0.0258,0.0,0.08485,0.0,0.0,0.0,0.01465,0.00811,0.0,0.0,0.0,0.0252,0.0,0.011210000000000001
2025-05-06 22:50:00,Aurelia F204,0.11064,0.0,0.0,0.0,0.026010000000000002,0.0,0.08475,0.0,0.0,0.0,0.01477,0.00821,0.0,0.0,0.0,0.0254,0.0,0.01107
2025-05-06 22:55:00,Aurelia F204,0.11006,0.0,0.0,0.0,0.025929999999999998,0.0,0.08406,0.0,0.0,0.0,0.014839999999999999,0.03573,0.0,0.0,0.0,0.05291,0.0,0.01109
2025-05-06 23:00:00,Aurelia F204,0.11026000000000001,0.0,0.0,0.0,0.02618,0.0,0.08428000000000001,0.0,0.0,0.0,0.0146,0.41725999999999996,0.0,0.0,0.0,0.43451999999999996,0.0,0.01087
2025-05-06 23:05:00,Aurelia F204,0.10879000000000001,0.0,0.0,0.0,0.026019999999999998,0.0,0.08294,0.0,0.0,0.0,0.01445,0.44289,0.0,0.0,0.0,0.45993,0.0,0.01098
2025-05-06 23:10:00,Aurelia F204,0.11023999999999999,0.0,0.0,0.0,0.02582,0.0,0.08451,0.0,0.0,0.0,0.0146,0.00816,0.0,0.0,0.0,0.02513,0.0,0.010960000000000001
2025-05-06 23:15:00,Aurelia F204,0.11004000000000001,0.0,0.0,0.0,0.02572,0.0,0.08449,0.0,0.0,0.0,0.014289999999999999,0.42279,0.0,0.0,0.0,0.43963,0.0,0.011439999999999999
2025-05-06 23:20:00,Aurelia F204,0.10940000000000001,0.0,0.0,0.0,0.02568,0.0,0.08379,0.0,0.0,0.0,0.014289999999999999,0.42005000000000003,0.0,0.0,0.0,0.43689999999999996,0.0,0.01092
2025-05-06 23:25:00,Aurelia F204,0.10181,0.0,0.0,0.0,0.02568,0.0,0.07619,0.0,0.0,0.0,0.01418,0.42028,0.0,0.0,0.0,0.43717,0.0,0.01109
2025-05-06 23:30:00,Aurelia F204,0.09859,0.0,0.0,0.0,0.02561,0.0,0.07314,0.0,0.0,0.0,0.01411,0.41725999999999996,0.0,0.0,0.0,0.43394,0.0,0.011
2025-05-06 23:35:00,Aurelia F204,0.09741,0.0,0.0,0.0,0.02498,0.0,0.07254000000000001,0.0,0.0,0.0,0.01417,0.44029,0.0,0.0,0.0,0.45682999999999996,0.0,0.01112
2025-05-06 23:40:00,Aurelia F204,0.09673000000000001,0.0,0.0,0.0,0.02497,0.0,0.07191,0.0,0.0,0.0,0.014240000000000001,0.0077599999999999995,0.0,0.0,0.0,0.02437,0.0,0.01133
2025-05-06 23:45:00,Aurelia F204,0.02643,0.0,0.0,0.0,0.02487,0.0,0.00043,0.0,0.0,0.0,0.01422,0.007980000000000001,0.0,0.0,0.0,0.0246,0.0,0.01087
2025-05-06 23:50:00,Aurelia F204,0.026420000000000003,0.0,0.0,0.0,0.02489,0.0,0.0005899999999999999,0.0,0.0,0.0,0.01422,0.008140000000000001,0.0,0.0,0.0,0.0247,0.0,0.01106
2025-05-06 23:55:00,Aurelia F204,0.02615,0.0,0.0,0.0,0.02478,0.0,0.00023,0.0,0.0,0.0,0.01402,0.42619999999999997,0.0,0.0,0.0,0.44262999999999997,0.0,0.011
2025-05-07 00:00:00,Aurelia F204,0.02629,0.0,0.0,0.0,0.02471,0.0,0.00035,0.0,0.0,0.0,0.014039999999999999,0.00796,0.0,0.0,0.0,0.024399999999999998,0.0,0.01099
2025-05-07 00:05:00,Aurelia F204,0.02612,0.0,0.0,0.0,0.02459,0.0,0.00013000000000000002,0.0,0.0,0.0,0.01393,0.00807,0.0,0.0,0.0,0.02426,0.0,0.01105
2025-05-07 00:10:00,Aurelia F204,0.02623,0.0,0.0,0.0,0.024829999999999998,0.0,0.00032,0.0,0.0,0.0,0.01391,0.43266000000000004,0.0,0.0,0.0,0.44897000000000004,0.0,0.01098
2025-05-07 00:15:00,Aurelia F204,0.02628,0.0,0.0,0.0,0.02485,0.0,0.00025,0.0,0.0,0.0,0.01393,0.43535,0.0,0.0,0.0,0.45185000000000003,0.0,0.01111
2025-05-07 00:20:00,Aurelia F204,0.02614,0.0,0.0,0.0,0.02461,0.0,0.00033,0.0,0.0,0.0,0.01405,0.00791,0.0,0.0,0.0,0.02436,0.0,0.0109
2025-05-07 00:25:00,Aurelia F204,0.02618,0.0,0.0,0.0,0.02468,0.0,0.00054,0.0,0.0,0.0,0.01375,0.43575,0.0,0.0,0.0,0.45192,0.0,0.01105
2025-05-07 00:30:00,Aurelia F204,0.026109999999999998,0.0,0.0,0.0,0.02468,0.0,0.00034,0.0,0.0,0.0,0.01402,0.008,0.0,0.0,0.0,0.02427,0.0,0.01089
2025-05-07 00:35:00,Aurelia F204,0.06579,0.0,0.0,0.0,0.02461,0.0,0.04125,0.0,0.0,0.0,0.013710000000000002,0.43436,0.0,0.0,0.0,0.45048,0.0,0.01086
2025-05-07 00:40:00,Aurelia F204,0.07298,0.0,0.0,0.0,0.02453,0.0,0.04859,0.0,0.0,0.0,0.013710000000000002,0.4743,0.0,0.0,0.0,0.49041,0.0,0.01104
2025-05-07 00:45:00,Aurelia F204,0.07304000000000001,0.0,0.0,0.0,0.02497,0.0,0.04818,0.0,0.0,0.0,0.01419,0.06808,0.0,0.0,0.0,0.08467,0.0,0.01114
2025-05-07 00:50:00,Aurelia F204,0.07293999999999999,0.0,0.0,0.0,0.02505,0.0,0.04802,0.0,0.0,0.0,0.014029999999999999,0.43309,0.0,0.0,0.0,0.44959,0.0,0.01099
2025-05-07 00:55:00,Aurelia F204,0.0736,0.0,0.0,0.0,0.02514,0.0,0.048530000000000004,0.0,0.0,0.0,0.01423,0.008039999999999999,0.0,0.0,0.0,0.02461,0.0,0.01094
2025-05-07 01:00:00,Aurelia F204,0.07327,0.0,0.0,0.0,0.0251,0.0,0.048299999999999996,0.0,0.0,0.0,0.013949999999999999,0.42881,0.0,0.0,0.0,0.44527,0.0,0.011
2025-05-07 01:05:00,Aurelia F204,0.07289,0.0,0.0,0.0,0.02512,0.0,0.04797,0.0,0.0,0.0,0.01402,0.51912,0.0,0.0,0.0,0.53564,0.0,0.01106
2025-05-07 01:10:00,Aurelia F204,0.07257,0.0,0.0,0.0,0.02503,0.0,0.04759,0.0,0.0,0.0,0.0141,0.032549999999999996,0.0,0.0,0.0,0.04904,0.0,0.01098
2025-05-07 01:15:00,Aurelia F204,0.07275,0.0,0.0,0.0,0.02519,0.0,0.04775,0.0,0.0,0.0,0.014060000000000001,0.43682,0.0,0.0,0.0,0.45336000000000004,0.0,0.01092
2025-05-07 01:20:00,Aurelia F204,0.07229000000000001,0.0,0.0,0.0,0.02513,0.0,0.04736,0.0,0.0,0.0,0.014,0.49721,0.0,0.0,0.0,0.51371,0.0,0.01105
2025-05-07 01:25:00,Aurelia F204,0.07232999999999999,0.0,0.0,0.0,0.02496,0.0,0.047420000000000004,0.0,0.0,0.0,0.0141,0.05115,0.0,0.0,0.0,0.06759,0.0,0.011359999999999999
2025-05-07 01:30:00,Aurelia F204,0.07305,0.0,0.0,0.0,0.02502,0.0,0.048060000000000005,0.0,0.0,0.0,0.014119999999999999,0.00802,0.0,0.0,0.0,0.02429,0.0,0.01112
2025-05-07 01:35:00,Aurelia F204,0.07323,0.0,0.0,0.0,0.02533,0.0,0.047979999999999995,0.0,0.0,0.0,0.014029999999999999,0.45148,0.0,0.0,0.0,0.46802999999999995,0.0,0.01109
2025-05-07 01:40:00,Aurelia F204,0.07273,0.0,0.0,0.0,0.02521,0.0,0.047659999999999994,0.0,0.0,0.0,0.01399,0.5248700000000001,0.0,0.0,0.0,0.54131,0.0,0.01093
2025-05-07 01:45:00,Aurelia F204,0.073,0.0,0.0,0.0,0.02509,0.0,0.04809,0.0,0.0,0.0,0.01411,0.14267,0.0,0.0,0.0,0.15911,0.0,0.011009999999999999
2025-05-07 01:50:00,Aurelia F204,0.07302,0.0,0.0,0.0,0.025160000000000002,0.0,0.047869999999999996,0.0,0.0,0.0,0.01422,0.00797,0.0,0.0,0.0,0.024399999999999998,0.0,0.01106
2025-05-07 01:55:00,Aurelia F204,0.07289,0.0,0.0,0.0,0.02505,0.0,0.04793,0.0,0.0,0.0,0.01409,0.00796,0.0,0.0,0.0,0.02437,0.0,0.01139
2025-05-07 02:00:00,Aurelia F204,0.07273,0.0,0.0,0.0,0.02506,0.0,0.04775,0.0,0.0,0.0,0.01392,0.44193,0.0,0.0,0.0,0.4584,0.0,0.01286
2025-05-07 02:05:00,Aurelia F204,0.07225,0.0,0.0,0.0,0.02492,0.0,0.04734,0.0,0.0,0.0,0.01405,0.008,0.0,0.0,0.0,0.02443,0.0,0.011009999999999999
2025-05-07 02:10:00,Aurelia F204,0.06777,0.0,0.0,0.0,0.02512,0.0,0.04287,0.0,0.0,0.0,0.01399,0.587,0.0,0.0,0.0,0.60352,0.0,0.01097
2025-05-07 02:15:00,Aurelia F204,0.06720999999999999,0.0,0.0,0.0,0.02523,0.0,0.04218,0.0,0.0,0.0,0.01397,0.47132,0.0,0.0,0.0,0.4873,0.0,0.011439999999999999
2025-05-07 02:20:00,Aurelia F204,0.06656999999999999,0.0,0.0,0.0,0.02497,0.0,0.04163,0.0,0.0,0.0,0.01418,0.03306,0.0,0.0,0.0,0.049640000000000004,0.0,0.01089
2025-05-07 02:25:00,Aurelia F204,0.06636,0.0,0.0,0.0,0.02513,0.0,0.041409999999999995,0.0,0.0,0.0,0.014060000000000001,0.43969,0.0,0.0,0.0,0.4562,0.0,0.01139
2025-05-07 02:30:00,Aurelia F204,0.06605,0.0,0.0,0.0,0.025,0.0,0.04108,0.0,0.0,0.0,0.01418,0.00791,0.0,0.0,0.0,0.02435,0.0,0.01103
2025-05-07 02:35:00,Aurelia F204,0.06559999999999999,0.0,0.0,0.0,0.02496,0.0,0.04076,0.0,0.0,0.0,0.014199999999999999,0.00792,0.0,0.0,0.0,0.024399999999999998,0.0,0.01098
2025-05-07 02:40:00,Aurelia F204,0.06573999999999999,0.0,0.0,0.0,0.02528,0.0,0.040619999999999996,0.0,0.0,0.0,0.01405,0.44772,0.0,0.0,0.0,0.46434,0.0,0.01098
2025-05-07 02:45:00,Aurelia F204,0.06539,0.0,0.0,0.0,0.02531,0.0,0.04033,0.0,0.0,0.0,0.014119999999999999,0.44622,0.0,0.0,0.0,0.46281,0.0,0.01133
2025-05-07 02:50:00,Aurelia F204,0.06539,0.0,0.0,0.0,0.02531,0.0,0.04027,0.0,0.0,0.0,0.014119999999999999,0.46647000000000005,0.0,0.0,0.0,0.48299000000000003,0.0,0.01112
2025-05-07 02:55:00,Aurelia F204,0.06545999999999999,0.0,0.0,0.0,0.02528,0.0,0.04021,0.0,0.0,0.0,0.01418,0.44061,0.0,0.0,0.0,0.45721,0.0,0.01097
2025-05-07 03:00:00,Aurelia F204,0.06522,0.0,0.0,0.0,0.02524,0.0,0.040049999999999995,0.0,0.0,0.0,0.01419,0.44948,0.0,0.0,0.0,0.4661,0.0,0.01098
2025-05-07 03:05:00,Aurelia F204,0.0928,0.0,0.0,0.0,0.02519,0.0,0.06756000000000001,0.0,0.0,0.0,0.0141,0.34792,0.0,0.0,0.0,0.36444,0.0,0.01105
2025-05-07 03:10:00,Aurelia F204,0.02674,0.0,0.0,0.0,0.02534,0.0,0.00020999999999999998,0.0,0.0,0.0,0.01414,0.46063,0.0,0.0,0.0,0.47724,0.0,0.01126
2025-05-07 03:15:00,Aurelia F204,0.026949999999999998,0.0,0.0,0.0,0.02547,0.0,0.00041,0.0,0.0,0.0,0.01426,0.37632,0.0,0.0,0.0,0.39300999999999997,0.0,0.01106
2025-05-07 03:20:00,Aurelia F204,0.026879999999999998,0.0,0.0,0.0,0.02543,0.0,0.00039,0.0,0.0,0.0,0.014199999999999999,0.48074,0.0,0.0,0.0,0.49741,0.0,0.011
2025-05-07 03:25:00,Aurelia F204,0.027030000000000002,0.0,0.0,0.0,0.0255,0.0,0.0006,0.0,0.0,0.0,0.014369999999999999,0.15829,0.0,0.0,0.0,0.17503,0.0,0.01091
2025-05-07 03:30:00,Aurelia F204,0.027030000000000002,0.0,0.0,0.0,0.02551,0.0,0.00032,0.0,0.0,0.0,0.01445,0.00816,0.0,0.0,0.0,0.02496,0.0,0.011380000000000001
2025-05-07 03:35:00,Aurelia F204,0.026969999999999997,0.0,0.0,0.0,0.02551,0.0,0.00041,0.0,0.0,0.0,0.014240000000000001,0.44744,0.0,0.0,0.0,0.46426,0.0,0.01098
2025-05-07 03:40:00,Aurelia F204,0.02687,0.0,0.0,0.0,0.02533,0.0,0.00026000000000000003,0.0,0.0,0.0,0.0144,0.00796,0.0,0.0,0.0,0.02469,0.0,0.011380000000000001
2025-05-07 03:45:00,Aurelia F204,0.02696,0.0,0.0,0.0,0.02543,0.0,0.00045,0.0,0.0,0.0,0.01431,0.008039999999999999,0.0,0.0,0.0,0.024730000000000002,0.0,0.0109
2025-05-07 03:50:00,Aurelia F204,0.02691,0.0,0.0,0.0,0.02537,0.0,0.00035999999999999997,0.0,0.0,0.0,0.01445,0.0081,0.0,0.0,0.0,0.024829999999999998,0.0,0.011009999999999999
2025-05-07 03:55:00,Aurelia F204,0.027039999999999998,0.0,0.0,0.0,0.02554,0.0,0.00047999999999999996,0.0,0.0,0.0,0.01433,0.4447,0.0,0.0,0.0,0.46154,0.0,0.01098
2025-05-07 04:00:00,Aurelia F204,0.07564,0.0,0.0,0.0,0.02551,0.0,0.05029,0.0,0.0,0.0,0.01427,0.44776,0.0,0.0,0.0,0.4645,0.0,0.01123
2025-05-07 04:05:00,Aurelia F204,0.07411,0.0,0.0,0.0,0.02541,0.0,0.04886,0.0,0.0,0.0,0.01414,0.44447000000000003,0.0,0.0,0.0,0.46103,0.0,0.01091
2025-05-07 04:10:00,Aurelia F204,0.07379999999999999,0.0,0.0,0.0,0.02523,0.0,0.048549999999999996,0.0,0.0,0.0,0.0143,0.0079,0.0,0.0,0.0,0.02459,0.0,0.01103
2025-05-07 04:15:00,Aurelia F204,0.07282,0.0,0.0,0.0,0.02532,0.0,0.04761,0.0,0.0,0.0,0.01433,0.00791,0.0,0.0,0.0,0.02461,0.0,0.011
2025-05-07 04:20:00,Aurelia F204,0.07297,0.0,0.0,0.0,0.02533,0.0,0.04776,0.0,0.0,0.0,0.01416,0.44731,0.0,0.0,0.0,0.46388,0.0,0.0109
2025-05-07 04:25:00,Aurelia F204,0.07282,0.0,0.0,0.0,0.02531,0.0,0.04757,0.0,0.0,0.0,0.01438,0.03338,0.0,0.0,0.0,0.05012,0.0,0.011009999999999999
2025-05-07 04:30:00,Aurelia F204,0.07286,0.0,0.0,0.0,0.02523,0.0,0.04776,0.0,0.0,0.0,0.01418,0.44177,0.0,0.0,0.0,0.45837,0.0,0.0109
2025-05-07 04:35:00,Aurelia F204,0.07281,0.0,0.0,0.0,0.02541,0.0,0.047619999999999996,0.0,0.0,0.0,0.01414,0.43139999999999995,0.0,0.0,0.0,0.44797000000000003,0.0,0.01104
2025-05-07 04:40:00,Aurelia F204,0.07255,0.0,0.0,0.0,0.02521,0.0,0.047409999999999994,0.0,0.0,0.0,0.014240000000000001,0.00805,0.0,0.0,0.0,0.02462,0.0,0.01107
2025-05-07 04:45:00,Aurelia F204,0.07281,0.0,0.0,0.0,0.02519,0.0,0.047700000000000006,0.0,0.0,0.0,0.01427,0.00802,0.0,0.0,0.0,0.0246,0.0,0.010960000000000001
2025-05-07 04:50:00,Aurelia F204,0.07307999999999999,0.0,0.0,0.0,0.025070000000000002,0.0,0.04807,0.0,0.0,0.0,0.01419,0.008029999999999999,0.0,0.0,0.0,0.02452,0.0,0.01104
2025-05-07 04:55:00,Aurelia F204,0.07263,0.0,0.0,0.0,0.02527,0.0,0.047619999999999996,0.0,0.0,0.0,0.014029999999999999,0.44856999999999997,0.0,0.0,0.0,0.46502,0.0,0.01093
2025-05-07 05:00:00,Aurelia F204,0.07282999999999999,0.0,0.0,0.0,0.02497,0.0,0.047869999999999996,0.0,0.0,0.0,0.01411,0.0054800000000000005,0.0,0.0,0.0,0.022010000000000002,0.0,0.01091
2025-05-07 05:05:00,Aurelia F204,0.07223,0.0,0.0,0.0,0.02511,0.0,0.047170000000000004,0.0,0.0,0.0,0.01419,0.00357,0.0,0.0,0.0,0.019940000000000003,0.0,0.01093
2025-05-07 05:10:00,Aurelia F204,0.0728,0.0,0.0,0.0,0.02506,0.0,0.04782,0.0,0.0,0.0,0.027899999999999998,0.0,0.0,0.0089,0.0,0.038509999999999996,0.0,0.011009999999999999
2025-05-07 05:15:00,Aurelia F204,0.08233,0.0,0.0,0.0,0.00851,0.0,0.04578,0.028399999999999998,0.0,0.0,0.0225,0.0,0.0,0.0,0.0,0.02407,0.0,0.013900000000000001
2025-05-07 05:20:00,Aurelia F204,0.12143999999999999,0.0,0.0,0.0,0.0,0.0,0.09373000000000001,0.02832,0.0,0.0,0.03903,0.0,0.0,0.0,0.0,0.04054,0.0,0.014060000000000001
2025-05-07 05:25:00,Aurelia F204,0.11966,0.0,0.0,0.0,0.0,0.0,0.09198999999999999,0.028210000000000002,0.0,0.0,0.0371,0.0,0.0,0.0,0.0,0.03861,0.0,0.014029999999999999
2025-05-07 05:30:00,Aurelia F204,0.15966,0.0,0.0,0.0,0.0,0.0,0.13198,0.028140000000000002,0.0,0.0,0.02666,0.0,0.0,0.00871,0.0,0.03674,0.0,0.013980000000000001
2025-05-07 05:35:00,Aurelia F204,0.15807,0.0,0.0,0.0,0.0,0.0,0.13043000000000002,0.028210000000000002,0.0,0.01693,0.03483,0.0,0.0,0.0,0.0,0.03612,0.0,0.06528
2025-05-07 05:40:00,Aurelia F204,0.15703,0.0,0.0,0.0,0.0,0.1497,0.12929,0.028210000000000002,0.0,0.016829999999999998,0.030019999999999998,0.0,0.0,0.0,0.0,0.18106999999999998,0.0,0.06455
2025-05-07 05:45:00,Aurelia F204,0.15732,0.0,0.0,0.0,0.0,0.13528,0.12962,0.02819,0.0,0.01675,0.02666,0.0,0.0,0.0,0.0,0.1633,0.0,0.06439
2025-05-07 05:50:00,Aurelia F204,0.15749000000000002,0.0,0.0,0.0,0.0,0.13038999999999998,0.12979,0.0282,0.0,0.01686,0.02231,0.0,0.0,0.0,0.0,0.15391,0.0,0.06464
2025-05-07 05:55:00,Aurelia F204,0.15766999999999998,0.0,0.0,0.0,0.0,0.12795,0.12994,0.028239999999999998,0.0,0.01675,0.018850000000000002,0.0,0.0,0.00875,0.0,0.15702000000000002,0.0,0.06419
2025-05-07 06:00:00,Aurelia F204,0.1579,0.0,0.0,0.0,0.0,0.12830000000000003,0.13019999999999998,0.028140000000000002,0.0,0.01672,0.01634,0.0,0.0,0.0087,0.0,0.15469,0.0,0.06473999999999999
2025-05-07 06:05:00,Aurelia F204,0.02917,0.0,0.0,0.0,0.0,0.12706,0.00023,0.02818,0.0,0.01677,0.024399999999999998,0.0,0.0,0.0,0.0,0.1527,0.0,0.06494
2025-05-07 06:10:00,Aurelia F204,0.02922,0.0,0.0,0.0,0.0,0.12588,0.00041999999999999996,0.02813,0.0,0.01677,0.02268,0.0,0.0,0.0,0.0,0.14987,0.0,0.06484999999999999
2025-05-07 06:15:00,Aurelia F204,0.07769,0.0,0.0,0.0,0.0,0.12481,0.05004,0.02811,0.0,0.01666,0.02182,0.0,0.0,0.0,0.0,0.14806,0.0,0.06448000000000001
2025-05-07 06:20:00,Aurelia F204,0.08416,0.0,0.01796,0.0,0.0,0.00467,0.05652,0.02811,0.0,0.016649999999999998,0.02135,0.0,0.0,0.0,0.0,0.02729,0.0,0.08353000000000001
2025-05-07 06:25:00,Aurelia F204,0.08481,0.0,0.0,0.0,0.0,0.0047,0.05727,0.028120000000000003,0.0,0.01682,0.021,0.0,0.0,0.0,0.0,0.02689,0.0,0.06425
2025-05-07 06:30:00,Aurelia F204,0.08285,0.0,0.0,0.0,0.0,0.00471,0.055130000000000005,0.02813,0.0,0.06895,0.0237,0.0,0.0,0.0,0.0,0.02958,0.0,0.11708
2025-05-07 06:35:00,Aurelia F204,0.13475,0.0,0.0,0.0,0.0,0.0,0.10711,0.0282,0.0,0.0678,0.0249,0.0,0.0,0.0,0.0,0.02639,0.0,0.11549
2025-05-07 06:40:00,Aurelia F204,0.10291,0.0,0.0,0.0,0.0,0.0,0.10311,0.0,0.0,0.04974,0.02293,0.0,0.0,0.0,0.0,0.02445,0.0,0.09723000000000001
2025-05-07 06:45:00,Aurelia F204,0.10092,0.0,0.0,0.0,0.0,0.0,0.10113,0.0,0.0,0.0,0.05911,0.0,0.0,0.0,0.0,0.06025,0.0,0.014070000000000001
2025-05-07 06:50:00,Aurelia F204,0.0995,0.0,0.0,0.0,0.0,0.0,0.09976,0.0,0.0,0.0,0.045439999999999994,0.0,0.0,0.0,0.0,0.046630000000000005,0.0,0.014
2025-05-07 06:55:00,Aurelia F204,0.0978,0.0,0.0,0.0,0.0,0.0,0.09784999999999999,0.0,0.0,0.0,0.04436,0.0,0.0,0.0,0.0,0.045219999999999996,0.0,0.01446
2025-05-07 07:00:00,Aurelia F204,0.09376000000000001,0.0,0.0,0.0,0.0,0.0,0.09395999999999999,0.0,0.0,0.0,0.044340000000000004,0.0,0.0,0.0,0.0,0.04554,0.0,0.014039999999999999
2025-05-07 07:05:00,Aurelia F204,0.09337000000000001,0.0,0.0,0.0,0.0,0.0,0.09369,0.0,0.0,0.0,0.04503,0.0,0.0,0.0,0.0,0.04597,0.0,0.01455
2025-05-07 07:10:00,Aurelia F204,0.09246,0.0,0.0,0.0,0.0,0.0,0.09273,0.0,0.0,0.0,0.04443,0.0,0.0,0.0,0.0,0.04553,0.0,0.01385
2025-05-07 07:15:00,Aurelia F204,0.09154000000000001,0.0,0.0,0.0,0.0,0.0,0.09179999999999999,0.0,0.0,0.0,0.04389,0.0,0.0,0.0,0.0,0.045079999999999995,0.0,0.014150000000000001
2025-05-07 07:20:00,Aurelia F204,0.09126999999999999,0.0,0.0,0.0,0.0,0.0,0.09145,0.0,0.0,0.0,0.044090000000000004,0.0,0.0,0.0,0.0,0.045270000000000005,0.0,0.013980000000000001
2025-05-07 07:25:00,Aurelia F204,0.09042,0.0,0.0,0.0,0.0,0.0,0.09065999999999999,0.0,0.0,0.0,0.04441,0.0,0.0,0.0,0.0,0.04568,0.0,0.01391
2025-05-07 07:30:00,Aurelia F204,0.08868000000000001,0.0,0.0,0.0,0.0,0.0,0.08899,0.0,0.0,0.0,0.04441,0.0,0.0,0.0,0.0,0.04572,0.0,0.01393
2025-05-07 07:35:00,Aurelia F204,0.08734,0.0,0.0,0.0,0.0,0.0,0.08755,0.0,0.0,0.0,0.04421,0.0,0.0,0.0,0.0,0.04556,0.0,0.01405
2025-05-07 07:40:00,Aurelia F204,0.08761,0.0,0.0,0.0,0.0,0.0,0.08786,0.0,0.0,0.0,0.04389,0.0,0.0,0.0,0.0,0.04494,0.0,0.01393
2025-05-07 07:45:00,Aurelia F204,0.08706,0.0,0.0,0.0,0.0,0.0,0.08731,0.0,0.0,0.0,0.04387,0.0,0.0,0.0,0.0,0.04494,0.0,0.014029999999999999
2025-05-07 07:50:00,Aurelia F204,0.08778,0.0,0.0,0.0,0.0,0.0,0.08809,0.0,0.0,0.0,0.044520000000000004,0.0,0.0,0.0,0.0,0.045770000000000005,0.0,0.014039999999999999
2025-05-07 07:55:00,Aurelia F204,0.08687,0.0,0.0,0.0,0.0,0.0,0.08716,0.0,0.0,0.0,0.044789999999999996,0.0,0.0,0.0,0.0,0.046189999999999995,0.0,0.014369999999999999
2025-05-07 08:00:00,Aurelia F204,0.08741,0.0,0.0,0.0,0.0,0.0,0.08763,0.0,0.0,0.0,0.04412,0.0,0.0,0.0,0.0,0.04536,0.0,0.01396
2025-05-07 08:05:00,Aurelia F204,0.08710999999999999,0.0,0.0,0.0,0.0,0.0,0.08744,0.0,0.0,0.0,0.04007,0.0,0.0,0.0,0.0,0.04147,0.0,0.013890000000000001
2025-05-07 08:10:00,Aurelia F204,0.08655,0.0,0.0,0.0,0.0,0.0,0.08685999999999999,0.0,0.0,0.0,0.03263,0.0,0.0,0.0,0.0,0.03425,0.0,0.014029999999999999
2025-05-07 08:15:00,Aurelia F204,0.08647,0.0,0.0,0.0,0.0,0.0,0.08682,0.0,0.0,0.0,0.0325,0.0,0.0,0.0,0.0,0.03402,0.0,0.01419
2025-05-07 08:20:00,Aurelia F204,0.09639,0.0,0.0,0.0,0.0,0.0,0.09665,0.0,0.0,0.0,0.03251,0.0,0.0,0.0,0.0,0.034,0.0,0.013900000000000001
2025-05-07 08:25:00,Aurelia F204,0.09284,0.0,0.0,0.0,0.0,0.0,0.09312999999999999,0.0,0.0,0.0,0.03198,0.0,0.0,0.0,0.0,0.033460000000000004,0.0,0.01413
2025-05-07 08:30:00,Aurelia F204,0.08975,0.0,0.0,0.0,0.0,0.0,0.0901,0.0,0.0,0.0,0.03185,0.0,0.0,0.0,0.0,0.03336,0.0,0.01397
2025-05-07 08:35:00,Aurelia F204,0.08878,0.0,0.0,0.0,0.0,0.0,0.089,0.0,0.0,0.0,0.032229999999999995,0.0,0.0,0.0,0.0,0.03362,0.0,0.01451
2025-05-07 08:40:00,Aurelia F204,0.11314,0.0,0.0,0.0,0.0,0.0,0.08509,0.028480000000000002,0.0,0.0,0.03215,0.0,0.0,0.0,0.0,0.03358,0.0,0.014320000000000001
2025-05-07 08:45:00,Aurelia F204,0.12153,0.0,0.0,0.0,0.0,0.0,0.09369,0.028329999999999998,0.0,0.0,0.03191,0.0,0.0,0.0,0.0,0.03338,0.0,0.01402
2025-05-07 08:50:00,Aurelia F204,0.09239,0.0,0.0,0.0,0.0,0.0,0.09259999999999999,0.0,0.0,0.0,0.03211,0.0,0.0,0.0,0.0,0.03368,0.0,0.01427
2025-05-07 08:55:00,Aurelia F204,0.09146,0.0,0.0,0.0,0.0,0.0,0.09168000000000001,0.0,0.0,0.0,0.032049999999999995,0.0,0.0,0.0,0.0,0.03352,0.0,0.01399
2025-05-07 09:00:00,Aurelia F204,0.09068999999999999,0.0,0.0,0.0,0.0,0.0,0.091,0.0,0.0,0.0,0.03196,0.0,0.0,0.0,0.0,0.033460000000000004,0.0,0.013980000000000001
2025-05-07 09:05:00,Aurelia F204,0.09158,0.0,0.0,0.0,0.0,0.0,0.09179999999999999,0.0,0.0,0.0,0.033280000000000004,0.0,0.0,0.0,0.0,0.03477,0.0,0.014
2025-05-07 09:10:00,Aurelia F204,0.09054000000000001,0.0,0.0,0.0,0.0,0.0,0.09071,0.0,0.0,0.0,0.033170000000000005,0.0,0.0,0.0,0.0,0.03463,0.0,0.0144
2025-05-07 09:15:00,Aurelia F204,0.09076999999999999,0.0,0.0,0.0,0.0,0.0,0.09104000000000001,0.0,0.0,0.0,0.033159999999999995,0.0,0.0,0.0,0.0,0.03455,0.0,0.014070000000000001
2025-05-07 09:20:00,Aurelia F204,0.09081,0.0,0.0,0.0,0.0,0.0,0.09106,0.0,0.0,0.0,0.03297,0.0,0.0,0.0,0.0,0.03447,0.0,0.01426
2025-05-07 09:25:00,Aurelia F204,0.09076999999999999,0.0,0.0,0.0,0.0,0.0,0.09097,0.0,0.0,0.0,0.09420999999999999,0.0,0.0,0.0,0.0,0.09558,0.0,0.01391
2025-05-07 09:30:00,Aurelia F204,0.09002,0.0,0.0,0.0,0.0,0.0,0.09058,0.0,0.0,0.0,0.09437999999999999,0.0,0.0,0.0,0.0,0.09595000000000001,0.0,0.014119999999999999
2025-05-07 09:35:00,Aurelia F204,0.08968000000000001,0.0,0.0,0.0,0.0,0.0,0.08984,0.0,0.0,0.0,0.0933,0.0,0.0,0.0,0.0,0.0947,0.0,0.014039999999999999
2025-05-07 09:40:00,Aurelia F204,0.10973000000000001,0.0,0.0,0.0,0.0,0.0,0.08183,0.02841,0.0,0.01704,0.06751,0.0,0.0,0.0,0.0,0.06906999999999999,0.0,0.03203
2025-05-07 09:45:00,Aurelia F204,0.10831,0.0,0.0,0.0,0.0,0.0,0.08045999999999999,0.02834,0.0,0.02166,0.06659000000000001,0.0,0.0,0.0,0.0,0.06815,0.0,0.03687
2025-05-07 09:50:00,Aurelia F204,0.10717,0.0,0.03746,0.0,0.0,0.0,0.07956999999999999,0.0282,0.0,0.02152,0.09675,0.0,0.0,0.0,0.0,0.0984,0.0,0.07506
2025-05-07 09:55:00,Aurelia F204,0.11447,0.0,0.037020000000000004,0.0,0.00851,0.0,0.07805,0.02811,0.0,0.02156,0.09334,0.0,0.0,0.0,0.0,0.09479000000000001,0.0,0.07456
2025-05-07 10:00:00,Aurelia F204,0.1143,0.0,0.03687,0.0,0.008320000000000001,0.0,0.07815000000000001,0.02813,0.0,0.02152,0.11826,0.0,0.0,0.0,0.0,0.1197,0.0,0.07435
2025-05-07 10:05:00,Aurelia F204,0.037689999999999994,0.0,0.03686,0.0,0.00833,0.0,0.00039,0.02811,0.0,0.02141,0.1123,0.0,0.0,0.0,0.0,0.11381999999999999,0.0,0.07418999999999999
2025-05-07 10:10:00,Aurelia F204,0.03779,0.0,0.11646,0.0,0.00835,0.0,0.00035,0.02813,0.0,0.02139,0.11045999999999999,0.0,0.0,0.0,0.0,0.11193,0.0,0.15375
2025-05-07 10:15:00,Aurelia F204,0.11465,0.0,0.0,0.0,0.008320000000000001,0.0,0.00069,0.10504000000000001,0.0,0.07487,0.07266,0.0,0.0,0.0,0.0,0.07435,0.0,0.16548
2025-05-07 10:20:00,Aurelia F204,0.11291,0.0,0.0,0.0,0.00835,0.0,0.00045,0.10331,0.0,0.07427,0.06764,0.0,0.0,0.0,0.0,0.06928,0.0,0.16241
2025-05-07 10:25:00,Aurelia F204,0.11320999999999999,0.0,0.0,0.0,0.00838,0.0,0.00035999999999999997,0.10369,0.0,0.07422,0.03315,0.0,0.0,0.0,0.0,0.03462,0.0,0.1616
2025-05-07 10:30:00,Aurelia F204,0.11325,0.0,0.0,0.0,0.00847,0.0,0.00033,0.10352,0.0,0.07351,0.03289,0.0,0.0,0.0,0.0,0.0344,0.0,0.15954
2025-05-07 10:35:00,Aurelia F204,0.11386,0.0,0.0,0.0,0.00841,0.0,0.00026000000000000003,0.10434,0.0,0.07341,0.03269,0.0,0.0,0.0,0.0,0.03425,0.0,0.15846000000000002
2025-05-07 10:40:00,Aurelia F204,5e-05,0.0,0.0,0.0,0.0,0.0,0.00062,0.0,0.0,0.0,0.03283,0.0,0.0,0.0,0.0,0.034390000000000004,0.0,0.08413
2025-05-07 10:45:00,Aurelia F204,0.0,0.0,0.0,0.0,0.0,0.0,0.00047999999999999996,0.0,0.0,0.0,0.033049999999999996,0.0,0.0,0.0,0.0,0.03459,0.0,0.08401
2025-05-07 10:50:00,Aurelia F204,0.03258,0.0,0.0,0.0,0.0,0.0,0.03297,0.0,0.0,0.0,0.03325,0.0,0.0,0.0,0.0,0.03484,0.0,0.08427
2025-05-07 10:55:00,Aurelia F204,0.09692,0.0,0.0,0.0,0.00858,0.0,0.08843999999999999,0.0,0.0,0.06164,0.06373,0.0,0.0,0.0,0.0,0.06514,0.0,0.10851000000000001
2025-05-07 11:00:00,Aurelia F204,0.084,0.0,0.0,0.0,0.0,0.0,0.08429,0.0,0.0,0.060520000000000004,0.06371,0.0,0.0,0.0,0.0,0.06518,0.0,0.10976999999999999
2025-05-07 11:05:00,Aurelia F204,0.08308,0.0,0.0,0.0,0.0,0.0,0.0834,0.0,0.0,0.059969999999999996,0.06306,0.0,0.0,0.0,0.0,0.06437999999999999,0.0,0.10719
2025-05-07 11:10:00,Aurelia F204,0.11239,0.0,0.0,0.0,0.0,0.0,0.08423,0.028820000000000002,0.0,0.0,0.06379,0.0,0.0,0.0,0.0,0.06520000000000001,0.0,0.01644
2025-05-07 11:15:00,Aurelia F204,0.08223,0.0,0.0,0.0,0.0,0.0,0.08245999999999999,0.0,0.0,0.0,0.06378,0.0,0.0,0.0,0.0,0.06519,0.0,0.01391
2025-05-07 11:20:00,Aurelia F204,0.08269,0.0,0.0,0.0,0.0,0.0,0.083,0.0,0.0,0.0,0.06448999999999999,0.0,0.0,0.0,0.0,0.06597,0.0,0.0146
2025-05-07 11:25:00,Aurelia F204,0.08128,0.0,0.0,0.0,0.0,0.0,0.08161,0.0,0.0,0.0,0.06494,0.0,0.0,0.0,0.0,0.06641,0.0,0.013980000000000001
2025-05-07 11:30:00,Aurelia F204,0.08222,0.0,0.0,0.0,0.0,0.0,0.08256000000000001,0.0,0.0,0.0,0.06503,0.0,0.0,0.00875,0.0,0.07529000000000001,0.0,0.014060000000000001
2025-05-07 11:35:00,Aurelia F204,0.08134999999999999,0.0,0.0,0.0,0.0,0.0,0.08155,0.0,0.0,0.0,0.06503,0.0,0.0,0.00867,0.0,0.07518000000000001,0.0,0.014119999999999999
2025-05-07 11:40:00,Aurelia F204,0.08048000000000001,0.0,0.0,0.0,0.0,0.0,0.08073999999999999,0.0,0.0,0.0,0.02871,0.0,0.0,0.0,0.0,0.03039,0.0,0.01418
2025-05-07 11:45:00,Aurelia F204,0.10886,0.0,0.0,0.0,0.0,0.0,0.08109999999999999,0.02834,0.0,0.0,0.02881,0.0,0.0,0.0,0.0,0.030350000000000002,0.0,0.014070000000000001
2025-05-07 11:50:00,Aurelia F204,0.86876,0.0,0.0,0.0,0.0,0.0,0.64616,0.22627999999999998,0.0,0.0,0.23015999999999998,0.0,0.0,0.0,0.0,0.24268,0.0,0.11352
2025-05-07 11:55:00,Aurelia F204,0.09820999999999999,0.0,0.0,0.0,0.0,0.0,0.07052,0.02823,0.0,0.0,-1e-05,0.0,0.0,0.0,0.0,0.0,0.0,0.01417
2025-05-07 12:00:00,Aurelia F204,0.07132,0.0,0.0,0.0,0.0,0.0,0.07174,0.0,0.0,0.01695,-4e-05,0.0,0.0,0.0,0.0,0.0,0.0,0.13240000000000002
2025-05-07 12:05:00,Aurelia F204,0.06817000000000001,0.0,0.0,0.0,0.0,0.0,0.0683,0.0,0.0,0.01692,-0.00011999999999999999,0.0,0.0,0.0,0.0,0.0,0.0,0.13455
2025-05-07 12:10:00,Aurelia F204,0.06819,0.0,0.0,0.0,0.0,0.0,0.0685,0.0,0.0,0.01685,-5.9999999999999995e-05,0.0,0.0,0.0,0.0,0.0,0.0,0.13216999999999998
2025-05-07 12:15:00,Aurelia F204,0.068,0.0,0.0,0.0,0.0,0.0,0.06829,0.0,0.0,0.01672,-4e-05,0.0,0.0,0.0,0.0,0.0,0.0,0.13085
2025-05-07 12:20:00,Aurelia F204,1e-05,0.0,0.0,0.0,0.0,0.0,0.00064,0.0,0.0,0.01691,-2e-05,0.0,0.0,0.0,0.0,0.0,0.0,0.13131
2025-05-07 12:25:00,Aurelia F204,2e-05,0.0,0.0,0.0,0.0,0.0,0.0004,0.0,0.0,0.0169,0.0,0.0,0.0,0.0,0.0,0.0,0.0,0.1308
2025-05-07 12:30:00,Aurelia F204,0.0,0.0,0.0,0.0,0.0,0.0,0.00049,0.0,0.0,0.01684,-1e-05,0.0,0.0,0.0,0.0,0.0,0.0,0.12868000000000002
2025-05-07 12:35:00,Aurelia F204,2e-05,0.0,0.0,0.0,0.0,0.0,0.00029,0.0,0.0,0.07221,0.0,0.0,0.0,0.0,0.0,0.0,0.0,0.18017
2025-05-07 12:40:00,Aurelia F204,0.0,0.0,0.0,0.0,0.0,0.0,0.00015,0.0,0.0,0.07004,0.0,0.0,0.0,0.0,0.0,0.0,0.0,0.17658000000000001
2025-05-07 12:45:00,Aurelia F204,4e-05,0.0,0.0,0.0,0.0,0.0,0.00026000000000000003,0.0,0.0,0.0695,0.0,0.0,0.0,0.0,0.0,0.0,0.0,0.1775
2025-05-07 12:50:00,Aurelia F204,0.0,0.0,0.0,0.0,0.0,0.0,0.00026000000000000003,0.0,0.0,0.06911,0.0,0.0,0.0,0.0,0.0,0.0,0.0,0.17828
2025-05-07 12:55:00,Aurelia F204,0.0,0.0,0.0,0.0,0.0,0.0,0.00033,0.0,0.0,0.06901,-8.999999999999999e-05,0.0,0.0,0.0,0.0,0.0,0.0,0.17928
2025-05-07 13:00:00,Aurelia F204,1e-05,0.0,0.0,0.0,0.0,0.0,0.00034,0.0,0.0,0.06944,-2e-05,0.0,0.0,0.0,0.0,0.0,0.0,0.17675
2025-05-07 13:05:00,Aurelia F204,0.0718,0.0,0.0,0.0,0.0,0.0,0.07218000000000001,0.0,0.0,0.06914000000000001,-5.9999999999999995e-05,0.0,0.0,0.0,0.0,0.0,0.0,0.1794
2025-05-07 13:10:00,Aurelia F204,0.08523,0.0,0.0,0.0,0.0,0.0,0.08563,0.0,0.0,0.06909,-2e-05,0.0,0.0,0.0,0.0,0.0,0.0,0.17968
2025-05-07 13:15:00,Aurelia F204,0.08318,0.0,0.0,0.0,0.0,0.0,0.08352,0.0,0.0,0.06914000000000001,-4e-05,0.0,0.0,0.0,0.0,0.0,0.0,0.1794
2025-05-07 13:20:00,Aurelia F204,0.08168,0.0,0.0,0.0,0.0,0.0,0.08205,0.0,0.0,0.06915,-1e-05,0.0,0.0,0.0,0.0,0.0,0.0,0.17997
2025-05-07 13:25:00,Aurelia F204,0.08181999999999999,0.0,0.0,0.0,0.0,0.0,0.08209999999999999,0.0,0.0,0.12831,0.0,0.0,0.0,0.0,0.0,0.0,0.0,0.23912
2025-05-07 13:30:00,Aurelia F204,0.08197,0.0,0.0,0.0,0.0,0.0,0.08233,0.0,0.0,0.12924000000000002,0.0,0.0,0.0,0.0,0.0,0.0,0.0,0.23983000000000002
2025-05-07 13:35:00,Aurelia F204,0.08138,0.0,0.0,0.0,0.0,0.0,0.08163,0.0,0.0,0.12779000000000001,-1e-05,0.0,0.0,0.0,0.0,0.0,0.0,0.23781
2025-05-07 13:40:00,Aurelia F204,0.08073000000000001,0.0,0.0,0.0,0.0,0.0,0.08106000000000001,0.0,0.0,0.12727,-5.9999999999999995e-05,0.0,0.0,0.0,0.0,0.0,0.0,0.23698
2025-05-07 13:45:00,Aurelia F204,0.08055,0.0,0.0,0.0,0.0,0.0,0.08081999999999999,0.0,0.0,0.12929,0.0,0.0,0.0,0.0,0.0,0.0,0.0,0.23905
2025-05-07 13:50:00,Aurelia F204,0.07986,0.0,0.0,0.0,0.0,0.0,0.08020000000000001,0.0,0.0,0.12192,-5.9999999999999995e-05,0.0,0.0,0.0,0.0,0.0,0.0,0.2312
2025-05-07 13:55:00,Aurelia F204,0.08138,0.0,0.0,0.0,0.0,0.0,0.08163,0.0,0.0,0.12354000000000001,0.0,0.0,0.0,0.0,0.0,0.0,0.0,0.23261
2025-05-07 14:00:00,Aurelia F204,0.07024,0.0,0.0,0.0,0.0,0.0,0.07051,0.0,0.0,0.11863,-1e-05,0.0,0.0,0.0,0.0,0.0,0.0,0.22822
2025-05-07 14:05:00,Aurelia F204,0.07001,0.0,0.0,0.0,0.0,0.0,0.07027,0.0,0.0,0.11338,-1e-05,0.0,0.0,0.0,0.0,0.0,0.0,0.22179
2025-05-07 14:10:00,Aurelia F204,0.06946,0.0,0.0,0.0,0.0,0.0,0.0697,0.0,0.0,0.10775,0.0,0.0,0.0,0.0,0.0,0.0,0.0,0.21578999999999998
2025-05-07 14:15:00,Aurelia F204,2e-05,0.0,0.0,0.0,0.0,0.0,0.0004,0.0,0.0,0.10556,0.0,0.0,0.0,0.0,0.0,0.0,0.0,0.21252000000000001
2025-05-07 14:20:00,Aurelia F204,2e-05,0.0,0.0,0.0,0.0,0.0,0.00032,0.0,0.0,0.10339,-1e-05,0.0,0.0,0.0,0.0,0.0,0.0,0.21069
2025-05-07 14:25:00,Aurelia F204,5e-05,0.0,0.0,0.0,0.0,0.0,0.00027,0.0,0.0,0.06584999999999999,-1e-05,0.0,0.0,0.0,0.0,0.0,0.0,0.17297
2025-05-07 14:30:00,Aurelia F204,0.0,0.0,0.0,0.0,0.0,0.0,0.00025,0.0,0.0,0.06604,-1e-05,0.0,0.0,0.0,0.0,0.0,0.0,0.17312
2025-05-07 14:35:00,Aurelia F204,2e-05,0.0,0.0,0.0,0.0,0.0,0.00027,0.0,0.0,0.06587,-1e-05,0.0,0.0,0.0,0.0,0.0,0.0,0.17329
2025-05-07 14:40:00,Aurelia F204,0.0,0.0,0.0,0.0,0.0,0.0,0.00020999999999999998,0.0,0.0,0.06523999999999999,0.0,0.0,0.0,0.0,0.0,0.0,0.0,0.17233
2025-05-07 14:45:00,Aurelia F204,0.0,0.0,0.0,0.0,0.0,0.0,0.00025,0.0,0.0,0.06517,0.0,0.0,0.0,0.0,0.0,0.0,0.0,0.1702
2025-05-07 14:50:00,Aurelia F204,1e-05,0.0,0.0,0.0,0.0,0.0,0.00027,0.0,0.0,0.06523000000000001,0.0,0.0,0.0,0.0,0.0,0.0,0.0,0.17119
2025-05-07 14:55:00,Aurelia F204,0.0,0.0,0.0,0.0,0.0,0.0,0.00020999999999999998,0.0,0.0,0.12503,0.0,0.0,0.0,0.0,0.0,0.0,0.0,0.23233
2025-05-07 15:00:00,Aurelia F204,5e-05,0.0,0.0,0.0,0.0,0.0,0.0003,0.0,0.0,0.10876999999999999,0.0,0.0,0.0,0.0,0.0,0.0,0.0,0.21639
2025-05-07 15:05:00,Aurelia F204,0.0,0.0,0.0,0.0,0.0,0.0,0.00041,0.0,0.0,0.10229,-1e-05,0.0,0.0,0.0,0.0,0.0,0.0,0.20867
2025-05-07 15:10:00,Aurelia F204,0.10682,0.0,0.0,0.0,0.0,0.0,0.04204,0.06523000000000001,0.0,0.0948,0.0,0.0,0.0,0.0,0.0,0.0,0.0,0.20111
2025-05-07 15:15:00,Aurelia F204,0.12078,0.0,0.0,0.0,0.0,0.0,0.05792,0.06338,0.0,0.09001,0.0,0.0,0.0,0.0,0.0,0.0,0.0,0.19631
2025-05-07 15:20:00,Aurelia F204,0.1509,0.0,0.0,0.0,0.0,0.0,0.08891,0.06247,0.0,0.08669,0.0,0.0,0.0,0.0,0.0,0.0,0.0,0.19229
2025-05-07 15:25:00,Aurelia F204,0.12126,0.0,0.0,0.0,0.0,0.0,0.08782999999999999,0.03377,0.0,0.04728,0.0,0.0,0.0,0.0,0.0,0.0,0.0,0.15072
2025-05-07 15:30:00,Aurelia F204,0.08496,0.0,0.0,0.0,0.0,0.0,0.08518,0.0,0.0,0.0,0.0345,0.0,0.0,0.0,0.0,0.03597,0.0,0.011009999999999999
2025-05-07 15:35:00,Aurelia F204,0.08436,0.0,0.0,0.0,0.0,0.0,0.08458,0.0,0.0,0.0,0.03375,0.0,0.0,0.0,0.0,0.0352,0.0,0.01109
2025-05-07 15:40:00,Aurelia F204,0.08291,0.0,0.0,0.0,0.0,0.0,0.08329,0.0,0.0,0.0,0.033299999999999996,0.0,0.0,0.0,0.0,0.03478,0.0,0.01086
2025-05-07 15:45:00,Aurelia F204,0.08276,0.0,0.0,0.0,0.0,0.0,0.083,0.0,0.0,0.0,0.03337,0.0,0.0,0.0,0.0,0.03483,0.0,0.010960000000000001
2025-05-07 15:50:00,Aurelia F204,0.08245000000000001,0.0,0.0,0.0,0.0,0.0,0.08265,0.0,0.0,0.0,0.03324,0.0,0.0,0.0,0.0,0.03473,0.0,0.01083
2025-05-07 15:55:00,Aurelia F204,0.08209999999999999,0.0,0.0,0.0,0.0,0.0,0.08256999999999999,0.0,0.0,0.0,0.03331,0.0,0.0,0.0,0.0,0.03473,0.0,0.011269999999999999
2025-05-07 16:00:00,Aurelia F204,0.08138,0.0,0.0,0.0,0.0,0.0,0.08162,0.0,0.0,0.0,0.033280000000000004,0.0,0.0,0.0,0.0,0.034820000000000004,0.0,0.01094
2025-05-07 16:05:00,Aurelia F204,0.08244,0.0,0.0,0.0,0.0,0.0,0.08264,0.0,0.0,0.0,0.03318,0.0,0.0,0.0,0.0,0.03463,0.0,0.01103
2025-05-07 16:10:00,Aurelia F204,0.08175,0.0,0.0,0.0,0.0,0.0,0.08202,0.0,0.0,0.0,0.03333,0.0,0.0,0.0,0.0,0.03478,0.0,0.01123
2025-05-07 16:15:00,Aurelia F204,0.08094,0.0,0.0,0.0,0.0,0.0,0.08134000000000001,0.0,0.0,0.0,0.03343,0.0,0.0,0.0,0.0,0.03498,0.0,0.011009999999999999
2025-05-07 16:20:00,Aurelia F204,0.08153,0.0,0.0,0.0,0.0,0.0,0.08178,0.0,0.0,0.02178,0.04086,0.0,0.0,0.0,0.0,0.04224,0.0,0.03354
2025-05-07 16:25:00,Aurelia F204,0.08086,0.0,0.0,0.0,0.0,0.0,0.08120999999999999,0.0,0.0,0.02151,0.04134,0.0,0.0,0.0,0.0,0.04279,0.0,0.03357
2025-05-07 16:30:00,Aurelia F204,0.08045000000000001,0.0,0.0,0.0,0.0,0.0,0.08078,0.0,0.0,0.02139,0.04156,0.0,0.0,0.0,0.0,0.04292,0.0,0.03347
2025-05-07 16:35:00,Aurelia F204,0.08051,0.0,0.0,0.0,0.0,0.0,0.08087000000000001,0.0,0.0,0.02132,0.041409999999999995,0.0,0.0,0.0,0.0,0.04278,0.0,0.03333
2025-05-07 16:40:00,Aurelia F204,0.08052,0.0,0.0,0.0,0.0,0.0,0.08083,0.0,0.0,0.02134,0.04184,0.0,0.0,0.0,0.0,0.04306,0.0,0.03321
2025-05-07 16:45:00,Aurelia F204,0.07986,0.0,0.0,0.0,0.0,0.0,0.08012999999999999,0.0,0.0,0.02134,0.04155,0.0,0.0,0.0,0.0,0.04291,0.0,0.033280000000000004
2025-05-07 16:50:00,Aurelia F204,0.08019,0.0,0.0,0.0,0.0,0.0,0.08048999999999999,0.0,0.0,0.02138,0.04156,0.0,0.0,0.0,0.0,0.04301,0.0,0.033229999999999996
2025-05-07 16:55:00,Aurelia F204,0.08052,0.0,0.0,0.0,0.0,0.0,0.08081999999999999,0.0,0.0,0.02141,0.09376000000000001,0.0,0.0,0.0,0.0,0.09523000000000001,0.0,0.033460000000000004
2025-05-07 17:00:00,Aurelia F204,0.08178,0.0,0.0,0.0,0.0,0.0,0.08217,0.0,0.0,0.016890000000000002,0.006019999999999999,0.0,0.0,0.0,0.0,0.0074199999999999995,0.0,0.03197
2025-05-07 17:05:00,Aurelia F204,0.08039,0.0,0.0,0.0,0.0,0.0,0.08069,0.0,0.0,0.0169,0.006019999999999999,0.0,0.0,0.0,0.0,0.00751,0.0,0.0318
2025-05-07 17:10:00,Aurelia F204,0.13424,0.0,0.0,0.0,0.0,0.0,0.13458,0.0,0.0,0.01693,0.00601,0.0,0.0,0.0,0.0,0.007549999999999999,0.0,0.03186
2025-05-07 17:15:00,Aurelia F204,0.13394999999999999,0.0,0.0,0.0,0.0,0.0,0.13431,0.0,0.0,0.0169,0.0060999999999999995,0.0,0.0,0.0,0.0,0.00756,0.0,0.0317
2025-05-07 17:20:00,Aurelia F204,0.13365000000000002,0.0,0.0,0.0,0.0,0.0,0.13398,0.0,0.0,0.0169,0.00604,0.0,0.0,0.0,0.0,0.00756,0.0,0.03214
2025-05-07 17:25:00,Aurelia F204,0.13213,0.0,0.0,0.0,0.0,0.0,0.13244999999999998,0.0,0.0,0.01695,0.0059299999999999995,0.0,0.0,0.0,0.0,0.00723,0.0,0.03188
2025-05-07 17:30:00,Aurelia F204,0.13122,0.0,0.0,0.0,0.0,0.0,0.13163,0.0,0.0,0.016890000000000002,0.0059299999999999995,0.0,0.0,0.0,0.0,0.00728,0.0,0.032159999999999994
2025-05-07 17:35:00,Aurelia F204,0.13158,0.0,0.0,0.0,0.0,0.0,0.13183,0.0,0.0,0.016800000000000002,0.00591,0.0,0.0,0.0,0.0,0.00735,0.0,0.03189
2025-05-07 17:40:00,Aurelia F204,0.1306,0.0,0.0,0.0,0.0,0.0,0.13091,0.0,0.0,0.01684,0.00591,0.0,0.0,0.0,0.0,0.00735,0.0,0.0318
2025-05-07 17:45:00,Aurelia F204,0.13008,0.0,0.0,0.0,0.0,0.0,0.13041999999999998,0.0,0.0,0.01688,0.005900000000000001,0.0,0.0,0.0,0.0,0.00741,0.0,0.03175
2025-05-07 17:50:00,Aurelia F204,0.1315,0.0,0.0,0.0,0.0,0.0,0.13179,0.0,0.0,0.01685,0.00597,0.0,0.0,0.0,0.0,0.0074199999999999995,0.0,0.03188
2025-05-07 17:55:00,Aurelia F204,0.13183,0.0,0.0,0.0,0.0,0.0,0.1321,0.0,0.0,0.01685,0.00597,0.0,0.0,0.0,0.0,0.00735,0.0,0.03183
2025-05-07 18:00:00,Aurelia F204,1e-05,0.0,0.0,0.0,0.0,0.0,0.00057,0.0,0.0,0.01691,0.00597,0.0,0.0,0.0,0.0,0.00744,0.0,0.03171
2025-05-07 18:05:00,Aurelia F204,0.00019,0.0,0.0,0.0,0.0,0.0,0.00054,0.0,0.0,0.016890000000000002,0.00598,0.0,0.0,0.0,0.0,0.00734,0.0,0.03173
2025-05-07 18:10:00,Aurelia F204,0.04546,0.0,0.0,0.0,0.0,0.0,0.04575,0.0,0.0,0.016890000000000002,0.00596,0.0,0.0,0.0,0.0,0.0074199999999999995,0.0,0.03171
2025-05-07 18:15:00,Aurelia F204,0.053380000000000004,0.0,0.0,0.0,0.0,0.0,0.05366,0.0,0.0,0.01676,0.006,0.0,0.0,0.0,0.0,0.00736,0.0,0.03181
2025-05-07 18:20:00,Aurelia F204,0.05391,0.0,0.0,0.0,0.0,0.0,0.054229999999999993,0.0,0.0,0.01692,0.00598,0.0,0.0,0.0,0.0,0.00749,0.0,0.0319
2025-05-07 18:25:00,Aurelia F204,0.05348,0.0,0.0,0.0,0.0,0.0,0.053840000000000006,0.0,0.0,0.01693,0.0059299999999999995,0.0,0.0,0.0,0.0,0.00749,0.0,0.03177
2025-05-07 18:30:00,Aurelia F204,0.05321,0.0,0.0,0.0,0.0,0.0,0.053450000000000004,0.0,0.0,0.016829999999999998,0.006030000000000001,0.0,0.0,0.0,0.0,0.00733,0.0,0.0317
2025-05-07 18:35:00,Aurelia F204,0.05269,0.0,0.0,0.0,0.0,0.0,0.053020000000000005,0.0,0.0,0.0169,0.00597,0.0,0.0,0.0,0.0,0.00733,0.0,0.03175
2025-05-07 18:40:00,Aurelia F204,0.05239,0.0,0.0,0.0,0.0,0.0,0.05257,0.0,0.0,0.016829999999999998,0.00591,0.0,0.0,0.0,0.0,0.00736,0.0,0.03203
2025-05-07 18:45:00,Aurelia F204,0.05214,0.0,0.0,0.0,0.0,0.0,0.05241,0.0,0.0,0.01695,0.005860000000000001,0.0,0.0,0.0,0.0,0.00745,0.0,0.03183
2025-05-07 18:50:00,Aurelia F204,0.0516,0.0,0.0,0.0,0.0,0.0,0.051789999999999996,0.0,0.0,0.0169,0.00597,0.0,0.0,0.0,0.0,0.00747,0.0,0.03195
2025-05-07 18:55:00,Aurelia F204,0.051859999999999996,0.0,0.0,0.0,0.0,0.0,0.052219999999999996,0.0,0.0,0.01684,0.00597,0.0,0.0,0.0,0.0,0.00744,0.0,0.032130000000000006
2025-05-07 19:00:00,Aurelia F204,0.051340000000000004,0.0,0.0,0.0,0.0,0.0,0.05164,0.0,0.0,0.01684,0.00594,0.0,0.0,0.0,0.0,0.00738,0.0,0.0322
2025-05-07 19:05:00,Aurelia F204,0.05082,0.0,0.0,0.0,0.0,0.0,0.05114,0.0,0.0,0.01685,0.00596,0.0,0.0,0.0,0.0,0.00736,0.0,0.03182
2025-05-07 19:10:00,Aurelia F204,0.05063,0.0,0.0,0.0,0.0,0.0,0.05085,0.0,0.0,0.01688,0.0059299999999999995,0.0,0.0,0.0,0.0,0.00737,0.0,0.03186
2025-05-07 19:15:00,Aurelia F204,0.0501,0.0,0.0,0.0,0.0,0.0,0.05045,0.0,0.0,0.01686,0.0059299999999999995,0.0,0.0,0.0,0.0,0.00734,0.0,0.03184
2025-05-07 19:20:00,Aurelia F204,0.04996,0.0,0.0,0.0,0.0,0.0,0.05029,0.0,0.0,0.01685,0.03696,0.0,0.0,0.0088,0.0,0.047490000000000004,0.00591,0.03842
2025-05-07 19:25:00,Aurelia F204,0.07759999999999999,0.0,0.0,0.0,0.0,0.0,0.04969,0.028390000000000002,0.0,0.016730000000000002,0.03669,0.0,0.0,0.00867,0.0,0.04703,0.22490000000000002,0.25755
2025-05-07 19:30:00,Aurelia F204,0.07765000000000001,0.0,0.0,0.0,0.0,0.0,0.04993,0.02819,0.0,0.0167,0.00595,0.0,0.0,0.0,0.0,0.00735,0.22263999999999998,0.25509
2025-05-07 19:35:00,Aurelia F204,0.07784999999999999,0.0,0.0,0.0,0.0,0.0,0.050159999999999996,0.02823,0.0,0.01669,0.00601,0.0,0.0,0.0,0.0,0.00743,0.2191,0.35473000000000005
2025-05-07 19:40:00,Aurelia F204,0.07712000000000001,0.0,0.0,0.0,0.0,0.0,0.049409999999999996,0.02816,0.0,0.07058,0.00598,0.0,0.0,0.0,0.0,0.00754,0.2214,0.40708999999999995
2025-05-07 19:45:00,Aurelia F204,0.12029999999999999,0.0,0.0,0.0,0.0,0.0,0.09267,0.028120000000000003,0.0,0.06917,0.00596,0.0,0.0,0.0,0.0,0.0074800000000000005,0.22019,0.40436
2025-05-07 19:50:00,Aurelia F204,0.1206,0.0,0.0,0.0,0.0,0.0,0.09297,0.028120000000000003,0.0,0.0685,0.006059999999999999,0.0,0.0,0.0,0.0,0.00747,0.186,0.36801
2025-05-07 19:55:00,Aurelia F204,0.09058,0.0,0.0,0.0,0.0,0.0,0.09089,0.0,0.0,0.08287,0.00596,0.0,0.0,0.0,0.0,0.00743,0.18363,0.37941
2025-05-07 20:00:00,Aurelia F204,0.0866,0.0,0.0,0.0,0.0,0.0,0.0869,0.0,0.0,0.0684,0.00601,0.0,0.0,0.0,0.0,0.00751,0.21406999999999998,0.39089999999999997
2025-05-07 20:05:00,Aurelia F204,0.08565,0.0,0.0,0.0,0.0,0.0,0.08593,0.0,0.0,0.09053,0.00598,0.0,0.0,0.0,0.0,0.00747,0.006030000000000001,0.20097
2025-05-07 20:10:00,Aurelia F204,0.08546,0.0,0.0,0.0,0.0,0.0,0.08634,0.0,0.0,0.09086,0.00604,0.0,0.0,0.0,0.0,0.0074800000000000005,0.0054,0.20062
2025-05-07 20:15:00,Aurelia F204,0.08367000000000001,0.0,0.0,0.0,0.0,0.0,0.08395999999999999,0.0,0.0,0.08929999999999999,0.00604,0.0,0.0,0.0,0.0,0.00749,0.21026,0.4077
2025-05-07 20:20:00,Aurelia F204,0.08594,0.0,0.0,0.0,0.0,0.0,0.08624,0.0,0.0,0.07819,0.0059299999999999995,0.0,0.0,0.0,0.0,0.00744,0.00584,0.1933
2025-05-07 20:25:00,Aurelia F204,0.08494,0.0,0.0,0.0,0.0,0.0,0.08529,0.0,0.0,0.07841,0.00597,0.0,0.0,0.0,0.0,0.0074800000000000005,0.00534,0.19316
2025-05-07 20:30:00,Aurelia F204,0.08183,0.0,0.0,0.0,0.0,0.0,0.08220999999999999,0.0,0.0,0.09064,0.00601,0.0,0.0,0.0,0.0,0.007549999999999999,0.21300999999999998,0.41247
2025-05-07 20:35:00,Aurelia F204,0.08882999999999999,0.0,0.0,0.0,0.0,0.0,0.08911,0.0,0.0,0.09078,0.006019999999999999,0.0,0.0,0.0,0.0,0.00747,0.0,0.19928
2025-05-07 20:40:00,Aurelia F204,0.08803,0.0,0.0,0.0,0.0,0.0,0.08836,0.0,0.0,0.07837000000000001,0.00608,0.0,0.0,0.0,0.0,0.007549999999999999,0.0,0.1869
2025-05-07 20:45:00,Aurelia F204,0.11639000000000001,0.0,0.0,0.0,0.0,0.0,0.08854000000000001,0.02842,0.0,0.06742000000000001,0.00905,0.0,0.0,0.0,0.0,0.01044,0.0,0.1758
2025-05-07 20:50:00,Aurelia F204,0.08792,0.0,0.0,0.0,0.0,0.0,0.08823,0.0,0.0,0.06792000000000001,0.00887,0.0,0.0,0.0,0.0,0.010369999999999999,0.0,0.17693
2025-05-07 20:55:00,Aurelia F204,0.08781,0.0,0.0,0.0,0.0,0.0,0.08812,0.0,0.0,0.06836,0.00626,0.0,0.0,0.0,0.0,0.00771,0.0,0.17767
2025-05-07 21:00:00,Aurelia F204,0.08735,0.0,0.0,0.0,0.0,0.0,0.08754,0.0,0.0,0.06869,0.00905,0.0,0.0,0.0,0.0,0.01063,0.0,0.17871
2025-05-07 21:05:00,Aurelia F204,0.08723,0.0,0.0,0.0,0.0,0.0,0.0875,0.0,0.0,0.06818,0.00621,0.0,0.0,0.0,0.0,0.0076500000000000005,0.0,0.17785
2025-05-07 21:10:00,Aurelia F204,0.08804000000000001,0.0,0.0,0.0,0.0,0.0,0.08831,0.0,0.0,0.06829,0.00624,0.0,0.0,0.0,0.0,0.0077599999999999995,0.0,0.17864
2025-05-07 21:15:00,Aurelia F204,0.07839,0.0,0.0,0.0,0.0,0.0,0.0787,0.0,0.0,0.06852,0.00899,0.0,0.0,0.0,0.0,0.01055,0.0,0.17862999999999998
2025-05-07 21:20:00,Aurelia F204,0.07686,0.0,0.0,0.0,0.0,0.0,0.07723000000000001,0.0,0.0,0.06827,0.00626,0.0,0.0,0.00876,0.0,0.01668,0.0,0.1778
2025-05-07 21:25:00,Aurelia F204,0.07612000000000001,0.0,0.0,0.0,0.0,0.0,0.07642,0.0,0.0,0.06856999999999999,0.00888,0.0,0.0,0.00869,0.0,0.01912,0.0,0.1794
2025-05-07 21:30:00,Aurelia F204,0.07622,0.0,0.0,0.0,0.0,0.0,0.07646,0.0,0.0,0.06854,0.00622,0.0,0.0,0.0,0.0,0.0078,0.0,0.17839
2025-05-07 21:35:00,Aurelia F204,0.0,0.0,0.0,0.0,0.0,0.0,0.00054,0.0,0.0,0.06829,0.00905,0.0,0.0,0.0,0.0,0.01062,0.0,0.17847
2025-05-07 21:40:00,Aurelia F204,0.0,0.0,0.0,0.0,0.0,0.0,0.00035,0.0,0.0,0.06877,0.0061600000000000005,0.0,0.0,0.0,0.0,0.00771,0.0,0.17845
2025-05-07 21:45:00,Aurelia F204,0.0,0.0,0.0,0.0,0.0,0.0,0.00027,0.0,0.0,0.06903000000000001,0.00783,0.0,0.0,0.0,0.0,0.009349999999999999,0.0,0.17966
2025-05-07 21:50:00,Aurelia F204,1e-05,0.0,0.0,0.0,0.0,0.0,0.00046,0.0,0.0,0.06917,0.00809,0.0,0.0,0.0,0.0,0.00977,0.0,0.17973
2025-05-07 21:55:00,Aurelia F204,0.0,0.0,0.0,0.0,0.0,0.0,0.00041,0.0,0.0,0.06923,0.00624,0.0,0.0,0.0,0.0,0.00775,0.0,0.17987
2025-05-07 22:00:00,Aurelia F204,1e-05,0.0,0.0,0.0,0.0,0.0,0.00049,0.0,0.0,0.0,0.047020000000000006,0.00015,0.0,0.0,0.0,0.04976,0.0,0.014
2025-05-07 22:05:00,Aurelia F204,2e-05,0.0,0.0,0.0,0.0,0.0,0.00028000000000000003,0.0,0.0,0.0,0.021070000000000002,0.5616599999999999,0.0,0.00881,0.0,0.59424,0.0,0.01106
2025-05-07 22:10:00,Aurelia F204,0.0,0.0,0.0,0.0,0.0,0.0,0.0005200000000000001,0.0,0.0,0.0,0.02393,0.4244,0.0,0.0,0.0,0.45083999999999996,0.0,0.01139
2025-05-07 22:15:00,Aurelia F204,0.0,0.0,0.0,0.0,0.0,0.0,0.00047,0.0,0.0,0.0,0.04278,0.0,0.0,0.0,0.0,0.04355,0.0,0.01117
2025-05-07 22:20:00,Aurelia F204,0.03229,0.0,0.0,0.0,0.0,0.0,0.03258,0.0,0.0,0.0,0.04554,0.0,0.0,0.0,0.0,0.046439999999999995,0.0,0.01089
2025-05-07 22:25:00,Aurelia F204,0.08715,0.0,0.0,0.0,0.0,0.0,0.08738,0.0,0.0,0.0,0.04523,0.0,0.0,0.0,0.0,0.04635,0.0,0.01111
2025-05-07 22:30:00,Aurelia F204,0.08363,0.0,0.0,0.0,0.0,0.0,0.08393,0.0,0.0,0.0,0.04231,0.0,0.0,0.0,0.0,0.04352,0.0,0.011699999999999999
2025-05-07 22:35:00,Aurelia F204,0.08163,0.0,0.0,0.0,0.0,0.0,0.08194,0.0,0.0,0.0,0.045079999999999995,0.0,0.0,0.0,0.0,0.04592,0.0,0.01107
2025-05-07 22:40:00,Aurelia F204,0.08163,0.0,0.0,0.0,0.0,0.0,0.08194,0.0,0.0,0.0,0.03606,0.0,0.0,0.0,0.0,0.0375,0.0,0.0114
2025-05-07 22:45:00,Aurelia F204,0.07984000000000001,0.0,0.0,0.0,0.0,0.0,0.08015,0.0,0.0,0.0,0.03875,0.0,0.0,0.0,0.0,0.040170000000000004,0.0,0.01091
2025-05-07 22:50:00,Aurelia F204,0.08011,0.0,0.0,0.0,0.0,0.0,0.08054,0.0,0.0,0.0,0.03587,0.0,0.0,0.0,0.0,0.03743,0.0,0.01099
2025-05-07 22:55:00,Aurelia F204,0.08051,0.0,0.0,0.0,0.0,0.0,0.08073999999999999,0.0,0.0,0.0,0.03602,0.0,0.0,0.0,0.0,0.037579999999999995,0.0,0.01099
2025-05-07 23:00:00,Aurelia F204,0.08008,0.0,0.0,0.0,0.0,0.0,0.08048999999999999,0.0,0.0,0.0,0.03598,0.0,0.0,0.0,0.0,0.037469999999999996,0.0,0.01124
2025-05-07 23:05:00,Aurelia F204,0.06888,0.0,0.0,0.0,0.0,0.0,0.06927,0.0,0.0,0.0,0.04129,0.0,0.0,0.0,0.0,0.04255,0.0,0.01112
2025-05-07 23:10:00,Aurelia F204,0.06755,0.0,0.0,0.0,0.0,0.0,0.06789,0.0,0.0,0.0,0.036090000000000004,0.0,0.0,0.0,0.0,0.03767,0.0,0.01092
2025-05-07 23:15:00,Aurelia F204,0.06791,0.0,0.0,0.0,0.0,0.0,0.06818,0.0,0.0,0.0,0.036109999999999996,0.0,0.0,0.0,0.0,0.03768,0.0,0.01105
2025-05-07 23:20:00,Aurelia F204,0.0,0.0,0.0,0.0,0.0,0.0,0.0003,0.0,0.0,0.0,0.03632,0.0,0.0,0.0,0.0,0.03778,0.0,0.01105
2025-05-07 23:25:00,Aurelia F204,0.00011,0.0,0.0,0.0,0.0,0.0,0.00029,0.0,0.0,0.0,0.038990000000000004,0.0,0.0,0.0,0.0,0.040420000000000005,0.0,0.01107
2025-05-07 23:30:00,Aurelia F204,0.0,0.0,0.0,0.0,0.0,0.0,0.00043,0.0,0.0,0.0,0.0361,0.0,0.0,0.0,0.0,0.037590000000000005,0.0,0.01137
2025-05-07 23:35:00,Aurelia F204,1e-05,0.0,0.0,0.0,0.0,0.0,0.00025,0.0,0.0,0.0,0.03577,0.0,0.0,0.0,0.0,0.037329999999999995,0.0,0.01097
2025-05-07 23:40:00,Aurelia F204,1e-05,0.0,0.0,0.0,0.0,0.0,0.00043,0.0,0.0,0.0,0.039369999999999995,0.0,0.0,0.0,0.0,0.04081,0.0,0.01124
2025-05-07 23:45:00,Aurelia F204,0.0,0.0,0.0,0.0,0.0,0.0,0.0005200000000000001,0.0,0.0,0.0,0.0362,0.0,0.0,0.0,0.0,0.037880000000000004,0.0,0.01089
2025-05-07 23:50:00,Aurelia F204,0.0,0.0,0.0,0.0,0.0,0.0,0.0005,0.0,0.0,0.0,0.03585,0.0,0.0,0.0,0.0,0.037399999999999996,0.0,0.01081
2025-05-07 23:55:00,Aurelia F204,1e-05,0.0,0.0,0.0,0.0,0.0,0.00049,0.0,0.0,0.0,0.03907,0.0,0.0,0.0,0.0,0.040490000000000005,0.0,0.010960000000000001
2025-05-08 00:00:00,Aurelia F204,1e-05,0.0,0.0,0.0,0.0,0.0,0.0005899999999999999,0.0,0.0,0.0,0.038130000000000004,0.0,0.0,0.0,0.0,0.039700000000000006,0.0,0.01106
2025-05-08 00:05:00,Aurelia F204,0.0,0.0,0.0,0.0,0.0,0.0,0.00035999999999999997,0.0,0.0,0.0,0.03525,0.0,0.0,0.0,0.0,0.03681,0.0,0.01085
2025-05-08 00:10:00,Aurelia F204,0.0,0.0,0.0,0.0,0.0,0.0,0.00016,0.0,0.0,0.0,0.03536,0.0,0.0,0.0,0.0,0.03689,0.0,0.01093
2025-05-08 00:15:00,Aurelia F204,0.03195,0.0,0.0,0.0,0.0,0.0,0.032240000000000005,0.0,0.0,0.0,0.038329999999999996,0.0,0.0,0.0,0.0,0.039880000000000006,0.0,0.01085
2025-05-08 00:20:00,Aurelia F204,0.04178,0.0,0.0,0.0,0.0,0.0,0.04215,0.0,0.0,0.0,0.0354,0.0,0.0,0.0,0.0,0.03687,0.0,0.01091
2025-05-08 00:25:00,Aurelia F204,0.04156,0.0,0.0,0.0,0.0,0.0,0.04181,0.0,0.0,0.0,0.0354,0.0,0.0,0.0,0.0,0.03685,0.0,0.01079
2025-05-08 00:30:00,Aurelia F204,0.04157,0.0,0.0,0.0,0.0,0.0,0.04192,0.0,0.0,0.0,0.03536,0.0,0.0,0.0,0.0,0.03693,0.0,0.01114
2025-05-08 00:35:00,Aurelia F204,0.041409999999999995,0.0,0.0,0.0,0.0,0.0,0.04168,0.0,0.0,0.0,0.03843,0.0,0.0,0.0,0.0,0.039979999999999995,0.0,0.01111
2025-05-08 00:40:00,Aurelia F204,0.04183,0.0,0.0,0.0,0.0,0.0,0.04206,0.0,0.0,0.0,0.038340000000000006,0.0,0.0,0.0,0.0,0.039920000000000004,0.0,0.01084
2025-05-08 00:45:00,Aurelia F204,0.04158,0.0,0.0,0.0,0.0,0.0,0.0419,0.0,0.0,0.0,0.03571,0.0,0.0,0.0,0.0,0.03716,0.0,0.01099
2025-05-08 00:50:00,Aurelia F204,0.041210000000000004,0.0,0.0,0.0,0.0,0.0,0.04161,0.0,0.0,0.0,0.03567,0.0,0.0,0.0,0.0,0.03712,0.0,0.01085
2025-05-08 00:55:00,Aurelia F204,0.04122,0.0,0.0,0.0,0.0,0.0,0.04159,0.0,0.0,0.0,0.03785,0.0,0.0,0.0,0.0,0.03947,0.0,0.01111
2025-05-08 01:00:00,Aurelia F204,0.04138,0.0,0.0,0.0,0.0,0.0,0.04162,0.0,0.0,0.0,0.03574,0.0,0.0,0.0,0.0,0.0373,0.0,0.01094
2025-05-08 01:05:00,Aurelia F204,0.04134,0.0,0.0,0.0,0.0,0.0,0.04158,0.0,0.0,0.0,0.03573,0.0,0.0,0.0,0.0,0.037329999999999995,0.0,0.01529
2025-05-08 01:10:00,Aurelia F204,0.04115,0.0,0.0,0.0,0.0,0.0,0.04149,0.0,0.0,0.0,0.038829999999999996,0.0,0.0,0.0,0.0,0.04029,0.0,0.01097
2025-05-08 01:15:00,Aurelia F204,0.041,0.0,0.0,0.0,0.0,0.0,0.041409999999999995,0.0,0.0,0.0,0.03879,0.0,0.0,0.0,0.0,0.04025,0.0,0.0109
2025-05-08 01:20:00,Aurelia F204,0.0414,0.0,0.0,0.0,0.0,0.0,0.0417,0.0,0.0,0.0,0.03591,0.0,0.0,0.0,0.0,0.03736,0.0,0.01087
2025-05-08 01:25:00,Aurelia F204,0.037,0.0,0.0,0.0,0.0,0.0,0.037380000000000004,0.0,0.0,0.0,0.038950000000000005,0.0,0.0,0.0,0.0,0.040420000000000005,0.0,0.01084
2025-05-08 01:30:00,Aurelia F204,0.03615,0.0,0.0,0.0,0.0,0.0,0.03644,0.0,0.0,0.0,0.03854,0.0,0.0,0.0,0.0,0.040049999999999995,0.0,0.01097
2025-05-08 01:35:00,Aurelia F204,0.03591,0.0,0.0,0.0,0.0,0.0,0.03622,0.0,0.0,0.0,0.03566,0.0,0.0,0.0,0.0,0.0373,0.0,0.01119
2025-05-08 01:40:00,Aurelia F204,0.03556,0.0,0.0,0.0,0.0,0.0,0.03599,0.0,0.0,0.0,0.038509999999999996,0.0,0.0,0.0,0.0,0.03993,0.0,0.01093
2025-05-08 01:45:00,Aurelia F204,0.03534,0.0,0.0,0.0,0.0,0.0,0.03558,0.0,0.0,0.0,0.03587,0.0,0.0,0.0,0.0,0.037450000000000004,0.0,0.01091
2025-05-08 01:50:00,Aurelia F204,0.03519,0.0,0.0,0.0,0.0,0.0,0.03562,0.0,0.0,0.0,0.03598,0.0,0.0,0.0,0.0,0.03756,0.0,0.01114
2025-05-08 01:55:00,Aurelia F204,0.03488,0.0,0.0,0.0,0.0,0.0,0.03515,0.0,0.0,0.0,0.03904,0.0,0.0,0.0,0.0,0.04059,0.0,0.01093
2025-05-08 02:00:00,Aurelia F204,0.0349,0.0,0.0,0.0,0.0,0.0,0.03521,0.0,0.0,0.0,0.03925,0.0,0.0,0.0,0.0,0.04068,0.0,0.01093
2025-05-08 02:05:00,Aurelia F204,0.03459,0.0,0.0,0.0,0.0,0.0,0.03493,0.0,0.0,0.0,0.03617,0.0,0.0,0.0,0.0,0.03767,0.0,0.01098
2025-05-08 02:10:00,Aurelia F204,0.03458,0.0,0.0,0.0,0.0,0.0,0.03492,0.0,0.0,0.0,0.03606,0.0,0.0,0.0,0.0,0.03754,0.0,0.01106
2025-05-08 02:15:00,Aurelia F204,0.03455,0.0,0.0,0.0,0.0,0.0,0.03492,0.0,0.0,0.0,0.03606,0.0,0.0,0.0,0.0,0.037630000000000004,0.0,0.01104
2025-05-08 02:20:00,Aurelia F204,0.03425,0.0,0.0,0.0,0.0,0.0,0.03462,0.0,0.0,0.0,0.03918,0.0,0.0,0.0,0.0,0.040619999999999996,0.0,0.011
2025-05-08 02:25:00,Aurelia F204,0.034409999999999996,0.0,0.0,0.0,0.0,0.0,0.03473,0.0,0.0,0.0,0.03911,0.0,0.0,0.0,0.0,0.04061,0.0,0.011009999999999999
2025-05-08 02:30:00,Aurelia F204,0.03437,0.0,0.0,0.0,0.0,0.0,0.03462,0.0,0.0,0.0,0.03614,0.0,0.0,0.0,0.0,0.03771,0.0,0.010960000000000001
2025-05-08 02:35:00,Aurelia F204,0.0,0.0,0.0,0.0,0.0,0.0,0.00064,0.0,0.0,0.0,0.03616,0.0,0.0,0.0,0.0,0.03767,0.0,0.01107
2025-05-08 02:40:00,Aurelia F204,0.0,0.0,0.0,0.0,0.0,0.0,0.0005,0.0,0.0,0.0,0.036359999999999996,0.0,0.0,0.0,0.0,0.037899999999999996,0.0,0.01098
2025-05-08 02:45:00,Aurelia F204,0.0,0.0,0.0,0.0,0.0,0.0,0.00029,0.0,0.0,0.0,0.03918,0.0,0.0,0.0,0.0,0.040600000000000004,0.0,0.01089
2025-05-08 02:50:00,Aurelia F204,0.0,0.0,0.0,0.0,0.0,0.0,0.00035999999999999997,0.0,0.0,0.0,0.03841,0.0,0.0,0.0,0.0,0.039880000000000006,0.0,0.01109
2025-05-08 02:55:00,Aurelia F204,0.0,0.0,0.0,0.0,0.0,0.0,0.00047,0.0,0.0,0.0,0.0385,0.0,0.0,0.0,0.0,0.039990000000000005,0.0,0.011269999999999999
2025-05-08 03:00:00,Aurelia F204,0.0,0.0,0.0,0.0,0.0,0.0,0.00037,0.0,0.0,0.0,0.03643,0.0,0.0,0.0,0.0,0.03797,0.0,0.01109
2025-05-08 03:05:00,Aurelia F204,2e-05,0.0,0.0,0.0,0.0,0.0,0.0004,0.0,0.0,0.0,0.03626,0.0,0.0,0.0,0.0,0.03785,0.0,0.01143
2025-05-08 03:10:00,Aurelia F204,1e-05,0.0,0.0,0.0,0.0,0.0,0.00035,0.0,0.0,0.0,0.03631,0.0,0.0,0.0,0.0,0.03785,0.0,0.01123
2025-05-08 03:15:00,Aurelia F204,1e-05,0.0,0.0,0.0,0.0,0.0,0.00046,0.0,0.0,0.0,0.0395,0.0,0.0,0.0,0.0,0.04097,0.0,0.011269999999999999
2025-05-08 03:20:00,Aurelia F204,5e-05,0.0,0.0,0.0,0.0,0.0,0.00041,0.0,0.0,0.0,0.036340000000000004,0.0,0.0,0.0,0.0,0.03792,0.0,0.0109
2025-05-08 03:25:00,Aurelia F204,2e-05,0.0,0.0,0.0,0.0,0.0,0.00049,0.0,0.0,0.0,0.03639,0.0,0.0,0.0,0.0,0.03797,0.0,0.011460000000000001
2025-05-08 03:30:00,Aurelia F204,0.041909999999999996,0.0,0.0,0.0,0.0,0.0,0.04226,0.0,0.0,0.0,0.03631,0.0,0.0,0.0,0.0,0.03773,0.0,0.01112
2025-05-08 03:35:00,Aurelia F204,0.042159999999999996,0.0,0.0,0.0,0.0,0.0,0.04244,0.0,0.0,0.0,0.039200000000000006,0.0,0.0,0.0,0.0,0.04065,0.0,0.01126
2025-05-08 03:40:00,Aurelia F204,0.04192,0.0,0.0,0.0,0.0,0.0,0.04213,0.0,0.0,0.0,0.039299999999999995,0.0,0.0,0.0,0.0,0.040780000000000004,0.0,0.01104
2025-05-08 03:45:00,Aurelia F204,0.04175,0.0,0.0,0.0,0.0,0.0,0.04208,0.0,0.0,0.0,0.03626,0.0,0.0,0.0,0.0,0.03773,0.0,0.01137
2025-05-08 03:50:00,Aurelia F204,0.041479999999999996,0.0,0.0,0.0,0.0,0.0,0.04182,0.0,0.0,0.0,0.03643,0.0,0.0,0.0,0.0,0.037939999999999995,0.0,0.01134
2025-05-08 03:55:00,Aurelia F204,0.04156,0.0,0.0,0.0,0.0,0.0,0.04185,0.0,0.0,0.0,0.03935,0.0,0.0,0.0,0.0,0.04071,0.0,0.011009999999999999
2025-05-08 04:00:00,Aurelia F204,0.04131,0.0,0.0,0.0,0.0,0.0,0.04162,0.0,0.0,0.0,0.039479999999999994,0.0,0.0,0.0,0.0,0.04101,0.0,0.01097
2025-05-08 04:05:00,Aurelia F204,0.04157,0.0,0.0,0.0,0.0,0.0,0.04197,0.0,0.0,0.0,0.03651,0.0,0.0,0.0,0.0,0.03804,0.0,0.01091
2025-05-08 04:10:00,Aurelia F204,0.04175,0.0,0.0,0.0,0.0,0.0,0.04199,0.0,0.0,0.0,0.03638,0.0,0.0,0.0,0.0,0.03798,0.0,0.01097
2025-05-08 04:15:00,Aurelia F204,0.04144,0.0,0.0,0.0,0.0,0.0,0.04151,0.0,0.0,0.0,0.03645,0.0,0.0,0.0,0.0,0.03798,0.0,0.01086
2025-05-08 04:20:00,Aurelia F204,0.04129,0.0,0.0,0.0,0.0,0.0,0.04158,0.0,0.0,0.0,0.039299999999999995,0.0,0.0,0.0,0.0,0.040740000000000005,0.0,0.01098
2025-05-08 04:25:00,Aurelia F204,0.041350000000000005,0.0,0.0,0.0,0.0,0.0,0.04163,0.0,0.0,0.0,0.038579999999999996,0.0,0.0,0.0,0.0,0.04065,0.0,0.0109
2025-05-08 04:30:00,Aurelia F204,0.04087,0.0,0.0,0.0,0.0,0.0,0.04118,0.0,0.0,0.0,0.03624,0.0,0.0,0.0,0.0,0.03754,0.0,0.01098
2025-05-08 04:35:00,Aurelia F204,0.04118,0.0,0.0,0.0,0.0,0.0,0.04156,0.0,0.0,0.0,0.03612,0.0,0.0,0.0,0.0,0.037630000000000004,0.0,0.01134
2025-05-08 04:40:00,Aurelia F204,0.04144,0.0,0.0,0.0,0.0,0.0,0.04176,0.0,0.0,0.0,0.03613,0.0,0.0,0.0,0.0,0.037590000000000005,0.0,0.01098
2025-05-08 04:45:00,Aurelia F204,0.04118,0.0,0.0,0.0,0.0,0.0,0.04145,0.0,0.0,0.0,0.03766,0.0,0.0,0.0,0.0,0.039060000000000004,0.0,0.0111
2025-05-08 04:50:00,Aurelia F204,0.04118,0.0,0.0,0.0,0.0,0.0,0.04156,0.0,0.0,0.0,0.039119999999999995,0.0,0.0,0.0,0.0,0.04047,0.0,0.01085
2025-05-08 04:55:00,Aurelia F204,0.04127,0.0,0.0,0.0,0.0,0.0,0.04161,0.0,0.0,0.0,0.03817,0.0,0.0,0.0,0.0,0.03971,0.0,0.010960000000000001
2025-05-08 05:00:00,Aurelia F204,0.03656,0.0,0.0,0.0,0.0,0.0,0.03686,0.0,0.0,0.0,0.038869999999999995,0.0,0.0,0.0,0.0,0.040310000000000006,0.0,0.01099
2025-05-08 05:05:00,Aurelia F204,0.03577,0.0,0.0,0.0,0.0,0.0,0.03615,0.0,0.0,0.0,0.03607,0.0,0.0,0.0,0.0,0.0375,0.0,0.0109
2025-05-08 05:10:00,Aurelia F204,0.03544,0.0,0.0,0.0,0.0,0.0,0.03577,0.0,0.0,0.0,0.0359,0.0,0.0,0.0,0.0,0.03743,0.0,0.01092
2025-05-08 05:15:00,Aurelia F204,0.03517,0.0,0.0,0.0,0.0,0.0,0.03555,0.0,0.0,0.0,-1e-05,0.0,0.0,0.0,0.0,0.0,0.0,0.01099
2025-05-08 05:20:00,Aurelia F204,0.03501,0.0,0.0,0.0,0.0,0.0,0.0353,0.0,0.0,0.0,0.00915,0.0,0.0,0.00884,0.0,0.01955,0.0,0.01134
2025-05-08 05:25:00,Aurelia F204,0.03483,0.0,0.0,0.0,0.0,0.0,0.03513,0.0,0.0,0.0,0.02314,0.0,0.0,0.00875,0.0,0.033229999999999996,0.0,0.012
2025-05-08 05:30:00,Aurelia F204,0.07166,0.0,0.0,0.0,0.00859,0.0,0.03504,0.02851,0.0,0.0,0.04436,0.0,0.0,0.00863,0.0,0.054509999999999996,0.0,0.01443
2025-05-08 05:35:00,Aurelia F204,0.06813,0.0,0.0,0.0,0.00852,0.0,0.03155,0.028329999999999998,0.0,0.0,0.03767,0.0,0.0,0.0087,0.0,0.04777,0.0,0.01393
2025-05-08 05:40:00,Aurelia F204,0.12999000000000002,0.0,0.0,0.0,0.00825,0.0,0.05801,0.06388,0.0,0.0,0.0349,0.0,0.0,0.00863,0.0,0.04514,0.0,0.01456
2025-05-08 05:45:00,Aurelia F204,0.13692,0.0,0.0,0.0,0.00827,0.0,0.06601,0.06291,0.0,0.0,0.026109999999999998,0.0,0.0,0.00865,0.0,0.03617,0.0,0.014039999999999999
2025-05-08 05:50:00,Aurelia F204,0.13845,0.0,0.0,0.0,0.0083,0.0,0.06809,0.06236,0.0,0.0,0.02268,0.0,0.0,0.00858,0.0,0.0327,0.0,0.01411
2025-05-08 05:55:00,Aurelia F204,0.10603,0.0,0.0,0.0,0.00828,0.0,0.06994,0.02819,0.0,0.0,0.05132,0.0,0.0,0.0,0.0,0.05281,0.0,0.01419
2025-05-08 06:00:00,Aurelia F204,0.037700000000000004,0.0,0.0,0.0,0.00826,0.0,0.00047,0.02817,0.0,0.05777,0.02113,0.0,0.0,0.0,0.0,0.02247,0.0,0.07286
2025-05-08 06:05:00,Aurelia F204,0.02925,0.0,0.0,0.0,0.0,0.0,0.0003,0.02813,0.0,0.056850000000000005,0.01853,0.0,0.0,0.0,0.0,0.01992,0.0,0.07206
2025-05-08 06:10:00,Aurelia F204,0.16252,0.0,0.0,0.0,0.0,0.0,0.13491999999999998,0.02809,0.0,0.05639,0.01734,0.0,0.0,0.0,0.0,0.01873,0.0,0.0716
2025-05-08 06:15:00,Aurelia F204,0.16231,0.0,0.01219,0.0,0.0,0.0,0.13465,0.02818,0.0,0.05604,0.033710000000000004,0.0,0.0,0.0,0.0,0.03506,0.0,0.08427
2025-05-08 06:20:00,Aurelia F204,0.16034,0.0,0.0,0.0,0.0,0.0,0.13262000000000002,0.02818,0.0,0.05564,0.02925,0.0,0.0,0.0,0.0,0.03055,0.0,0.07115
2025-05-08 06:25:00,Aurelia F204,0.16138,0.0,0.0,0.0,0.0,0.14158,0.13378,0.028140000000000002,0.0,0.05527,0.0286,0.0,0.0,0.0,0.0,0.17136,0.0,0.07037
2025-05-08 06:30:00,Aurelia F204,0.16166,0.0,0.0,0.0,0.0,0.13534000000000002,0.13397,0.028120000000000003,0.0,0.05543,0.02683,0.0,0.0,0.0,0.0,0.1635,0.0,0.07102
2025-05-08 06:35:00,Aurelia F204,0.16043000000000002,0.0,0.0,0.0,0.0,0.13143000000000002,0.1328,0.02813,0.0,0.05551,0.023559999999999998,0.0,0.0,0.0,0.0,0.15625999999999998,0.0,0.07065
2025-05-08 06:40:00,Aurelia F204,0.0292,0.0,0.0,0.0,0.0,0.16324,0.0005200000000000001,0.028140000000000002,0.0,0.055170000000000004,0.01458,0.0,0.0,0.0,0.0,0.17908000000000002,0.0,0.07028
2025-05-08 06:45:00,Aurelia F204,0.02925,0.0,0.0,0.0,0.0,0.16327,0.00047,0.0281,0.0,0.05504,0.0132,0.0,0.0,0.0,0.0,0.17777,0.0,0.07038
2025-05-08 06:50:00,Aurelia F204,0.0804,0.0,0.0,0.0,0.0,0.0047,0.05274,0.028140000000000002,0.0,0.055060000000000005,0.01089,0.0,0.0,0.0,0.0,0.01688,0.0,0.07004
2025-05-08 06:55:00,Aurelia F204,0.0555,0.0,0.0,0.0,0.0,0.0,0.05578,0.0,0.0,0.0,0.03694,0.0,0.0,0.0,0.0,0.03828,0.0,0.014150000000000001
2025-05-08 07:00:00,Aurelia F204,0.055299999999999995,0.0,0.0,0.0,0.0,0.0,0.055729999999999995,0.0,0.0,0.0,0.035859999999999996,0.0,0.0,0.0,0.0,0.03736,0.0,0.01423
2025-05-08 07:05:00,Aurelia F204,0.0546,0.0,0.0,0.0,0.0,0.0,0.0549,0.0,0.0,0.0,0.03546,0.0,0.0,0.0,0.0,0.03705,0.0,0.014039999999999999
2025-05-08 07:10:00,Aurelia F204,0.05399,0.0,0.0,0.0,0.0,0.0,0.05432,0.0,0.0,0.0,0.01458,0.0,0.0,0.0,0.0,0.01613,0.0,0.01456
2025-05-08 07:15:00,Aurelia F204,0.053630000000000004,0.0,0.0,0.0,0.0,0.0,0.05378,0.0,0.0,0.0,0.01453,0.0,0.0,0.0,0.0,0.0161,0.0,0.01399
2025-05-08 07:20:00,Aurelia F204,0.05267,0.0,0.0,0.0,0.0,0.0,0.05304,0.0,0.0,0.0,0.01449,0.0,0.0,0.0,0.0,0.016030000000000003,0.0,0.01492
2025-05-08 07:25:00,Aurelia F204,0.05264,0.0,0.0,0.0,0.0,0.0,0.05292,0.0,0.0,0.0,0.0145,0.0,0.0,0.0,0.0,0.01597,0.0,0.014060000000000001
2025-05-08 07:30:00,Aurelia F204,0.05196,0.0,0.0,0.0,0.0,0.0,0.0523,0.0,0.0,0.0,0.01446,0.0,0.0,0.0,0.0,0.01591,0.0,0.01393
2025-05-08 07:35:00,Aurelia F204,0.05139,0.0,0.0,0.0,0.0,0.0,0.05173,0.0,0.0,0.0,0.01439,0.0,0.0,0.0,0.0,0.015960000000000002,0.0,0.014039999999999999
2025-05-08 07:40:00,Aurelia F204,0.0511,0.0,0.0,0.0,0.0,0.0,0.05132,0.0,0.0,0.0,-1e-05,0.0,0.0,0.0,0.0,0.0,0.0,0.01447
2025-05-08 07:45:00,Aurelia F204,0.051179999999999996,0.0,0.0,0.0,0.0,0.0,0.05154,0.0,0.0,0.0,-1e-05,0.0,0.0,0.0,0.0,0.0,0.0,0.01567
2025-05-08 07:50:00,Aurelia F204,0.05091,0.0,0.0,0.0,0.0,0.0,0.05125,0.0,0.0,0.0,-2e-05,0.0,0.0,0.0,0.0,0.0,0.0,0.014070000000000001
2025-05-08 07:55:00,Aurelia F204,0.050409999999999996,0.0,0.0,0.0,0.0,0.0,0.05077,0.0,0.0,0.0,0.0,0.0,0.0,0.0,0.0,0.0,0.0,0.014039999999999999
2025-05-08 08:00:00,Aurelia F204,0.05005,0.0,0.0,0.0,0.0,0.0,0.05052,0.0,0.0,0.0,0.0,0.0,0.0,0.0,0.0,0.0,0.0,0.013949999999999999
2025-05-08 08:05:00,Aurelia F204,0.05024,0.0,0.0,0.0,0.0,0.0,0.05048,0.0,0.0,0.0,-1e-05,0.0,0.0,0.0,0.0,0.0,0.0,0.01405
2025-05-08 08:10:00,Aurelia F204,0.0499,0.0,0.0,0.0,0.0,0.0,0.05025,0.0,0.0,0.0,0.0,0.0,0.0,0.0,0.0,0.0,0.0,0.013869999999999999
2025-05-08 08:15:00,Aurelia F204,0.0495,0.0,0.0,0.0,0.0,0.0,0.0498,0.0,0.0,0.0,-1e-05,0.0,0.0,0.0,0.0,0.0,0.0,0.014029999999999999
2025-05-08 08:20:00,Aurelia F204,0.09923,0.0,0.0,0.0,0.0,0.0,0.07145,0.02842,0.0,0.0,0.0,0.0,0.0,0.0,0.0,0.0,0.0,0.014039999999999999
2025-05-08 08:25:00,Aurelia F204,0.12244,0.0,0.0,0.0,0.0,0.0,0.09459999999999999,0.028329999999999998,0.0,0.0,0.0,0.0,0.0,0.0,0.0,0.0,0.0,0.01393
2025-05-08 08:30:00,Aurelia F204,0.09021,0.0,0.0,0.0,0.0,0.0,0.09054000000000001,0.0,0.0,0.0,0.04938,0.0,0.0,0.0,0.0,0.05094,0.0,0.013949999999999999
2025-05-08 08:35:00,Aurelia F204,0.08851,0.0,0.0,0.0,0.0,0.0,0.08886,0.0,0.0,0.0,0.061619999999999994,0.0,0.0,0.0,0.0,0.06311,0.0,0.014369999999999999
2025-05-08 08:40:00,Aurelia F204,0.08677,0.0,0.0,0.0,0.0,0.0,0.08707,0.0,0.0,0.0,0.058929999999999996,0.0,0.0,0.0,0.0,0.06044,0.0,0.01419
2025-05-08 08:45:00,Aurelia F204,0.08663,0.0,0.0,0.0,0.0,0.0,0.08682,0.0,0.0,0.0,0.06253,0.0,0.0,0.0,0.0,0.06399,0.0,0.0141
2025-05-08 08:50:00,Aurelia F204,0.08568,0.0,0.0,0.0,0.0,0.0,0.08602,0.0,0.0,0.0,0.060770000000000005,0.0,0.0,0.0,0.0,0.061509999999999995,0.0,0.01411
2025-05-08 08:55:00,Aurelia F204,0.08454,0.0,0.0,0.0,0.0,0.0,0.08491,0.0,0.0,0.0,0.05941,0.0,0.0,0.0,0.0,0.060950000000000004,0.0,0.01391
2025-05-08 09:00:00,Aurelia F204,0.0852,0.0,0.0,0.0,0.0,0.0,0.0855,0.0,0.0,0.0,0.05944,0.0,0.0,0.0,0.0,0.060880000000000004,0.0,0.01393
2025-05-08 09:05:00,Aurelia F204,0.08515,0.0,0.0,0.0,0.0,0.0,0.08538,0.0,0.0,0.0,0.060950000000000004,0.0,0.0,0.0,0.0,0.06235,0.0,0.01422
2025-05-08 09:10:00,Aurelia F204,0.08615,0.0,0.0,0.0,0.00209,0.0,0.0843,0.0,0.0,0.0,0.055670000000000004,0.0,0.0,0.0,0.0,0.05717,0.0,0.01396
2025-05-08 09:15:00,Aurelia F204,0.08975,0.0,0.0,0.0,0.0,0.0,0.09008,0.0,0.0,0.0,0.04918,0.0,0.0,0.0,0.0,0.05064,0.0,0.01396
2025-05-08 09:20:00,Aurelia F204,0.08549,0.0,0.0,0.0,0.0,0.0,0.08572,0.0,0.0,0.0,0.038439999999999995,0.0,0.0,0.0,0.0,0.039880000000000006,0.0,0.01486
2025-05-08 09:25:00,Aurelia F204,0.08083,0.0,0.0,0.0,0.0,0.0,0.08113,0.0,0.0,0.0,0.040130000000000006,0.0,0.0,0.0,0.0,0.04154,0.0,0.01405
2025-05-08 09:30:00,Aurelia F204,0.07970000000000001,0.0,0.0,0.0,0.0,0.0,0.08,0.0,0.0,0.0,0.03504,0.0,0.0,0.0,0.0,0.03651,0.0,0.01397
2025-05-08 09:35:00,Aurelia F204,0.07918,0.0,0.0,0.0,0.0,0.0,0.07939,0.0,0.0,0.0,0.03526,0.0,0.0,0.0,0.0,0.03676,0.0,0.01392
2025-05-08 09:40:00,Aurelia F204,0.07809,0.0,0.0,0.0,0.0,0.0,0.07823999999999999,0.0,0.0,0.0,0.03126,0.0,0.0,0.0,0.0,0.03269,0.0,0.013890000000000001
2025-05-08 09:45:00,Aurelia F204,0.07762000000000001,0.0,0.0,0.0,0.0,0.0,0.07781999999999999,0.0,0.0,0.0,0.0,0.0,0.0,0.0,0.0,0.0,0.0,0.0143
2025-05-08 09:50:00,Aurelia F204,2e-05,0.0,0.0,0.0,0.0,0.0,0.00033,0.0,0.0,0.0,0.0,0.0,0.0,0.0,0.0,0.0,0.0,0.014
2025-05-08 09:55:00,Aurelia F204,0.0,0.0,0.0,0.0,0.0,0.0,0.00037,0.0,0.0,0.0,0.0,0.0,0.0,0.0,0.0,0.0,0.0,0.01397
2025-05-08 10:00:00,Aurelia F204,0.0,0.0,0.0,0.0,0.0,0.0,0.00026000000000000003,0.0,0.0,0.0,0.0,0.0,0.0,0.0,0.0,0.0,0.0,0.01396
2025-05-08 10:05:00,Aurelia F204,0.0,0.0,0.0,0.0,0.0,0.0,0.00017999999999999998,0.0,0.0,0.0,0.0,0.0,0.0,0.0,0.0,0.0,0.0,0.013980000000000001
2025-05-08 10:10:00,Aurelia F204,0.0,0.0,0.0,0.0,0.0,0.0,0.00029,0.0,0.0,0.0,0.0,0.0,0.0,0.0,0.0,0.0,0.0,0.01402
2025-05-08 10:15:00,Aurelia F204,0.0,0.0,0.0,0.0,0.0,0.0,0.00041,0.0,0.0,0.0,-1e-05,0.0,0.0,0.0,0.0,0.0,0.0,0.01423
2025-05-08 10:20:00,Aurelia F204,0.0,0.0,0.0,0.0,0.0,0.0,0.00019,0.0,0.0,0.0,0.0,0.0,0.0,0.0,0.0,0.0,0.0,0.01397
2025-05-08 10:25:00,Aurelia F204,0.0,0.0,0.0,0.0,0.0,0.0,0.00046,0.0,0.0,0.02223,0.0,0.0,0.0,0.0,0.0,0.0,0.0,0.037079999999999995
2025-05-08 10:30:00,Aurelia F204,0.0295,0.0,0.0,0.0,0.0,0.0,0.0003,0.02842,0.0,0.02182,0.005730000000000001,0.0,0.0,0.0,0.0,0.006889999999999999,0.0,0.03688
2025-05-08 10:35:00,Aurelia F204,0.10962999999999999,0.0,0.0782,0.0,0.00858,0.0,0.07316,0.028329999999999998,0.0,0.02161,0.00577,0.0,0.0,0.0,0.0,0.00698,0.0,0.11581999999999999
2025-05-08 10:40:00,Aurelia F204,0.15203999999999998,0.0,0.0,0.0,0.0,0.0,0.06716,0.08527,0.0,0.0,-1e-05,0.0,0.0,0.0,0.0,0.0,0.0,0.01409
2025-05-08 10:45:00,Aurelia F204,0.15178999999999998,0.0,0.0,0.0,0.0,0.0,0.06714,0.08506,0.0,0.0,0.05946,0.0,0.0,0.0,0.0,0.06086,0.0,0.01399
2025-05-08 10:50:00,Aurelia F204,0.15231999999999998,0.0,0.0,0.0,0.0,0.0,0.06831999999999999,0.08442,0.0,0.0,0.06,0.0,0.0,0.0,0.0,0.061439999999999995,0.0,0.01439
2025-05-08 10:55:00,Aurelia F204,0.06624,0.0,0.0,0.0,0.0,0.0,0.06645000000000001,0.0,0.0,0.0,0.047490000000000004,0.0,0.0,0.0,0.0,0.048850000000000005,0.0,0.014070000000000001
2025-05-08 11:00:00,Aurelia F204,0.06785,0.0,0.0,0.0,0.0,0.0,0.06809,0.0,0.0,0.0,0.05007,0.0,0.0,0.0,0.0,0.05158,0.0,0.013869999999999999
2025-05-08 11:05:00,Aurelia F204,0.06802,0.0,0.0,0.0,0.0,0.0,0.06823,0.0,0.0,0.0,0.05578,0.0,0.0,0.0,0.0,0.057210000000000004,0.0,0.01397
2025-05-08 11:10:00,Aurelia F204,0.06846,0.0,0.0,0.0,0.0,0.0,0.06868,0.0,0.0,0.0,0.03185,0.0,0.0,0.0,0.0,0.03342,0.0,0.013949999999999999
2025-05-08 11:15:00,Aurelia F204,0.06709,0.0,0.0,0.0,0.0,0.0,0.06736,0.0,0.0,0.0,0.02302,0.0,0.0,0.0,0.0,0.02456,0.0,0.01391
2025-05-08 11:20:00,Aurelia F204,0.06727,0.0,0.0,0.0,0.0,0.0,0.06749,0.0,0.0,0.0,0.01806,0.0,0.0,0.0,0.0,0.01959,0.0,0.014039999999999999
2025-05-08 11:25:00,Aurelia F204,0.06689,0.0,0.0,0.0,0.0,0.0,0.06711,0.0,0.0,0.0,0.0144,0.0,0.0,0.0,0.0,0.01589,0.0,0.013900000000000001
2025-05-08 11:30:00,Aurelia F204,0.06693,0.0,0.0,0.0,0.0,0.0,0.06720999999999999,0.0,0.0,0.0,0.01324,0.0,0.0,0.0,0.0,0.01459,0.0,0.01419
2025-05-08 11:35:00,Aurelia F204,0.0644,0.0,0.0,0.0,0.0,0.0,0.06466,0.0,0.0,0.0,0.00929,0.0,0.0,0.0,0.0,0.01072,0.0,0.014
2025-05-08 11:40:00,Aurelia F204,0.05912,0.0,0.0,0.0,0.0,0.0,0.05946,0.0,0.0,0.0,0.00734,0.0,0.0,0.0,0.0,0.00887,0.0,0.013980000000000001
2025-05-08 11:45:00,Aurelia F204,0.05862,0.0,0.0,0.0,0.0,0.0,0.05887,0.0,0.0,0.0,0.005889999999999999,0.0,0.0,0.0,0.0,0.00736,0.0,0.01413
2025-05-08 11:50:00,Aurelia F204,4e-05,0.0,0.0,0.0,0.0,0.0,0.00232,0.0,0.0,0.0,0.0,0.0,0.0,0.0,0.0,0.0,0.0,0.1126
2025-05-08 11:55:00,Aurelia F204,0.0,0.0,0.0,0.0,0.0,0.0,0.00043,0.0,0.0,0.0,0.01303,0.0,0.0,0.00888,0.0,0.02327,0.0,0.013859999999999999
2025-05-08 12:00:00,Aurelia F204,1e-05,0.0,0.0,0.0,0.0,0.0,0.00015,0.0,0.0,0.0,0.011789999999999998,0.0,0.0,0.00863,0.0,0.022,0.0,0.01444
2025-05-08 12:05:00,Aurelia F204,0.0,0.0,0.0,0.0,0.0,0.0,0.00049,0.0,0.0,0.0,0.0111,0.0,0.0,0.00862,0.0,0.02129,0.0,0.01397
2025-05-08 12:10:00,Aurelia F204,0.0,0.0,0.0,0.0,0.0,0.0,0.00034,0.0,0.0,0.0,0.01071,0.0,0.0,0.0,0.0,0.01222,0.0,0.014070000000000001
2025-05-08 12:15:00,Aurelia F204,1e-05,0.0,0.0,0.0,0.0,0.0,0.00035999999999999997,0.0,0.0,0.0,0.01072,0.0,0.0,0.0,0.0,0.01217,0.0,0.01413
2025-05-08 12:20:00,Aurelia F204,1e-05,0.0,0.0,0.0,0.0,0.0,0.00053,0.0,0.0,0.0,0.01417,0.0,0.0,0.0,0.0,0.01566,0.0,0.01116
2025-05-08 12:25:00,Aurelia F204,,0.0,0.0,,,0.0,,,0.0,0.0,0.01419,0.0,0.0,0.0,,0.01569,0.0,0.01139
2025-05-08 12:30:00,Aurelia F204,0.0,0.0,0.0,0.0,0.0,0.0,0.00015,0.0,0.0,0.05094,0.0,0.0,0.0,0.0,0.0,0.0,0.0,0.09644
2025-05-08 12:35:00,Aurelia F204,0.0,0.0,0.0,0.0,0.0,0.0,0.0005200000000000001,0.0,0.0,0.05006,-1e-05,0.0,0.0,0.0,0.0,0.0,0.0,0.09257
2025-05-08 12:40:00,Aurelia F204,0.03608,0.0,0.0,0.0,0.0,0.0,0.03637,0.0,0.0,0.04945,-2e-05,0.0,0.0,0.0,0.0,0.0,0.0,0.09403
2025-05-08 12:45:00,Aurelia F204,0.0709,0.0,0.0,0.0,0.0,0.0,0.07124,0.0,0.0,0.04963,-1e-05,0.0,0.0,0.0,0.0,0.0,0.0,0.09353
2025-05-08 12:50:00,Aurelia F204,0.06921,0.0,0.0,0.0,0.0,0.0,0.0694,0.0,0.0,0.04965,-1e-05,0.0,0.0,0.0,0.0,0.0,0.0,0.09397
2025-05-08 12:55:00,Aurelia F204,0.06878000000000001,0.0,0.0,0.0,0.0,0.0,0.06919,0.0,0.0,0.04968,0.0,0.0,0.0,0.0,0.0,0.0,0.0,0.09408
2025-05-08 13:00:00,Aurelia F204,0.06817000000000001,0.0,0.0,0.0,0.0,0.0,0.06858,0.0,0.0,0.05026,-5e-05,0.0,0.0,0.0,0.0,0.0,0.0,0.09085
2025-05-08 13:05:00,Aurelia F204,0.0685,0.0,0.0,0.0,0.0,0.0,0.06888,0.0,0.0,0.05003,-1e-05,0.0,0.0,0.0,0.0,0.0,0.0,0.09505
2025-05-08 13:10:00,Aurelia F204,0.06729,0.0,0.0,0.0,0.0,0.0,0.06762,0.0,0.0,0.05019,-1e-05,0.0,0.0,0.0,0.0,0.0,0.0,0.09551000000000001
2025-05-08 13:15:00,Aurelia F204,0.06811,0.0,0.0,0.0,0.0,0.0,0.06839,0.0,0.0,0.04994,-1e-05,0.0,0.0,0.0,0.0,0.0,0.0,0.09433
2025-05-08 13:20:00,Aurelia F204,0.06788,0.0,0.0,0.0,0.0,0.0,0.0681,0.0,0.0,0.04993,0.0,0.0,0.0,0.0,0.0,0.0,0.0,0.09434000000000001
2025-05-08 13:25:00,Aurelia F204,0.06755,0.0,0.0,0.0,0.0,0.0,0.06775,0.0,0.0,0.05001,-1e-05,0.0,0.0,0.0,0.0,0.0,0.0,0.09431999999999999
2025-05-08 13:30:00,Aurelia F204,0.06701,0.0,0.0,0.0,0.0,0.0,0.06723,0.0,0.0,0.04983,-5.9999999999999995e-05,0.0,0.0,0.0,0.0,0.0,0.0,0.09472
2025-05-08 13:35:00,Aurelia F204,0.06742000000000001,0.0,0.0,0.0,0.0,0.0,0.0677,0.0,0.0,0.04974,-2e-05,0.0,0.0,0.0,0.0,0.0,0.0,0.09434000000000001
2025-05-08 13:40:00,Aurelia F204,0.06691,0.0,0.0,0.0,0.0,0.0,0.06716,0.0,0.0,0.04933,-1e-05,0.0,0.0,0.0,0.0,0.0,0.0,0.09376000000000001
2025-05-08 13:45:00,Aurelia F204,0.06691,0.0,0.0,0.0,0.0,0.0,0.06717000000000001,0.0,0.0,0.049280000000000004,-2e-05,0.0,0.0,0.0,0.0,0.0,0.0,0.09481
2025-05-08 13:50:00,Aurelia F204,0.0589,0.0,0.0,0.0,0.0,0.0,0.05912,0.0,0.0,0.04932,0.0,0.0,0.0,0.0,0.0,0.0,0.0,0.09383
2025-05-08 13:55:00,Aurelia F204,0.05727,0.0,0.0,0.0,0.0,0.0,0.0576,0.0,0.0,0.04935,-1e-05,0.0,0.0,0.0,0.0,0.0,0.0,0.09461
2025-05-08 14:00:00,Aurelia F204,0.0,0.0,0.0,0.0,0.0,0.0,0.00025,0.0,0.0,0.04927,-1e-05,0.0,0.0,0.0,0.0,0.0,0.0,0.0948
2025-05-08 14:05:00,Aurelia F204,0.0,0.0,0.0,0.0,0.0,0.0,0.00037,0.0,0.0,0.04899,0.0,0.0,0.0,0.0,0.0,0.0,0.0,0.09343000000000001
2025-05-08 14:10:00,Aurelia F204,0.0,0.0,0.0,0.0,0.0,0.0,0.00032,0.0,0.0,0.048780000000000004,-1e-05,0.0,0.0,0.0,0.0,0.0,0.0,0.09358
2025-05-08 14:15:00,Aurelia F204,4e-05,0.0,0.0,0.0,0.0,0.0,0.0004,0.0,0.0,0.10973999999999999,0.0,0.0,0.0,0.0,0.0,0.0,0.0,0.15561000000000003
2025-05-08 14:20:00,Aurelia F204,0.0,0.0,0.0,0.0,0.0,0.0,0.0004,0.0,0.0,0.10975,0.0,0.0,0.0,0.0,0.0,0.0,0.0,0.15458000000000002
2025-05-08 14:25:00,Aurelia F204,0.0,0.0,0.0,0.0,0.0,0.0,0.00013000000000000002,0.0,0.0,0.10762000000000001,0.0,0.0,0.0,0.0,0.0,0.0,0.0,0.15278
2025-05-08 14:30:00,Aurelia F204,0.0,0.0,0.0,0.0,0.0,0.0,0.00027,0.0,0.0,0.10898999999999999,-1e-05,0.0,0.0,0.0,0.0,0.0,0.0,0.15371
2025-05-08 14:35:00,Aurelia F204,0.02944,0.0,0.0,0.0,0.0,0.0,0.00025,0.02846,0.0,0.0,-1e-05,0.0,0.0,0.0,0.0,0.0,0.0,0.01469
2025-05-08 14:40:00,Aurelia F204,0.0,0.0,0.0,0.0,0.0,0.0,0.00027,0.0,0.0,0.0,0.01427,0.0,0.0,0.0,0.0,0.01574,0.0,0.011
2025-05-08 14:45:00,Aurelia F204,1e-05,0.0,0.0,0.0,0.0,0.0,0.00041,0.0,0.0,0.0,0.01418,0.0,0.0,0.0,0.0,0.01565,0.0,0.01092
2025-05-08 14:50:00,Aurelia F204,0.0,0.0,0.0,0.0,0.0,0.0,0.00028000000000000003,0.0,0.0,0.0,0.013980000000000001,0.0,0.0,0.0,0.0,0.015529999999999999,0.0,0.01145
2025-05-08 14:55:00,Aurelia F204,0.03476,0.0,0.0,0.0,0.0,0.0,0.03508,0.0,0.0,0.0,0.014,0.0,0.0,0.0,0.0,0.015470000000000001,0.0,0.01099
2025-05-08 15:00:00,Aurelia F204,0.04308,0.0,0.0,0.0,0.0,0.0,0.04336,0.0,0.0,0.0,0.01413,0.0,0.0,0.0,0.0,0.01563,0.0,0.0111
2025-05-08 15:05:00,Aurelia F204,0.04263,0.0,0.0,0.0,0.0,0.0,0.04284,0.0,0.0,0.0,0.01405,0.0,0.0,0.0,0.0,0.01558,0.0,0.01134
2025-05-08 15:10:00,Aurelia F204,0.0423,0.0,0.0,0.0,0.0,0.0,0.04256,0.0,0.0,0.0,0.014029999999999999,0.0,0.0,0.0,0.0,0.0156,0.0,0.011710000000000002
2025-05-08 15:15:00,Aurelia F204,0.04237,0.0,0.0,0.0,0.0,0.0,0.04268,0.0,0.0,0.0,0.013900000000000001,0.0,0.0,0.0,0.0,0.015470000000000001,0.0,0.01107
2025-05-08 15:20:00,Aurelia F204,0.04197,0.0,0.0,0.0,0.0,0.0,0.04223,0.0,0.0,0.0,0.013890000000000001,0.0,0.0,0.0,0.0,0.015449999999999998,0.0,0.01132
2025-05-08 15:25:00,Aurelia F204,0.041960000000000004,0.0,0.0,0.0,0.0,0.0,0.0423,0.0,0.0,0.0,0.01399,0.0,0.0,0.0,0.0,0.015470000000000001,0.0,0.011009999999999999
2025-05-08 15:30:00,Aurelia F204,0.04203,0.0,0.0,0.0,0.0,0.0,0.04237,0.0,0.0,0.0,0.01479,0.0,0.0,0.0,0.0,0.01625,0.0,0.0109
2025-05-08 15:35:00,Aurelia F204,0.04193,0.0,0.0,0.0,0.0,0.0,0.042159999999999996,0.0,0.0,0.0,0.013710000000000002,0.0,0.0,0.0,0.0,0.015179999999999999,0.0,0.01078
2025-05-08 15:40:00,Aurelia F204,0.0417,0.0,0.0,0.0,0.0,0.0,0.04197,0.0,0.0,0.0,0.013,0.0,0.0,0.0,0.0,0.01446,0.0,0.01086
2025-05-08 15:45:00,Aurelia F204,0.04192,0.0,0.0,0.0,0.0,0.0,0.04218,0.0,0.0,0.0,0.01259,0.0,0.0,0.0,0.0,0.01402,0.0,0.01079
2025-05-08 15:50:00,Aurelia F204,0.04213,0.0,0.0,0.0,0.0,0.0,0.04247,0.0,0.0,0.0,0.011810000000000001,0.0,0.0,0.0,0.0,0.0132,0.0,0.01094
2025-05-08 15:55:00,Aurelia F204,0.04169,0.0,0.0,0.0,0.0,0.0,0.041890000000000004,0.0,0.0,0.0,0.01115,0.0,0.0,0.0,0.0,0.01263,0.0,0.01111
2025-05-08 16:00:00,Aurelia F204,0.04165,0.0,0.0,0.0,0.0,0.0,0.04199,0.0,0.0,0.0,0.022420000000000002,0.0,0.0,0.0,0.0,0.023899999999999998,0.0,0.01104
2025-05-08 16:05:00,Aurelia F204,0.041659999999999996,0.0,0.0,0.0,0.0,0.0,0.04184,0.0,0.0,0.0,0.02178,0.0,0.0,0.0,0.0,0.02336,0.0,0.01104
2025-05-08 16:10:00,Aurelia F204,0.04169,0.0,0.0,0.0,0.0,0.0,0.04197,0.0,0.0,0.0,0.009789999999999998,0.0,0.0,0.0,0.0,0.011380000000000001,0.0,0.0109
2025-05-08 16:15:00,Aurelia F204,0.04158,0.0,0.0,0.0,0.0,0.0,0.041909999999999996,0.0,0.0,0.0,0.00928,0.0,0.0,0.0,0.0,0.01082,0.0,0.011269999999999999
2025-05-08 16:20:00,Aurelia F204,0.0419,0.0,0.0,0.0,0.0,0.0,0.04209,0.0,0.0,0.0,0.009779999999999999,0.0,0.0,0.0,0.0,0.01132,0.0,0.011269999999999999
2025-05-08 16:25:00,Aurelia F204,0.04162,0.0,0.0,0.0,0.0,0.0,0.04182,0.0,0.0,0.0,0.00967,0.0,0.0,0.0,0.0,0.01123,0.0,0.011439999999999999
2025-05-08 16:30:00,Aurelia F204,0.04131,0.0,0.0,0.0,0.0,0.0,0.04157,0.0,0.0,0.0,0.019690000000000003,0.0,0.0,0.0,0.0,0.02116,0.0,0.01091
2025-05-08 16:35:00,Aurelia F204,0.04175,0.0,0.0,0.0,0.0,0.0,0.04206,0.0,0.0,0.0,0.01446,0.0,0.0,0.0,0.0,0.0158,0.0,0.01124
2025-05-08 16:40:00,Aurelia F204,0.037,0.0,0.0,0.0,0.0,0.0,0.03726,0.0,0.0,0.0,0.00562,0.0,0.0,0.0,0.0,0.00696,0.0,0.01104
2025-05-08 16:45:00,Aurelia F204,0.0363,0.0,0.0,0.0,0.0,0.0,0.036539999999999996,0.0,0.0,0.0,0.00357,0.0,0.0,0.0,0.0,0.0049900000000000005,0.0,0.01112
2025-05-08 16:50:00,Aurelia F204,0.0359,0.0,0.0,0.0,0.0,0.0,0.03618,0.0,0.0,0.0,0.00328,0.0,0.0,0.0,0.0,0.004730000000000001,0.0,0.01107
2025-05-08 16:55:00,Aurelia F204,0.03572,0.0,0.0,0.0,0.0,0.0,0.0359,0.0,0.0,0.0,0.0002,0.0,0.0,0.0,0.0,0.00287,0.0,0.01098
2025-05-08 17:00:00,Aurelia F204,0.03535,0.0,0.0,0.0,0.0,0.0,0.03572,0.0,0.0,0.0,0.0,0.0,0.0,0.0,0.0,0.00227,0.0,0.0109
2025-05-08 17:05:00,Aurelia F204,0.03523,0.0,0.0,0.0,0.0,0.0,0.03549,0.0,0.0,0.0,0.0,0.0,0.0,0.0,0.0,0.0,0.0,0.01084
2025-05-08 17:10:00,Aurelia F204,0.03503,0.0,0.0,0.0,0.0,0.0,0.03526,0.0,0.0,0.0,0.0,0.0,0.0,0.0,0.0,0.0,0.0,0.011
2025-05-08 17:15:00,Aurelia F204,0.03495,0.0,0.0,0.0,0.0,0.0,0.03531,0.0,0.0,0.0,0.0,0.0,0.0,0.0,0.0,0.0,0.0,0.01106
2025-05-08 17:20:00,Aurelia F204,0.03492,0.0,0.0,0.0,0.0,0.0,0.03522,0.0,0.0,0.0,0.0,0.0,0.0,0.0,0.0,0.0,0.0,0.01083
2025-05-08 17:25:00,Aurelia F204,0.05874,0.0,0.0,0.0,0.0,0.0,0.05897,0.0,0.0,0.0,0.0,0.0,0.0,0.0,0.0,0.0,0.0,0.01094
2025-05-08 17:30:00,Aurelia F204,0.05726,0.0,0.0,0.0,0.0,0.0,0.05759,0.0,0.0,0.0,0.0,0.0,0.0,0.0,0.0,1e-05,0.0,0.01087
2025-05-08 17:35:00,Aurelia F204,1e-05,0.0,0.0,0.0,0.0,0.0,0.00043,0.0,0.0,0.0,0.0,0.0,0.0,0.0,0.0,0.0,0.0,0.01084
2025-05-08 17:40:00,Aurelia F204,0.0,0.0,0.0,0.0,0.0,0.0,0.00016,0.0,0.0,0.0,0.0,0.0,0.0,0.0,0.0,0.0,0.0,0.01087
2025-05-08 17:45:00,Aurelia F204,0.12502,0.0,0.0,0.0,0.0,0.0,0.12525,0.0,0.0,0.0,0.0,0.0,0.0,0.0,0.0,0.0,0.0,0.01099
2025-05-08 17:50:00,Aurelia F204,0.12549,0.0,0.0,0.0,0.0,0.0,0.12573,0.0,0.0,0.0,0.0,0.0,0.0,0.0,0.0,0.0,0.0,0.010960000000000001
2025-05-08 17:55:00,Aurelia F204,0.15437,0.0,0.0,0.0,0.0,0.0,0.12639,0.02844,0.0,0.01686,0.00038,0.0,0.0,0.0,0.0,0.00061,0.0,0.032100000000000004
2025-05-08 18:00:00,Aurelia F204,0.12724,0.0,0.0,0.0,0.0,0.0,0.12755,0.0,0.0,0.01693,0.0057599999999999995,0.0,0.0,0.0,0.0,0.00709,0.0,0.03179
2025-05-08 18:05:00,Aurelia F204,0.1276,0.0,0.0,0.0,0.0,0.0,0.12788,0.0,0.0,0.01693,0.05263,0.0,0.0,0.0,0.0,0.05372,0.0,0.03166
2025-05-08 18:10:00,Aurelia F204,0.12661,0.0,0.0,0.0,0.0,0.0,0.12687,0.0,0.0,0.016980000000000002,0.05147,0.0,0.0,0.0,0.0,0.05274,0.0,0.03189
2025-05-08 18:15:00,Aurelia F204,0.12687,0.0,0.0,0.0,0.0,0.0,0.12715,0.0,0.0,0.016980000000000002,0.05131,0.0,0.0,0.0,0.0,0.05239,0.0,0.031760000000000004
2025-05-08 18:20:00,Aurelia F204,0.12694,0.0,0.0,0.0,0.0,0.0,0.1273,0.0,0.0,0.01695,0.02091,0.0,0.0,0.0,0.0,0.02234,0.0,0.032
2025-05-08 18:25:00,Aurelia F204,0.0,0.0,0.0,0.0,0.0,0.0,0.00035999999999999997,0.0,0.0,0.01693,0.023739999999999997,0.0,0.0,0.0,0.0,0.025160000000000002,0.0,0.03173
2025-05-08 18:30:00,Aurelia F204,0.0,0.0,0.0,0.0,0.0,0.0,0.00027,0.0,0.0,0.01691,0.023010000000000003,0.0,0.0,0.0,0.0,0.024460000000000003,0.0,0.03166
2025-05-08 18:35:00,Aurelia F204,0.08959,0.0,0.0,0.0,0.0,0.0,0.061689999999999995,0.02846,0.0,0.01676,0.02296,0.0,0.0,0.0,0.0,0.02436,0.0,0.03184
2025-05-08 18:40:00,Aurelia F204,0.08187,0.0,0.0,0.0,0.0,0.0,0.08206000000000001,0.0,0.0,0.01693,0.020550000000000002,0.0,0.0,0.0,0.0,0.02205,0.0,0.09799
2025-05-08 18:45:00,Aurelia F204,0.08020000000000001,0.0,0.0,0.0,0.0,0.0,0.08044,0.0,0.0,0.01697,0.02071,0.0,0.0,0.0,0.0,0.02218,0.0,0.09709000000000001
2025-05-08 18:50:00,Aurelia F204,0.07862999999999999,0.0,0.0,0.0,0.0,0.0,0.07887000000000001,0.0,0.0,0.01692,0.02307,0.0,0.0,0.0,0.0,0.02461,0.0,0.09556999999999999
2025-05-08 19:00:00,Aurelia F204,0.07594,0.0,0.0,0.0,0.0,0.0,0.07623999999999999,0.0,0.0,0.01693,0.02307,0.0,0.0,0.0,0.0,0.024550000000000002,0.0,0.09459999999999999
2025-05-08 19:05:00,Aurelia F204,0.07440999999999999,0.0,0.0,0.0,0.0,0.0,0.07478,0.0,0.0,0.017,0.02079,0.0,0.0,0.0,0.0,0.02225,0.0,0.09431
2025-05-08 19:10:00,Aurelia F204,0.07404000000000001,0.0,0.0,0.0,0.0,0.0,0.07437,0.0,0.0,0.01702,0.020730000000000002,0.0,0.0,0.0,0.0,0.02225,0.0,0.09445
2025-05-08 19:15:00,Aurelia F204,0.07322,0.0,0.0,0.0,0.0,0.0,0.07337,0.0,0.0,0.01695,0.008199999999999999,0.0,0.0,0.0,0.0,0.009609999999999999,0.0,0.12746
2025-05-08 19:20:00,Aurelia F204,0.07386,,,0.0,0.0,0.0,0.07413,0.0,,,0.00771,0.0,0.0,0.0,0.0,0.00901,,
2025-05-08 19:25:00,Aurelia F204,0.10133,0.0,0.0,0.0,0.0,0.0,0.07341,0.02851,0.0,0.06855,0.00848,0.0,0.0,0.0,0.0,0.00984,0.0,0.1777
2025-05-08 19:30:00,Aurelia F204,0.1004,0.0,0.0,0.0,0.0,0.0,0.07248,0.02837,0.0,0.06723,0.00587,0.0,0.0,0.0,0.0,0.00707,0.0,0.17792
2025-05-08 19:35:00,Aurelia F204,0.10195,0.0,0.01776,0.0,0.0,0.0,0.07407,0.02831,0.0,0.06695000000000001,0.00641,0.0,0.0,0.0,0.0,0.00767,0.0,0.19409
2025-05-08 19:40:00,Aurelia F204,0.09998,0.0,0.01771,0.0,0.0,0.0,0.0724,0.02823,0.0,0.06670000000000001,0.00684,0.0,0.0,0.0,0.0,0.00821,0.0,0.19516999999999998
2025-05-08 19:45:00,Aurelia F204,0.10769,0.0,0.0176,0.0,0.0,0.0,0.07984999999999999,0.02831,0.0,0.06617,0.0078,0.0,0.0,0.0,0.0,0.00903,0.0,0.19361
2025-05-08 19:50:00,Aurelia F204,0.10262,0.0,0.01758,0.0,0.0,0.0,0.07481,0.02823,0.0,0.06643,0.007690000000000001,0.0,0.0,0.0,0.0,0.0091,0.0,0.19534
2025-05-08 19:55:00,Aurelia F204,0.10044,0.0,0.0176,0.0,0.0,0.0,0.07263,0.02825,0.0,0.0665,0.00771,0.0,0.0,0.0,0.0,0.00912,0.0,0.19544999999999998
2025-05-08 20:00:00,Aurelia F204,0.10224,0.0,0.0,0.0,0.0,0.0,0.07452,0.028210000000000002,0.0,0.06677,0.0077599999999999995,0.0,0.0,0.0,0.0,0.00912,0.0,0.17761000000000002
2025-05-08 20:05:00,Aurelia F204,0.10279,0.0,0.0,0.0,0.0,0.0,0.07513,0.02816,0.0,0.06661,0.00785,0.0,0.0,0.0,0.0,0.00912,0.0,0.17366
2025-05-08 20:10:00,Aurelia F204,0.10095,0.0,0.0,0.0,0.0,0.0,0.07334,0.02823,0.0,0.06656000000000001,0.0077800000000000005,0.0,0.0,0.0,0.0,0.009179999999999999,0.0,0.17381
2025-05-08 20:15:00,Aurelia F204,0.10011,0.0,0.0,0.0,0.0,0.0,0.07256,0.02823,0.0,0.06641,0.00784,0.0,0.0,0.0,0.0,0.00915,0.0,0.17292
2025-05-08 20:20:00,Aurelia F204,0.09964,0.0,0.0,0.0,0.0,0.0,0.07209,0.028210000000000002,0.0,0.06638,0.0078,0.0,0.0,0.0,0.0,0.00917,0.0,0.174
2025-05-08 20:25:00,Aurelia F204,0.09979,0.0,0.0,0.0,0.0,0.0,0.07212,0.02811,0.0,0.06619,0.00771,0.0,0.0,0.0,0.0,0.0091,0.0,0.17387
2025-05-08 20:30:00,Aurelia F204,0.09953000000000001,0.0,0.0,0.0,0.0,0.0,0.07191,0.028030000000000003,0.0,0.06629,0.00783,0.0,0.0,0.0,0.0,0.00917,0.0,0.17368
2025-05-08 20:35:00,Aurelia F204,0.09944,0.0,0.0,0.0,0.0,0.0,0.07181,0.02816,0.0,0.06664,0.00782,0.0,0.0,0.0,0.0,0.00917,0.0,0.17557
2025-05-08 20:40:00,Aurelia F204,0.09818,0.0,0.0,0.0,0.0,0.0,0.07057,0.02819,0.0,0.06669,0.00783,0.0,0.0,0.0,0.0,0.009210000000000001,0.0,0.17479
2025-05-08 20:45:00,Aurelia F204,0.09864,0.0,0.0,0.0,0.0,0.0,0.07106,0.02817,0.0,0.06645000000000001,0.00782,0.0,0.0,0.0,0.0,0.00917,0.0,0.1748
2025-05-08 20:50:00,Aurelia F204,0.09803,0.0,0.0,0.0,0.0,0.0,0.07046,0.02819,0.0,0.06664,0.00789,0.0,0.0,0.0,0.0,0.00923,0.0,0.17492
2025-05-08 20:55:00,Aurelia F204,0.09920999999999999,0.0,0.0,0.0,0.0,0.0,0.07148,0.02817,0.0,0.06672,0.00782,0.0,0.0,0.0,0.0,0.009269999999999999,0.0,0.17547
2025-05-08 21:00:00,Aurelia F204,0.10078,0.0,0.0,0.0,0.0,0.0,0.07309,0.02816,0.0,0.06703,0.0079,0.0,0.0,0.0,0.0,0.00931,0.0,0.17615
2025-05-08 21:05:00,Aurelia F204,0.09881000000000001,0.0,0.0,0.0,0.0,0.0,0.07126,0.02816,0.0,0.06708,0.00785,0.0,0.0,0.0,0.0,0.009300000000000001,0.0,0.17633000000000001
2025-05-08 21:10:00,Aurelia F204,0.0975,0.0,0.0,0.0,0.0,0.0,0.06986,0.02809,0.0,0.06712,0.00789,0.0,0.0,0.0,0.0,0.00925,0.0,0.17643
2025-05-08 21:15:00,Aurelia F204,0.09731000000000001,0.0,0.0,0.0,0.0,0.0,0.06988,0.02826,0.0,0.06715,0.00792,0.0,0.0,0.0,0.0,0.00936,0.0,0.17618
2025-05-08 21:20:00,Aurelia F204,0.09695999999999999,0.0,0.0,0.0,0.0,0.0,0.06933,0.028140000000000002,0.0,0.06716,0.00792,0.0,0.0,0.0,0.0,0.00934,0.0,0.17590999999999998
2025-05-08 21:25:00,Aurelia F204,0.09687,0.0,0.0,0.0,0.0,0.0,0.06927,0.02807,0.0,0.06717000000000001,0.00784,0.0,0.0,0.0,0.0,0.00929,0.0,0.17646
2025-05-08 21:30:00,Aurelia F204,0.09126999999999999,0.0,0.0,0.0,0.0,0.0,0.0637,0.02818,0.0,0.06720999999999999,0.00783,0.0,0.0,0.0,0.0,0.009349999999999999,0.0,0.17679
2025-05-08 21:35:00,Aurelia F204,0.08864,0.0,0.0,0.0,0.0,0.0,0.061090000000000005,0.028059999999999998,0.0,0.06705,0.00783,0.0,0.0,0.0,0.0,0.00919,0.0,0.17578
2025-05-08 21:40:00,Aurelia F204,0.08782999999999999,0.0,0.0,0.0,0.0,0.0,0.06011,0.028050000000000002,0.0,0.06734,0.00611,0.0,0.0,0.0,0.0,0.00744,0.0,0.17595
2025-05-08 21:45:00,Aurelia F204,0.08737,0.0,0.0,0.0,0.0,0.0,0.05983,0.028120000000000003,0.0,0.09035,0.006019999999999999,0.0,0.0,0.0,0.0,0.00745,0.0,0.18928999999999999
2025-05-08 21:50:00,Aurelia F204,0.09976,0.0,0.0,0.0,0.0,0.0,0.07219,0.0281,0.0,0.08862,0.00613,0.0,0.0,0.0,0.0,0.0075,0.0,0.19324000000000002
2025-05-08 21:55:00,Aurelia F204,0.09881000000000001,0.0,0.0,0.0,0.0,0.0,0.0712,0.02816,0.0,0.08674,0.006059999999999999,0.0,0.0,0.00887,0.0,0.01634,0.0,0.19558
2025-05-08 22:00:00,Aurelia F204,0.09834999999999999,0.0,0.0,0.0,0.0,0.0,0.07078,0.0281,0.0,0.08292000000000001,0.00608,0.0,0.0,0.0088,0.0,0.01623,0.0,0.19258
2025-05-08 22:05:00,Aurelia F204,0.09775,0.0,0.0,0.0,0.0,0.0,0.07007,0.0281,0.0,0.09031,0.00613,0.0,0.0,0.0,0.0,0.0074800000000000005,0.0,0.20003
2025-05-08 22:10:00,Aurelia F204,0.02921,0.0,0.0,0.0,0.0,0.0,0.00033,0.02816,0.0,0.0,0.00818,0.0,0.0,0.0,0.0,0.0095,0.0,0.0148
2025-05-08 22:15:00,Aurelia F204,0.0,0.0,0.0,0.0,0.0,0.0,0.00019,0.0,0.0,0.0,0.04398,0.0,0.0,0.0,0.0,0.04488,0.0,0.011130000000000001
2025-05-08 22:20:00,Aurelia F204,0.0,0.0,0.0,0.0,0.0,0.0,0.00035999999999999997,0.0,0.0,0.0,0.04396,0.0,0.0,0.0,0.0,0.045219999999999996,0.0,0.01125
2025-05-08 22:25:00,Aurelia F204,0.0,0.0,0.0,0.0,0.0,0.0,0.00026000000000000003,0.0,0.0,0.0,0.04363,0.0,0.0,0.0,0.0,0.04488,0.0,0.011130000000000001
2025-05-08 22:30:00,Aurelia F204,1e-05,0.0,0.0,0.0,0.0,0.0,0.00025,0.0,0.0,0.0,0.04347,0.0,0.0,0.0,0.0,0.044789999999999996,0.0,0.01106
2025-05-08 22:35:00,Aurelia F204,0.0,0.0,0.0,0.0,0.0,0.0,0.00035999999999999997,0.0,0.0,0.0,0.0435,0.0,0.0,0.0,0.0,0.04457,0.0,0.01107
2025-05-08 22:40:00,Aurelia F204,4e-05,0.0,0.0,0.0,0.0,0.0,0.00029,0.0,0.0,0.0,0.04323,0.0,0.0,0.0,0.0,0.0442,0.0,0.011179999999999999
2025-05-08 22:45:00,Aurelia F204,0.0,0.0,0.0,0.0,0.0,0.0,0.0003,0.0,0.0,0.0,0.04322,0.0,0.0,0.0,0.0,0.04407,0.0,0.0111
2025-05-08 22:50:00,Aurelia F204,1e-05,0.0,0.0,0.0,0.0,0.0,0.00041,0.0,0.0,0.0,0.04307,0.0,0.0,0.0,0.0,0.04415,0.0,0.0109
2025-05-08 22:55:00,Aurelia F204,0.043429999999999996,0.0,0.0,0.0,0.0,0.0,0.04406,0.0,0.0,0.0,0.043340000000000004,0.0,0.0,0.0,0.0,0.04445,0.0,0.011009999999999999
2025-05-08 23:00:00,Aurelia F204,0.06861,0.0,0.0,0.0,0.0,0.0,0.06899,0.0,0.0,0.0,0.04316,0.0,0.0,0.0,0.0,0.04439,0.0,0.010960000000000001
2025-05-08 23:05:00,Aurelia F204,0.0683,0.0,0.0,0.0,0.0,0.0,0.06855,0.0,0.0,0.0,0.04296,0.0,0.0,0.0,0.0,0.044090000000000004,0.0,0.01105
2025-05-08 23:10:00,Aurelia F204,0.06826,0.0,0.0,0.0,0.0,0.0,0.06861,0.0,0.0,0.0,0.04313,0.0,0.0,0.0,0.0,0.04421,0.0,0.01184
2025-05-08 23:15:00,Aurelia F204,0.06813,0.0,0.0,0.0,0.0,0.0,0.06839,0.0,0.0,0.0,0.04289,0.0,0.0,0.0,0.0,0.04403,0.0,0.01124
2025-05-08 23:20:00,Aurelia F204,0.06676,0.0,0.0,0.0,0.0,0.0,0.06702,0.0,0.0,0.0,0.0426,0.0,0.0,0.0,0.0,0.04363,0.0,0.01106
2025-05-08 23:25:00,Aurelia F204,0.0679,0.0,0.0,0.0,0.0,0.0,0.06823,0.0,0.0,0.0,0.04302,0.0,0.0,0.0,0.0,0.04415,0.0,0.01145
2025-05-08 23:30:00,Aurelia F204,0.06720000000000001,0.0,0.0,0.0,0.0,0.0,0.06737,0.0,0.0,0.0,0.04291,0.0,0.0,0.0,0.0,0.04399,0.0,0.011130000000000001
2025-05-08 23:35:00,Aurelia F204,0.06803000000000001,0.0,0.0,0.0,0.0,0.0,0.0684,0.0,0.0,0.0,0.04282,0.0,0.0,0.0,0.0,0.04392,0.0,0.01131
2025-05-08 23:40:00,Aurelia F204,0.06687,0.0,0.0,0.0,0.0,0.0,0.06689,0.0,0.0,0.0,0.04299,0.0,0.0,0.0,0.0,0.04415,0.0,0.011
2025-05-08 23:45:00,Aurelia F204,0.06669,0.0,0.0,0.0,0.0,0.0,0.06693,0.0,0.0,0.0,0.05852,0.0,0.0,0.0,0.0,0.05981,0.0,0.011300000000000001
2025-05-08 23:50:00,Aurelia F204,0.06737,0.0,0.0,0.0,0.0,0.0,0.0677,0.0,0.0,0.0,0.055799999999999995,0.0,0.0,0.0,0.0,0.05732,0.0,0.011
2025-05-08 23:55:00,Aurelia F204,0.06734,0.0,0.0,0.0,0.0,0.0,0.06773,0.0,0.0,0.0,0.05147,0.0,0.0,0.0,0.0,0.05271,0.0,0.01117
2025-05-09 00:00:00,Aurelia F204,0.06667000000000001,0.0,0.0,0.0,0.0,0.0,0.06691,0.0,0.0,0.0,0.0507,0.0,0.0,0.0,0.0,0.05199,0.0,0.01124
2025-05-09 00:05:00,Aurelia F204,0.06656000000000001,0.0,0.0,0.0,0.0,0.0,0.06684,0.0,0.0,0.0,0.05051,0.0,0.0,0.0,0.0,0.05149,0.0,0.01091
2025-05-09 00:10:00,Aurelia F204,0.05887,0.0,0.0,0.0,0.0,0.0,0.05924,0.0,0.0,0.0,0.04323,0.0,0.0,0.0,0.0,0.04448,0.0,0.011009999999999999
2025-05-09 00:15:00,Aurelia F204,0.05754,0.0,0.0,0.0,0.0,0.0,0.05775,0.0,0.0,0.0,0.04314,0.0,0.0,0.0,0.0,0.04412,0.0,0.01129
2025-05-09 00:20:00,Aurelia F204,0.05686,0.0,0.0,0.0,0.0,0.0,0.05708,0.0,0.0,0.0,0.04295,0.0,0.0,0.0,0.0,0.04395,0.0,0.01114
2025-05-09 00:25:00,Aurelia F204,0.0,0.0,0.0,0.0,0.0,0.0,0.00022,0.0,0.0,0.0,0.03705,0.0,0.0,0.0,0.0,0.0386,0.0,0.01099
2025-05-09 00:30:00,Aurelia F204,0.0,0.0,0.0,0.0,0.0,0.0,0.00045,0.0,0.0,0.0,0.03626,0.0,0.0,0.0,0.0,0.03785,0.0,0.011009999999999999
2025-05-09 00:35:00,Aurelia F204,0.0,0.0,0.0,0.0,0.0,0.0,0.00035999999999999997,0.0,0.0,0.0,0.03653,0.0,0.0,0.0,0.0,0.03804,0.0,0.01131
2025-05-09 00:40:00,Aurelia F204,0.0,0.0,0.0,0.0,0.0,0.0,0.00034,0.0,0.0,0.0,0.03626,0.0,0.0,0.0,0.0,0.03778,0.0,0.01087
2025-05-09 00:45:00,Aurelia F204,0.0,0.0,0.0,0.0,0.0,0.0,0.00037,0.0,0.0,0.0,0.036340000000000004,0.0,0.0,0.0,0.0,0.03797,0.0,0.01094
2025-05-09 00:50:00,Aurelia F204,0.0,0.0,0.0,0.0,0.0,0.0,0.00047999999999999996,0.0,0.0,0.0,0.0365,0.0,0.0,0.0,0.0,0.038009999999999995,0.0,0.01098
2025-05-09 00:55:00,Aurelia F204,0.0,0.0,0.0,0.0,0.0,0.0,0.0003,0.0,0.0,0.0,0.03658,0.0,0.0,0.0,0.0,0.038200000000000005,0.0,0.012289999999999999
2025-05-09 01:00:00,Aurelia F204,2e-05,0.0,0.0,0.0,0.0,0.0,0.00022,0.0,0.0,0.0,0.03674,0.0,0.0,0.0,0.0,0.038259999999999995,0.0,0.01111
2025-05-09 01:05:00,Aurelia F204,0.0,0.0,0.0,0.0,0.0,0.0,0.0003,0.0,0.0,0.0,0.036719999999999996,0.0,0.0,0.0,0.0,0.0384,0.0,0.011359999999999999
2025-05-09 01:10:00,Aurelia F204,0.0,0.0,0.0,0.0,0.0,0.0,0.00023,0.0,0.0,0.0,0.03678,0.0,0.0,0.0,0.0,0.038299999999999994,0.0,0.01087
2025-05-09 01:15:00,Aurelia F204,0.0,0.0,0.0,0.0,0.0,0.0,0.0003,0.0,0.0,0.0,0.036789999999999996,0.0,0.0,0.0,0.0,0.038299999999999994,0.0,0.01111
2025-05-09 01:20:00,Aurelia F204,0.04145,0.0,0.0,0.0,0.0,0.0,0.04178,0.0,0.0,0.0,0.036789999999999996,0.0,0.0,0.0,0.0,0.038310000000000004,0.0,0.01104
2025-05-09 01:25:00,Aurelia F204,0.04254,0.0,0.0,0.0,0.0,0.0,0.04278,0.0,0.0,0.0,0.03694,0.0,0.0,0.0,0.0,0.03853,0.0,0.01141
2025-05-09 01:30:00,Aurelia F204,0.04236,0.0,0.0,0.0,0.0,0.0,0.04256,0.0,0.0,0.0,0.03711,0.0,0.0,0.0,0.0,0.03865,0.0,0.01105
2025-05-09 01:35:00,Aurelia F204,0.04181,0.0,0.0,0.0,0.0,0.0,0.04217,0.0,0.0,0.0,0.03704,0.0,0.0,0.0,0.0,0.038549999999999994,0.0,0.01129
2025-05-09 01:40:00,Aurelia F204,0.04179,0.0,0.0,0.0,0.0,0.0,0.04217,0.0,0.0,0.0,0.03703,0.0,0.0,0.0,0.0,0.038630000000000005,0.0,0.01103
2025-05-09 01:45:00,Aurelia F204,0.04204,0.0,0.0,0.0,0.0,0.0,0.04224,0.0,0.0,0.0,0.03716,0.0,0.0,0.0,0.0,0.038740000000000004,0.0,0.01105
2025-05-09 01:50:00,Aurelia F204,0.04175,0.0,0.0,0.0,0.0,0.0,0.041890000000000004,0.0,0.0,0.0,0.03724,0.0,0.0,0.0,0.0,0.038829999999999996,0.0,0.01099
2025-05-09 01:55:00,Aurelia F204,0.041479999999999996,0.0,0.0,0.0,0.0,0.0,0.0419,0.0,0.0,0.0,0.037270000000000005,0.0,0.0,0.0,0.0,0.038829999999999996,0.0,0.0109
2025-05-09 02:00:00,Aurelia F204,0.04162,0.0,0.0,0.0,0.0,0.0,0.04199,0.0,0.0,0.0,0.03741,0.0,0.0,0.0,0.0,0.03904,0.0,0.01093
2025-05-09 02:05:00,Aurelia F204,0.04161,0.0,0.0,0.0,0.0,0.0,0.04181,0.0,0.0,0.0,0.03725,0.0,0.0,0.0,0.0,0.038840000000000006,0.0,0.01094
2025-05-09 02:10:00,Aurelia F204,0.04179,0.0,0.0,0.0,0.0,0.0,0.0422,0.0,0.0,0.0,0.03728,0.0,0.0,0.0,0.0,0.038799999999999994,0.0,0.010960000000000001
2025-05-09 02:15:00,Aurelia F204,0.041350000000000005,0.0,0.0,0.0,0.0,0.0,0.04168,0.0,0.0,0.0,0.03717,0.0,0.0,0.0,0.0,0.03879,0.0,0.0109
2025-05-09 02:20:00,Aurelia F204,0.041280000000000004,0.0,0.0,0.0,0.0,0.0,0.04161,0.0,0.0,0.0,0.03716,0.0,0.0,0.0,0.0,0.038770000000000006,0.0,0.01099
2025-05-09 02:25:00,Aurelia F204,0.04137,0.0,0.0,0.0,0.0,0.0,0.041710000000000004,0.0,0.0,0.0,0.03732,0.0,0.0,0.0,0.0,0.03875,0.0,0.011130000000000001
2025-05-09 02:30:00,Aurelia F204,0.04157,0.0,0.0,0.0,0.0,0.0,0.04176,0.0,0.0,0.0,0.03713,0.0,0.0,0.0,0.0,0.038740000000000004,0.0,0.011300000000000001
2025-05-09 02:35:00,Aurelia F204,0.04157,0.0,0.0,0.0,0.0,0.0,0.04188,0.0,0.0,0.0,0.03711,0.0,0.0,0.0,0.0,0.03864,0.0,0.01093
2025-05-09 02:40:00,Aurelia F204,0.0414,0.0,0.0,0.0,0.0,0.0,0.041659999999999996,0.0,0.0,0.0,0.03719,0.0,0.0,0.0,0.0,0.03885,0.0,0.01134
2025-05-09 02:45:00,Aurelia F204,0.0417,0.0,0.0,0.0,0.0,0.0,0.041890000000000004,0.0,0.0,0.0,0.037380000000000004,0.0,0.0,0.0,0.0,0.039,0.0,0.0111
2025-05-09 02:50:00,Aurelia F204,0.041710000000000004,0.0,0.0,0.0,0.0,0.0,0.04208,0.0,0.0,0.0,0.0373,0.0,0.0,0.0,0.0,0.038880000000000005,0.0,0.010960000000000001
2025-05-09 02:55:00,Aurelia F204,0.03703,0.0,0.0,0.0,0.0,0.0,0.037399999999999996,0.0,0.0,0.0,0.037270000000000005,0.0,0.0,0.0,0.0,0.038869999999999995,0.0,0.01087
2025-05-09 03:00:00,Aurelia F204,0.03633,0.0,0.0,0.0,0.0,0.0,0.03657,0.0,0.0,0.0,0.03748,0.0,0.0,0.0,0.0,0.039009999999999996,0.0,0.01107
2025-05-09 03:05:00,Aurelia F204,0.03585,0.0,0.0,0.0,0.0,0.0,0.03617,0.0,0.0,0.0,0.03746,0.0,0.0,0.0,0.0,0.039009999999999996,0.0,0.011269999999999999
2025-05-09 03:10:00,Aurelia F204,0.0356,0.0,0.0,0.0,0.0,0.0,0.035840000000000004,0.0,0.0,0.0,0.03744,0.0,0.0,0.0,0.0,0.03904,0.0,0.011009999999999999
2025-05-09 03:15:00,Aurelia F204,0.03533,0.0,0.0,0.0,0.0,0.0,0.03572,0.0,0.0,0.0,0.037520000000000005,0.0,0.0,0.0,0.0,0.03904,0.0,0.01093
2025-05-09 03:20:00,Aurelia F204,0.03508,0.0,0.0,0.0,0.0,0.0,0.03528,0.0,0.0,0.0,0.03741,0.0,0.0,0.0,0.0,0.039,0.0,0.011439999999999999
2025-05-09 03:25:00,Aurelia F204,0.03512,0.0,0.0,0.0,0.0,0.0,0.03536,0.0,0.0,0.0,0.03743,0.0,0.0,0.0,0.0,0.038950000000000005,0.0,0.01139
2025-05-09 03:30:00,Aurelia F204,0.03489,0.0,0.0,0.0,0.0,0.0,0.0352,0.0,0.0,0.0,0.03748,0.0,0.0,0.0,0.0,0.039060000000000004,0.0,0.01131
2025-05-09 03:35:00,Aurelia F204,0.03479,0.0,0.0,0.0,0.0,0.0,0.03506,0.0,0.0,0.0,0.03756,0.0,0.0,0.0,0.0,0.03908,0.0,0.01099
2025-05-09 03:40:00,Aurelia F204,0.03456,0.0,0.0,0.0,0.0,0.0,0.03488,0.0,0.0,0.0,0.03744,0.0,0.0,0.0,0.0,0.03907,0.0,0.0109
2025-05-09 03:45:00,Aurelia F204,0.034390000000000004,0.0,0.0,0.0,0.0,0.0,0.03473,0.0,0.0,0.0,0.03753,0.0,0.0,0.0,0.0,0.03914,0.0,0.011380000000000001
2025-05-09 03:50:00,Aurelia F204,0.05763,0.0,0.0,0.0,0.0,0.0,0.05796,0.0,0.0,0.0,0.037340000000000005,0.0,0.0,0.0,0.0,0.038810000000000004,0.0,0.01145
2025-05-09 03:55:00,Aurelia F204,5.9999999999999995e-05,0.0,0.0,0.0,0.0,0.0,0.00043,0.0,0.0,0.0,0.03748,0.0,0.0,0.0,0.0,0.03904,0.0,0.0111
2025-05-09 04:00:00,Aurelia F204,1e-05,0.0,0.0,0.0,0.0,0.0,0.00053,0.0,0.0,0.0,0.037630000000000004,0.0,0.0,0.0,0.0,0.039130000000000005,0.0,0.01109
2025-05-09 04:05:00,Aurelia F204,4e-05,0.0,0.0,0.0,0.0,0.0,0.00043,0.0,0.0,0.0,0.03772,0.0,0.0,0.0,0.0,0.039299999999999995,0.0,0.011009999999999999
2025-05-09 04:10:00,Aurelia F204,2e-05,0.0,0.0,0.0,0.0,0.0,0.00032,0.0,0.0,0.0,0.03767,0.0,0.0,0.0,0.0,0.03925,0.0,0.01117
2025-05-09 04:15:00,Aurelia F204,2e-05,0.0,0.0,0.0,0.0,0.0,0.00037,0.0,0.0,0.0,0.03761,0.0,0.0,0.0,0.0,0.039270000000000006,0.0,0.01098
2025-05-09 04:20:00,Aurelia F204,0.0,0.0,0.0,0.0,0.0,0.0,0.00046,0.0,0.0,0.0,0.03761,0.0,0.0,0.0,0.0,0.03925,0.0,0.01093
2025-05-09 04:25:00,Aurelia F204,2e-05,0.0,0.0,0.0,0.0,0.0,0.00037,0.0,0.0,0.0,0.037700000000000004,0.0,0.0,0.0,0.0,0.039200000000000006,0.0,0.011300000000000001
2025-05-09 04:30:00,Aurelia F204,0.1365,0.0,0.0,0.0,0.0,0.0,0.13688,0.0,0.0,0.0,0.037899999999999996,0.0,0.0,0.0,0.0,0.039439999999999996,0.0,0.011130000000000001
2025-05-09 04:35:00,Aurelia F204,0.13613999999999998,0.0,0.0,0.0,0.0,0.0,0.13652,0.0,0.0,0.0,0.03774,0.0,0.0,0.0,0.0,0.03933,0.0,0.011130000000000001
2025-05-09 04:40:00,Aurelia F204,0.13566999999999999,0.0,0.0,0.0,0.0,0.0,0.13602,0.0,0.0,0.0,0.0376,0.0,0.0,0.0,0.0,0.039240000000000004,0.0,0.01094
2025-05-09 04:45:00,Aurelia F204,0.13534000000000002,0.0,0.0,0.0,0.0,0.0,0.13572,0.0,0.0,0.0,0.03773,0.0,0.0,0.0,0.0,0.039409999999999994,0.0,0.01129
2025-05-09 04:50:00,Aurelia F204,0.1354,0.0,0.0,0.0,0.0,0.0,0.13569,0.0,0.0,0.0,0.03772,0.0,0.0,0.0,0.0,0.039310000000000005,0.0,0.01093
2025-05-09 04:55:00,Aurelia F204,0.13524,0.0,0.0,0.0,0.0,0.0,0.13558,0.0,0.0,0.0,0.03756,0.0,0.0,0.0,0.0,0.0391,0.0,0.01123
2025-05-09 05:00:00,Aurelia F204,0.0,0.0,0.0,0.0,0.0,0.0,0.00029,0.0,0.0,0.0,0.04222,0.0,0.0,0.0,0.0,0.04367,0.0,0.01097
2025-05-09 05:05:00,Aurelia F204,1e-05,0.0,0.0,0.0,0.0,0.0,0.0004,0.0,0.0,0.0,0.04413,0.0,0.0,0.00885,0.0,0.053619999999999994,0.0,0.01092
2025-05-09 05:10:00,Aurelia F204,0.03553,0.0,0.0,0.0,0.0,0.0,0.03595,0.0,0.0,0.0,0.04408,0.0,0.0,0.00872,0.0,0.05323,0.0,0.01097
2025-05-09 05:15:00,Aurelia F204,0.07051,0.0,0.0,0.0,0.0,0.0,0.07066,0.0,0.0,0.0,0.043340000000000004,0.0,0.0,0.0,0.0,0.04468,0.0,0.01114
2025-05-09 05:20:00,Aurelia F204,0.0703,0.0,0.0,0.0,0.0,0.0,0.07061,0.0,0.0,0.0,0.04316,0.0,0.0,0.0,0.0,0.04455,0.0,0.01092
2025-05-09 05:25:00,Aurelia F204,0.06975,0.0,0.0,0.0,0.0,0.0,0.07001,0.0,0.0,0.0,0.04219,0.0,0.0,0.0,0.0,0.04369,0.0,0.011269999999999999
2025-05-09 05:30:00,Aurelia F204,0.06851,0.0,0.0,0.0,0.0,0.0,0.06879,0.0,0.0,0.0,0.04104,0.0,0.0,0.0,0.0,0.04251,0.0,0.01119
2025-05-09 05:35:00,Aurelia F204,0.06731999999999999,0.0,0.0,0.0,0.0,0.0,0.06762,0.0,0.0,0.0,0.06704,0.0,0.0,0.0,0.0,0.06843,0.0,0.0109
2025-05-09 05:40:00,Aurelia F204,0.09495,0.0,0.0,0.0,0.0,0.0,0.06695999999999999,0.028579999999999998,0.0,0.0,0.06748,0.0,0.0,0.0,0.0,0.06894,0.0,0.04707
2025-05-09 05:45:00,Aurelia F204,0.10396999999999999,0.0,0.0,0.0,0.0,0.0,0.07608,0.028300000000000002,0.0,0.0,0.05271,0.0,0.0,0.0,0.0,0.05403,0.0,0.04665999999999999
2025-05-09 05:50:00,Aurelia F204,0.1128,0.0,0.0,0.0,0.00864,0.0,0.07631,0.028239999999999998,0.0,0.0,0.04615,0.0,0.0,0.00885,0.0,0.056369999999999996,0.0,0.046700000000000005
2025-05-09 05:55:00,Aurelia F204,0.10357999999999999,0.0,0.0,0.0,0.0,0.0,0.07592,0.02818,0.0,0.0,0.03098,0.0,0.0,0.00871,0.0,0.041210000000000004,0.0,0.04646
2025-05-09 06:00:00,Aurelia F204,0.14211000000000001,0.0,0.0,0.0,0.0,0.15015,0.07856,0.06397,0.0,0.0,0.07304000000000001,0.0,0.0,0.0,0.0,0.22436,0.0,0.046729999999999994
2025-05-09 06:05:00,Aurelia F204,0.1313,0.0,0.0,0.0,0.0,0.13665,0.06892,0.06291,0.0,0.0,0.02502,0.0,0.0,0.0,0.0,0.16291,0.0,0.06539
2025-05-09 06:10:00,Aurelia F204,0.13801,0.0,0.0,0.0,0.0,0.13194,0.07625,0.06235,0.0,0.0,0.023399999999999997,0.0,0.0,0.0,0.0,0.15661000000000003,0.0,0.06514
2025-05-09 06:15:00,Aurelia F204,0.10272,0.0,0.0,0.0,0.0,0.13016,0.075,0.028140000000000002,0.0,0.0,0.02243,0.0,0.0,0.0,0.0,0.15391,0.0,0.06486
2025-05-09 06:20:00,Aurelia F204,0.10232,0.0,0.0,0.0,0.0,0.12832,0.07482,0.02807,0.0,0.05303,0.03513,0.0,0.0,0.0,0.0,0.1648,0.0,0.1191
2025-05-09 06:25:00,Aurelia F204,0.10248,0.0,0.0,0.0,0.0,0.12763,0.07495,0.0282,0.0,0.05164,0.03579,0.0,0.0,0.0,0.0,0.16481,0.0,0.11791
2025-05-09 06:30:00,Aurelia F204,0.10171,0.0,0.0,0.0,0.0,0.12821000000000002,0.07413,0.02818,0.0,0.05073,0.03544,0.0,0.0,0.0,0.0,0.16502,0.0,0.11709
2025-05-09 06:35:00,Aurelia F204,0.10051,0.0,0.0,0.0,0.0,0.12683,0.07287,0.02811,0.0,0.05044,0.023559999999999998,0.0,0.0,0.0,0.0,0.15166,0.0,0.11699
2025-05-09 06:40:00,Aurelia F204,0.10001,0.0,0.0,0.0,0.0,0.0,0.07229000000000001,0.02811,0.0,0.0506,0.02116,0.0,0.0,0.0,0.0,0.022609999999999998,0.0,0.11702
2025-05-09 06:45:00,Aurelia F204,0.07229000000000001,0.0,0.0,0.0,0.0,0.0,0.07264,0.0,0.0,0.05051,0.02124,0.0,0.0,0.0,0.0,0.022670000000000003,0.0,0.11691
2025-05-09 06:50:00,Aurelia F204,0.07244,0.0,0.0,0.0,0.0,0.0,0.07263,0.0,0.0,0.05025,0.02936,0.0,0.0,0.0,0.0,0.03075,0.0,0.09783
2025-05-09 06:55:00,Aurelia F204,0.07092,0.0,0.0,0.0,0.0,0.0,0.07123,0.0,0.0,0.05027,0.0,0.0,0.0,0.0,0.0,0.0,0.0,0.09759000000000001
2025-05-09 07:00:00,Aurelia F204,0.0711,0.0,0.0,0.0,0.0,0.0,0.07133,0.0,0.0,0.05012,-7.000000000000001e-05,0.0,0.0,0.0,0.0,0.0,0.0,0.09719
2025-05-09 07:05:00,Aurelia F204,0.07076,0.0,0.0,0.0,0.0,0.0,0.07105,0.0,0.0,0.049909999999999996,0.0,0.0,0.0,0.0,0.0,0.0,0.0,0.09743
2025-05-09 07:10:00,Aurelia F204,0.0702,0.0,0.0,0.0,0.0,0.0,0.07054,0.0,0.0,0.04938,0.0,0.0,0.0,0.0,0.0,0.0,0.0,0.09673999999999999
2025-05-09 07:15:00,Aurelia F204,0.07002,0.0,0.0,0.0,0.0,0.0,0.07038,0.0,0.0,0.04959,0.0,0.0,0.0,0.0,0.0,0.0,0.0,0.09698000000000001
2025-05-09 07:20:00,Aurelia F204,0.07005,0.0,0.0,0.0,0.0,0.0,0.07045,0.0,0.0,0.04961,-2e-05,0.0,0.0,0.0,0.0,0.0,0.0,0.09664
2025-05-09 07:25:00,Aurelia F204,0.07065,0.0,0.0,0.0,0.0,0.0,0.0709,0.0,0.0,0.04925,0.0,0.0,0.0,0.0,0.0,0.0,0.0,0.09648999999999999
2025-05-09 07:30:00,Aurelia F204,0.06934,0.0,0.0,0.0,0.0,0.0,0.06969,0.0,0.0,0.049229999999999996,0.0,0.0,0.0,0.0,0.0,0.0,0.0,0.09664
2025-05-09 07:35:00,Aurelia F204,0.06369,0.0,0.0,0.0,0.0,0.0,0.06402,0.0,0.0,0.04939,-4e-05,0.0,0.0,0.0,0.0,0.0,0.0,0.09705
2025-05-09 07:40:00,Aurelia F204,0.06,0.0,0.0,0.0,0.0,0.0,0.06026,0.0,0.0,0.0495,-4e-05,0.0,0.0,0.0,0.0,0.0,0.0,0.09767
2025-05-09 07:45:00,Aurelia F204,0.05953,0.0,0.0,0.0,0.0,0.0,0.05983,0.0,0.0,0.04947,-1e-05,0.0,0.0,0.0,0.0,0.0,0.0,0.09678
2025-05-09 07:50:00,Aurelia F204,0.08938,0.0,0.0,0.0,0.0,0.0,0.06142,0.02831,0.0,0.04895,0.0,0.0,0.0,0.0,0.0,0.0,0.0,0.09647
2025-05-09 07:55:00,Aurelia F204,0.0886,0.0,0.0,0.0,0.0,0.0,0.06087,0.028390000000000002,0.0,0.036719999999999996,-7.000000000000001e-05,0.0,0.0,0.0,0.0,0.0,0.0,0.08441
2025-05-09 08:00:00,Aurelia F204,0.06577,0.0,0.0,0.0,0.0,0.0,0.06602,0.0,0.0,0.037090000000000005,0.0,0.0,0.0,0.0,0.0,0.0,0.0,0.08474
2025-05-09 08:05:00,Aurelia F204,0.07022,0.0,0.0,0.0,0.0,0.0,0.07049,0.0,0.0,0.036789999999999996,0.0,0.0,0.0,0.0,0.0,0.0,0.0,0.08436
2025-05-09 08:10:00,Aurelia F204,0.06977,0.0,0.0,0.0,0.0,0.0,0.07,0.0,0.0,0.0367,0.0,0.0,0.0,0.0,0.0,0.0,0.0,0.08428000000000001
2025-05-09 08:15:00,Aurelia F204,0.06906999999999999,0.0,0.0,0.0,0.0,0.0,0.06933,0.0,0.0,0.03665,-1e-05,0.0,0.0,0.0,0.0,0.0,0.0,0.08414
2025-05-09 08:20:00,Aurelia F204,0.06891,0.0,0.0,0.0,0.0,0.0,0.06906,0.0,0.0,0.03667,-1e-05,0.0,0.0,0.0,0.0,0.0,0.0,0.08355
2025-05-09 08:25:00,Aurelia F204,0.06854,0.0,0.0,0.0,0.0,0.0,0.06884,0.0,0.0,0.03676,-1e-05,0.0,0.0,0.0,0.0,0.0,0.0,0.084
2025-05-09 08:30:00,Aurelia F204,0.07377,0.0,0.0,0.0,0.0,0.0,0.0742,0.0,0.0,0.037090000000000005,0.0,0.0,0.0,0.0,0.0,0.0,0.0,0.08441
2025-05-09 08:35:00,Aurelia F204,0.07232,0.0,0.0,0.0,0.0,0.0,0.07267,0.0,0.0,0.036789999999999996,-1e-05,0.0,0.0,0.0,0.0,0.0,0.0,0.08447
2025-05-09 08:40:00,Aurelia F204,0.07138,0.0,0.0,0.0,0.0,0.0,0.07168000000000001,0.0,0.0,0.03688,0.0,0.0,0.0,0.0,0.0,0.0,0.0,0.08435
2025-05-09 08:45:00,Aurelia F204,4e-05,0.0,0.0,0.0,0.0,0.0,0.00033,0.0,0.0,0.03687,-2e-05,0.0,0.0,0.0,0.0,0.0,0.0,0.08406
2025-05-09 08:50:00,Aurelia F204,5e-05,0.0,0.0,0.0,0.0,0.0,0.00037,0.0,0.0,0.037149999999999996,0.0,0.0,0.0,0.0,0.0,0.0,0.0,0.08499
2025-05-09 08:55:00,Aurelia F204,0.0,0.0,0.0,0.0,0.0,0.0,0.0003,0.0,0.0,0.03712,-1e-05,0.0,0.0,0.0,0.0,0.0,0.0,0.08469
2025-05-09 09:00:00,Aurelia F204,0.0,0.0,0.0,0.0,0.0,0.0,0.00023,0.0,0.0,0.037090000000000005,-1e-05,0.0,0.0,0.0,0.0,0.0,0.0,0.0846
2025-05-09 09:05:00,Aurelia F204,0.0,0.0,0.0,0.0,0.0,0.0,0.00034,0.0,0.0,0.03696,-2e-05,0.0,0.0,0.0,0.0,0.0,0.0,0.08416
2025-05-09 09:10:00,Aurelia F204,2e-05,0.0,0.0,0.0,0.0,0.0,0.00045,0.0,0.0,0.03625,0.0,0.0,0.0,0.0,0.0,0.0,0.0,0.08389
2025-05-09 09:15:00,Aurelia F204,0.0,0.0,0.0,0.0,0.0,0.0,0.00025,0.0,0.0,0.03592,0.0,0.0,0.0,0.0,0.0,0.0,0.0,0.08319
2025-05-09 09:20:00,Aurelia F204,4e-05,0.0,0.0,0.0,0.0,0.0,0.00025,0.0,0.0,0.0,0.0,0.0,0.0,0.0,0.0,0.0,0.0,0.01676
2025-05-09 09:25:00,Aurelia F204,0.033460000000000004,0.0,0.0,0.0,0.0,0.0,0.03377,0.0,0.0,0.0,0.0,0.0,0.0,0.0,0.0,0.0,0.0,0.01442
2025-05-09 09:30:00,Aurelia F204,0.0685,0.0,0.0,0.0,0.0,0.0,0.0688,0.0,0.0,0.0,0.0,0.0,0.0,0.0,0.0,0.0,0.0,0.014
2025-05-09 09:35:00,Aurelia F204,0.06994,0.0,0.0,0.0,0.0,0.0,0.07027,0.0,0.0,0.0,0.0,0.0,0.0,0.0,0.0,0.0,0.0,0.013949999999999999
2025-05-09 09:40:00,Aurelia F204,0.07014,0.0,0.0,0.0,0.0,0.0,0.07054,0.0,0.0,0.02221,0.06663,0.0,0.0,0.0,0.0,0.06814,0.0,0.0373
2025-05-09 09:45:00,Aurelia F204,0.06805,0.0,0.0,0.0,0.0,0.0,0.06825,0.0,0.0,0.02188,0.06498000000000001,0.0,0.0,0.0,0.0,0.06648,0.0,0.03674
2025-05-09 09:50:00,Aurelia F204,0.09725,0.0,0.0,0.0,0.0,0.0,0.06925,0.02841,0.0,0.02148,0.06723,0.0,0.0,0.0,0.0,0.06875,0.0,0.03661
2025-05-09 09:55:00,Aurelia F204,0.10536,0.0,0.0,0.0,0.00851,0.0,0.06881,0.02834,0.0,0.0215,0.06684,0.0,0.0,0.0,0.0,0.06828000000000001,0.0,0.036520000000000004
2025-05-09 10:00:00,Aurelia F204,0.16563999999999998,0.0,0.0,0.0,0.00844,0.0,0.06923,0.08843000000000001,0.0,0.09844,0.0669,0.0,0.0,0.0,0.0,0.06834,0.0,0.19125999999999999
2025-05-09 10:05:00,Aurelia F204,0.16169,0.0,0.0798,0.0,0.008230000000000001,0.0,0.06727,0.08639,0.0,0.09654,0.08829000000000001,0.0,0.0,0.0,0.0,0.08957,0.0,0.26716
2025-05-09 10:10:00,Aurelia F204,0.1453,0.0,0.0,0.0,0.0,0.0,0.06147,0.08462,0.0,0.0,0.09534999999999999,0.0,0.0,0.0,0.0,0.09676,0.0,0.014029999999999999
2025-05-09 10:15:00,Aurelia F204,0.14211000000000001,0.0,0.0,0.0,0.0,0.0,0.05821,0.08426,0.0,0.0,0.0945,0.0,0.0,0.0,0.0,0.09578,0.0,0.014060000000000001
2025-05-09 10:20:00,Aurelia F204,0.14059,0.0,0.0,0.0,0.0,0.0,0.057280000000000005,0.08369,0.0,0.0,0.09412000000000001,0.0,0.0,0.0,0.0,0.09556,0.0,0.0141
2025-05-09 10:25:00,Aurelia F204,4e-05,0.0,0.0,0.0,0.0,0.0,0.00028000000000000003,0.0,0.0,0.0,0.09248,0.0,0.0,0.0,0.0,0.09376999999999999,0.0,0.013900000000000001
2025-05-09 10:30:00,Aurelia F204,0.00014000000000000001,0.0,0.0,0.0,0.0,0.0,0.0005200000000000001,0.0,0.0,0.0,0.0868,0.0,0.0,0.0,0.0,0.08829000000000001,0.0,0.01411
2025-05-09 10:35:00,Aurelia F204,0.0,0.0,0.0,0.0,0.0,0.0,0.00028000000000000003,0.0,0.0,0.0,0.08244,0.0,0.0,0.0,0.0,0.08412,0.0,0.0141
2025-05-09 10:40:00,Aurelia F204,0.0,0.0,0.0,0.0,0.0,0.0,0.00019,0.0,0.0,0.0,0.07454999999999999,0.0,0.0,0.0,0.0,0.07635,0.0,0.014060000000000001
2025-05-09 10:45:00,Aurelia F204,0.0,0.0,0.0,0.0,0.0,0.0,0.00027,0.0,0.0,0.0,0.07328,0.0,0.0,0.0,0.0,0.07475,0.0,0.014
2025-05-09 10:50:00,Aurelia F204,2e-05,0.0,0.0,0.0,0.0,0.0,0.00013000000000000002,0.0,0.0,0.0,0.06005,0.0,0.0,0.0,0.0,0.06164,0.0,0.01419
2025-05-09 10:55:00,Aurelia F204,2e-05,0.0,0.0,0.0,0.0,0.0,0.00035,0.0,0.0,0.0,0.06776,0.0,0.0,0.0,0.0,0.06926,0.0,0.01425
2025-05-09 11:00:00,Aurelia F204,0.0,0.0,0.0,0.0,0.0,0.0,0.00026000000000000003,0.0,0.0,0.0,0.07055,0.0,0.0,0.0,0.0,0.0723,0.0,0.01405
2025-05-09 11:05:00,Aurelia F204,0.0,0.0,0.0,0.0,0.0,0.0,0.00032,0.0,0.0,0.0,0.08073000000000001,0.0,0.0,0.0,0.0,0.08225,0.0,0.013949999999999999
2025-05-09 11:10:00,Aurelia F204,0.04339,0.0,0.0,0.0,0.0,0.0,0.0437,0.0,0.0,0.0,0.032979999999999995,0.0,0.0,0.0,0.0,0.03449,0.0,0.01451
2025-05-09 11:15:00,Aurelia F204,0.04339,0.0,0.0,0.0,0.0,0.0,0.04366,0.0,0.0,0.0,0.032990000000000005,0.0,0.0,0.0,0.0,0.03449,0.0,0.01393
2025-05-09 11:20:00,Aurelia F204,0.04341,0.0,0.0,0.0,0.0,0.0,0.04372,0.0,0.0,0.0,0.03297,0.0,0.0,0.0,0.0,0.03447,0.0,0.014060000000000001
2025-05-09 11:25:00,Aurelia F204,0.04326,0.0,0.0,0.0,0.0,0.0,0.043590000000000004,0.0,0.0,0.0,0.032920000000000005,0.0,0.0,0.0,0.0,0.034390000000000004,0.0,0.01399
2025-05-09 11:30:00,Aurelia F204,0.04309,0.0,0.0,0.0,0.0,0.0,0.04342,0.0,0.0,0.0,0.03293,0.0,0.0,0.0,0.0,0.03455,0.0,0.014039999999999999
2025-05-09 11:35:00,Aurelia F204,0.04271,0.0,0.0,0.0,0.0,0.0,0.04307,0.0,0.0,0.0,0.033159999999999995,0.0,0.0,0.0,0.0,0.03462,0.0,0.014070000000000001
2025-05-09 11:40:00,Aurelia F204,0.04274,0.0,0.0,0.0,0.0,0.0,0.04293,0.0,0.0,0.0,0.033030000000000004,0.0,0.0,0.0,0.0,0.03453,0.0,0.01423
2025-05-09 11:45:00,Aurelia F204,0.04265,0.0,0.0,0.0,0.0,0.0,0.04301,0.0,0.0,0.0,0.03329,0.0,0.0,0.0,0.0,0.034820000000000004,0.0,0.01409
2025-05-09 11:50:00,Aurelia F204,0.34292,0.0,0.0,0.0,0.0,0.0,0.34624,0.0,0.0,0.0,0.2656,0.0,0.0,0.0,0.0,0.27764,0.0,0.11212
2025-05-09 11:55:00,Aurelia F204,0.04305,0.0,0.0,0.0,0.0,0.0,0.04328,0.0,0.0,0.0,0.03337,0.0,0.0,0.0,0.0,0.0349,0.0,0.01446
2025-05-09 12:00:00,Aurelia F204,0.04291,0.0,0.0,0.0,0.0,0.0,0.04333,0.0,0.0,0.0,0.06465,0.0,0.0,0.00871,0.0,0.07468000000000001,0.0,0.01426
2025-05-09 12:05:00,Aurelia F204,0.038340000000000006,0.0,0.0,0.0,0.0,0.0,0.03864,0.0,0.0,0.0,0.06406999999999999,0.0,0.0,0.0087,0.0,0.07412,0.0,0.014060000000000001
2025-05-09 12:10:00,Aurelia F204,0.03742,0.0,0.0,0.0,0.0,0.0,0.037630000000000004,0.0,0.0,0.0,0.06361,0.0,0.0,0.0087,0.0,0.07359,0.0,0.01449
2025-05-09 12:15:00,Aurelia F204,0.036789999999999996,0.0,0.0,0.0,0.0,0.0,0.037,0.0,0.0,0.0,0.06382,0.0,0.0,0.0,0.0,0.06522,0.0,0.0144
2025-05-09 12:20:00,Aurelia F204,0.03665,0.0,0.0,0.0,0.0,0.0,0.03687,0.0,0.0,0.0,0.0756,0.0,0.0,0.0,0.0,0.0768,0.0,0.01393
2025-05-09 12:25:00,Aurelia F204,0.06462999999999999,0.0,0.0,0.0,0.0,0.0,0.03676,0.028480000000000002,0.0,0.06868,0.08683,0.0,0.0,0.0,0.0,0.08788,0.0,0.08413
2025-05-09 12:30:00,Aurelia F204,0.03601,0.0,0.0,0.0,0.0,0.0,0.03631,0.0,0.0,0.06303,0.0,0.0,0.0,0.0,0.0,0.0,0.0,0.17369
2025-05-09 12:35:00,Aurelia F204,0.03585,0.0,0.0,0.0,0.0,0.0,0.03619,0.0,0.0,0.06141,-1e-05,0.0,0.0,0.0,0.0,0.0,0.0,0.1712
2025-05-09 12:40:00,Aurelia F204,0.03594,0.0,0.0,0.0,0.0,0.0,0.0362,0.0,0.0,0.06117,0.0,0.0,0.0,0.0,0.0,0.0,0.0,0.17089
2025-05-09 12:45:00,Aurelia F204,0.03567,0.0,0.0,0.0,0.0,0.0,0.03592,0.0,0.0,0.1157,0.0,0.0,0.0,0.0,0.0,0.0,0.0,0.22444999999999998
2025-05-09 12:50:00,Aurelia F204,0.04083,0.0,0.0,0.0,0.0,0.0,0.04111,0.0,0.0,0.11362,0.0,0.0,0.0,0.0,0.0,0.0,0.0,0.22213999999999998
2025-05-09 12:55:00,Aurelia F204,0.04118,0.0,0.0,0.0,0.0,0.0,0.04151,0.0,0.0,0.10840999999999999,0.0,0.0,0.0,0.0,0.0,0.0,0.0,0.21835
2025-05-09 13:00:00,Aurelia F204,0.041890000000000004,0.0,0.0,0.0,0.0,0.0,0.042159999999999996,0.0,0.0,0.12328,0.0,0.0,0.0,0.0,0.0,0.0,0.0,0.23391
2025-05-09 13:05:00,Aurelia F204,0.04192,0.0,0.0,0.0,0.0,0.0,0.0423,0.0,0.0,0.10687999999999999,-1e-05,0.0,0.0,0.0,0.0,0.0,0.0,0.21572999999999998
2025-05-09 13:10:00,Aurelia F204,0.042159999999999996,0.0,0.0,0.0,0.0,0.0,0.04246,0.0,0.0,0.09767,0.0,0.0,0.0,0.0,0.0,0.0,0.0,0.20583
2025-05-09 13:15:00,Aurelia F204,0.039659999999999994,0.0,0.0,0.0,0.0,0.0,0.03997,0.0,0.0,0.09326999999999999,-1e-05,0.0,0.0,0.0,0.0,0.0,0.0,0.2022
2025-05-09 13:20:00,Aurelia F204,0.03692,0.0,0.0,0.0,0.0,0.0,0.03721,0.0,0.0,0.09937,-1e-05,0.0,0.0,0.0,0.0,0.0,0.0,0.20842
2025-05-09 13:25:00,Aurelia F204,0.03646,0.0,0.0,0.0,0.0,0.0,0.0367,0.0,0.0,0.09726,0.0,0.0,0.0,0.0,0.0,0.0,0.0,0.20666
2025-05-09 13:30:00,Aurelia F204,0.03618,0.0,0.0,0.0,0.0,0.0,0.03646,0.0,0.0,0.09798,-1e-05,0.0,0.0,0.0,0.0,0.0,0.0,0.20762
2025-05-09 13:35:00,Aurelia F204,0.06251,0.0,0.0,0.0,0.0,0.0,0.06327,0.0,0.0,0.09683,0.0,0.0,0.0,0.0,0.0,0.0,0.0,0.20539
2025-05-09 13:40:00,Aurelia F204,0.05887,0.0,0.0,0.0,0.0,0.0,0.05912,0.0,0.0,0.05986,-1e-05,0.0,0.0,0.0,0.0,0.0,0.0,0.16688999999999998
2025-05-09 13:45:00,Aurelia F204,0.05874,0.0,0.0,0.0,0.0,0.0,0.05897,0.0,0.0,0.06025,-1e-05,0.0,0.0,0.0,0.0,0.0,0.0,0.16793
2025-05-09 13:50:00,Aurelia F204,0.0,0.0,0.0,0.0,0.0,0.0,0.00045,0.0,0.0,0.05995,-5.9999999999999995e-05,0.0,0.0,0.0,0.0,0.0,0.0,0.16809000000000002
2025-05-09 13:55:00,Aurelia F204,0.0,0.0,0.0,0.0,0.0,0.0,0.00039,0.0,0.0,0.06023,0.0,0.0,0.0,0.0,0.0,0.0,0.0,0.16845
2025-05-09 14:00:00,Aurelia F204,0.0,0.0,0.0,0.0,0.0,0.0,0.00017999999999999998,0.0,0.0,0.06003,0.0,0.0,0.0,0.0,0.0,0.0,0.0,0.16788
2025-05-09 14:05:00,Aurelia F204,1e-05,0.0,0.0,0.0,0.0,0.0,0.00029,0.0,0.0,0.05951,0.0,0.0,0.0,0.0,0.0,0.0,0.0,0.16629
2025-05-09 14:10:00,Aurelia F204,0.0,0.0,0.0,0.0,0.0,0.0,0.00025,0.0,0.0,0.05897,0.0,0.0,0.0,0.0,0.0,0.0,0.0,0.16513
2025-05-09 14:15:00,Aurelia F204,1e-05,0.0,0.0,0.0,0.0,0.0,0.00035999999999999997,0.0,0.0,0.05864,0.0,0.0,0.0,0.0,0.0,0.0,0.0,0.16477
2025-05-09 14:20:00,Aurelia F204,0.0,0.0,0.0,0.0,0.0,0.0,0.00037,0.0,0.0,0.05871,-1e-05,0.0,0.0,0.0,0.0,0.0,0.0,0.1655
2025-05-09 14:25:00,Aurelia F204,0.0,0.0,0.0,0.0,0.0,0.0,0.0003,0.0,0.0,0.05872,0.0,0.0,0.0,0.0,0.0,0.0,0.0,0.16390000000000002
2025-05-09 14:30:00,Aurelia F204,0.0,0.0,0.0,0.0,0.0,0.0,0.00026000000000000003,0.0,0.0,0.05905,-1e-05,0.0,0.0,0.0,0.0,0.0,0.0,0.16591999999999998
2025-05-09 14:35:00,Aurelia F204,0.07182,0.0,0.0,0.0,0.0,0.0,0.04389,0.02842,0.0,0.11109000000000001,0.0,0.0,0.0,0.0,0.0,0.0,0.0,0.21813999999999997
2025-05-09 14:40:00,Aurelia F204,0.0715,0.0,0.0,0.0,0.0,0.0,0.043609999999999996,0.028300000000000002,0.0,0.11976,0.0,0.0,0.0,0.0,0.0,0.0,0.0,0.22527
2025-05-09 14:45:00,Aurelia F204,0.07137,0.0,0.0,0.0,0.0,0.0,0.04367,0.02837,0.0,0.11956,-1e-05,0.0,0.0,0.0,0.0,0.0,0.0,0.22446000000000002
2025-05-09 14:50:00,Aurelia F204,0.07114,0.0,0.0,0.0,0.0,0.0,0.04336,0.02818,0.0,0.12076,0.0,0.0,0.0,0.0,0.0,0.0,0.0,0.22691999999999998
2025-05-09 14:55:00,Aurelia F204,0.07102,0.0,0.0,0.0,0.0,0.0,0.04331,0.02818,0.0,0.11853,0.0,0.0,0.0,0.0,0.0,0.0,0.0,0.22540000000000002
2025-05-09 15:00:00,Aurelia F204,0.07107,0.0,0.0,0.0,0.0,0.0,0.04348,0.02818,0.0,0.11384999999999999,0.0,0.0,0.0,0.0,0.0,0.0,0.0,0.22119999999999998
2025-05-09 15:05:00,Aurelia F204,0.15882,0.0,0.0,0.0,0.0,0.0,0.13116,0.02819,0.0,0.10388,-1e-05,0.0,0.0,0.0,0.0,0.0,0.0,0.21026
2025-05-09 15:10:00,Aurelia F204,0.15719,0.0,0.0,0.0,0.0,0.0,0.12952000000000002,0.02818,0.0,0.10554999999999999,-1e-05,0.0,0.0,0.0,0.0,0.0,0.0,0.21161000000000002
2025-05-09 15:15:00,Aurelia F204,0.15719999999999998,0.0,0.0,0.0,0.0,0.0,0.12946000000000002,0.02823,0.0,0.09718,0.0,0.0,0.0,0.0,0.0,0.0,0.0,0.20324
2025-05-09 15:25:00,Aurelia F204,0.15657,0.0,0.0,0.0,0.0,0.0,0.12877000000000002,0.02819,0.0,0.05866,-5.9999999999999995e-05,0.0,0.0,0.0,0.0,0.0,0.0,0.16541999999999998
2025-05-09 15:30:00,Aurelia F204,0.15728999999999999,0.0,0.0,0.0,0.0,0.0,0.12968000000000002,0.02811,0.0,0.05845,0.0,0.0,0.0,0.0,0.0,0.0,0.0,0.16612000000000002
2025-05-09 15:35:00,Aurelia F204,0.15705000000000002,0.0,0.0,0.0,0.0,0.0,0.12921000000000002,0.02816,0.0,0.05855,0.0,0.0,0.0,0.0,0.0,0.0,0.0,0.16455
2025-05-09 15:40:00,Aurelia F204,0.02915,0.0,0.0,0.0,0.0,0.0,0.00020999999999999998,0.02813,0.0,0.05867,0.0,0.0,0.0,0.0,0.0,0.0,0.0,0.16532
2025-05-09 15:45:00,Aurelia F204,0.02925,0.0,0.0,0.0,0.0,0.0,0.00057,0.028120000000000003,0.0,0.05863,-1e-05,0.0,0.0,0.0,0.0,0.0,0.0,0.16454
2025-05-09 15:50:00,Aurelia F204,0.03714,0.0,0.0,0.0,0.0,0.0,0.037469999999999996,0.0,0.0,0.05902,0.0,0.0,0.0,0.0,0.0,0.0,0.0,0.16448
2025-05-09 15:55:00,Aurelia F204,0.05398,0.0,0.0,0.0,0.0,0.0,0.05421,0.0,0.0,0.0587,0.0,0.0,0.0,0.0,0.0,0.0,0.0,0.16534000000000001
2025-05-09 16:00:00,Aurelia F204,0.055200000000000006,0.0,0.0,0.0,0.0,0.0,0.055490000000000005,0.0,0.0,0.12103,0.0,0.0,0.0,0.0,0.0,0.0,0.0,0.22829
2025-05-09 16:05:00,Aurelia F204,0.054950000000000006,0.0,0.0,0.0,0.0,0.0,0.05535,0.0,0.0,0.11677,0.0,0.0,0.0,0.0,0.0,0.0,0.0,0.22322999999999998
2025-05-09 16:10:00,Aurelia F204,0.05465999999999999,0.0,0.0,0.0,0.0,0.0,0.05493,0.0,0.0,0.11814,-1e-05,0.0,0.0,0.0,0.0,0.0,0.0,0.224
2025-05-09 16:15:00,Aurelia F204,0.05414,0.0,0.0,0.0,0.0,0.0,0.054509999999999996,0.0,0.0,0.10542,-1e-05,0.0,0.0,0.0,0.0,0.0,0.0,0.21084999999999998
2025-05-09 16:20:00,Aurelia F204,0.05314,0.0,0.0,0.0,0.0,0.0,0.05339,0.0,0.0,0.11294,0.0,0.0,0.0,0.0,0.0,0.0,0.0,0.21955000000000002
2025-05-09 16:25:00,Aurelia F204,0.053219999999999996,0.0,0.0,0.0,0.0,0.0,0.05349,0.0,0.0,0.0,0.0,0.0,0.0,0.00887,0.0,0.00915,0.0,0.013470000000000001
2025-05-09 16:30:00,Aurelia F204,0.0531,0.0,0.0,0.0,0.0,0.0,0.05336,0.0,0.0,0.0,0.03426,0.0,0.0,0.0,0.0,0.03582,0.0,0.01111
2025-05-09 16:35:00,Aurelia F204,0.05269,0.0,0.0,0.0,0.0,0.0,0.053020000000000005,0.0,0.0,0.0,0.03395,0.0,0.0,0.0,0.0,0.0354,0.0,0.01105
2025-05-09 16:40:00,Aurelia F204,0.05288,0.0,0.0,0.0,0.0,0.0,0.05318,0.0,0.0,0.0,0.03363,0.0,0.0,0.0,0.0,0.03516,0.0,0.01089
2025-05-09 16:45:00,Aurelia F204,0.052289999999999996,0.0,0.0,0.0,0.0,0.0,0.05268,0.0,0.0,0.0,0.03344,0.0,0.0,0.0,0.0,0.03496,0.0,0.011130000000000001
2025-05-09 16:50:00,Aurelia F204,0.05208,0.0,0.0,0.0,0.0,0.0,0.05239,0.0,0.0,0.0,0.03322,0.0,0.0,0.0,0.0,0.03469,0.0,0.01123
2025-05-09 16:55:00,Aurelia F204,0.05233,0.0,0.0,0.0,0.0,0.0,0.05269,0.0,0.0,0.0,0.03325,0.0,0.0,0.0,0.0,0.03485,0.0,0.01097
2025-05-09 17:00:00,Aurelia F204,0.05194,0.0,0.0,0.0,0.0,0.0,0.05223,0.0,0.0,0.0,0.032990000000000005,0.0,0.0,0.0,0.0,0.03455,0.0,0.01094
2025-05-09 17:05:00,Aurelia F204,0.05198,0.0,0.0,0.0,0.0,0.0,0.05228,0.0,0.0,0.0,0.033159999999999995,0.0,0.0,0.0,0.0,0.034570000000000004,0.0,0.01125
2025-05-09 17:10:00,Aurelia F204,0.05191,0.0,0.0,0.0,0.0,0.0,0.0522,0.0,0.0,0.0,0.033280000000000004,0.0,0.0,0.0,0.0,0.03478,0.0,0.01087
2025-05-09 17:15:00,Aurelia F204,0.05012,0.0,0.0,0.0,0.0,0.0,0.050409999999999996,0.0,0.0,0.0,0.03311,0.0,0.0,0.0,0.0,0.034659999999999996,0.0,0.01099
2025-05-09 17:20:00,Aurelia F204,0.05052,0.0,0.0,0.0,0.0,0.0,0.05091,0.0,0.0,0.0,0.05243,0.0,0.0,0.0,0.0,0.053689999999999995,0.0,0.0109
2025-05-09 17:30:00,Aurelia F204,0.05165,0.0,0.0,0.0,0.0,0.0,0.05193,0.0,0.0,0.09414,0.00583,0.0,0.0,0.0,0.0,0.00722,0.0,0.2092
2025-05-09 17:35:00,Aurelia F204,0.05117,0.0,0.0,0.0,0.0,0.0,0.05147,0.0,0.0,0.08899,0.00584,0.0,0.0,0.0,0.0,0.00722,0.0,0.20167
2025-05-09 17:40:00,Aurelia F204,0.05017,0.0,0.0,0.0,0.0,0.0,0.0505,0.0,0.0,0.01688,0.00575,0.0,0.0,0.0,0.0,0.0072,0.0,0.03497
2025-05-09 17:45:00,Aurelia F204,0.05017,0.0,0.0,0.0,0.0,0.0,0.05043,0.0,0.0,0.01693,0.0057599999999999995,0.0,0.0,0.0,0.0,0.0071600000000000006,0.0,0.03179
2025-05-09 17:50:00,Aurelia F204,0.04776,0.0,0.0,0.0,0.0,0.0,0.048,0.0,0.0,0.0169,0.00577,0.0,0.0,0.0,0.0,0.00723,0.0,0.03171
2025-05-09 17:55:00,Aurelia F204,0.04485,0.0,0.0,0.0,0.0,0.0,0.04519,0.0,0.0,0.0169,0.00574,0.0,0.0,0.0,0.0,0.00725,0.0,0.03177
2025-05-09 18:00:00,Aurelia F204,0.04438,0.0,0.0,0.0,0.0,0.0,0.04469,0.0,0.0,0.0169,0.00591,0.0,0.0,0.0,0.0,0.00734,0.0,0.03169
2025-05-09 18:05:00,Aurelia F204,0.044219999999999995,0.0,0.0,0.0,0.0,0.0,0.04444,0.0,0.0,0.01695,0.0058200000000000005,0.0,0.0,0.0,0.0,0.00733,0.0,0.0319
2025-05-09 18:10:00,Aurelia F204,0.043840000000000004,0.0,0.0,0.0,0.0,0.0,0.044219999999999995,0.0,0.0,0.01684,0.0058,0.0,0.0,0.0,0.0,0.0072699999999999996,0.0,0.03203
2025-05-09 18:15:00,Aurelia F204,0.044039999999999996,0.0,0.0,0.0,0.0,0.0,0.0443,0.0,0.0,0.01686,0.005860000000000001,0.0,0.0,0.0,0.0,0.00723,0.0,0.03171
2025-05-09 18:20:00,Aurelia F204,0.08468,0.0,0.0,0.0,0.0,0.0,0.08491,0.0,0.0,0.01692,0.0058200000000000005,0.0,0.0,0.0,0.0,0.0072,0.0,0.031760000000000004
2025-05-09 18:25:00,Aurelia F204,0.08345,0.0,0.0,0.0,0.0,0.0,0.08372,0.0,0.0,0.0169,0.00583,0.0,0.0,0.0,0.0,0.00731,0.0,0.03181
2025-05-09 18:30:00,Aurelia F204,0.0829,0.0,0.0,0.0,0.0,0.0,0.08322,0.0,0.0,0.0169,0.00588,0.0,0.0,0.0,0.0,0.0074,0.0,0.03187
2025-05-09 18:35:00,Aurelia F204,0.09236,0.0,0.0,0.0,0.0,0.0,0.09264,0.0,0.0,0.01685,0.00584,0.0,0.0,0.0,0.0,0.00736,0.0,0.03204
2025-05-09 18:40:00,Aurelia F204,0.09192,0.0,0.0,0.0,0.0,0.0,0.09222,0.0,0.0,0.01682,0.005860000000000001,0.0,0.0,0.0,0.0,0.00731,0.0,0.03171
2025-05-09 18:45:00,Aurelia F204,0.11993999999999999,0.0,0.0,0.0,0.0,0.0,0.09184,0.0285,0.0,0.03116,0.00591,0.0,0.0,0.0,0.0,0.00729,0.0,0.04615
2025-05-09 18:50:00,Aurelia F204,0.11037000000000001,0.0,0.0,0.0,0.0,0.0,0.08245999999999999,0.02841,0.0,0.09137,0.00594,0.0,0.0,0.0,0.0,0.00731,0.0,0.20529
2025-05-09 18:55:00,Aurelia F204,0.10898999999999999,0.0,0.0,0.0,0.0,0.0,0.08117,0.028329999999999998,0.0,0.08887,0.005889999999999999,0.0,0.0,0.0,0.0,0.00743,0.0,0.20181
2025-05-09 19:00:00,Aurelia F204,0.10884999999999999,0.0,0.0,0.0,0.0,0.0,0.08114,0.02825,0.0,0.0886,0.00597,0.0,0.0,0.0,0.0,0.00729,0.0,0.20186
2025-05-09 19:05:00,Aurelia F204,0.10764,0.0,0.0,0.0,0.0,0.0,0.07992,0.02816,0.0,0.08799,0.00601,0.0,0.0,0.0,0.0,0.00733,0.0,0.19978
2025-05-09 19:10:00,Aurelia F204,0.02934,0.0,0.0,0.0,0.0,0.0,0.00034,0.02823,0.0,0.08807,0.005889999999999999,0.0,0.0,0.0,0.0,0.00729,0.0,0.1992
2025-05-09 19:15:00,Aurelia F204,0.02927,0.0,0.0,0.0,0.0,0.0,0.00025,0.02818,0.0,0.08653,0.00587,0.0,0.0,0.0,0.0,0.00723,0.0,0.19677
2025-05-09 19:20:00,Aurelia F204,0.02926,0.0,0.0,0.0,0.0,0.0,0.00043,0.02816,0.0,0.08698,0.00595,0.0,0.0,0.0,0.0,0.00721,0.0,0.19828
2025-05-09 19:25:00,Aurelia F204,0.02922,0.0,0.0,0.0,0.0,0.0,0.00041999999999999996,0.028120000000000003,0.0,0.08613,0.005889999999999999,0.0,0.0,0.0,0.0,0.00728,0.0,0.19695
2025-05-09 19:30:00,Aurelia F204,0.02919,0.0,0.0,0.0,0.0,0.0,0.00033,0.02817,0.0,0.08688,0.00587,0.0,0.0,0.0,0.0,0.00729,0.0,0.19663999999999998
2025-05-09 19:35:00,Aurelia F204,0.02928,0.0,0.0,0.0,0.0,0.0,0.00053,0.028210000000000002,0.0,0.08717,0.005889999999999999,0.0,0.0,0.0,0.0,0.0072,0.0,0.19702
2025-05-09 19:40:00,Aurelia F204,0.061520000000000005,0.0,0.0,0.0,0.0,0.0,0.03384,0.02819,0.0,0.08857999999999999,0.0059299999999999995,0.0,0.0,0.0,0.0,0.00729,0.0,0.1986
2025-05-09 19:45:00,Aurelia F204,0.07671,0.0,0.0,0.0,0.0,0.0,0.04912,0.028120000000000003,0.0,0.08774,0.005900000000000001,0.0,0.0,0.0,0.0,0.0072699999999999996,0.0,0.19804
2025-05-09 19:50:00,Aurelia F204,0.07676000000000001,0.0,0.0,0.0,0.0,0.0,0.04906,0.02826,0.0,0.08768000000000001,0.00591,0.0,0.0,0.0,0.0,0.00733,0.0,0.19808
2025-05-09 19:55:00,Aurelia F204,0.07598,0.0,0.0,0.0,0.0,0.0,0.0484,0.02813,0.0,0.08782,0.006,0.0,0.0,0.0,0.0,0.0073,0.0,0.19805
2025-05-09 20:00:00,Aurelia F204,0.07554000000000001,0.0,0.0,0.0,0.0,0.0,0.047920000000000004,0.02817,0.0,0.08806,0.00598,0.0,0.0,0.0,0.0,0.00736,0.0,0.1989
2025-05-09 20:05:00,Aurelia F204,0.07597,0.0,0.0,0.0,0.0,0.0,0.04807,0.02818,0.0,0.08821999999999999,0.006,0.0,0.0,0.0,0.0,0.00737,0.0,0.19845
2025-05-09 20:10:00,Aurelia F204,0.07587,0.0,0.0,0.0,0.0,0.0,0.0482,0.02817,0.0,0.08752,0.005889999999999999,0.0,0.0,0.0,0.0,0.00724,0.0,0.19809000000000002
2025-05-09 20:15:00,Aurelia F204,0.07561,0.0,0.0,0.0,0.0,0.0,0.047909999999999994,0.02809,0.0,0.09758,0.005900000000000001,0.0,0.0,0.0,0.0,0.00733,0.0,0.20762
2025-05-09 20:20:00,Aurelia F204,0.07542,0.0,0.0,0.0,0.0,0.0,0.04782,0.02816,0.0,0.07656,0.00598,0.0,0.0,0.0,0.0,0.00728,0.0,0.18606999999999999
2025-05-09 20:25:00,Aurelia F204,0.07375,0.0,0.0,0.0,0.0,0.0,0.046079999999999996,0.02816,0.0,0.07642,0.005889999999999999,0.0,0.0,0.00885,0.0,0.01614,0.0059900000000000005,0.19262
2025-05-09 20:30:00,Aurelia F204,0.1115,0.0,0.0,0.0,0.0,0.0,0.08383,0.02823,0.0,0.07662000000000001,0.00885,0.0,0.0,0.0,0.0,0.01039,0.0,0.18591999999999997
2025-05-09 20:35:00,Aurelia F204,0.11755,0.0,0.0,0.0,0.0,0.0,0.08995,0.028140000000000002,0.0,0.08416,0.00897,0.0,0.0,0.0,0.0,0.01034,0.0,0.19436
2025-05-09 20:40:00,Aurelia F204,0.11648,0.0,0.0,0.0,0.0,0.0,0.08877,0.0281,0.0,0.08302,0.00885,0.0,0.0,0.0,0.0,0.010369999999999999,0.0,0.19344999999999998
2025-05-09 20:45:00,Aurelia F204,0.10545,0.0,0.0,0.0,0.0,0.0,0.07787000000000001,0.028120000000000003,0.0,0.07767,0.0088,0.0,0.0,0.0,0.0,0.0103,0.0,0.18456
2025-05-09 20:50:00,Aurelia F204,0.10202,0.0,0.0,0.0,0.0,0.0,0.0745,0.02811,0.0,0.08464,0.0089,0.0,0.0,0.0,0.0,0.010369999999999999,0.0,0.18603
2025-05-09 20:55:00,Aurelia F204,0.11090000000000001,0.0,0.0,0.0,0.00858,0.0,0.07457,0.028140000000000002,0.0,0.09273,0.008919999999999999,0.0,0.0,0.0,0.0,0.010369999999999999,0.07596,0.27365
2025-05-09 21:00:00,Aurelia F204,0.10144,0.0,0.0,0.0,0.0,0.0,0.07391,0.02813,0.0,0.07761,0.008960000000000001,0.0,0.0,0.0,0.0,0.01041,0.21915,0.40537
2025-05-09 21:05:00,Aurelia F204,0.10099,0.0,0.0,0.0,0.0,0.0,0.0733,0.02811,0.0,0.07803,0.00903,0.0,0.0,0.0,0.0,0.01048,0.0,0.18156
2025-05-09 21:10:00,Aurelia F204,0.0,0.0,0.0,0.0,0.0,0.0,0.00034,0.0,0.0,0.07805,0.04918,0.0,0.0,0.0,0.0,0.05055,0.0,0.18769
2025-05-09 21:15:00,Aurelia F204,1e-05,0.0,0.0,0.0,0.0,0.0,0.00026000000000000003,0.0,0.0,0.07792,0.047740000000000005,0.0,0.0,0.0,0.0,0.04882,0.21857,0.40495
2025-05-09 21:20:00,Aurelia F204,0.02948,0.0,0.0,0.0,0.0,0.0,0.00054,0.02835,0.0,0.07748999999999999,0.04686,0.0,0.0,0.0,0.0,0.047880000000000006,0.0,0.18672
2025-05-09 21:25:00,Aurelia F204,0.02932,0.0,0.0,0.0,0.0,0.0,0.00041999999999999996,0.028300000000000002,0.0,0.07809,0.047170000000000004,0.0,0.0,0.0,0.0,0.047880000000000006,0.0,0.18025
2025-05-09 21:30:00,Aurelia F204,0.02922,0.0,0.0,0.0,0.0,0.0,0.00027,0.028239999999999998,0.0,0.07787999999999999,0.046759999999999996,0.0,0.0,0.0,0.0,0.04761,0.0,0.18678
2025-05-09 21:35:00,Aurelia F204,0.02923,0.0,0.0,0.0,0.0,0.0,0.0004,0.028120000000000003,0.0,0.07754000000000001,0.046479999999999994,0.0,0.0,0.0,0.0,0.0475,0.0,0.18562
2025-05-09 21:40:00,Aurelia F204,0.02923,0.0,0.0,0.0,0.0,0.0,0.00032,0.02813,0.0,0.07745999999999999,0.0464,0.0,0.0,0.0,0.0,0.04751,0.0,0.17592
2025-05-09 21:45:00,Aurelia F204,0.08131000000000001,0.0,0.0,0.0,0.0,0.0,0.05372,0.02817,0.0,0.07790000000000001,0.046259999999999996,0.0,0.0,0.0,0.0,0.04735,0.0,0.17754
2025-05-09 21:50:00,Aurelia F204,0.11765,0.0,0.0,0.0,0.0,0.0,0.09003,0.02817,0.0,0.07789,0.04639,0.0,0.0,0.0,0.0,0.04743,0.0,0.18663999999999997
2025-05-09 21:55:00,Aurelia F204,0.11538,0.0,0.0,0.0,0.0,0.0,0.08771999999999999,0.02818,0.0,0.07809999999999999,0.04653,0.0,0.0,0.0,0.0,0.047689999999999996,0.0,0.18663
2025-05-09 22:00:00,Aurelia F204,0.11481,0.0,0.0,0.0,0.0,0.0,0.0871,0.02816,0.0,0.07776999999999999,0.046329999999999996,0.0,0.0,0.0,0.0,0.04768,0.0,0.18544999999999998
2025-05-09 22:05:00,Aurelia F204,0.11389,0.0,0.0,0.0,0.0,0.0,0.08626,0.02816,0.0,0.07762000000000001,0.04624,0.0,0.0,0.0,0.0,0.04707,0.0,0.18591
2025-05-09 22:10:00,Aurelia F204,0.0745,0.0,0.0,0.0,0.0,0.0,0.07479000000000001,0.0,0.0,0.07790000000000001,0.04112,0.0,0.0,0.0,0.0,0.04248,0.0,0.185
2025-05-09 22:15:00,Aurelia F204,0.07301,0.0,0.0,0.0,0.0,0.0,0.07335,0.0,0.0,0.0777,0.04118,0.0,0.0,0.0,0.0,0.04246,0.0,0.18433000000000002
2025-05-09 22:20:00,Aurelia F204,0.0731,0.0,0.0,0.0,0.0,0.0,0.07337,0.0,0.0,0.0777,0.04087,0.0,0.0,0.0,0.0,0.0422,0.0,0.18403999999999998
2025-05-09 22:25:00,Aurelia F204,0.10068,0.0,0.0,0.0,0.0,0.0,0.07291,0.028390000000000002,0.0,0.07736,0.04115,0.0,0.0,0.0,0.0,0.04245,0.0,0.18377000000000002
2025-05-09 22:30:00,Aurelia F204,0.0,0.0,0.0,0.0,0.0,0.0,0.0003,0.0,0.0,0.07756,0.04094,0.0,0.0,0.0,0.0,0.04242,0.0,0.18366
2025-05-09 22:35:00,Aurelia F204,0.0,0.0,0.0,0.0,0.0,0.0,0.0003,0.0,0.0,0.07734,0.04081,0.0,0.0,0.0,0.0,0.04231,0.0,0.18352000000000002
2025-05-09 22:40:00,Aurelia F204,0.0,0.0,0.0,0.0,0.0,0.0,0.00028000000000000003,0.0,0.0,0.07697,0.04079,0.0,0.0,0.0,0.0,0.04226,0.0,0.18198
2025-05-09 22:45:00,Aurelia F204,0.0,0.0,0.0,0.0,0.0,0.0,0.00028000000000000003,0.0,0.0,0.07672,0.04065,0.0,0.0,0.0,0.0,0.04204,0.0,0.18269
2025-05-09 22:50:00,Aurelia F204,0.0,0.0,0.0,0.0,0.0,0.0,0.00049,0.0,0.0,0.07654000000000001,0.04075,0.0,0.0,0.0,0.0,0.04207,0.0,0.18219
2025-05-09 22:55:00,Aurelia F204,0.0324,0.0,0.0,0.0,0.0,0.0,0.03271,0.0,0.0,0.07697,0.040729999999999995,0.0,0.0,0.0,0.0,0.04209,0.0,0.18365
2025-05-09 23:00:00,Aurelia F204,0.04857,0.0,0.0,0.0,0.0,0.0,0.04887,0.0,0.0,0.07665999999999999,0.04101,0.0,0.0,0.0,0.0,0.04236,0.0,0.18359999999999999
2025-05-09 23:05:00,Aurelia F204,0.04864,0.0,0.0,0.0,0.0,0.0,0.048920000000000005,0.0,0.0,0.07719,0.04095,0.0,0.0,0.0,0.0,0.042409999999999996,0.0,0.18478999999999998
2025-05-09 23:10:00,Aurelia F204,0.04802,0.0,0.0,0.0,0.0,0.0,0.048409999999999995,0.0,0.0,0.07712000000000001,0.04088,0.0,0.0,0.0,0.0,0.04233,0.0,0.18367
2025-05-09 23:15:00,Aurelia F204,0.04772,0.0,0.0,0.0,0.0,0.0,0.048100000000000004,0.0,0.0,0.07745999999999999,0.040600000000000004,0.0,0.0,0.0,0.0,0.04202,0.0,0.18433000000000002
2025-05-09 23:20:00,Aurelia F204,0.047990000000000005,0.0,0.0,0.0,0.0,0.0,0.04836,0.0,0.0,0.07736,0.04071,0.0,0.0,0.0,0.0,0.042140000000000004,0.0,0.18459
2025-05-09 23:25:00,Aurelia F204,0.04759,0.0,0.0,0.0,0.0,0.0,0.048,0.0,0.0,0.07742,0.04057,0.0,0.0,0.0,0.0,0.041960000000000004,0.0,0.18393
2025-05-09 23:30:00,Aurelia F204,0.04759,0.0,0.0,0.0,0.0,0.0,0.047920000000000004,0.0,0.0,0.07722,0.040619999999999996,0.0,0.0,0.0,0.0,0.04204,0.0,0.1837
2025-05-09 23:35:00,Aurelia F204,0.047630000000000006,0.0,0.0,0.0,0.0,0.0,0.047869999999999996,0.0,0.0,0.07672,0.04047,0.0,0.0,0.0,0.0,0.04188,0.0,0.18253
2025-05-09 23:40:00,Aurelia F204,0.04779,0.0,0.0,0.0,0.0,0.0,0.048,0.0,0.0,0.07701000000000001,0.04065,0.0,0.0,0.0,0.0,0.041890000000000004,0.0,0.18263
2025-05-09 23:45:00,Aurelia F204,0.047700000000000006,0.0,0.0,0.0,0.0,0.0,0.04802,0.0,0.0,0.07708,0.040670000000000005,0.0,0.0,0.0,0.0,0.041979999999999996,0.0,0.18243
2025-05-09 23:50:00,Aurelia F204,0.0432,0.0,0.0,0.0,0.0,0.0,0.04348,0.0,0.0,0.15109,0.03368,0.0,0.0,0.0,0.0,0.03525,0.0,0.25679
2025-05-09 23:55:00,Aurelia F204,0.04205,0.0,0.0,0.0,0.0,0.0,0.042409999999999996,0.0,0.0,0.14834999999999998,0.03383,0.0,0.0,0.0,0.0,0.03546,0.0,0.25526
2025-05-10 00:00:00,Aurelia F204,0.04124,0.0,0.0,0.0,0.0,0.0,0.04155,0.0,0.0,0.13851,0.03389,0.0,0.0,0.0,0.0,0.03539,0.0,0.23874
2025-05-10 00:05:00,Aurelia F204,0.04086,0.0,0.0,0.0,0.0,0.0,0.04118,0.0,0.0,0.13852,0.0337,0.0,0.0,0.0,0.0,0.03525,0.0,0.24437
2025-05-10 00:10:00,Aurelia F204,0.040670000000000005,0.0,0.0,0.0,0.0,0.0,0.04099,0.0,0.0,0.13765,0.03364,0.0,0.0,0.0,0.0,0.03529,0.0,0.24337
2025-05-10 00:15:00,Aurelia F204,0.040479999999999995,0.0,0.0,0.0,0.0,0.0,0.04084,0.0,0.0,0.14423,0.03369,0.0,0.0,0.0,0.0,0.03526,0.0,0.22197999999999998
2025-05-10 00:20:00,Aurelia F204,0.040490000000000005,0.0,0.0,0.0,0.0,0.0,0.04079,0.0,0.0,0.12188,0.03375,0.0,0.0,0.0,0.0,0.03542,0.0,0.13379
2025-05-10 00:25:00,Aurelia F204,0.04375,0.0,0.0,0.0,0.0,0.0,0.0441,0.0,0.0,0.10624,0.03383,0.0,0.0,0.0,0.0,0.03546,0.0,0.11801
2025-05-10 00:30:00,Aurelia F204,0.045939999999999995,0.0,0.0,0.0,0.0,0.0,0.04616,0.0,0.0,0.09898,0.0337,0.0,0.0,0.0,0.0,0.0352,0.0,0.11084000000000001
2025-05-10 00:35:00,Aurelia F204,0.046259999999999996,0.0,0.0,0.0,0.0,0.0,0.0465,0.0,0.0,0.09204000000000001,0.03377,0.0,0.0,0.0,0.0,0.03546,0.0,0.10404000000000001
2025-05-10 00:40:00,Aurelia F204,0.046880000000000005,0.0,0.0,0.0,0.0,0.0,0.047159999999999994,0.0,0.0,0.08428000000000001,0.0339,0.0,0.0,0.0,0.0,0.0355,0.0,0.09620999999999999
2025-05-10 00:45:00,Aurelia F204,0.04661,0.0,0.0,0.0,0.0,0.0,0.04697,0.0,0.0,0.08513,0.0339,0.0,0.0,0.0,0.0,0.03546,0.0,0.09703
2025-05-10 00:50:00,Aurelia F204,0.046740000000000004,0.0,0.0,0.0,0.0,0.0,0.04708,0.0,0.0,0.08009000000000001,0.03415,0.0,0.0,0.0,0.0,0.03574,0.0,0.09211
2025-05-10 00:55:00,Aurelia F204,0.041659999999999996,0.0,0.0,0.0,0.0,0.0,0.041909999999999996,0.0,0.0,0.07953,0.03412,0.0,0.0,0.0,0.0,0.0357,0.0,0.09147
2025-05-10 01:00:00,Aurelia F204,0.04107,0.0,0.0,0.0,0.0,0.0,0.0414,0.0,0.0,0.07374,0.03426,0.0,0.0,0.0,0.0,0.03582,0.0,0.08547
2025-05-10 01:05:00,Aurelia F204,0.040659999999999995,0.0,0.0,0.0,0.0,0.0,0.04094,0.0,0.0,0.0767,0.03433,0.0,0.0,0.0,0.0,0.03589,0.0,0.0887
2025-05-10 01:10:00,Aurelia F204,0.040049999999999995,0.0,0.0,0.0,0.0,0.0,0.040240000000000005,0.0,0.0,0.07357,0.0343,0.0,0.0,0.0,0.0,0.03594,0.0,0.08554
2025-05-10 01:15:00,Aurelia F204,0.04026,0.0,0.0,0.0,0.0,0.0,0.04056,0.0,0.0,0.07191,0.034159999999999996,0.0,0.0,0.0,0.0,0.0357,0.0,0.08412
2025-05-10 01:20:00,Aurelia F204,0.0,0.0,0.0,0.0,0.0,0.0,0.00025,0.0,0.0,0.0747,0.03443,0.0,0.0,0.0,0.0,0.036,0.0,0.08710999999999999
2025-05-10 01:25:00,Aurelia F204,0.0,0.0,0.0,0.0,0.0,0.0,0.00029,0.0,0.0,0.07338,0.03427,0.0,0.0,0.0,0.0,0.03592,0.0,0.08565
2025-05-10 01:30:00,Aurelia F204,2e-05,0.0,0.0,0.0,0.0,0.0,0.00041,0.0,0.0,0.07490999999999999,0.03437,0.0,0.0,0.0,0.0,0.03614,0.0,0.08719
2025-05-10 01:35:00,Aurelia F204,0.0,0.0,0.0,0.0,0.0,0.0,0.00032,0.0,0.0,0.07484,0.03433,0.0,0.0,0.0,0.0,0.03604,0.0,0.08701
2025-05-10 01:40:00,Aurelia F204,4e-05,0.0,0.0,0.0,0.0,0.0,0.00064,0.0,0.0,0.07303,0.03444,0.0,0.0,0.0,0.0,0.036090000000000004,0.0,0.08504
2025-05-10 01:45:00,Aurelia F204,0.0,0.0,0.0,0.0,0.0,0.0,0.00046,0.0,0.0,0.073,0.034390000000000004,0.0,0.0,0.0,0.0,0.03603,0.0,0.08533
2025-05-10 01:50:00,Aurelia F204,0.0,0.0,0.0,0.0,0.0,0.0,0.00039,0.0,0.0,0.0757,0.0344,0.0,0.0,0.0,0.0,0.03606,0.0,0.08777
2025-05-10 01:55:00,Aurelia F204,0.0,0.0,0.0,0.0,0.0,0.0,0.0005,0.0,0.0,0.07334,0.034570000000000004,0.0,0.0,0.0,0.0,0.03619,0.0,0.08518
2025-05-10 02:00:00,Aurelia F204,0.0,0.0,0.0,0.0,0.0,0.0,0.00028000000000000003,0.0,0.0,0.07231,0.03453,0.0,0.0,0.0,0.0,0.03606,0.0,0.08464
2025-05-10 02:05:00,Aurelia F204,0.04975,0.0,0.0,0.0,0.0,0.0,0.05003,0.0,0.0,0.07347,0.03451,0.0,0.0,0.0,0.0,0.03617,0.0,0.08539
2025-05-10 02:10:00,Aurelia F204,0.04852,0.0,0.0,0.0,0.0,0.0,0.04882,0.0,0.0,0.07254000000000001,0.03447,0.0,0.0,0.0,0.0,0.03616,0.0,0.08451
2025-05-10 02:15:00,Aurelia F204,0.04857,0.0,0.0,0.0,0.0,0.0,0.04888,0.0,0.0,0.07463,0.0345,0.0,0.0,0.0,0.0,0.03623,0.0,0.0866
2025-05-10 02:20:00,Aurelia F204,0.048060000000000005,0.0,0.0,0.0,0.0,0.0,0.048310000000000006,0.0,0.0,0.07722,0.03464,0.0,0.0,0.0,0.0,0.03619,0.0,0.08928
2025-05-10 02:25:00,Aurelia F204,0.04807,0.0,0.0,0.0,0.0,0.0,0.04832,0.0,0.0,0.0741,0.03452,0.0,0.0,0.0,0.0,0.03612,0.0,0.08613
2025-05-10 02:30:00,Aurelia F204,0.048060000000000005,0.0,0.0,0.0,0.0,0.0,0.04838,0.0,0.0,0.07343999999999999,0.03473,0.0,0.0,0.0,0.0,0.0363,0.0,0.08524
2025-05-10 02:35:00,Aurelia F204,0.04844,0.0,0.0,0.0,0.0,0.0,0.04874,0.0,0.0,0.07382999999999999,0.03483,0.0,0.0,0.0,0.0,0.03646,0.0,0.08585
2025-05-10 02:40:00,Aurelia F204,0.047799999999999995,0.0,0.0,0.0,0.0,0.0,0.048119999999999996,0.0,0.0,0.07772,0.03463,0.0,0.0,0.0,0.0,0.036270000000000004,0.0,0.08973
2025-05-10 02:45:00,Aurelia F204,0.048100000000000004,0.0,0.0,0.0,0.0,0.0,0.04838,0.0,0.0,0.07418999999999999,0.03459,0.0,0.0,0.0,0.0,0.03617,0.0,0.08605
2025-05-10 02:50:00,Aurelia F204,0.04499,0.0,0.0,0.0,0.0,0.0,0.04525,0.0,0.0,0.07495,0.03476,0.0,0.0,0.0,0.0,0.03632,0.0,0.08725
2025-05-10 02:55:00,Aurelia F204,0.04252,0.0,0.0,0.0,0.0,0.0,0.04279,0.0,0.0,0.07324,0.03484,0.0,0.0,0.0,0.0,0.03645,0.0,0.08559
2025-05-10 03:00:00,Aurelia F204,0.04205,0.0,0.0,0.0,0.0,0.0,0.04238,0.0,0.0,0.07457,0.03476,0.0,0.0,0.0,0.0,0.03649,0.0,0.08684
2025-05-10 03:05:00,Aurelia F204,0.04152,0.0,0.0,0.0,0.0,0.0,0.04174,0.0,0.0,0.07440000000000001,0.03489,0.0,0.0,0.0,0.0,0.036469999999999995,0.0,0.08629
2025-05-10 03:10:00,Aurelia F204,0.04118,0.0,0.0,0.0,0.0,0.0,0.04137,0.0,0.0,0.07732,0.03475,0.0,0.0,0.0,0.0,0.03646,0.0,0.08934
2025-05-10 03:15:00,Aurelia F204,0.04061,0.0,0.0,0.0,0.0,0.0,0.04095,0.0,0.0,0.07488,0.03478,0.0,0.0,0.0,0.0,0.036359999999999996,0.0,0.08738
2025-05-10 03:20:00,Aurelia F204,0.04069,0.0,0.0,0.0,0.0,0.0,0.04106,0.0,0.0,0.07984999999999999,0.034820000000000004,0.0,0.0,0.0,0.0,0.036520000000000004,0.0,0.09168000000000001
2025-05-10 03:25:00,Aurelia F204,0.04054,0.0,0.0,0.0,0.0,0.0,0.04079,0.0,0.0,0.07937000000000001,0.03493,0.0,0.0,0.0,0.0,0.03651,0.0,0.09148
2025-05-10 03:30:00,Aurelia F204,2e-05,0.0,0.0,0.0,0.0,0.0,0.00043,0.0,0.0,0.07943,0.03486,0.0,0.0,0.0,0.0,0.036469999999999995,0.0,0.09179000000000001
2025-05-10 03:35:00,Aurelia F204,0.0,0.0,0.0,0.0,0.0,0.0,0.00022,0.0,0.0,0.061509999999999995,0.03486,0.0,0.0,0.0,0.0,0.036469999999999995,0.0,0.0734
2025-05-10 03:40:00,Aurelia F204,0.0,0.0,0.0,0.0,0.0,0.0,0.00045,0.0,0.0,0.06166,0.0349,0.0,0.0,0.0,0.0,0.03653,0.0,0.074
2025-05-10 03:45:00,Aurelia F204,0.0,0.0,0.0,0.0,0.0,0.0,0.00023,0.0,0.0,0.0,0.0352,0.0,0.0,0.00878,0.0,0.04529,0.0,0.01091
2025-05-10 03:50:00,Aurelia F204,1e-05,0.0,0.0,0.0,0.0,0.0,0.00041,0.0,0.0,0.0,0.03504,0.0,0.0,0.0087,0.0,0.045219999999999996,0.0,0.01112
2025-05-10 03:55:00,Aurelia F204,0.0,0.0,0.0,0.0,0.0,0.0,0.00028000000000000003,0.0,0.0,0.0,0.03531,0.0,0.0,0.00878,0.0,0.04549,0.0,0.011009999999999999
2025-05-10 04:00:00,Aurelia F204,0.030510000000000002,0.0,0.0,0.0,0.0,0.0,0.0025,0.02855,0.0,0.0,0.06067,0.0,0.0,0.0,0.0,0.062,0.0,0.011009999999999999
2025-05-10 04:05:00,Aurelia F204,0.0439,0.0,0.0,0.0,0.0,0.0,0.04354,0.0,0.0,0.0,0.060469999999999996,0.0,0.0,0.0,0.0,0.06178,0.0,0.01123
2025-05-10 04:10:00,Aurelia F204,0.09528,0.0,0.0,0.0,0.0,0.0,0.09554,0.0,0.0,0.0,0.06035,0.0,0.0,0.0,0.0,0.06166,0.0,0.01123
2025-05-10 04:15:00,Aurelia F204,0.09051999999999999,0.0,0.0,0.0,0.0,0.0,0.09076999999999999,0.0,0.0,0.0,0.05281,0.0,0.0,0.0,0.0,0.054380000000000005,0.0,0.01119
2025-05-10 04:20:00,Aurelia F204,0.08758,0.0,0.0,0.0,0.0,0.0,0.08786,0.0,0.0,0.0,0.0541,0.0,0.0,0.0,0.0,0.05564,0.0,0.01104
2025-05-10 04:25:00,Aurelia F204,0.08725,0.0,0.0,0.0,0.0,0.0,0.08755,0.0,0.0,0.0,0.04983,0.0,0.0,0.0,0.0,0.05125,0.0,0.01094
2025-05-10 04:30:00,Aurelia F204,0.08538,0.0,0.0,0.0,0.0,0.0,0.08565,0.0,0.0,0.0,0.04697,0.0,0.0,0.0,0.0,0.048100000000000004,0.0,0.01103
2025-05-10 04:35:00,Aurelia F204,0.07439,0.0,0.0,0.0,0.0,0.0,0.07471,0.0,0.0,0.0,0.044969999999999996,0.0,0.0,0.0,0.0,0.04629,0.0,0.011439999999999999
2025-05-10 04:40:00,Aurelia F204,0.0727,0.0,0.0,0.0,0.0,0.0,0.07296,0.0,0.0,0.0,0.04473,0.0,0.0,0.0,0.0,0.045950000000000005,0.0,0.010960000000000001
2025-05-10 04:45:00,Aurelia F204,0.0,0.0,0.0,0.0,0.0,0.0,0.0004,0.0,0.0,0.0,0.04453,0.0,0.0,0.0,0.0,0.045770000000000005,0.0,0.01109
2025-05-10 04:50:00,Aurelia F204,0.13632,0.0,0.0,0.0,0.0,0.0,0.13666,0.0,0.0,0.0,0.04415,0.0,0.0,0.0,0.0,0.04553,0.0,0.01107
2025-05-10 04:55:00,Aurelia F204,0.1356,0.0,0.0,0.0,0.0,0.0,0.13593,0.0,0.0,0.0,0.043859999999999996,0.0,0.0,0.0,0.0,0.04516,0.0,0.01099
2025-05-10 05:00:00,Aurelia F204,0.13569,0.0,0.0,0.0,0.0,0.0,0.13602,0.0,0.0,0.0,0.04293,0.0,0.0,0.0,0.0,0.04419,0.0,0.01133
2025-05-10 05:05:00,Aurelia F204,0.13434000000000001,0.0,0.0,0.0,0.0,0.0,0.13466,0.0,0.0,0.0,0.04151,0.0,0.0,0.0,0.0,0.04308,0.0,0.0112
2025-05-10 05:10:00,Aurelia F204,0.13446,0.0,0.0,0.0,0.0,0.0,0.13468,0.0,0.0,0.0,0.04077,0.0,0.0,0.0,0.0,0.04228,0.0,0.01091
2025-05-10 05:15:00,Aurelia F204,0.13473,0.0,0.0,0.0,0.0,0.0,0.13506,0.0,0.0,0.0,0.040420000000000005,0.0,0.0,0.0,0.0,0.04199,0.0,0.01103
2025-05-10 05:20:00,Aurelia F204,0.13413,0.0,0.0,0.0,0.0,0.0,0.13445,0.0,0.0,0.0,0.039979999999999995,0.0,0.0,0.0,0.0,0.04158,0.0,0.01092
2025-05-10 05:25:00,Aurelia F204,0.13471,0.0,0.0,0.0,0.0,0.0,0.13504,0.0,0.0,0.0,0.03965,0.0,0.0,0.0,0.0,0.041210000000000004,0.0,0.01091
2025-05-10 05:30:00,Aurelia F204,1e-05,0.0,0.0,0.0,0.0,0.0,0.00047999999999999996,0.0,0.0,0.0,0.03908,0.0,0.0,0.0,0.0,0.04071,0.0,0.011009999999999999
2025-05-10 05:35:00,Aurelia F204,0.0,0.0,0.0,0.0,0.0,0.0,0.0005,0.0,0.0,0.0,0.03793,0.0,0.0,0.0,0.0,0.039520000000000007,0.0,0.01099
2025-05-10 05:40:00,Aurelia F204,0.045520000000000005,0.0,0.0,0.0,0.0,0.0,0.045880000000000004,0.0,0.0,0.0,0.03764,0.0,0.0,0.0,0.0,0.03921,0.0,0.01089
2025-05-10 05:45:00,Aurelia F204,0.05199,0.0,0.0,0.0,0.0,0.0,0.052270000000000004,0.0,0.0,0.0,0.03848,0.0,0.0,0.0,0.0,0.04011,0.0,0.01114
2025-05-10 05:50:00,Aurelia F204,0.055299999999999995,0.0,0.0,0.0,0.0,0.0,0.055560000000000005,0.0,0.0,0.0,0.03713,0.0,0.0,0.0,0.0,0.038740000000000004,0.0,0.011
2025-05-10 05:55:00,Aurelia F204,0.05485,0.0,0.0,0.0,0.0,0.0,0.055200000000000006,0.0,0.0,0.0,0.03728,0.0,0.0,0.0,0.0,0.03892,0.0,0.0111
2025-05-10 06:00:00,Aurelia F204,0.05407,0.0,0.0,0.0,0.0,0.0,0.05442,0.0,0.0,0.0,0.03547,0.0,0.0,0.0,0.0,0.03704,0.0,0.011
2025-05-10 06:05:00,Aurelia F204,0.05425,0.0,0.0,0.0,0.0,0.0,0.054619999999999995,0.0,0.0,0.0,0.03546,0.0,0.0,0.0,0.0,0.03711,0.0,0.01093
2025-05-10 06:10:00,Aurelia F204,0.054079999999999996,0.0,0.0,0.0,0.0,0.0,0.054270000000000006,0.0,0.0,0.0,0.035,0.0,0.0,0.0,0.0,0.03673,0.0,0.01093
2025-05-10 06:15:00,Aurelia F204,0.05353,0.0,0.0,0.0,0.0,0.0,0.05378,0.0,0.0,0.0,0.03512,0.0,0.0,0.0,0.0,0.03673,0.0,0.0109
2025-05-10 06:20:00,Aurelia F204,0.053090000000000005,0.0,0.0,0.0,0.0,0.0,0.05332,0.0,0.0,0.0,0.03505,0.0,0.0,0.0,0.0,0.03667,0.0,0.01098
2025-05-10 06:25:00,Aurelia F204,0.052700000000000004,0.0,0.0,0.0,0.0,0.0,0.053009999999999995,0.0,0.0,0.0,0.0358,0.0,0.0,0.0,0.0,0.03732,0.0,0.01106
2025-05-10 06:30:00,Aurelia F204,0.052469999999999996,0.0,0.0,0.0,0.0,0.0,0.05282,0.0,0.0,0.0,0.03517,0.0,0.0,0.0,0.0,0.036789999999999996,0.0,0.011179999999999999
2025-05-10 06:35:00,Aurelia F204,0.05214,0.0,0.0,0.0,0.0,0.0,0.05239,0.0,0.0,0.0,0.03495,0.0,0.0,0.0,0.0,0.03657,0.0,0.01092
2025-05-10 06:40:00,Aurelia F204,0.05242,0.0,0.0,0.0,0.0,0.0,0.05274,0.0,0.0,0.0,0.03509,0.0,0.0,0.0,0.0,0.03663,0.0,0.01087
2025-05-10 06:45:00,Aurelia F204,0.05214,0.0,0.0,0.0,0.0,0.0,0.05246,0.0,0.0,0.0,0.03512,0.0,0.0,0.0,0.0,0.03678,0.0,0.01106
2025-05-10 06:50:00,Aurelia F204,0.0515,0.0,0.0,0.0,0.0,0.0,0.05178,0.0,0.0,0.0,0.0352,0.0,0.0,0.0,0.0,0.036840000000000005,0.0,0.01109
2025-05-10 06:55:00,Aurelia F204,0.05116,0.0,0.0,0.0,0.0,0.0,0.05146,0.0,0.0,0.0,0.03511,0.0,0.0,0.0,0.0,0.03666,0.0,0.01112
2025-05-10 07:00:00,Aurelia F204,0.05157,0.0,0.0,0.0,0.0,0.0,0.051859999999999996,0.0,0.0,0.0,0.03499,0.0,0.0,0.0,0.0,0.03665,0.0,0.01133
2025-05-10 07:05:00,Aurelia F204,0.05119,0.0,0.0,0.0,0.0,0.0,0.05154,0.0,0.0,0.0,0.03491,0.0,0.0,0.0,0.0,0.03657,0.0,0.01106
2025-05-10 07:10:00,Aurelia F204,0.05068,0.0,0.0,0.0,0.0,0.0,0.05096,0.0,0.0,0.0,0.03499,0.0,0.0,0.0,0.0,0.036590000000000004,0.0,0.01134
2025-05-10 07:15:00,Aurelia F204,0.05143,0.0,0.0,0.0,0.0,0.0,0.05158,0.0,0.0,0.0,0.03471,0.0,0.0,0.0,0.0,0.03625,0.0,0.011130000000000001
2025-05-10 07:20:00,Aurelia F204,0.05079,0.0,0.0,0.0,0.0,0.0,0.05105,0.0,0.0,0.0,0.03477,0.0,0.0,0.0,0.0,0.03637,0.0,0.01098
2025-05-10 07:25:00,Aurelia F204,0.05035,0.0,0.0,0.0,0.0,0.0,0.05052,0.0,0.0,0.0,0.03489,0.0,0.0,0.0,0.0,0.036469999999999995,0.0,0.01093
2025-05-10 07:30:00,Aurelia F204,0.04518,0.0,0.0,0.0,0.0,0.0,0.045509999999999995,0.0,0.0,0.0,0.034570000000000004,0.0,0.0,0.0,0.0,0.0362,0.0,0.011
2025-05-10 07:35:00,Aurelia F204,0.0443,0.0,0.0,0.0,0.0,0.0,0.044590000000000005,0.0,0.0,0.0,0.03525,0.0,0.0,0.0,0.0,0.03683,0.0,0.01087
2025-05-10 07:40:00,Aurelia F204,0.04432,0.0,0.0,0.0,0.0,0.0,0.04457,0.0,0.0,0.0,0.03473,0.0,0.0,0.0,0.0,0.03632,0.0,0.01107
2025-05-10 07:45:00,Aurelia F204,0.04357,0.0,0.0,0.0,0.0,0.0,0.04381,0.0,0.0,0.0,0.03696,0.0,0.0,0.0,0.0,0.03854,0.0,0.01107
2025-05-10 07:50:00,Aurelia F204,0.04333,0.0,0.0,0.0,0.0,0.0,0.043590000000000004,0.0,0.0,0.0,0.03669,0.0,0.0,0.00887,0.0,0.04697,0.0,0.0109
2025-05-10 07:55:00,Aurelia F204,0.04365,0.0,0.0,0.0,0.0,0.0,0.04391,0.0,0.0,0.0,0.0365,0.0,0.0,0.00871,0.0,0.04671,0.0,0.01116
2025-05-10 08:00:00,Aurelia F204,0.04293,0.0,0.0,0.0,0.0,0.0,0.04328,0.0,0.0,0.0,0.03432,0.0,0.0,0.0,0.0,0.03591,0.0,0.01397
2025-05-10 08:05:00,Aurelia F204,0.04825,0.0,0.0,0.0,0.0,0.0,0.04852,0.0,0.0,0.0,0.03431,0.0,0.0,0.0,0.0,0.03598,0.0,0.014240000000000001
2025-05-10 08:10:00,Aurelia F204,0.08194,0.0,0.0,0.0,0.0,0.0,0.08208,0.0,0.0,0.0,0.03426,0.0,0.0,0.00887,0.0,0.044270000000000004,0.0,0.01402
2025-05-10 08:15:00,Aurelia F204,0.09262999999999999,0.0,0.0,0.0,0.0,0.0,0.09287999999999999,0.0,0.0,0.0,0.03405,0.0,0.0,0.00876,0.0,0.04413,0.0,0.014060000000000001
2025-05-10 08:20:00,Aurelia F204,0.08486,0.0,0.0,0.0,0.0,0.0,0.08513,0.0,0.0,0.0,0.03375,0.0,0.0,0.0,0.0,0.03526,0.0,0.01419
2025-05-10 08:25:00,Aurelia F204,0.10506,0.0,0.0,0.0,0.0,0.0,0.07697,0.02847,0.0,0.0,0.03403,0.0,0.0,0.0,0.0,0.03549,0.0,0.01411
2025-05-10 08:30:00,Aurelia F204,0.10865000000000001,0.0,0.0,0.0,0.0,0.0,0.08078,0.02837,0.0,0.0,-1e-05,0.0,0.0,0.0,0.0,0.0,0.0,0.04572
2025-05-10 08:35:00,Aurelia F204,0.11008,0.0,0.0,0.0,0.0,0.0,0.08233,0.028210000000000002,0.0,0.0,0.0,0.0,0.0,0.0,0.0,0.0,0.0,0.06612
2025-05-10 08:40:00,Aurelia F204,0.09429000000000001,0.0,0.0,0.0,0.0,0.0,0.09459000000000001,0.0,0.0,0.06341,-1e-05,0.0,0.0,0.0,0.0,0.0,0.0,0.12613
2025-05-10 08:45:00,Aurelia F204,0.0938,0.0,0.0,0.0,0.0,0.0,0.09398999999999999,0.0,0.0,0.06197,0.0,0.0,0.0,0.0,0.0,0.0,0.0,0.12215000000000001
2025-05-10 08:50:00,Aurelia F204,0.09308,0.0,0.0,0.0,0.0,0.0,0.09343000000000001,0.0,0.0,0.06112,-2e-05,0.0,0.0,0.0,0.0,0.0,0.0,0.11853
2025-05-10 08:55:00,Aurelia F204,0.08172,0.0,0.0,0.0,0.0,0.0,0.08206000000000001,0.0,0.0,0.06096,0.0,0.0,0.0,0.0,0.0,0.0,0.0,0.11659
2025-05-10 09:00:00,Aurelia F204,0.08108,0.0,0.0,0.0,0.0,0.0,0.08138,0.0,0.0,0.06063,0.0,0.0,0.0,0.0,0.0,0.0,0.0,0.11434
2025-05-10 09:05:00,Aurelia F204,0.08045000000000001,0.0,0.0,0.0,0.0,0.0,0.08066,0.0,0.0,0.05898,0.0,0.0,0.0,0.0,0.0,0.0,0.0,0.11642
2025-05-10 09:10:00,Aurelia F204,0.0,0.0,0.0,0.0,0.0,0.0,0.0002,0.0,0.0,0.05822,0.0,0.0,0.0,0.0,0.0,0.0,0.0,0.10987999999999999
2025-05-10 09:15:00,Aurelia F204,0.009779999999999999,0.0,0.0,0.0,0.00848,0.0,0.00023,0.0,0.0,0.05806,0.0,0.0,0.0,0.0,0.0,0.0,0.0,0.11154
2025-05-10 09:20:00,Aurelia F204,0.009609999999999999,0.0,0.0,0.0,0.00833,0.0,0.00032,0.0,0.0,0.0578,0.0,0.0,0.0,0.0,0.0,0.0,0.0,0.11008
2025-05-10 09:25:00,Aurelia F204,0.009630000000000001,0.0,0.0,0.0,0.00828,0.0,0.00025,0.0,0.0,0.05792,0.0,0.0,0.0,0.00884,0.0,0.00915,0.0,0.12032999999999999
2025-05-10 09:30:00,Aurelia F204,0.0,0.0,0.0,0.0,0.0,0.0,0.00028000000000000003,0.0,0.0,0.05792,-1e-05,0.0,0.0,0.00867,0.0,0.00903,0.0,0.10881
2025-05-10 09:35:00,Aurelia F204,1e-05,0.0,0.0,0.0,0.0,0.0,0.00029,0.0,0.0,0.05759,0.0,0.0,0.0,0.0,0.0,0.0,0.0,0.10976999999999999
2025-05-10 09:40:00,Aurelia F204,1e-05,0.0,0.0,0.0,0.0,0.0,0.00020999999999999998,0.0,0.0,0.057229999999999996,0.0,0.0,0.0,0.0,0.0,0.0,0.0,0.11115
2025-05-10 09:45:00,Aurelia F204,0.07164,0.0,0.0,0.0,0.00855,0.0,0.03502,0.02846,0.0,0.0571,0.0,0.0,0.0,0.0,0.0,0.0,0.0,0.11097
2025-05-10 09:50:00,Aurelia F204,0.12282,0.0,0.0,0.0,0.0,0.0,0.09506,0.02832,0.0,0.057030000000000004,0.0,0.0,0.0,0.0,0.0,0.0,0.0,0.10909
2025-05-10 09:55:00,Aurelia F204,0.11738,0.0,0.0,0.0,0.0,0.0,0.08954999999999999,0.02823,0.0,0.05652,0.0,0.0,0.0,0.0,0.0,0.0,0.0,0.11078
2025-05-10 10:00:00,Aurelia F204,0.10898000000000001,0.0,0.0,0.0,0.0,0.0,0.08128,0.02819,0.0,0.056659999999999995,0.0,0.0,0.0,0.0,0.0,0.0,0.0,0.10883
2025-05-10 10:05:00,Aurelia F204,0.1288,0.0,0.0,0.0,0.0,0.0,0.10101,0.028239999999999998,0.0,0.05632,0.0,0.0,0.0,0.0,0.0,0.0,0.0,0.10808
2025-05-10 10:10:00,Aurelia F204,0.15012999999999999,0.0,0.0,0.0,0.0,0.0,0.0897,0.06116,0.0,0.05604,0.0,0.0,0.0,0.0,0.0,0.0,0.0,0.10823999999999999
2025-05-10 10:15:00,Aurelia F204,0.12511,0.0,0.0,0.0,0.0,0.0,0.09752,0.028120000000000003,0.0,0.055630000000000006,0.0,0.0,0.0,0.0,0.0,0.0,0.0,0.10497
2025-05-10 10:20:00,Aurelia F204,0.12390999999999999,0.0,0.0,0.0,0.0,0.0,0.0963,0.02816,0.0,0.05838,0.0,0.0,0.0,0.0,0.0,0.0,0.0,0.10615000000000001
2025-05-10 10:25:00,Aurelia F204,0.12157,0.0,0.0,0.0,0.0,0.0,0.09395,0.02811,0.0,0.05797,-1e-05,0.0,0.0,0.0,0.0,0.0,0.0,0.10556
2025-05-10 10:30:00,Aurelia F204,0.11834,0.0,0.0,0.0,0.0,0.0,0.09068999999999999,0.02816,0.0,0.058159999999999996,-2e-05,0.0,0.0,0.0,0.0,0.0,0.0,0.10482999999999999
2025-05-10 10:35:00,Aurelia F204,0.11772,0.0,0.0,0.0,0.0,0.0,0.0901,0.02818,0.0,0.0169,0.0056,0.0,0.0,0.0,0.0,0.007,0.0,0.03575
2025-05-10 10:40:00,Aurelia F204,0.11654,0.0,0.0,0.0,0.0,0.0,0.08891,0.0281,0.0,0.016829999999999998,0.00574,0.0,0.0,0.0,0.0,0.00704,0.0,0.0318
2025-05-10 10:45:00,Aurelia F204,0.1247,0.0,0.0,0.0,0.00851,0.0,0.08838,0.028059999999999998,0.0,0.01675,0.04097,0.0,0.0,0.0,0.0,0.042140000000000004,0.0,0.03188
2025-05-10 10:50:00,Aurelia F204,0.18319,0.0,0.031030000000000002,0.0,0.00828,0.0,0.08821999999999999,0.08673,0.0,0.08145999999999999,0.040670000000000005,0.0,0.0,0.0,0.0,0.04185,0.0,0.12832
2025-05-10 10:55:00,Aurelia F204,0.16951,0.0,0.0,0.0,0.0,0.0,0.08486,0.08499,0.0,0.0,0.033350000000000005,0.0,0.0,0.0,0.0,0.03479,0.0,0.01416
2025-05-10 11:00:00,Aurelia F204,0.17082,0.0,0.0,0.0,0.0,0.0,0.08724,0.08409,0.0,0.0,0.032979999999999995,0.0,0.0,0.0,0.0,0.03443,0.0,0.014039999999999999
2025-05-10 11:05:00,Aurelia F204,0.16925,0.0,0.0,0.0,0.0,0.0,0.08581,0.08399,0.0,0.0,0.032909999999999995,0.0,0.0,0.0,0.0,0.03438,0.0,0.013980000000000001
2025-05-10 11:10:00,Aurelia F204,0.16824,0.0,0.0,0.0,0.0,0.0,0.08463,0.08392000000000001,0.0,0.0,0.03272,0.0,0.0,0.0,0.0,0.0342,0.0,0.014070000000000001
2025-05-10 11:15:00,Aurelia F204,0.08408,0.0,0.0,0.0,0.0,0.0,0.08441,0.0,0.0,0.0,0.03261,0.0,0.0,0.0,0.0,0.03412,0.0,0.01393
2025-05-10 11:20:00,Aurelia F204,0.08588,0.0,0.0,0.0,0.0,0.0,0.08611,0.0,0.0,0.0,0.032549999999999996,0.0,0.0,0.0,0.0,0.03393,0.0,0.01431
2025-05-10 11:25:00,Aurelia F204,0.11381999999999999,0.0,0.0,0.0,0.0,0.0,0.08597,0.02838,0.0,0.015189999999999999,0.0327,0.0,0.0,0.0,0.0,0.034,0.0,0.030260000000000002
2025-05-10 11:30:00,Aurelia F204,0.11375,0.0,0.0,0.0,0.0,0.0,0.0859,0.02828,0.0,0.014119999999999999,0.03244,0.0,0.0,0.0,0.0,0.03389,0.0,0.02961
2025-05-10 11:35:00,Aurelia F204,0.15187,0.0,0.0,0.0,0.0,0.0,0.08838,0.06397,0.0,0.01337,0.0,0.0,0.0,0.00895,0.0,0.009179999999999999,0.0,0.02842
2025-05-10 11:40:00,Aurelia F204,0.1431,0.0,0.0,0.0,0.0,0.0,0.08127,0.06243,0.0,0.01332,0.0,0.0,0.0,0.00878,0.0,0.00901,0.0,0.02857
2025-05-10 11:45:00,Aurelia F204,0.14859999999999998,0.0,0.0,0.0,0.0,0.13842,0.08733,0.06179,0.0,0.00959,0.03318,0.0,0.0,0.0,0.0,0.17287,0.0,0.02471
2025-05-10 11:50:00,Aurelia F204,1.17708,0.0,0.0,0.0,0.0,1.04048,0.68196,0.49888,0.0,0.07576,0.0,0.0,0.0,0.0,0.0,1.04016,0.0,0.19744
2025-05-10 11:55:00,Aurelia F204,0.14774,0.0,0.0,0.0,0.0,0.12702,0.08676,0.061380000000000004,0.0,0.08585,0.0,0.0,0.0,0.0,0.0,0.12716,0.0,0.101
2025-05-10 12:00:00,Aurelia F204,0.14809,0.0,0.0,0.0,0.0,0.12622,0.08754,0.061130000000000004,0.0,0.085,0.0,0.0,0.0,0.0,0.0,0.12635,0.0,0.13262000000000002
2025-05-10 12:05:00,Aurelia F204,0.14953999999999998,0.0,0.0,0.0,0.0,0.12472,0.08912,0.060880000000000004,0.0,0.08553,0.0,0.0,0.0,0.0,0.0,0.12481999999999999,0.0,0.13278
2025-05-10 12:10:00,Aurelia F204,0.14748,0.0,0.0,0.0,0.0,0.12404000000000001,0.08721999999999999,0.06075,0.0,0.08468,0.0,0.0,0.0,0.0,0.0,0.1242,0.0,0.13188
2025-05-10 12:15:00,Aurelia F204,0.12229999999999999,0.0,0.0,0.0,0.0,0.12495999999999999,0.09467,0.02811,0.0,0.08501,0.0,0.0,0.0,0.0,0.0,0.12495,0.0,0.12601
2025-05-10 12:20:00,Aurelia F204,0.12115999999999999,0.0,0.0,0.0,0.0,0.0,0.09348000000000001,0.02818,0.0,0.07457,0.0,0.0,0.0,0.0,0.0,0.0,0.0,0.12176999999999999
2025-05-10 12:25:00,Aurelia F204,0.12,0.0,0.0,0.0,0.0,0.0,0.09239,0.0281,0.0,0.07427,0.0,0.0,0.0,0.0,0.0,0.0,0.0,0.12168999999999999
2025-05-10 12:30:00,Aurelia F204,0.09043999999999999,0.0,0.0,0.0,0.0,0.0,0.09076999999999999,0.0,0.0,0.07443000000000001,-4e-05,0.0,0.0,0.0,0.0,0.0,0.0,0.12107
2025-05-10 12:35:00,Aurelia F204,0.09045,0.0,0.0,0.0,0.0,0.0,0.09082,0.0,0.0,0.07449,-4e-05,0.0,0.0,0.0,0.0,0.0,0.0,0.12142
2025-05-10 12:40:00,Aurelia F204,0.11525,0.0,0.0,0.0,0.0,0.0,0.08725,0.028480000000000002,0.0,0.07449,0.0,0.0,0.0,0.0,0.0,0.0,0.0,0.12209
2025-05-10 12:45:00,Aurelia F204,0.09275,0.0,0.0,0.0,0.0,0.0,0.09293000000000001,0.0,0.0,0.07435,-1e-05,0.0,0.0,0.00888,0.0,0.00916,0.0,0.12193999999999999
2025-05-10 12:50:00,Aurelia F204,0.09097,0.0,0.0,0.0,0.0,0.0,0.09122,0.0,0.0,0.07528,0.06609000000000001,0.0,0.0,0.0,0.0,0.06766,0.0,0.11206999999999999
2025-05-10 12:55:00,Aurelia F204,0.11832,0.0,0.0,0.0,0.0,0.0,0.09048,0.028239999999999998,2e-05,0.07714,-1e-05,0.0,0.0,0.0,0.0,0.0,0.0,0.12304999999999999
2025-05-10 13:00:00,Aurelia F204,0.1159,0.0,0.0,0.0,0.0,0.0,0.08819,0.02823,8e-05,0.07790000000000001,0.0,0.0,0.0,0.0,0.0,0.0,0.0,0.12315000000000001
2025-05-10 13:05:00,Aurelia F204,0.09372,0.0,0.0,0.0,0.0,0.0,0.094,0.0,1.5215699999999999,0.0,-1e-05,0.0,0.0,0.0,0.0,0.0,0.0,1.63306
2025-05-10 13:10:00,Aurelia F204,0.09112999999999999,0.0,0.0,0.0,0.0,0.0,0.09129000000000001,0.0,0.83045,0.0,-2e-05,0.0,0.0,0.0,0.0,0.0,0.0,0.94151
2025-05-10 13:15:00,Aurelia F204,0.0896,0.0,0.0,0.0,0.0,0.0,0.08976,0.0,0.92149,0.0,-1e-05,0.0,0.0,0.0,0.0,0.0,0.0,1.03183
2025-05-10 13:20:00,Aurelia F204,0.08873,0.0,0.0,0.0,0.0,0.0,0.089,0.0,1.16794,0.0,0.0,0.0,0.0,0.0,0.0,0.0,0.0,1.27696
2025-05-10 13:25:00,Aurelia F204,0.09081,0.0,0.0,0.0,0.0,0.0,0.09114,0.0,0.0,0.0,0.014839999999999999,0.0181,0.0,0.0,0.0,0.03518,0.0,0.01465
2025-05-10 13:30:00,Aurelia F204,0.09056,0.0,0.0,0.0,0.0,0.0,0.09090000000000001,0.0,0.0,0.0,0.0143,0.96804,0.0,0.0,0.0,0.9850599999999999,0.0,0.01154
2025-05-10 13:35:00,Aurelia F204,0.08879000000000001,0.0,0.0,0.0,0.0,0.0,0.08967,0.0,0.0,0.0,0.01409,0.9739500000000001,0.0,0.0,0.0,0.99072,0.0,0.01106
2025-05-10 13:40:00,Aurelia F204,0.0886,0.0,0.0,0.0,0.0,0.0,0.08888,0.0,0.0,0.0,0.014029999999999999,0.96382,0.0,0.0,0.0,0.98053,0.0,0.0111
2025-05-10 13:45:00,Aurelia F204,0.08779,0.0,0.0,0.0,0.0,0.0,0.08812,0.0,0.0,0.0,0.01411,0.6557799999999999,0.0,0.0,0.0,0.6723300000000001,0.0,0.01111
2025-05-10 13:50:00,Aurelia F204,0.08852,0.0,0.0,0.0,0.0,0.0,0.08874,0.0,0.0,0.0,0.01409,0.50608,0.0,0.0,0.0,0.52267,0.0,0.01123
2025-05-10 13:55:00,Aurelia F204,0.0877,0.0,0.0,0.0,0.0,0.0,0.088,0.0,0.0,0.0,0.014,0.50496,0.0,0.0,0.0,0.52162,0.0,0.01103
2025-05-10 14:00:00,Aurelia F204,0.08764,0.0,0.0,0.0,0.0,0.0,0.08793000000000001,0.0,0.0,0.0,0.014070000000000001,0.49993,0.0,0.0,0.0,0.51646,0.0,0.01134
2025-05-10 14:05:00,Aurelia F204,0.08763,0.0,0.0,0.0,0.0,0.0,0.08789,0.0,0.0,0.0,0.01385,0.50261,0.0,0.0,0.0,0.51898,0.0,0.0114
2025-05-10 14:10:00,Aurelia F204,0.08746999999999999,0.0,0.0,0.0,0.0,0.0,0.08781,0.0,0.0,0.0,0.013710000000000002,0.53964,0.0,0.0,0.0,0.55584,0.0,0.011359999999999999
2025-05-10 14:15:00,Aurelia F204,0.08745,0.0,0.0,0.0,0.0,0.0,0.08771999999999999,0.0,0.0,0.0,0.013550000000000001,0.20914,0.0,0.0,0.0,0.22508,0.0,0.011009999999999999
2025-05-10 14:20:00,Aurelia F204,0.08804000000000001,0.0,0.0,0.0,0.0,0.0,0.08818000000000001,0.0,0.0,0.0,0.01367,0.0077800000000000005,0.0,0.0,0.0,0.0237,0.0,0.01097
2025-05-10 14:25:00,Aurelia F204,0.08713,0.0,0.0,0.0,0.0,0.0,0.08745,0.0,0.0,0.0,0.01359,0.0077599999999999995,0.0,0.0,0.0,0.023620000000000002,0.0,0.011
2025-05-10 14:30:00,Aurelia F204,0.08729,0.0,0.0,0.0,0.0,0.0,0.08751,0.0,0.0,0.0,0.013529999999999999,0.030920000000000003,0.0,0.0,0.0,0.04679,0.0,0.01085
2025-05-10 14:35:00,Aurelia F204,0.08737,0.0,0.0,0.0,0.0,0.0,0.08762,0.0,0.0,0.0,0.013460000000000001,0.50011,0.0,0.0,0.0,0.51597,0.0,0.01099
2025-05-10 14:40:00,Aurelia F204,0.0,0.0,0.0,0.0,0.0,0.0,0.00033,0.0,0.0,0.0,0.01332,0.5979099999999999,0.0,0.0,0.0,0.6137999999999999,0.0,0.01111
2025-05-10 14:45:00,Aurelia F204,0.0,0.0,0.0,0.0,0.0,0.0,0.00027,0.0,0.0,0.0,0.01332,0.13441999999999998,0.0,0.0,0.0,0.15006999999999998,0.0,0.01123
2025-05-10 14:50:00,Aurelia F204,0.12497,0.0,0.0,0.0,0.0,0.0,0.12526,0.0,0.0,0.0,0.01325,0.0077800000000000005,0.0,0.0,0.0,0.02325,0.0,0.01098
2025-05-10 14:55:00,Aurelia F204,0.1251,0.0,0.0,0.0,0.0,0.0,0.12542,0.0,0.0,0.0,0.01322,0.50574,0.0,0.0,0.0,0.52135,0.0,0.01103
2025-05-10 15:00:00,Aurelia F204,0.12608,0.0,0.0,0.0,0.0,0.0,0.1264,0.0,0.0,0.0,0.01339,0.5656,0.0,0.0,0.0,0.58128,0.0,0.010960000000000001
2025-05-10 15:05:00,Aurelia F204,0.12577,0.0,0.0,0.0,0.0,0.0,0.12611,0.0,0.0,0.0,0.013359999999999999,0.48978,0.0,0.0,0.0,0.50554,0.0,0.01123
2025-05-10 15:10:00,Aurelia F204,0.12432,0.0,0.0,0.0,0.0,0.0,0.12459999999999999,0.0,0.0,0.0,0.01329,0.00783,0.0,0.0,0.0,0.02325,0.0,0.01094
2025-05-10 15:15:00,Aurelia F204,0.12458,0.0,0.0,0.0,0.0,0.0,0.12487000000000001,0.0,0.0,0.0,0.01337,0.0077800000000000005,0.0,0.0,0.0,0.023219999999999998,0.0,0.011
2025-05-10 15:20:00,Aurelia F204,0.124,0.0,0.0,0.0,0.0,0.0,0.12422,0.0,0.0,0.0,0.01326,0.00792,0.0,0.0,0.0,0.02334,0.0,0.0108
2025-05-10 15:25:00,Aurelia F204,0.12465000000000001,0.0,0.0,0.0,0.0,0.0,0.12498999999999999,0.0,0.0,0.0,0.01305,0.50751,0.0,0.0,0.0,0.52289,0.0,0.01111
2025-05-10 15:30:00,Aurelia F204,0.12566,0.0,0.0,0.0,0.0,0.0,0.12604,0.0,0.0,0.0,0.01325,0.63919,0.0,0.0,0.0,0.65484,0.0,0.01134
2025-05-10 15:35:00,Aurelia F204,0.0,0.0,0.0,0.0,0.0,0.0,0.0003,0.0,0.0,0.0,0.01325,0.48377,0.0,0.0,0.0,0.49933999999999995,0.0,0.011359999999999999
2025-05-10 15:40:00,Aurelia F204,0.0,0.0,0.0,0.0,0.0,0.0,0.00046,0.0,0.0,0.0,0.01332,0.00784,0.0,0.0,0.0,0.02336,0.0,0.01089
2025-05-10 15:45:00,Aurelia F204,0.03756,0.0,0.0,0.0,0.0,0.0,0.0378,0.0,0.0,0.0,0.01337,0.00785,0.0,0.0,0.0,0.02339,0.0,0.01124
2025-05-10 15:50:00,Aurelia F204,0.05467,0.0,0.0,0.0,0.0,0.0,0.054920000000000004,0.0,0.0,0.0,0.01331,0.008,0.0,0.0,0.0,0.02348,0.0,0.01087
2025-05-10 15:55:00,Aurelia F204,0.05575,0.0,0.0,0.0,0.0,0.0,0.056100000000000004,0.0,0.0,0.0,0.013130000000000001,0.50568,0.0,0.0,0.0,0.52113,0.0,0.01097
2025-05-10 16:00:00,Aurelia F204,0.055229999999999994,0.0,0.0,0.0,0.0,0.0,0.055560000000000005,0.0,0.0,0.0,0.01315,0.59909,0.0,0.0,0.0,0.61468,0.0,0.01107
2025-05-10 16:05:00,Aurelia F204,0.05529,0.0,0.0,0.0,0.0,0.0,0.05553,0.0,0.0,0.0,0.01322,0.37867,0.0,0.0,0.0,0.39415,0.0,0.01123
2025-05-10 16:10:00,Aurelia F204,0.05446,0.0,0.0,0.0,0.0,0.0,0.054689999999999996,0.0,0.0,0.0,0.01329,0.00774,0.0,0.0,0.0,0.02325,0.0,0.01104
2025-05-10 16:15:00,Aurelia F204,0.054619999999999995,0.0,0.0,0.0,0.0,0.0,0.0549,0.0,0.0,0.0,0.01326,0.007809999999999999,0.0,0.0,0.0,0.023260000000000003,0.0,0.0114
2025-05-10 16:20:00,Aurelia F204,0.05389,0.0,0.0,0.0,0.0,0.0,0.054189999999999995,0.0,0.0,0.0,0.01303,0.78036,0.0,0.0,0.0,0.7958999999999999,0.0,0.01109
2025-05-10 16:25:00,Aurelia F204,0.053439999999999994,0.0,0.0,0.0,0.0,0.0,0.053840000000000006,0.0,0.0,0.0,0.01299,0.82766,0.0,0.0,0.0,0.84316,0.0,0.01253
2025-05-10 16:30:00,Aurelia F204,0.053219999999999996,0.0,0.0,0.0,0.0,0.0,0.053509999999999995,0.0,0.0,0.0,0.0134,0.00534,0.0,0.0,0.0,0.02102,0.0,0.01093
2025-05-10 16:35:00,Aurelia F204,0.05321,0.0,0.0,0.0,0.0,0.0,0.0536,0.0,0.0,0.0,0.013439999999999999,0.0034100000000000003,0.0,0.0,0.0,0.01907,0.0,0.01173
2025-05-10 16:40:00,Aurelia F204,0.053149999999999996,0.0,0.0,0.0,0.0,0.0,0.05341,0.0,0.0,0.0,0.01323,4e-05,0.0,0.0,0.0,0.0167,0.0,0.01109
2025-05-10 16:45:00,Aurelia F204,0.05304,0.0,0.0,0.0,0.0,0.0,0.05329,0.0,0.0,0.0,0.01331,0.14103,0.0,0.0,0.0,0.15656,0.0,0.0114
2025-05-10 16:50:00,Aurelia F204,0.05281,0.0,0.0,0.0,0.0,0.0,0.05317,0.0,0.0,0.0,0.013130000000000001,0.5047699999999999,0.0,0.0,0.0,0.52026,0.0,0.0114
2025-05-10 16:55:00,Aurelia F204,0.05246,0.0,0.0,0.0,0.0,0.0,0.05274,0.0,0.0,0.0,0.01306,0.50735,0.0,0.0,0.0,0.52291,0.0,0.011699999999999999
2025-05-10 17:00:00,Aurelia F204,0.05223,0.0,0.0,0.0,0.0,0.0,0.05257,0.0,0.0,0.0,0.01331,0.50059,0.0,0.0,0.0,0.51625,0.0,0.0112
2025-05-10 17:05:00,Aurelia F204,0.05233,0.0,0.0,0.0,0.0,0.0,0.05266,0.0,0.0,0.0,0.01332,0.5000899999999999,0.0,0.0,0.0,0.51573,0.0,0.011439999999999999
2025-05-10 17:10:00,Aurelia F204,0.05223,0.0,0.0,0.0,0.0,0.0,0.05251,0.0,0.0,0.0,0.0134,0.49921,0.0,0.00878,0.0,0.52376,0.0,0.01131
2025-05-10 17:15:00,Aurelia F204,0.05145,0.0,0.0,0.0,0.0,0.0,0.05181,0.0,0.0,0.0,0.02009,0.49806,0.0,0.0,0.0,0.52052,0.0,0.01453
2025-05-10 17:20:00,Aurelia F204,0.05153,0.0,0.0,0.0,0.0,0.0,0.05182,0.0,0.0,0.0,0.02009,0.49926,0.0,0.0,0.0,0.52199,0.0,0.01443
2025-05-10 17:25:00,Aurelia F204,0.05119,0.0,0.0,0.0,0.0,0.0,0.05154,0.0,0.0,0.0,0.02017,0.50193,0.0,0.0,0.0,0.52447,0.0,0.01455
2025-05-10 17:30:00,Aurelia F204,0.05112,0.0,0.0,0.0,0.0,0.0,0.05145,0.0,0.0,0.0,0.020120000000000002,0.50026,0.0,0.0,0.0,0.52285,0.0,0.01503
2025-05-10 17:35:00,Aurelia F204,0.05093,0.0,0.0,0.0,0.0,0.0,0.05119,0.0,0.0,0.0,0.020120000000000002,0.49695999999999996,0.0,0.0,0.0,0.51934,0.0,0.0144
2025-05-10 17:40:00,Aurelia F204,0.05103,0.0,0.0,0.0,0.0,0.0,0.05131,0.0,0.0,0.0,0.02017,0.49549,0.0,0.0,0.0,0.5179199999999999,0.0,0.01393
2025-05-10 17:45:00,Aurelia F204,0.05076,0.0,0.0,0.0,0.0,0.0,0.05109,0.0,0.0,0.0,0.02011,0.49706,0.0,0.0,0.0,0.51952,0.0,0.014240000000000001
2025-05-10 17:50:00,Aurelia F204,0.07859999999999999,0.0,0.0,0.0,0.0,0.0,0.05076,0.02845,0.0,0.09951,0.0057,0.0,0.0,0.0,0.0,0.00718,0.0,0.21271
2025-05-10 17:55:00,Aurelia F204,0.05069,0.0,0.0,0.0,0.0,0.0,0.05097,0.0,0.0,0.09812,0.005679999999999999,0.0,0.0,0.0,0.0,0.0071600000000000006,0.0,0.21007
2025-05-10 18:00:00,Aurelia F204,0.089,0.0,0.0,0.0,0.0,0.0,0.06121,0.02828,0.0,0.09570000000000001,0.00583,0.0,0.0,0.0,0.0,0.00728,0.0,0.20936000000000002
2025-05-10 18:05:00,Aurelia F204,0.1225,0.0,0.0,0.0,0.0,0.0,0.09478,0.02826,0.0,0.08993000000000001,0.0057599999999999995,0.0,0.0,0.0,0.0,0.0072,0.0,0.20219
2025-05-10 18:10:00,Aurelia F204,0.09268000000000001,0.0,0.0,0.0,0.0,0.0,0.09286,0.0,0.0,0.08758,0.0058,0.0,0.0,0.00887,0.0,0.01614,0.0,0.18803
2025-05-10 18:15:00,Aurelia F204,0.11702,0.0,0.0,0.0,0.0,0.0,0.08915000000000001,0.028399999999999998,0.0,0.08514000000000001,0.00575,0.0,0.0,0.0,0.0,0.00725,0.0,0.1963
2025-05-10 18:20:00,Aurelia F204,0.11875,0.0,0.0,0.0,0.0,0.0,0.09096,0.02828,0.0,0.08327,0.0058,0.0,0.0,0.0,0.0,0.00723,0.0,0.19351
2025-05-10 18:25:00,Aurelia F204,0.1221,0.0,0.0,0.0,0.0,0.0,0.09437999999999999,0.028210000000000002,0.0,0.08752,0.0058200000000000005,0.0,0.0,0.0,0.0,0.0072699999999999996,0.0,0.19737000000000002
2025-05-10 18:30:00,Aurelia F204,0.1217,0.0,0.0,0.0,0.0,0.0,0.09397,0.02823,0.0,0.09118000000000001,0.00577,0.0,0.0,0.0,0.0,0.00723,0.0,0.20178000000000001
2025-05-10 18:35:00,Aurelia F204,0.12204999999999999,0.0,0.0,0.0,0.0,0.0,0.09437999999999999,0.02819,0.0,0.09121,0.00583,0.0,0.0,0.0,0.0,0.00725,0.0,0.20121
2025-05-10 18:40:00,Aurelia F204,0.12223,0.0,0.0,0.0,0.0,0.0,0.09468,0.02818,0.0,0.08959,0.0058200000000000005,0.0,0.0,0.0,0.0,0.00728,0.0,0.19957
2025-05-10 18:45:00,Aurelia F204,0.12143999999999999,0.0,0.0,0.0,0.0,0.0,0.09379000000000001,0.0281,0.0,0.08882,0.0058,0.0,0.0,0.0,0.0,0.00731,0.0,0.19945
2025-05-10 18:50:00,Aurelia F204,0.12054999999999999,0.0,0.0,0.0,0.0,0.0,0.0928,0.02816,0.0,0.08765,0.005809999999999999,0.0,0.0,0.0,0.0,0.00724,0.0,0.19774
2025-05-10 18:55:00,Aurelia F204,0.12085,0.0,0.0,0.0,0.0,0.0,0.0932,0.02813,0.0,0.08778,0.00584,0.0,0.0,0.0,0.0,0.00722,0.0,0.19901
2025-05-10 19:00:00,Aurelia F204,0.12038,0.0,0.0,0.0,0.0,0.0,0.09273,0.028120000000000003,0.0,0.10062,0.03665,0.0,0.0,0.00901,0.0,0.04722,0.0,0.21059
2025-05-10 19:05:00,Aurelia F204,0.12047,0.0,0.0,0.0,0.0,0.0,0.09267,0.028059999999999998,0.0,0.07673999999999999,0.005860000000000001,0.0,0.0,0.0,0.0,0.0072699999999999996,0.0,0.18519999999999998
2025-05-10 19:10:00,Aurelia F204,0.12886,0.0,0.0,0.0,0.00846,0.0,0.09257,0.02813,0.0,0.07669,0.00583,0.0,0.0,0.0,0.0,0.00729,0.0,0.18011000000000002
2025-05-10 19:15:00,Aurelia F204,0.12067,0.0,0.0,0.0,0.0,0.0,0.09305,0.0281,0.0,0.08327,0.00583,0.0,0.0,0.0,0.0,0.00729,0.0,0.19269
2025-05-10 19:20:00,Aurelia F204,0.12037,0.0,0.0,0.0,0.0,0.0,0.09276000000000001,0.0281,0.0,0.08114,0.005809999999999999,0.0,0.0,0.0,0.0,0.00731,0.0,0.19022999999999998
2025-05-10 19:25:00,Aurelia F204,0.11946,0.0,0.0,0.0,0.0,0.0,0.09187999999999999,0.02809,0.0,0.08081,0.005860000000000001,0.0,0.0,0.0,0.0,0.00731,0.0,0.19085
2025-05-10 19:30:00,Aurelia F204,0.12179999999999999,0.0,0.0,0.0,0.0,0.0,0.09416,0.028120000000000003,0.0,0.01672,0.00584,0.0,0.0,0.0,0.0,0.0072699999999999996,0.0,0.03585
2025-05-10 19:35:00,Aurelia F204,0.12137,0.0,0.0,0.0,0.0,0.0,0.09383,0.028050000000000002,0.0,0.01663,0.00583,0.0,0.0,0.0,0.0,0.00737,0.0,0.03181
2025-05-10 19:40:00,Aurelia F204,0.12038,0.0,0.0,0.0,0.0,0.0,0.09279000000000001,0.02807,0.0,0.01662,0.005860000000000001,0.0,0.0,0.0,0.0,0.00733,0.0,0.03228
2025-05-10 19:45:00,Aurelia F204,0.12082,0.0,0.0,0.0,0.0,0.0,0.09328,0.02819,0.0,0.016730000000000002,0.00583,0.0,0.0,0.0,0.0,0.00734,0.0,0.03184
2025-05-10 19:50:00,Aurelia F204,0.12086,0.0,0.0,0.0,0.0,0.0,0.0932,0.02816,0.0,0.01659,0.00587,0.0,0.0,0.0,0.0,0.00731,0.0,0.03194
2025-05-10 19:55:00,Aurelia F204,0.12023,0.0,0.0,0.0,0.0,0.0,0.09270999999999999,0.028059999999999998,0.0,0.01659,0.00588,0.0,0.0,0.0,0.0,0.00737,0.0,0.03187
2025-05-10 20:00:00,Aurelia F204,0.11042,0.0,0.0,0.0,0.0,0.0,0.08279,0.028050000000000002,0.0,0.0167,0.00591,0.0,0.0,0.0,0.0,0.00734,0.0,0.0318
2025-05-10 20:05:00,Aurelia F204,0.10920999999999999,0.0,0.0,0.0,0.0,0.0,0.08167,0.02813,0.0,0.01653,0.005889999999999999,0.0,0.0,0.0,0.0,0.00741,0.0,0.03188
2025-05-10 20:10:00,Aurelia F204,0.10840000000000001,0.0,0.0,0.0,0.0,0.0,0.08084999999999999,0.028120000000000003,0.0,0.01659,0.00587,0.0,0.0,0.0,0.0,0.00741,0.0,0.0318
2025-05-10 20:15:00,Aurelia F204,0.0292,0.0,0.0,0.0,0.0,0.0,0.00045,0.028059999999999998,0.0,0.0166,0.005900000000000001,0.0,0.0,0.0,0.0,0.0074199999999999995,0.0,0.03187
2025-05-10 20:20:00,Aurelia F204,0.02916,0.0,0.0,0.0,0.0,0.0,0.00035,0.02817,0.0,0.016640000000000002,0.00597,0.0,0.0,0.0,0.0,0.00743,0.0,0.03194
2025-05-10 20:25:00,Aurelia F204,0.02923,0.0,0.0,0.0,0.0,0.0,0.00037,0.02811,0.0,0.016649999999999998,0.005809999999999999,0.0,0.0,0.0,0.0,0.00744,0.0,0.03204
2025-05-10 20:30:00,Aurelia F204,0.02922,0.0,0.0,0.0,0.0,0.0,0.00035,0.0281,0.0,0.016649999999999998,0.00588,0.0,0.0,0.0,0.0,0.0074,0.0,0.03203
2025-05-10 20:35:00,Aurelia F204,0.02921,0.0,0.0,0.0,0.0,0.0,0.00045,0.028140000000000002,0.0,0.01672,0.005900000000000001,0.0,0.0,0.0,0.0,0.00737,0.0,0.03189
2025-05-10 20:40:00,Aurelia F204,0.02916,0.0,0.0,0.0,0.0,0.0,0.00020999999999999998,0.028140000000000002,0.0,0.01669,0.005860000000000001,0.0,0.0,0.0,0.0,0.00738,0.0,0.03222
2025-05-10 20:45:00,Aurelia F204,0.0292,0.0,0.0,0.0,0.0,0.0,0.00046,0.02811,0.0,0.01671,0.005900000000000001,0.0,0.0,0.0,0.0,0.00728,0.0,0.03181
2025-05-10 20:50:00,Aurelia F204,0.02915,0.0,0.0,0.0,0.0,0.0,0.00039,0.028120000000000003,0.0,0.01662,0.005860000000000001,0.0,0.0,0.0,0.0,0.00738,0.0,0.032
2025-05-10 20:55:00,Aurelia F204,0.1023,0.0,0.0,0.0,0.0,0.0,0.07472,0.028120000000000003,0.0,0.01663,0.00597,0.0,0.0,0.0,0.0,0.0074800000000000005,0.0,0.031760000000000004
2025-05-10 21:00:00,Aurelia F204,0.11438,0.0,0.0,0.0,0.0,0.0,0.08683,0.02804,0.0,0.01662,0.005900000000000001,0.0,0.0,0.0,0.0,0.00747,0.0,0.03195
2025-05-10 21:05:00,Aurelia F204,0.11325,0.0,0.0,0.0,0.0,0.0,0.08565,0.028140000000000002,0.0,0.01663,0.00596,0.0,0.0,0.0,0.0,0.00754,0.0,0.03184
2025-05-10 21:10:00,Aurelia F204,0.11384,0.0,0.0,0.0,0.0,0.0,0.08619,0.02809,0.0,0.01659,0.005900000000000001,0.0,0.0,0.0,0.0,0.00736,0.0,0.03183
2025-05-10 21:15:00,Aurelia F204,0.11306999999999999,0.0,0.0,0.0,0.0,0.0,0.08547,0.0281,0.0,0.01651,0.005889999999999999,0.0,0.0,0.0,0.0,0.00743,0.0,0.03174
2025-05-10 21:20:00,Aurelia F204,0.11309999999999999,0.0,0.0,0.0,0.0,0.0,0.08553,0.02809,0.0,0.01662,0.00594,0.0,0.0,0.0,0.0,0.00741,0.0,0.03184
2025-05-10 21:25:00,Aurelia F204,0.11220999999999999,0.0,0.0,0.0,0.0,0.0,0.08465,0.028140000000000002,0.0,0.01666,0.00597,0.0,0.0,0.0,0.0,0.0074199999999999995,0.0,0.0318
2025-05-10 21:30:00,Aurelia F204,0.11242,0.0,0.0,0.0,0.0,0.0,0.08481999999999999,0.02809,0.0,0.016550000000000002,0.0059299999999999995,0.0,0.0,0.0,0.0,0.00743,0.0,0.03188
2025-05-10 21:35:00,Aurelia F204,0.11208,0.0,0.0,0.0,0.0,0.0,0.08449,0.02817,0.0,0.01663,0.00591,0.0,0.0,0.0,0.0,0.00753,0.0,0.03186
2025-05-10 21:40:00,Aurelia F204,0.11194,0.0,0.0,0.0,0.0,0.0,0.08444,0.0281,0.0,0.08281000000000001,0.00588,0.0,0.0,0.0,0.0,0.00744,0.0,0.19638
2025-05-10 21:45:00,Aurelia F204,0.11803,0.0,0.0,0.0,0.0,0.0,0.09051000000000001,0.0281,0.0,0.08163,0.0059299999999999995,0.0,0.0,0.0,0.0,0.0074800000000000005,0.0,0.19412000000000001
2025-05-10 21:50:00,Aurelia F204,0.11853,0.0,0.0,0.0,0.0,0.0,0.09092,0.02809,0.95099,0.03502,0.006,0.0,0.0,0.0,0.0,0.0076,0.0,1.0976199999999998
2025-05-10 21:55:00,Aurelia F204,0.11391,0.0,0.0,0.0,0.0,0.0,0.0864,0.028059999999999998,1.54351,0.02996,0.00601,0.0,0.0,0.0,0.0,0.0076100000000000004,0.0,1.6830399999999999
2025-05-10 22:00:00,Aurelia F204,0.11283,0.0,0.0,0.0,0.0,0.0,0.08522,0.028059999999999998,1.32662,0.026969999999999997,0.00596,0.0,0.0,0.0,0.0,0.0077599999999999995,0.0,1.46374
2025-05-10 22:05:00,Aurelia F204,0.12104999999999999,0.0,0.0,0.0,0.00846,0.0,0.08474,0.028120000000000003,1.40387,0.03932,0.00595,0.0,0.0,0.0,0.0,0.0076100000000000004,0.0,1.5520399999999999
2025-05-10 22:10:00,Aurelia F204,0.10699,0.0,0.0,0.0,0.0,0.0,0.07940000000000001,0.028059999999999998,1.2101099999999998,0.04003,0.005900000000000001,0.0,0.0,0.0,0.0,0.00754,0.0,1.35888
2025-05-10 22:15:00,Aurelia F204,0.11248999999999999,0.0,0.0,0.0,0.0,0.0,0.08492,0.028050000000000002,0.7532300000000001,0.02767,0.00598,0.0,0.0,0.0,0.0,0.00753,0.0,0.89112
2025-05-10 22:20:00,Aurelia F204,0.10031,0.0,0.0,0.0,0.0,0.0,0.07275,0.02813,0.76446,0.037649999999999996,0.005889999999999999,0.0,0.0,0.0,0.0,0.007549999999999999,0.0,0.9105700000000001
2025-05-10 22:25:00,Aurelia F204,0.08737,0.0,0.0,0.0,0.0,0.0,0.08765,0.0,0.85474,0.03773,0.00588,0.0,0.0,0.0,0.0,0.00754,0.0,1.0004
2025-05-10 22:30:00,Aurelia F204,0.0846,0.0,0.0,0.0,0.0,0.0,0.08488,0.0,1.0121499999999999,0.02962,0.00588,0.0,0.0,0.0,0.0,0.0074800000000000005,0.0,1.1496099999999998
2025-05-10 22:35:00,Aurelia F204,0.08386,0.0,0.0,0.0,0.0,0.0,0.0841,0.0,0.12437999999999999,0.016829999999999998,0.005860000000000001,0.0,0.0,0.0,0.0,0.00743,0.0,0.24913999999999997
2025-05-10 22:40:00,Aurelia F204,0.08297,0.0,0.0,0.0,0.0,0.0,0.08331999999999999,0.0,2e-05,0.01695,0.02671,0.91707,0.0,0.0,0.0,0.94628,0.0,0.12666
2025-05-10 22:45:00,Aurelia F204,0.08333,0.0,0.0,0.0,0.0,0.0,0.08361,0.0,0.0,0.016980000000000002,0.0268,0.90204,0.0,0.0,0.0,0.93149,0.0,0.12608
2025-05-10 22:50:00,Aurelia F204,0.07468000000000001,0.0,0.0,0.0,0.0,0.0,0.07501999999999999,0.0,0.0,0.01695,0.026539999999999998,0.9103,0.0,0.0,0.0,0.93921,0.0,0.12668000000000001
2025-05-10 22:55:00,Aurelia F204,0.07223,0.0,0.0,0.0,0.0,0.0,0.07261,0.0,0.0,0.01702,0.02673,0.92922,0.0,0.0,0.0,0.95851,0.0,0.12613
2025-05-10 23:00:00,Aurelia F204,0.07116,0.0,0.0,0.0,0.0,0.0,0.07157,0.0,0.0,0.08513,0.026510000000000002,0.9261,0.0,0.0,0.0,0.95533,0.0,0.19246000000000002
2025-05-10 23:05:00,Aurelia F204,0.0,0.0,0.0,0.0,0.0,0.0,0.00026000000000000003,0.0,0.0,0.08147,0.01984,0.004019999999999999,0.0,0.0,0.0,0.0259,0.0,0.18941999999999998
2025-05-10 23:10:00,Aurelia F204,0.0,0.0,0.0,0.0,0.0,0.0,0.00029,0.0,0.0,0.08036,0.01957,0.84436,0.0,0.0,0.0,0.86646,0.0,0.18878
2025-05-10 23:15:00,Aurelia F204,0.0,0.0,0.0,0.0,0.0,0.0,0.00041999999999999996,0.0,0.0,0.07975,0.01968,0.9356,0.0,0.0,0.0,0.95854,0.0,0.18753
2025-05-10 23:20:00,Aurelia F204,0.0,0.0,0.0,0.0,0.0,0.0,0.00046,0.0,0.0,0.07879000000000001,0.019579999999999997,0.92368,0.0,0.0,0.0,0.94587,0.0,0.18624000000000002
2025-05-10 23:25:00,Aurelia F204,0.0,0.0,0.0,0.0,0.0,0.0,0.00032,0.0,0.0,0.07809,0.019780000000000002,0.03024,0.0,0.0,0.0,0.0523,0.0,0.18530000000000002
2025-05-10 23:30:00,Aurelia F204,0.0,0.0,0.0,0.0,0.0,0.0,0.00019,0.0,0.0,0.07764,0.019809999999999998,0.0035299999999999997,0.0,0.0,0.0,0.025589999999999998,0.0,0.18484
2025-05-10 23:35:00,Aurelia F204,0.0,0.0,0.0,0.0,0.0,0.0,0.00033,0.0,0.0,0.07809999999999999,0.01977,0.00011999999999999999,0.0,0.0,0.0,0.023399999999999997,0.0,0.1854
2025-05-10 23:40:00,Aurelia F204,0.0,0.0,0.0,0.0,0.0,0.0,0.0005,0.0,0.0,0.07787000000000001,0.019620000000000002,0.91423,0.0,0.0,0.0,0.9364600000000001,0.0,0.18527000000000002
2025-05-10 23:45:00,Aurelia F204,0.0,0.0,0.0,0.0,0.0,0.0,0.00039,0.0,0.0,0.0,0.01948,0.8986900000000001,0.0,0.0,0.0,0.92086,0.0,0.0149
2025-05-10 23:50:00,Aurelia F204,0.07389,0.0,0.0,0.0,0.0,0.0,0.07424,0.0,0.0,0.0,0.019719999999999998,0.8929900000000001,0.0,0.0,0.0,0.91527,0.0,0.01182
2025-05-10 23:55:00,Aurelia F204,0.08607,0.0,0.0,0.0,0.0,0.0,0.08642,0.0,0.0,0.0,0.01977,0.88939,0.0,0.0,0.0,0.91171,0.0,0.01112
2025-05-11 00:00:00,Aurelia F204,0.08478,0.0,0.0,0.0,0.0,0.0,0.08509,0.0,0.0,0.0,0.019710000000000002,0.8843,0.0,0.0,0.0,0.90658,0.0,0.011210000000000001
2025-05-11 00:05:00,Aurelia F204,0.08485,0.0,0.0,0.0,0.0,0.0,0.08517,0.0,0.0,0.0,0.019719999999999998,0.88617,0.0,0.0,0.0,0.9085,0.0,0.01116
2025-05-11 00:10:00,Aurelia F204,0.08342000000000001,0.0,0.0,0.0,0.0,0.0,0.08385,0.0,0.0,0.0,0.01973,0.7621,0.0,0.0,0.0,0.7843600000000001,0.0,0.01107
2025-05-11 00:15:00,Aurelia F204,0.08231000000000001,0.0,0.0,0.0,0.0,0.0,0.08263,0.0,0.0,0.0,0.019739999999999997,0.6795599999999999,0.0,0.0,0.0,0.70189,0.0,0.01141
2025-05-11 00:20:00,Aurelia F204,0.08303,0.0,0.0,0.0,0.0,0.0,0.08325,0.0,0.0,0.0,0.019710000000000002,0.75771,0.0,0.0,0.0,0.77991,0.0,0.01105
2025-05-11 00:25:00,Aurelia F204,0.08245999999999999,0.0,0.0,0.0,0.0,0.0,0.08292000000000001,0.0,0.0,0.0,0.019719999999999998,0.52078,0.0,0.0,0.0,0.54286,0.0,0.01143
2025-05-11 00:30:00,Aurelia F204,0.08211,0.0,0.0,0.0,0.0,0.0,0.08244,0.0,0.0,0.0,0.01989,0.46243,0.0,0.0,0.0,0.48482,0.0,0.01137
2025-05-11 00:35:00,Aurelia F204,0.08208,0.0,0.0,0.0,0.0,0.0,0.08239,0.0,0.0,0.0,0.01982,0.4713,0.0,0.0,0.0,0.49371,0.0,0.01106
2025-05-11 00:40:00,Aurelia F204,0.07411,0.0,0.0,0.0,0.0,0.0,0.07437,0.0,0.0,0.0,0.014060000000000001,0.47049,0.0,0.0,0.0,0.48684,0.0,0.011130000000000001
2025-05-11 00:45:00,Aurelia F204,0.07237,0.0,0.0,0.0,0.0,0.0,0.07261,0.0,0.0,0.0,0.01409,0.46963,0.0,0.0,0.0,0.48607,0.0,0.01134
2025-05-11 00:50:00,Aurelia F204,0.0,0.0,0.0,0.0,0.0,0.0,0.00035999999999999997,0.0,0.0,0.0,0.014060000000000001,0.47089,0.0,0.0,0.0,0.48745,0.0,0.011
2025-05-11 00:55:00,Aurelia F204,0.0,0.0,0.0,0.0,0.0,0.0,0.00014000000000000001,0.0,0.0,0.0,0.01409,0.47166,0.0,0.0,0.0,0.48821,0.0,0.01151
2025-05-11 01:00:00,Aurelia F204,0.0,0.0,0.0,0.0,0.0,0.0,0.00039,0.0,0.0,0.0,0.01418,0.47196,0.0,0.0,0.0,0.48857999999999996,0.0,0.01093
2025-05-11 01:05:00,Aurelia F204,0.0,0.0,0.0,0.0,0.0,0.0,0.0003,0.0,0.0,0.0,0.01416,0.46898,0.0,0.0,0.0,0.48575999999999997,0.0,0.01104
2025-05-11 01:10:00,Aurelia F204,0.0,0.0,0.0,0.0,0.0,0.0,0.0003,0.0,0.0,0.0,0.01414,0.46975,0.0,0.0,0.0,0.48657,0.0,0.011269999999999999
2025-05-11 01:15:00,Aurelia F204,0.0,0.0,0.0,0.0,0.0,0.0,0.00039,0.0,0.0,0.0,0.01416,0.46748,0.0,0.0,0.0,0.48402,0.0,0.01114
2025-05-11 01:20:00,Aurelia F204,0.0,0.0,0.0,0.0,0.0,0.0,0.00035,0.0,0.0,0.0,0.01383,0.4668,0.0,0.0,0.0,0.48331999999999997,0.0,0.01124
2025-05-11 01:25:00,Aurelia F204,0.0,0.0,0.0,0.0,0.0,0.0,0.00023,0.0,0.0,0.0,0.01385,0.46720999999999996,0.0,0.0,0.0,0.48357,0.0,0.01132
2025-05-11 01:30:00,Aurelia F204,0.0,0.0,0.0,0.0,0.0,0.0,0.00034,0.0,0.0,0.0,0.01385,0.46718,0.0,0.0,0.0,0.48352,0.0,0.01123
2025-05-11 01:35:00,Aurelia F204,0.0,0.0,0.0,0.0,0.0,0.0,0.0005,0.0,0.0,0.0,0.01384,0.46641000000000005,0.0,0.0,0.0,0.48294,0.0,0.01099
2025-05-11 01:40:00,Aurelia F204,0.13244999999999998,0.0,0.0,0.0,0.0,0.0,0.13269999999999998,0.0,0.0,0.0,0.014,0.00802,0.0,0.0,0.0,0.02445,0.0,0.01099
2025-05-11 01:45:00,Aurelia F204,0.13143000000000002,0.0,0.0,0.0,0.0,0.0,0.13179,0.0,0.0,0.0,0.0141,0.00801,0.0,0.0,0.0,0.02443,0.0,0.01098
2025-05-11 01:50:00,Aurelia F204,0.13136,0.0,0.0,0.0,0.0,0.0,0.13163999999999998,0.0,0.0,0.0,0.01409,0.03197,0.0,0.0,0.0,0.048409999999999995,0.0,0.01107
2025-05-11 01:55:00,Aurelia F204,0.13211,0.0,0.0,0.0,0.0,0.0,0.13248,0.0,0.0,0.0,0.01396,0.46876999999999996,0.0,0.0,0.0,0.48528,0.0,0.01107
2025-05-11 02:00:00,Aurelia F204,0.13279,0.0,0.0,0.0,0.0,0.0,0.13306,0.0,0.0,0.0,0.014,0.57913,0.0,0.0,0.0,0.59568,0.0,0.01132
2025-05-11 02:05:00,Aurelia F204,0.13208,0.0,0.0,0.0,0.0,0.0,0.13247,0.0,0.0,0.0,0.01409,0.22036,0.0,0.0,0.0,0.23689,0.0,0.011
2025-05-11 02:10:00,Aurelia F204,0.13281,0.0,0.0,0.0,0.0,0.0,0.13319999999999999,0.0,0.0,0.0,0.014,0.57087,0.0,0.0,0.0,0.58749,0.0,0.01143
2025-05-11 02:15:00,Aurelia F204,2e-05,0.0,0.0,0.0,0.0,0.0,0.00039,0.0,0.0,0.0,0.014199999999999999,0.00784,0.0,0.0,0.0,0.024489999999999998,0.0,0.011300000000000001
2025-05-11 02:20:00,Aurelia F204,0.0,0.0,0.0,0.0,0.0,0.0,0.00045,0.0,0.0,0.0,0.014119999999999999,0.49061,0.0,0.0,0.0,0.50726,0.0,0.0112
2025-05-11 02:25:00,Aurelia F204,0.045380000000000004,0.0,0.0,0.0,0.0,0.0,0.04572,0.0,0.0,0.0,0.01427,0.007980000000000001,0.0,0.0,0.0,0.024820000000000002,0.0,0.01098
2025-05-11 02:30:00,Aurelia F204,0.05407,0.0,0.0,0.0,0.0,0.0,0.05442,0.0,0.0,0.0,0.01419,0.46972,0.0,0.0,0.0,0.4865,0.0,0.011130000000000001
2025-05-11 02:35:00,Aurelia F204,0.05534,0.0,0.0,0.0,0.0,0.0,0.05565,0.0,0.0,0.0,0.01411,0.57559,0.0,0.0,0.0,0.59242,0.0,0.01098
2025-05-11 02:40:00,Aurelia F204,0.055049999999999995,0.0,0.0,0.0,0.0,0.0,0.055240000000000004,0.0,0.0,0.0,0.014199999999999999,0.15716999999999998,0.0,0.0,0.0,0.17389,0.0,0.011130000000000001
2025-05-11 02:45:00,Aurelia F204,0.054270000000000006,0.0,0.0,0.0,0.0,0.0,0.05432,0.0,0.0,0.0,0.014289999999999999,0.00809,0.0,0.0,0.0,0.024820000000000002,0.0,0.011
2025-05-11 02:50:00,Aurelia F204,0.05398,0.0,0.0,0.0,0.0,0.0,0.054340000000000006,0.0,0.0,0.0,0.01419,0.46354,0.0,0.0,0.0,0.48025,0.0,0.0112
2025-05-11 02:55:00,Aurelia F204,0.05317,0.0,0.0,0.0,0.0,0.0,0.05346,0.0,0.0,0.0,0.01434,0.03166,0.0,0.0,0.0,0.04838,0.0,0.01126
2025-05-11 03:00:00,Aurelia F204,0.052899999999999996,0.0,0.0,0.0,0.0,0.0,0.05317,0.0,0.0,0.0,0.01427,0.46262000000000003,0.0,0.0,0.0,0.47951,0.0,0.011009999999999999
2025-05-11 03:05:00,Aurelia F204,0.052899999999999996,0.0,0.0,0.0,0.0,0.0,0.053259999999999995,0.0,0.0,0.0,0.01419,0.55102,0.0,0.0,0.0,0.56775,0.0,0.01111
2025-05-11 03:10:00,Aurelia F204,0.05256,0.0,0.0,0.0,0.0,0.0,0.052840000000000005,0.0,0.0,0.0,0.01444,0.00796,0.0,0.0,0.0,0.02492,0.0,0.01114
2025-05-11 03:15:00,Aurelia F204,0.053149999999999996,0.0,0.0,0.0,0.0,0.0,0.05346,0.0,0.0,0.0,0.014289999999999999,0.46179000000000003,0.0,0.0,0.0,0.47854,0.0,0.011460000000000001
2025-05-11 03:20:00,Aurelia F204,0.052020000000000004,0.0,0.0,0.0,0.0,0.0,0.052399999999999995,0.0,0.0,0.0,0.01425,0.5764400000000001,0.0,0.0,0.0,0.59321,0.0,0.010960000000000001
2025-05-11 03:25:00,Aurelia F204,0.05193,0.0,0.0,0.0,0.0,0.0,0.05219,0.0,0.0,0.0,0.01423,0.47764999999999996,0.0,0.0,0.0,0.49452999999999997,0.0,0.01092
2025-05-11 03:30:00,Aurelia F204,0.05189,0.0,0.0,0.0,0.0,0.0,0.05225,0.0,0.0,0.0,0.01425,0.48299000000000003,0.0,0.0,0.0,0.49973,0.0,0.01106
2025-05-11 03:35:00,Aurelia F204,0.05206,0.0,0.0,0.0,0.0,0.0,0.05219,0.0,0.0,0.0,0.01426,0.47317000000000004,0.0,0.0,0.0,0.48999000000000004,0.0,0.01105
2025-05-11 03:40:00,Aurelia F204,0.05123,0.0,0.0,0.0,0.0,0.0,0.05151,0.0,0.0,0.0,0.01445,0.03265,0.0,0.0,0.0,0.04961,0.0,0.01106
2025-05-11 03:45:00,Aurelia F204,0.05094,0.0,0.0,0.0,0.0,0.0,0.05127,0.0,0.0,0.0,0.01439,0.48278,0.0,0.0,0.0,0.49979,0.0,0.01105
2025-05-11 03:50:00,Aurelia F204,0.05106,0.0,0.0,0.0,0.0,0.0,0.05133,0.0,0.0,0.0,0.01456,0.02437,0.0,0.0,0.0,0.0414,0.0,0.01103
2025-05-11 03:55:00,Aurelia F204,0.05106,0.0,0.0,0.0,0.0,0.0,0.05138,0.0,0.0,0.0,0.01436,0.46936,0.0,0.0,0.0,0.48633,0.0,0.01103
2025-05-11 04:00:00,Aurelia F204,0.05049,0.0,0.0,0.0,0.0,0.0,0.0508,0.0,0.0,0.0,0.0146,0.007980000000000001,0.0,0.0,0.0,0.02499,0.0,0.011009999999999999
2025-05-11 04:05:00,Aurelia F204,0.05056,0.0,0.0,0.0,0.0,0.0,0.05089,0.0,0.0,0.0,0.01445,0.46023000000000003,0.0,0.0,0.0,0.47726,0.0,0.011
2025-05-11 04:10:00,Aurelia F204,0.05051,0.0,0.0,0.0,0.0,0.0,0.05078,0.0,0.0,0.0,0.01444,0.5525800000000001,0.0,0.0,0.0,0.5696,0.0,0.011359999999999999
2025-05-11 04:15:00,Aurelia F204,0.05036,0.0,0.0,0.0,0.0,0.0,0.05068,0.0,0.0,0.0,0.01443,0.00801,0.0,0.0,0.0,0.02479,0.0,0.01093
2025-05-11 04:20:00,Aurelia F204,0.05007,0.0,0.0,0.0,0.0,0.0,0.05037,0.0,0.0,0.0,0.014289999999999999,0.46026999999999996,0.0,0.0,0.0,0.47712,0.0,0.011210000000000001
2025-05-11 04:25:00,Aurelia F204,0.05012,0.0,0.0,0.0,0.0,0.0,0.05046,0.0,0.0,0.0,0.01423,0.50835,0.0,0.0,0.0,0.52526,0.0,0.01117
2025-05-11 04:30:00,Aurelia F204,0.04944,0.0,0.0,0.0,0.0,0.0,0.04988,0.0,0.0,0.0,0.01426,0.47422000000000003,0.0,0.0,0.0,0.49101999999999996,0.0,0.0114
2025-05-11 04:35:00,Aurelia F204,0.05003,0.0,0.0,0.0,0.0,0.0,0.050320000000000004,0.0,0.0,0.0,0.01427,0.39250999999999997,0.0,0.0,0.0,0.40929000000000004,0.0,0.0111
2025-05-11 04:40:00,Aurelia F204,0.04934,0.0,0.0,0.0,0.0,0.0,0.04959,0.0,0.0,0.0,0.01425,0.45898,0.0,0.0,0.0,0.47578,0.0,0.011
2025-05-11 04:45:00,Aurelia F204,0.04939,0.0,0.0,0.0,0.0,0.0,0.04978,0.0,0.0,0.0,0.01442,0.00795,0.0,0.0,0.0,0.024730000000000002,0.0,0.01104
2025-05-11 04:50:00,Aurelia F204,0.048979999999999996,0.0,0.0,0.0,0.0,0.0,0.04934,0.0,0.0,0.0,0.01416,0.45837,0.0,0.0,0.0,0.47517000000000004,0.0,0.01103
2025-05-11 04:55:00,Aurelia F204,0.09484000000000001,0.0,0.0,0.0,0.0,0.0,0.09506,0.0,0.0,0.0,0.0144,0.007980000000000001,0.0,0.0,0.0,0.02477,0.0,0.01091
2025-05-11 05:00:00,Aurelia F204,0.09318000000000001,0.0,0.0,0.0,0.0,0.0,0.09340999999999999,0.0,0.0,0.0,0.01433,0.00792,0.0,0.0,0.0,0.02468,0.0,0.01109
2025-05-11 05:05:00,Aurelia F204,0.09204000000000001,0.0,0.0,0.0,0.0,0.0,0.09234999999999999,0.0,0.0,0.0,0.01414,0.45847000000000004,0.0,0.0,0.0,0.4752,0.0,0.01116
2025-05-11 05:10:00,Aurelia F204,0.09253,0.0,0.0,0.0,0.0,0.0,0.09284,0.0,0.0,0.0,0.014070000000000001,0.60104,0.0,0.0,0.0,0.61776,0.0,0.01126
2025-05-11 05:15:00,Aurelia F204,0.09198999999999999,0.0,0.0,0.0,0.0,0.0,0.09225,0.0,0.0,0.0,0.01433,0.00808,0.0,0.0,0.0,0.02468,0.0,0.0111
2025-05-11 05:20:00,Aurelia F204,0.08413,0.0,0.0,0.0,0.0,0.0,0.08442,0.0,0.0,0.0,0.01442,0.03195,0.0,0.0,0.0,0.04883,0.0,0.011179999999999999
2025-05-11 05:25:00,Aurelia F204,0.08306999999999999,0.0,0.0,0.0,0.0,0.0,0.08331000000000001,0.0,0.0,0.0,0.01419,0.46586,0.0,0.008919999999999999,0.0,0.49144,0.0,0.01103
2025-05-11 05:30:00,Aurelia F204,0.08078,0.0,0.0,0.0,0.0,0.0,0.08108,0.0,0.0,0.0,0.014240000000000001,0.46393,0.0,0.00884,0.0,0.48969,0.0,0.01143
2025-05-11 05:35:00,Aurelia F204,0.08123999999999999,0.0,0.0,0.0,0.0,0.0,0.0815,0.0,0.0,0.0,0.01426,0.34676,0.0,0.0,0.0,0.3635,0.0,0.01133
2025-05-11 05:40:00,Aurelia F204,0.08019,0.0,0.0,0.0,0.0,0.0,0.08058,0.0,0.0,0.0,0.01422,0.5435800000000001,0.0,0.0,0.0,0.56033,0.0,0.01112
2025-05-11 05:45:00,Aurelia F204,0.0,0.0,0.0,0.0,0.0,0.0,0.00037,0.0,0.0,0.0,0.01414,0.46013,0.0,0.0,0.0,0.47675,0.0,0.01111
2025-05-11 05:50:00,Aurelia F204,0.0,0.0,0.0,0.0,0.0,0.0,0.0005899999999999999,0.0,0.0,0.0,0.01425,0.00788,0.0,0.0,0.0,0.02468,0.0,0.011
2025-05-11 05:55:00,Aurelia F204,0.0,0.0,0.0,0.0,0.0,0.0,0.00035,0.0,0.0,0.0,0.0141,0.47028,0.0,0.0,0.0,0.4869,0.0,0.01145
2025-05-11 06:00:00,Aurelia F204,0.0,0.0,0.0,0.0,0.0,0.0,0.00037,0.0,0.0,0.0,0.01439,0.008,0.0,0.0,0.0,0.02488,0.0,0.01105
2025-05-11 06:05:00,Aurelia F204,0.0,0.0,0.0,0.0,0.0,0.0,0.00016,0.0,0.0,0.0,0.014369999999999999,0.007940000000000001,0.0,0.0,0.0,0.0247,0.0,0.01098
2025-05-11 06:10:00,Aurelia F204,0.0,0.0,0.0,0.0,0.0,0.0,0.00035,0.0,0.0,0.0,0.03536,0.00561,0.0,0.0,0.0,0.04305,0.0,0.01129
2025-05-11 06:15:00,Aurelia F204,0.0,0.0,0.0,0.0,0.0,0.0,0.0003,0.0,0.0,0.0,0.03495,0.00352,0.0,0.0,0.0,0.04044,0.0,0.01111
2025-05-11 06:20:00,Aurelia F204,0.049409999999999996,0.0,0.0,0.0,0.0,0.0,0.049710000000000004,0.0,0.0,0.0,0.03458,5.9999999999999995e-05,0.0,0.0,0.0,0.03818,0.0,0.01112
2025-05-11 06:25:00,Aurelia F204,0.04783,0.0,0.0,0.0,0.0,0.0,0.04821,0.0,0.0,0.0,0.03445,8e-05,0.0,0.0,0.0,0.038,0.0,0.011359999999999999
2025-05-11 06:30:00,Aurelia F204,0.04809,0.0,0.0,0.0,0.0,0.0,0.048310000000000006,0.0,0.0,0.0,0.03446,0.0,0.0,0.0,0.0,0.0361,0.0,0.01112
2025-05-11 06:35:00,Aurelia F204,0.04732,0.0,0.0,0.0,0.0,0.0,0.04765,0.0,0.0,0.0,0.03418,0.0,0.0,0.0,0.0,0.035840000000000004,0.0,0.01093
2025-05-11 06:40:00,Aurelia F204,0.04786,0.0,0.0,0.0,0.0,0.0,0.04821,0.0,0.0,0.0,0.03426,0.0,0.0,0.0,0.0,0.035840000000000004,0.0,0.01099
2025-05-11 06:45:00,Aurelia F204,0.04746,0.0,0.0,0.0,0.0,0.0,0.04778,0.0,0.0,0.0,0.03419,0.0,0.0,0.0,0.0,0.03587,0.0,0.01112
2025-05-11 06:50:00,Aurelia F204,0.04728,0.0,0.0,0.0,0.0,0.0,0.047630000000000006,0.0,0.0,0.0,0.03433,0.0,0.0,0.0,0.0,0.03599,0.0,0.0111
2025-05-11 06:55:00,Aurelia F204,0.047799999999999995,0.0,0.0,0.0,0.0,0.0,0.04803,0.0,0.0,0.0,0.03458,0.0,0.0,0.0,0.0,0.03612,0.0,0.01094
2025-05-11 07:00:00,Aurelia F204,0.04734,0.0,0.0,0.0,0.0,0.0,0.047630000000000006,0.0,0.0,0.0,0.034390000000000004,0.0,0.0,0.0,0.0,0.03596,0.0,0.011
2025-05-11 07:05:00,Aurelia F204,0.047369999999999995,0.0,0.0,0.0,0.0,0.0,0.047689999999999996,0.0,0.0,0.0,0.03397,0.0,0.0,0.0,0.0,0.03566,0.0,0.01105
2025-05-11 07:10:00,Aurelia F204,0.04711,0.0,0.0,0.0,0.0,0.0,0.047409999999999994,0.0,0.0,0.0,0.03368,0.0,0.0,0.0,0.0,0.03525,0.0,0.01094
2025-05-11 07:15:00,Aurelia F204,0.04732,0.0,0.0,0.0,0.0,0.0,0.047479999999999994,0.0,0.0,0.0,0.03382,0.0,0.0,0.0,0.0,0.03549,0.0,0.01097
2025-05-11 07:20:00,Aurelia F204,0.04722,0.0,0.0,0.0,0.0,0.0,0.04751,0.0,0.0,0.0,0.03418,0.0,0.0,0.0,0.0,0.03583,0.0,0.01091
2025-05-11 07:25:00,Aurelia F204,0.04728,0.0,0.0,0.0,0.0,0.0,0.047549999999999995,0.0,0.0,0.0,0.03402,0.0,0.0,0.0,0.0,0.03556,0.0,0.01104
2025-05-11 07:30:00,Aurelia F204,0.04746,0.0,0.0,0.0,0.0,0.0,0.04775,0.0,0.0,0.0,0.03425,0.0,0.0,0.0,0.0,0.0359,0.0,0.01104
2025-05-11 07:35:00,Aurelia F204,0.04729,0.0,0.0,0.0,0.0,0.0,0.047490000000000004,0.0,0.0,0.0,0.0342,0.0,0.0,0.0,0.0,0.035840000000000004,0.0,0.01093
2025-05-11 07:40:00,Aurelia F204,0.047,0.0,0.0,0.0,0.0,0.0,0.047380000000000005,0.0,0.0,0.0,0.03433,0.0,0.0,0.0,0.0,0.03596,0.0,0.01126
2025-05-11 07:45:00,Aurelia F204,0.04703,0.0,0.0,0.0,0.0,0.0,0.04729,0.0,0.0,0.0,0.03432,0.0,0.0,0.0,0.0,0.03599,0.0,0.01109
2025-05-11 07:50:00,Aurelia F204,0.04333,0.0,0.0,0.0,0.0,0.0,0.0436,0.0,0.0,0.0,0.03467,0.0,0.0,0.0,0.0,0.03626,0.0,0.01098
2025-05-11 07:55:00,Aurelia F204,0.04227,0.0,0.0,0.0,0.0,0.0,0.0425,0.0,0.0,0.0,0.03497,0.0,0.0,0.0,0.0,0.036520000000000004,0.0,0.01112
2025-05-11 08:00:00,Aurelia F204,0.04162,0.0,0.0,0.0,0.0,0.0,0.041909999999999996,0.0,0.0,0.0,0.03472,0.0,0.0,0.0,0.0,0.036340000000000004,0.0,0.01104
2025-05-11 08:05:00,Aurelia F204,0.04142,0.0,0.0,0.0,0.0,0.0,0.04176,0.0,0.0,0.0,0.03458,0.0,0.0,0.0,0.0,0.036340000000000004,0.0,0.011
2025-05-11 08:10:00,Aurelia F204,0.04114,0.0,0.0,0.0,0.0,0.0,0.04145,0.0,0.0,0.0,0.0347,0.0,0.0,0.0,0.0,0.036359999999999996,0.0,0.011300000000000001
2025-05-11 08:15:00,Aurelia F204,0.04084,0.0,0.0,0.0,0.0,0.0,0.0412,0.0,0.0,0.0,0.03425,0.0,0.0,0.0,0.0,0.03591,0.0,0.01107
2025-05-11 08:20:00,Aurelia F204,0.04094,0.0,0.0,0.0,0.0,0.0,0.041210000000000004,0.0,0.0,0.0,0.03411,0.0,0.0,0.0,0.0,0.03576,0.0,0.01091
2025-05-11 08:25:00,Aurelia F204,0.040670000000000005,0.0,0.0,0.0,0.0,0.0,0.04108,0.0,0.0,0.0,0.03407,0.0,0.0,0.0,0.0,0.03573,0.0,0.01092
2025-05-11 08:30:00,Aurelia F204,0.04043,0.0,0.0,0.0,0.0,0.0,0.04056,0.0,0.0,0.0,0.05729,0.0,0.0,0.0089,0.0,0.06706000000000001,0.0,0.011460000000000001
2025-05-11 08:35:00,Aurelia F204,0.04019,0.0,0.0,0.0,0.0,0.0,0.040549999999999996,0.0,0.0,0.0,0.05631,0.0,0.0,0.00881,0.0,0.06622,0.0,0.01103
2025-05-11 08:40:00,Aurelia F204,0.04859,0.0,0.0,0.0,0.00852,0.0,0.04021,0.0,0.0,0.0,0.052969999999999996,0.0,0.0,0.00875,0.0,0.06316,0.0,0.01111
2025-05-11 08:45:00,Aurelia F204,0.0,0.0,0.0,0.0,0.0,0.0,0.00025,0.0,0.0,0.0,0.04985,0.0,0.0,0.0,0.0,0.05144,0.00592,0.02072
2025-05-11 08:50:00,Aurelia F204,0.0,0.0,0.0,0.0,0.0,0.0,0.00032,0.0,0.0,0.0,0.06672,0.0,0.0,0.0335,0.0,0.10173,0.0,0.01586
2025-05-11 08:55:00,Aurelia F204,0.02961,0.0,0.0,0.0,0.0,0.0,0.00041999999999999996,0.028579999999999998,0.0,0.0,0.07611,0.0,0.0,0.0,0.0,0.07764,0.0,0.0158
2025-05-11 09:00:00,Aurelia F204,0.0294,0.0,0.0,0.0,0.0,0.0,0.0004,0.02838,0.0,0.0,0.02867,0.0,0.0,0.0,0.0,0.03027,0.0058,0.02056
2025-05-11 09:05:00,Aurelia F204,0.02929,0.0,0.0,0.0,0.0,0.0,0.00041,0.02825,0.0,0.0,0.01084,0.0,0.0,0.0,0.0,0.01246,0.0,0.01738
2025-05-11 09:10:00,Aurelia F204,0.02927,0.0,0.0,0.0,0.0,0.0,0.00026000000000000003,0.02819,0.0,0.06462000000000001,0.01075,0.0,0.0,0.0,0.0,0.012320000000000001,0.0,0.21037999999999998
2025-05-11 09:15:00,Aurelia F204,0.02927,0.0,0.0,0.0,0.0,0.0,0.0004,0.028140000000000002,0.0,0.06315,0.01065,0.0,0.0,0.0,0.0,0.01231,0.21396,0.41914999999999997
2025-05-11 09:20:00,Aurelia F204,0.04836,0.0,0.0,0.0,0.0,0.0,0.04877,0.0,0.0,0.061770000000000005,0.01058,0.0,0.0,0.0,0.0,0.01226,0.09143000000000001,0.2917
2025-05-11 09:25:00,Aurelia F204,0.09622,0.0,0.0,0.0,0.0,0.0,0.09652,0.0,0.0,0.061509999999999995,0.01055,0.0,0.0,0.0,0.0,0.01226,0.1456,0.33582
2025-05-11 09:30:00,Aurelia F204,0.08965999999999999,0.0,0.0,0.0,0.0,0.0,0.08995,0.0,0.0,0.061009999999999995,0.010539999999999999,0.0,0.0,0.00887,0.0,0.02111,0.00546,0.18305000000000002
2025-05-11 09:35:00,Aurelia F204,0.0884,0.0,0.0,0.0,0.0,0.0,0.08866,0.0,0.0,0.060289999999999996,0.010539999999999999,0.0,0.0,0.0,0.0,0.01225,0.21284,0.38779
2025-05-11 09:40:00,Aurelia F204,0.08708,0.0,0.0,0.0,0.0,0.0,0.08724,0.0,0.0,0.05975,0.01058,0.0,0.0,0.0,0.0,0.01225,0.00578,0.17901
2025-05-11 09:45:00,Aurelia F204,0.09031,0.0,0.0,0.0,0.0,0.0,0.0905,0.0,0.0,0.05975,0.01051,0.0,0.0,0.0,0.0,0.012199999999999999,0.0686,0.24256999999999998
2025-05-11 09:50:00,Aurelia F204,0.08764,0.0,0.0,0.0,0.0,0.0,0.08784,0.0,0.0,0.059359999999999996,0.01048,0.0,0.0,0.0,0.0,0.01231,0.21243,0.38412999999999997
2025-05-11 09:55:00,Aurelia F204,0.08660999999999999,0.0,0.0,0.0,0.0,0.0,0.08687,0.0,0.0,0.05908,0.01052,0.0,0.0,0.0,0.0,0.01219,0.20199,0.36197
2025-05-11 10:00:00,Aurelia F204,0.08564,0.0,0.0,0.0,0.0,0.0,0.08591,0.0,0.0,0.05935,0.01061,0.0,0.0,0.0,0.0,0.01222,0.0058,0.16912
2025-05-11 10:05:00,Aurelia F204,0.11445999999999999,0.0,0.0,0.0,0.0,0.0,0.08656,0.02851,0.0,0.05875,0.01062,0.0,0.0,0.0,0.0,0.01217,0.22552,0.39591000000000004
2025-05-11 10:10:00,Aurelia F204,0.09425,0.0,0.0,0.0,0.0,0.0,0.06636,0.02835,0.0,0.05891,0.01063,0.0,0.0,0.0,0.0,0.01222,0.17357,0.3336
2025-05-11 10:15:00,Aurelia F204,0.12188,0.0,0.0,0.0,0.0,0.0,0.09417,0.02823,0.0,0.05851,0.01065,0.0,0.0,0.0,0.0,0.012199999999999999,0.22130000000000002,0.38402
2025-05-11 10:20:00,Aurelia F204,0.1565,0.0,0.0,0.0,0.0,0.0,0.09403,0.063,0.0,0.05852,0.01057,0.0,0.0,0.0,0.0,0.01217,0.00537,0.1767
2025-05-11 10:25:00,Aurelia F204,0.11887,0.0,0.0,0.0,0.0,0.0,0.092,0.0282,0.0,0.057909999999999996,0.0107,0.0,0.0,0.0,0.0,0.01222,0.00519,0.17328
2025-05-11 10:30:00,Aurelia F204,0.11886,0.0,0.0,0.0,0.0,0.0,0.09112999999999999,0.02819,0.0,0.05817,0.01059,0.0,0.0,0.0,0.0,0.01219,0.01357,0.1822
2025-05-11 10:35:00,Aurelia F204,0.15902000000000002,0.0,0.0,0.0,0.0,0.0,0.08734,0.07205,0.0,0.05795,0.01064,0.0,0.0,0.0,0.0,0.01226,0.00538,0.16812
2025-05-11 10:40:00,Aurelia F204,0.1184,0.0,0.0,0.0,0.0,0.0,0.09062,0.0282,0.0,0.07424,0.01065,0.0,0.0,0.0,0.0,0.01222,0.19988,0.39485000000000003
2025-05-11 10:45:00,Aurelia F204,0.11589,0.0,0.0,0.0,0.0,0.0,0.08824,0.02818,0.0,0.07307999999999999,0.01069,0.0,0.0,0.0,0.0,0.01219,0.0057,0.19363
2025-05-11 10:50:00,Aurelia F204,0.1152,0.0,0.0,0.0,0.0,0.0,0.08754,0.02813,0.0,0.07406,0.01062,0.0,0.0,0.0,0.0,0.01213,0.00106,0.1899
2025-05-11 10:55:00,Aurelia F204,0.11536,0.0,0.0,0.0,0.0,0.0,0.08768000000000001,0.028140000000000002,0.0,0.07342,0.01064,0.0,0.0,0.0,0.0,0.012150000000000001,0.21034999999999998,0.4041
2025-05-11 11:00:00,Aurelia F204,0.15877000000000002,0.0,0.0,0.0,0.0,0.0,0.08653,0.07266,0.0,0.07397,0.01063,0.0,0.0,0.0,0.0,0.01222,0.005719999999999999,0.21572
2025-05-11 11:05:00,Aurelia F204,0.10283,0.0,0.0,0.0,0.0,0.0,0.0752,0.02809,0.0,0.0735,0.01063,0.0,0.0,0.0,0.0,0.01213,0.0,0.2085
2025-05-11 11:10:00,Aurelia F204,0.12061,0.0,0.0,0.0,0.0,0.0,0.09294,0.02816,0.0,0.07381,0.01057,0.0,0.0,0.0,0.0,0.01219,0.00501,0.21246
2025-05-11 11:15:00,Aurelia F204,0.12054999999999999,0.0,0.0,0.0,0.0,0.0,0.09259,0.028140000000000002,0.0,0.07302,0.01061,0.0,0.0,0.0,0.0,0.012150000000000001,0.19682,0.41387
2025-05-11 11:20:00,Aurelia F204,0.15519999999999998,0.0,0.0,0.0,0.0,0.0,0.12757,0.028140000000000002,0.0,0.07288,0.01066,0.0,0.0,0.0,0.0,0.01219,0.0,0.21550999999999998
2025-05-11 11:25:00,Aurelia F204,0.15405000000000002,0.0,0.0,0.0,0.0,0.0,0.12638,0.02811,0.0,0.0731,0.04582,0.0,0.0,0.0,0.0,0.046990000000000004,0.0,0.16588
2025-05-11 11:30:00,Aurelia F204,0.15303999999999998,0.0,0.0,0.0,0.0,0.0,0.12533,0.0281,0.0,0.07248,0.04532,0.0,0.0,0.0,0.0,0.04646,0.0,0.16119
2025-05-11 11:35:00,Aurelia F204,0.15378999999999998,0.0,0.0,0.0,0.0,0.0,0.12611,0.02813,0.0,0.0712,0.044969999999999996,0.0,0.0,0.0,0.0,0.04607,0.0,0.15956
2025-05-11 11:40:00,Aurelia F204,0.15364,0.0,0.0,0.0,0.0,0.0,0.12592,0.028210000000000002,0.0,0.07235,0.04489,0.0,0.0,0.0,0.0,0.04592,0.0,0.16069
2025-05-11 11:45:00,Aurelia F204,0.15408000000000002,0.0,0.0,0.0,0.0,0.0,0.12641,0.02811,0.0,0.02199,0.04476,0.0,0.0,0.0,0.0,0.04593,0.0,0.03739
2025-05-11 11:50:00,Aurelia F204,1.2288000000000001,0.0,0.0,0.0,0.0,0.0,1.0074,0.22456,0.0,0.17308,0.08492,0.0,0.0,0.0,0.0,0.09772,0.0,0.2942
2025-05-11 11:55:00,Aurelia F204,0.02929,0.0,0.0,0.0,0.0,0.0,0.00046,0.02811,0.0,0.02145,0.0175,0.0,0.0,0.0,0.0,0.01899,0.0,0.03909000000000001
2025-05-11 12:00:00,Aurelia F204,0.08189,0.0,0.0,0.0,0.00833,0.0,0.00047,0.07229000000000001,0.0,0.08231000000000001,0.051770000000000004,0.0,0.0,0.0,0.0,0.05305,0.0,0.17386000000000001
2025-05-11 12:05:00,Aurelia F204,0.11931,0.0,0.030690000000000002,0.0,0.00827,0.0,0.03947,0.07174,0.0,0.08103,0.05152,0.0,0.0,0.0,0.0,0.05279,0.0,0.20063
2025-05-11 12:10:00,Aurelia F204,0.08336,0.0,0.0,0.0,0.0,0.0,0.05558,0.02825,0.0,0.0,0.039990000000000005,0.0,0.0,0.0,0.0,0.04144,0.0,0.014070000000000001
2025-05-11 12:15:00,Aurelia F204,0.0864,0.0,0.0,0.0,0.0,0.0,0.05876,0.028140000000000002,0.0,0.0,0.03982,0.0,0.0,0.0,0.0,0.0412,0.0,0.03098
2025-05-11 12:20:00,Aurelia F204,0.08286,0.0,0.0,0.0,0.0,0.0,0.055200000000000006,0.028140000000000002,0.0,0.0,0.03979,0.0,0.0,0.0,0.0,0.04124,0.0,0.0145
2025-05-11 12:25:00,Aurelia F204,0.15180000000000002,0.0,0.0,0.0,0.0,0.0,0.08956,0.06265,0.0,0.0,0.039920000000000004,0.0,0.0,0.00881,0.0,0.049710000000000004,0.0,0.0296
2025-05-11 12:30:00,Aurelia F204,0.13848,0.0,0.0,0.0,0.0,0.0,0.11081,0.02813,0.0,0.0,0.04033,0.0,0.0,0.00869,0.0,0.050159999999999996,0.0,0.0289
2025-05-11 12:35:00,Aurelia F204,0.13433,0.0,0.0,0.0,0.0,0.0,0.10667,0.028140000000000002,0.0,0.016829999999999998,0.0707,0.0,0.0,0.00877,0.0,0.08034000000000001,0.0,0.046049999999999994
2025-05-11 12:40:00,Aurelia F204,0.13204,0.0,0.0,0.0,0.0,0.0,0.10429000000000001,0.02813,1.5775299999999999,0.01679,0.1093,0.0,0.0,0.0,0.0,0.11078,0.0,1.71906
2025-05-11 12:45:00,Aurelia F204,0.1016,0.0,0.0,0.0,0.0,0.0,0.1018,0.0,1.41748,0.01691,0.0,0.0,0.0,0.0,0.0,0.0,0.0,1.54278
2025-05-11 12:50:00,Aurelia F204,0.09983,0.0,0.0,0.0,0.0,0.0,0.10025,0.0,1.2843699999999998,0.01685,-1e-05,0.0,0.0,0.0,0.0,0.0,0.0,1.41818
2025-05-11 12:55:00,Aurelia F204,0.09820000000000001,0.0,0.0,0.0,0.0,0.0,0.09833,0.0,0.98234,0.01691,-5e-05,0.0,0.0,0.0,0.0,0.0,0.0,1.1231300000000002
2025-05-11 13:00:00,Aurelia F204,0.097,0.0,0.0,0.0,0.0,0.0,0.0973,0.0,0.7945,0.01684,0.0,0.0,0.0,0.0,0.0,0.0,0.0,0.92522
2025-05-11 13:05:00,Aurelia F204,0.09792000000000001,0.0,0.0,0.0,0.0,0.0,0.09815,0.0,0.88597,0.01684,-2e-05,0.0,0.0,0.0,0.0,0.0,0.0,1.01543
2025-05-11 13:10:00,Aurelia F204,0.09487999999999999,0.0,0.0,0.0,0.0,0.0,0.09508,0.0,1.08464,0.01679,-1e-05,0.0,0.0,0.0,0.0,0.0,0.0,1.21326
2025-05-11 13:15:00,Aurelia F204,0.09917000000000001,0.0,0.0,0.0,0.0,0.0,0.09931,0.0,1.28675,0.0,-1e-05,0.0,0.0,0.0,0.0,0.0,0.0,1.39321
2025-05-11 13:20:00,Aurelia F204,0.09478,0.0,0.0,0.0,0.0,0.0,0.09495,0.0,1.47834,0.0,0.0,0.0,0.0,0.0,0.0,0.0,0.0,1.5844500000000001
2025-05-11 13:25:00,Aurelia F204,0.09301999999999999,0.0,0.0,0.0,0.0,0.0,0.09323999999999999,0.0,0.1207,0.0536,-1e-05,0.0,0.0,0.0,0.0,0.0,0.0,0.28085000000000004
2025-05-11 13:30:00,Aurelia F204,0.09451000000000001,0.0,0.0,0.0,0.0,0.0,0.09481,0.0,0.0,0.07812999999999999,0.01423,0.015189999999999999,0.0,0.0,0.0,0.03172,0.0,0.12261
2025-05-11 13:35:00,Aurelia F204,0.09444,0.0,0.0,0.0,0.0,0.0,0.09470999999999999,0.0,0.0,0.07742,0.01391,0.69885,0.0,0.0,0.0,0.71539,0.0,0.11982999999999999
2025-05-11 13:40:00,Aurelia F204,0.09201000000000001,0.0,0.0,0.0,0.0,0.0,0.0925,0.0,0.0,0.07633,0.013789999999999998,0.8276399999999999,0.0,0.0,0.0,0.8439099999999999,0.0,0.11894
2025-05-11 13:45:00,Aurelia F204,0.09233,0.0,0.0,0.0,0.0,0.0,0.09265999999999999,0.0,0.0,0.07619,0.01375,0.6538099999999999,0.0,0.0,0.0,0.66943,0.0,0.11886
2025-05-11 13:50:00,Aurelia F204,0.09131,0.0,0.0,0.0,0.0,0.0,0.09154000000000001,0.0,0.0,0.07612999999999999,0.014039999999999999,0.00387,0.0,0.0,0.0,0.02014,0.0,0.1211
2025-05-11 13:55:00,Aurelia F204,0.09003,0.0,0.0,0.0,0.0,0.0,0.09029000000000001,0.0,0.0,0.07596,0.013949999999999999,0.0034300000000000003,0.0,0.0,0.0,0.01979,0.0,0.115
2025-05-11 14:00:00,Aurelia F204,0.08878,0.0,0.0,0.0,0.0,0.0,0.08898,0.0,0.0,0.07626999999999999,0.01384,0.64106,0.0,0.0,0.0,0.6574500000000001,0.0,0.12036
2025-05-11 14:05:00,Aurelia F204,0.08987,0.0,0.0,0.0,0.0,0.0,0.09015999999999999,0.0,0.0,0.07533,0.013560000000000001,0.64915,0.0,0.0,0.0,0.66528,0.0,0.12022
2025-05-11 14:10:00,Aurelia F204,0.08993999999999999,0.0,0.0,0.0,0.0,0.0,0.0902,0.0,0.0,0.07482,0.013720000000000001,0.00383,0.0,0.0,0.0,0.01998,0.0,0.12015
2025-05-11 14:15:00,Aurelia F204,0.08914,0.0,0.0,0.0,0.0,0.0,0.08938,0.0,0.0,0.07423,0.013640000000000001,0.0034100000000000003,0.0,0.0,0.0,0.019309999999999997,0.0,0.11831
2025-05-11 14:20:00,Aurelia F204,0.08834,0.0,0.0,0.0,0.0,0.0,0.08866,0.0,0.0,0.07379999999999999,0.013630000000000001,0.0,0.0,0.0,0.0,0.01718,0.0,0.11806
2025-05-11 14:25:00,Aurelia F204,0.08854000000000001,0.0,0.0,0.0,0.0,0.0,0.08843000000000001,0.0,0.0,0.07328,0.01357,4e-05,0.0,0.0,0.0,0.01705,0.0,0.118
2025-05-11 14:30:00,Aurelia F204,0.08843999999999999,0.0,0.0,0.0,0.0,0.0,0.08875,0.0,0.0,0.07342,0.03288,4e-05,0.0,0.0,0.0,0.03631,0.0,0.11764
2025-05-11 14:35:00,Aurelia F204,0.09387000000000001,0.0,0.0,0.0,0.0,0.0,0.09411,0.0,0.0,0.07386,0.032780000000000004,4e-05,0.0,0.0,0.0,0.03624,0.0,0.11797
2025-05-11 14:40:00,Aurelia F204,0.0927,0.0,0.0,0.0,0.0,0.0,0.09294,0.0,0.0,0.07343000000000001,0.03251,2e-05,0.0,0.0,0.0,0.03603,0.0,0.11817
2025-05-11 14:45:00,Aurelia F204,0.09294,0.0,0.0,0.0,0.0,0.0,0.09309999999999999,0.0,0.0,0.07393999999999999,0.03269,4e-05,0.0,0.0,0.0,0.03621,0.0,0.11843000000000001
2025-05-11 14:50:00,Aurelia F204,0.09037,0.0,0.0,0.0,0.0,0.0,0.09065000000000001,0.0,0.0,0.0,0.031920000000000004,0.62537,0.0,0.0,0.0,0.65955,0.0,0.010960000000000001
2025-05-11 14:55:00,Aurelia F204,0.08285,0.0,0.0,0.0,0.0,0.0,0.08311,0.0,0.0,0.0,0.03181,0.65858,0.0,0.0,0.0,0.69277,0.0,0.01083
2025-05-11 15:00:00,Aurelia F204,0.08116,0.0,0.0,0.0,0.0,0.0,0.08141,0.0,0.0,0.0,0.01309,0.6539400000000001,0.0,0.008919999999999999,0.0,0.6785,0.0,0.010960000000000001
2025-05-11 15:05:00,Aurelia F204,0.08089,0.0,0.0,0.0,0.0,0.0,0.08123000000000001,0.0,0.0,0.0,0.03245,0.00382,0.0,0.0,0.0,0.038369999999999994,0.0,0.01091
2025-05-11 15:10:00,Aurelia F204,0.07979,0.0,0.0,0.0,0.0,0.0,0.07998000000000001,0.0,0.0,0.0,0.03228,0.00013000000000000002,0.0,0.0,0.0,0.03587,0.0,0.01107
2025-05-11 15:15:00,Aurelia F204,0.08063,0.0,0.0,0.0,0.0,0.0,0.08073999999999999,0.0,0.0,0.0,0.03226,5e-05,0.0,0.0,0.0,0.0357,0.0,0.01103
2025-05-11 15:20:00,Aurelia F204,0.0,0.0,0.0,0.0,0.0,0.0,0.00046,0.0,0.0,0.0,0.03185,1e-05,0.0,0.0,0.0,0.03518,0.0,0.01105
2025-05-11 15:25:00,Aurelia F204,5e-05,0.0,0.0,0.0,0.0,0.0,0.00025,0.0,0.0,0.0,0.03202,0.0,0.0,0.0,0.0,0.03539,0.0,0.0108
2025-05-11 15:30:00,Aurelia F204,2e-05,0.0,0.0,0.0,0.0,0.0,0.00027,0.0,0.0,0.0,0.032170000000000004,4e-05,0.0,0.0,0.0,0.03553,0.0,0.01094
2025-05-11 15:35:00,Aurelia F204,0.0,0.0,0.0,0.0,0.0,0.0,0.00046,0.0,0.0,0.0,0.032060000000000005,1e-05,0.0,0.0,0.0,0.03546,0.0,0.01143
2025-05-11 15:40:00,Aurelia F204,0.0,0.0,0.0,0.0,0.0,0.0,0.00034,0.0,0.0,0.0,0.032159999999999994,1e-05,0.0,0.0,0.0,0.03557,0.0,0.011
2025-05-11 15:45:00,Aurelia F204,4e-05,0.0,0.0,0.0,0.0,0.0,0.00027,0.0,0.0,0.0,0.032100000000000004,2e-05,0.0,0.0,0.0,0.03549,0.0,0.01131
2025-05-11 15:50:00,Aurelia F204,0.0,0.0,0.0,0.0,0.0,0.0,0.0002,0.0,0.0,0.0,0.032240000000000005,5.9999999999999995e-05,0.0,0.0,0.0,0.03571,0.0,0.01099
2025-05-11 15:55:00,Aurelia F204,0.04439,0.0,0.0,0.0,0.0,0.0,0.04462,0.0,0.0,0.0,0.032380000000000006,1e-05,0.0,0.0,0.0,0.03587,0.0,0.01094
2025-05-11 16:00:00,Aurelia F204,0.09089,0.0,0.0,0.0,0.0,0.0,0.09119,0.0,0.0,0.0,0.03232,2e-05,0.0,0.0,0.0,0.03577,0.0,0.01087
2025-05-11 16:05:00,Aurelia F204,0.08788,0.0,0.0,0.0,0.0,0.0,0.08825,0.0,0.0,0.0,0.0325,0.0,0.0,0.0,0.0,0.03577,0.0,0.01124
2025-05-11 16:10:00,Aurelia F204,0.08662,0.0,0.0,0.0,0.0,0.0,0.08681,0.0,0.0,0.0,0.03258,5e-05,0.0,0.0,0.0,0.03598,0.0,0.01089
2025-05-11 16:15:00,Aurelia F204,0.08695,0.0,0.0,0.0,0.0,0.0,0.08723,0.0,0.0,0.0,0.032479999999999995,1e-05,0.0,0.0,0.0,0.03585,0.0,0.010960000000000001
2025-05-11 16:20:00,Aurelia F204,0.08533,0.0,0.0,0.0,0.0,0.0,0.08557,0.0,0.0,0.0,0.032310000000000005,4e-05,0.0,0.0,0.0,0.03572,0.0,0.011470000000000001
2025-05-11 16:25:00,Aurelia F204,0.0879,0.0,0.0,0.0,0.0,0.0,0.08817,0.0,0.0,0.0,0.03195,0.6389600000000001,0.0,0.0,0.0,0.6732899999999999,0.0,0.01131
2025-05-11 16:30:00,Aurelia F204,0.08697,0.0,0.0,0.0,0.0,0.0,0.08727,0.0,0.0,0.0,0.03221,0.6534099999999999,0.0,0.0,0.0,0.68791,0.0,0.01098
2025-05-11 16:35:00,Aurelia F204,0.08567,0.0,0.0,0.0,0.0,0.0,0.08601,0.0,0.0,0.0,0.03208,0.65223,0.0,0.0,0.0,0.68667,0.0,0.01086
2025-05-11 16:40:00,Aurelia F204,0.08655,0.0,0.0,0.0,0.0,0.0,0.08679,0.0,0.0,0.0,0.03203,0.64985,0.0,0.0,0.0,0.68424,0.0,0.01104
2025-05-11 16:45:00,Aurelia F204,0.08602,0.0,0.0,0.0,0.0,0.0,0.08631,0.0,0.0,0.0,0.03226,0.6497999999999999,0.0,0.0,0.0,0.68441,0.0,0.01092
2025-05-11 16:50:00,Aurelia F204,0.08568,0.0,0.0,0.0,0.0,0.0,0.08593,0.0,0.0,0.0,0.03183,0.6470199999999999,0.0,0.00881,0.0,0.69016,0.0,0.01109
2025-05-11 16:55:00,Aurelia F204,0.08633,0.0,0.0,0.0,0.0,0.0,0.08669,0.0,0.0,0.0,0.03162,0.60926,0.0,0.0,0.0,0.64339,0.0,0.011
2025-05-11 17:00:00,Aurelia F204,0.07853,0.0,0.0,0.0,0.0,0.0,0.07883,0.0,0.0,0.0,0.03204,0.60642,0.0,0.0,0.0,0.64086,0.0,0.01114
2025-05-11 17:05:00,Aurelia F204,0.07526999999999999,0.0,0.0,0.0,0.0,0.0,0.07559,0.0,0.0,0.0,0.03201,0.57145,0.0,0.0,0.0,0.60584,0.0,0.01097
2025-05-11 17:10:00,Aurelia F204,0.07465999999999999,0.0,0.0,0.0,0.0,0.0,0.07503,0.0,0.0,0.0,0.03201,0.5718300000000001,0.0,0.0,0.0,0.60623,0.0,0.01094
2025-05-11 17:15:00,Aurelia F204,0.07396,0.0,0.0,0.0,0.0,0.0,0.07427,0.0,0.0,0.0,0.03204,0.57305,0.0,0.0,0.0,0.6074299999999999,0.0,0.01106
2025-05-11 17:20:00,Aurelia F204,7.000000000000001e-05,0.0,0.0,0.0,0.0,0.0,0.00066,0.0,0.0,0.0,0.03225,0.57635,0.0,0.0,0.0,0.61095,0.0,0.01094
2025-05-11 17:25:00,Aurelia F204,0.0,0.0,0.0,0.0,0.0,0.0,0.00033,0.0,0.0,0.0,0.03229,0.54983,0.0,0.00881,0.0,0.5932999999999999,0.0,0.010960000000000001
2025-05-11 17:30:00,Aurelia F204,0.0,0.0,0.0,0.0,0.0,0.0,0.00014000000000000001,0.0,0.0,0.0,0.032920000000000005,0.00561,0.0,0.00884,0.0,0.04858,0.0,0.01109
2025-05-11 17:35:00,Aurelia F204,0.0,0.0,0.0,0.0,0.0,0.0,0.00011,0.0,0.0,0.0,0.06375,0.0,0.0,0.0,0.0,0.06526,0.0,0.01092
2025-05-11 17:40:00,Aurelia F204,0.0,0.0,0.0,0.0,0.0,0.0,0.00026000000000000003,0.0,0.0,0.0,0.06306,0.0,0.0,0.0,0.0,0.06458,0.0,0.01097
2025-05-11 17:45:00,Aurelia F204,2e-05,0.0,0.0,0.0,0.0,0.0,0.0003,0.0,0.0,0.0,0.06284000000000001,0.0,0.0,0.0,0.0,0.06429,0.0,0.01099
2025-05-11 17:50:00,Aurelia F204,0.02948,0.0,0.0,0.0,0.0,0.0,0.00034,0.028480000000000002,0.0,0.08108,0.00557,0.0,0.0,0.0,0.0,0.00709,0.005860000000000001,0.10271
2025-05-11 17:55:00,Aurelia F204,0.02942,0.0,0.0,0.0,0.0,0.0,0.00032,0.028329999999999998,0.0,0.07876000000000001,0.005690000000000001,0.0,0.0,0.0,0.0,0.00713,0.20808000000000001,0.30275
2025-05-11 18:00:00,Aurelia F204,0.0293,0.0,0.0,0.0,0.0,0.0,0.00032,0.028239999999999998,0.0,0.07898999999999999,0.00574,0.0,0.0,0.0,0.0,0.0072699999999999996,0.0,0.12762
2025-05-11 18:05:00,Aurelia F204,0.03461,0.0,0.0,0.0,0.0,0.0,0.03492,0.0,0.0,0.07845,0.00578,0.0,0.0,0.0,0.0,0.00733,0.0,0.12668000000000001
2025-05-11 18:10:00,Aurelia F204,0.09441,0.0,0.0,0.0,0.0,0.0,0.0948,0.0,0.0,0.07775,0.00584,0.0,0.0,0.0,0.0,0.0073,0.0,0.20627
2025-05-11 18:15:00,Aurelia F204,0.09081,0.0,0.0,0.0,0.0,0.0,0.09101999999999999,0.0,0.0,0.07748000000000001,0.0057,0.0,0.0,0.0,0.0,0.00721,0.0,0.20022
2025-05-11 18:20:00,Aurelia F204,0.08924,0.0,0.0,0.0,0.0,0.0,0.08963,0.0,0.0,0.07673,0.00567,0.0,0.0,0.0,0.0,0.0072699999999999996,0.0,0.19622
2025-05-11 18:25:00,Aurelia F204,0.08777,0.0,0.0,0.0,0.0,0.0,0.08803,0.0,0.0,0.07717,0.0058200000000000005,0.0,0.0,0.0,0.0,0.00731,0.0,0.19574
2025-05-11 18:30:00,Aurelia F204,0.08856,0.0,0.0,0.0,0.0,0.0,0.08885,0.0,0.0,0.07740999999999999,0.00575,0.0,0.0,0.0,0.0,0.00736,0.0,0.19747
2025-05-11 18:35:00,Aurelia F204,0.08778,0.0,0.0,0.0,0.0,0.0,0.0881,0.0,0.0,0.07687999999999999,0.00575,0.0,0.0,0.0,0.0,0.00725,0.0,0.19581
2025-05-11 18:40:00,Aurelia F204,0.08588,0.0,0.0,0.0,0.0,0.0,0.08626,0.0,0.0,0.07621,0.00563,0.0,0.0,0.0,0.0,0.00729,0.0,0.19388
2025-05-11 18:45:00,Aurelia F204,0.08647,0.0,0.0,0.0,0.0,0.0,0.08672,0.0,0.0,0.0761,0.00566,0.0,0.0,0.0,0.0,0.0072699999999999996,0.0,0.19428
2025-05-11 18:50:00,Aurelia F204,0.08584,0.0,0.0,0.0,0.0,0.0,0.086,0.0,0.0,0.07587,0.0057,0.0,0.0,0.0,0.0,0.00717,0.0,0.19322999999999999
2025-05-11 18:55:00,Aurelia F204,0.08469,0.0,0.0,0.0,0.0,0.0,0.08497,0.0,0.0,0.07583,0.00566,0.0,0.0,0.0,0.0,0.0071600000000000006,0.0,0.19304
2025-05-11 19:00:00,Aurelia F204,0.08572,0.0,0.0,0.0,0.0,0.0,0.08598,0.0,0.0,0.07565999999999999,0.0056,0.0,0.0,0.0,0.0,0.00718,0.0,0.19388
2025-05-11 19:05:00,Aurelia F204,0.07667,0.0,0.0,0.0,0.0,0.0,0.07694,0.0,0.0,0.07561,0.0056,0.0,0.0,0.0,0.0,0.0071600000000000006,0.16027000000000002,0.37562
2025-05-11 19:10:00,Aurelia F204,0.07447,0.0,0.0,0.0,0.0,0.0,0.07485,0.0,0.0,0.07521,0.00564,0.0,0.0,0.0,0.0,0.00714,0.14898,0.36313999999999996
2025-05-11 19:15:00,Aurelia F204,0.09997,0.0,0.0,0.0,0.0,0.0,0.07193000000000001,0.028480000000000002,0.0,0.07461,0.00566,0.0,0.0,0.0,0.0,0.00713,0.00515,0.20735
2025-05-11 19:20:00,Aurelia F204,0.02942,0.0,0.0,0.0,0.0,0.0,8.999999999999999e-05,0.028300000000000002,0.0,0.07476999999999999,0.005679999999999999,0.0,0.0,0.0,0.0,0.00697,0.00505,0.2069
2025-05-11 19:25:00,Aurelia F204,0.02932,0.0,0.0,0.0,0.0,0.0,0.00034,0.028239999999999998,0.0,0.0747,0.00564,0.0,0.0,0.0,0.0,0.00704,0.00558,0.20715
2025-05-11 19:30:00,Aurelia F204,0.02926,0.0,0.0,0.0,0.0,0.0,0.00039,0.028140000000000002,0.0,0.07431,0.005690000000000001,0.0,0.0,0.0,0.0,0.00708,0.21306999999999998,0.41407
2025-05-11 19:35:00,Aurelia F204,0.02928,0.0,0.0,0.0,0.0,0.0,0.0005,0.028120000000000003,0.0,0.07468999999999999,0.00566,0.0,0.0,0.0,0.0,0.00713,0.2067,0.40863
2025-05-11 19:40:00,Aurelia F204,0.0292,0.0,0.0,0.0,0.0,0.0,0.0002,0.02809,0.0,0.07526999999999999,0.0057,0.0,0.0,0.0,0.0,0.00715,0.19708,0.41639
2025-05-11 19:45:00,Aurelia F204,0.039939999999999996,0.0,0.0,0.0,0.0,0.0,0.00034,0.03897,0.0,0.07557,0.00574,0.0,0.0,0.0,0.0,0.0073,0.0,0.22853
2025-05-11 19:50:00,Aurelia F204,0.08401,0.0,0.0,0.0,0.0,0.0,0.00014000000000000001,0.08291,0.0,0.07562,0.00571,0.0,0.0,0.0,0.0,0.00713,0.0,0.22503
2025-05-11 19:55:00,Aurelia F204,1e-05,0.0,0.0,0.0,0.0,0.0,0.00023,0.0,0.0,0.07597,0.03656,0.0,0.0,0.0,0.0,0.038299999999999994,0.0,0.20468
2025-05-11 20:00:00,Aurelia F204,0.0,0.0,0.0,0.0,0.0,0.0,0.00033,0.0,0.0,0.07576999999999999,0.005730000000000001,0.0,0.0,0.0,0.0,0.00722,0.0,0.15903
2025-05-11 20:05:00,Aurelia F204,0.040310000000000006,0.0,0.0,0.0,0.0,0.0,0.04059,0.0,0.0,0.016890000000000002,0.005679999999999999,0.0,0.0,0.0,0.0,0.00736,0.0,0.03261
2025-05-11 20:10:00,Aurelia F204,0.09295999999999999,0.0,0.0,0.0,0.0,0.0,0.09328,0.0,0.0,0.01688,0.00571,0.0,0.0,0.0,0.0,0.0072699999999999996,0.0,0.0288
2025-05-11 20:15:00,Aurelia F204,0.09051000000000001,0.0,0.0,0.0,0.0,0.0,0.09076999999999999,0.0,0.0,0.016829999999999998,0.00577,0.0,0.0,0.0,0.0,0.00728,0.0,0.02909
2025-05-11 20:20:00,Aurelia F204,0.08878,0.0,0.0,0.0,0.0,0.0,0.08904999999999999,0.0,0.0,0.01692,0.005809999999999999,0.0,0.0,0.0,0.0,0.00728,0.0,0.02886
2025-05-11 20:25:00,Aurelia F204,0.08745,0.0,0.0,0.0,0.0,0.0,0.08768000000000001,0.0,0.0,0.01688,0.0058,0.0,0.0,0.0,0.0,0.00734,0.0,0.028739999999999998
2025-05-11 20:30:00,Aurelia F204,0.08651,0.0,0.0,0.0,0.0,0.0,0.0868,0.0,0.0,0.01678,0.00571,0.0,0.0,0.0,0.0,0.0072699999999999996,0.0,0.02902
2025-05-11 20:35:00,Aurelia F204,0.08627,0.0,0.0,0.0,0.0,0.0,0.08655,0.0,0.0,0.01688,0.0058,0.0,0.0,0.0,0.0,0.0072699999999999996,0.0,0.02863
2025-05-11 20:40:00,Aurelia F204,0.08564,0.0,0.0,0.0,0.0,0.0,0.08584,0.0,0.0,0.016829999999999998,0.005690000000000001,0.0,0.0,0.0,0.0,0.00715,0.0,0.02911
2025-05-11 20:45:00,Aurelia F204,0.08536,0.0,0.0,0.0,0.0,0.0,0.0857,0.0,0.0,0.01679,0.00571,0.0,0.0,0.0,0.0,0.00723,0.0,0.02913
2025-05-11 20:50:00,Aurelia F204,0.07542,0.0,0.0,0.0,0.0,0.0,0.07575,0.0,0.0,0.016829999999999998,0.00578,0.0,0.0,0.0,0.0,0.0072699999999999996,0.0,0.02913
2025-05-11 20:55:00,Aurelia F204,0.07384,0.0,0.0,0.0,0.0,0.0,0.07412,0.0,0.0,0.01686,0.00583,0.0,0.0,0.0,0.0,0.00731,0.0,0.02923
2025-05-11 21:00:00,Aurelia F204,0.07346,0.0,0.0,0.0,0.0,0.0,0.07376,0.0,0.0,0.01686,0.0057599999999999995,0.0,0.0,0.0,0.0,0.00724,0.0,0.029
2025-05-11 21:05:00,Aurelia F204,0.07325,0.0,0.0,0.0,0.0,0.0,0.07365000000000001,0.0,0.0,0.01685,0.005730000000000001,0.0,0.0,0.0,0.0,0.00728,0.0,0.02902
2025-05-11 21:10:00,Aurelia F204,0.07387,0.0,0.0,0.0,0.0,0.0,0.0741,0.0,0.0,0.01685,0.005690000000000001,0.0,0.0,0.0,0.0,0.00728,0.0,0.028739999999999998
2025-05-11 21:15:00,Aurelia F204,0.07389,0.0,0.0,0.0,0.0,0.0,0.07413,0.0,0.0,0.01688,0.005730000000000001,0.0,0.0,0.0,0.0,0.00724,0.0,0.0289
2025-05-11 21:20:00,Aurelia F204,0.10296999999999999,0.0,0.0,0.0,0.0,0.0,0.07515000000000001,0.02842,0.0,0.01678,0.027800000000000002,0.0,0.0,0.0,0.0,0.02941,0.0,0.02889
2025-05-11 21:25:00,Aurelia F204,0.08318,0.0,0.0,0.0,0.00862,0.0,0.07476000000000001,0.0,0.0,0.0,0.04566,0.01026,0.0,0.00885,0.0,0.06612,0.0,0.01104
2025-05-11 21:30:00,Aurelia F204,0.0,0.0,0.0,0.0,0.0,0.0,0.00026000000000000003,0.0,0.0,0.0,0.01975,1.02921,0.0,0.0088,0.0,1.0604500000000001,0.0,0.011269999999999999
2025-05-11 21:35:00,Aurelia F204,0.0,0.0,0.0,0.0,0.0,0.0,0.0005,0.0,0.0,0.0,0.019710000000000002,1.06648,0.0,0.00883,0.0,1.0975,0.0,0.011130000000000001
2025-05-11 21:40:00,Aurelia F204,0.0,0.0,0.0,0.0,0.0,0.0,0.0003,0.0,0.0,0.0,0.020640000000000002,1.06886,0.0,0.0,0.0,1.09209,0.0,0.01111
2025-05-11 21:45:00,Aurelia F204,0.03181,0.0,0.0,0.0,0.0,0.0,0.032119999999999996,0.0,0.0,0.0,0.01961,1.0349300000000001,0.0,0.0,0.0,1.05708,0.0,0.01109
2025-05-11 21:50:00,Aurelia F204,0.04939,0.0,0.0,0.0,0.0,0.0,0.04983,0.0,0.0,0.0,0.01982,0.7885700000000001,0.0,0.0,0.0,0.8109400000000001,0.0,0.01106
2025-05-11 21:55:00,Aurelia F204,0.049,0.0,0.0,0.0,0.0,0.0,0.04929,0.0,0.0,0.0,0.02062,0.77962,0.0,0.0,0.0,0.80271,0.0,0.01104
2025-05-11 22:00:00,Aurelia F204,0.049890000000000004,0.0,0.0,0.0,0.0,0.0,0.05023,0.0,0.0,0.0,0.02059,0.78644,0.0,0.0,0.0,0.80949,0.0,0.01109
2025-05-11 22:05:00,Aurelia F204,0.049030000000000004,0.0,0.0,0.0,0.0,0.0,0.04926,0.0,0.0,0.0,0.02047,0.79737,0.0,0.0,0.0,0.82049,0.0,0.0115
2025-05-11 22:10:00,Aurelia F204,0.049049999999999996,0.0,0.0,0.0,0.0,0.0,0.049409999999999996,0.0,0.0,0.0,0.020390000000000002,0.79331,0.0,0.0,0.0,0.8163400000000001,0.0,0.01107
2025-05-11 22:15:00,Aurelia F204,0.048780000000000004,0.0,0.0,0.0,0.0,0.0,0.04913,0.0,0.0,0.0,0.02045,0.78932,0.0,0.0,0.0,0.81222,0.0,0.01099
2025-05-11 22:20:00,Aurelia F204,0.04871,0.0,0.0,0.0,0.0,0.0,0.04909,0.0,0.0,0.0,0.02027,0.78396,0.0,0.0,0.0,0.80672,0.0,0.01097
2025-05-11 22:25:00,Aurelia F204,0.04872,0.0,0.0,0.0,0.0,0.0,0.04906,0.0,0.0,0.0,0.02018,0.78301,0.0,0.0,0.0,0.8057000000000001,0.0,0.01091
2025-05-11 22:30:00,Aurelia F204,0.044649999999999995,0.0,0.0,0.0,0.0,0.0,0.044969999999999996,0.0,0.0,0.0,0.019379999999999998,0.54118,0.0,0.0,0.0,0.56308,0.0,0.01093
2025-05-11 22:35:00,Aurelia F204,0.04249,0.0,0.0,0.0,0.0,0.0,0.04279,0.0,0.0,0.0,0.01941,0.56447,0.0,0.0,0.0,0.5862200000000001,0.0,0.011009999999999999
2025-05-11 22:40:00,Aurelia F204,0.04247,0.0,0.0,0.0,0.0,0.0,0.04266,0.0,0.0,0.0,0.01946,0.56083,0.0,0.0,0.0,0.58273,0.0,0.01106
2025-05-11 22:45:00,Aurelia F204,0.04224,0.0,0.0,0.0,0.0,0.0,0.042570000000000004,0.0,0.0,0.0,0.019379999999999998,0.50332,0.0,0.0,0.0,0.52515,0.0,0.01119
2025-05-11 22:50:00,Aurelia F204,0.04176,0.0,0.0,0.0,0.0,0.0,0.04195,0.0,0.0,0.0,0.019440000000000002,0.49467,0.0,0.0,0.0,0.51652,0.0,0.0109
2025-05-11 22:55:00,Aurelia F204,0.041350000000000005,0.0,0.0,0.0,0.0,0.0,0.04169,0.0,0.0,0.0,0.013550000000000001,0.64734,0.0,0.0,0.0,0.6635,0.0,0.010960000000000001
2025-05-11 23:00:00,Aurelia F204,0.12828,0.0,0.0,0.0,0.0,0.0,0.12862,0.0,0.0,0.0,0.013439999999999999,0.5977899999999999,0.0,0.0,0.0,0.61368,0.0,0.01099
2025-05-11 23:05:00,Aurelia F204,0.12791,0.0,0.0,0.0,0.0,0.0,0.12828,0.0,0.0,0.0,0.013470000000000001,0.5939800000000001,0.0,0.0,0.0,0.61002,0.0,0.011210000000000001
2025-05-11 23:10:00,Aurelia F204,0.12788,0.0,0.0,0.0,0.0,0.0,0.12824000000000002,0.0,0.0,0.0,0.013470000000000001,0.59381,0.0,0.0,0.0,0.6098600000000001,0.0,0.01131
2025-05-11 23:15:00,Aurelia F204,0.12661,0.0,0.0,0.0,0.0,0.0,0.12699,0.0,0.0,0.0,0.013349999999999999,0.56824,0.0,0.0,0.0,0.5842200000000001,0.0,0.01103
2025-05-11 23:20:00,Aurelia F204,0.12678,0.0,0.0,0.0,0.0,0.0,0.12712,0.0,0.0,0.0,0.013359999999999999,0.54552,0.0,0.0,0.0,0.56132,0.0,0.01106
2025-05-11 23:25:00,Aurelia F204,0.12627,0.0,0.0,0.0,0.0,0.0,0.12671,0.0,0.0,0.0,0.013359999999999999,0.53914,0.0,0.0,0.0,0.5548500000000001,0.0,0.0111
2025-05-11 23:30:00,Aurelia F204,0.12723,0.0,0.0,0.0,0.0,0.0,0.1275,0.0,0.0,0.0,0.0134,0.51973,0.0,0.0,0.0,0.53573,0.0,0.01106
2025-05-11 23:35:00,Aurelia F204,0.12784,0.0,0.0,0.0,0.0,0.0,0.12805000000000002,0.0,0.0,0.0,0.0135,0.49803,0.0,0.0,0.0,0.51393,0.0,0.01089
2025-05-11 23:40:00,Aurelia F204,0.1272,0.0,0.0,0.0,0.0,0.0,0.12751,0.0,0.0,0.0,0.0135,0.49649,0.0,0.0,0.0,0.51242,0.0,0.01119
2025-05-11 23:45:00,Aurelia F204,1e-05,0.0,0.0,0.0,0.0,0.0,0.00039,0.0,0.0,0.0,0.01357,0.50112,0.0,0.0,0.0,0.51713,0.0,0.01104
2025-05-11 23:50:00,Aurelia F204,0.0,0.0,0.0,0.0,0.0,0.0,0.00023,0.0,0.0,0.0,0.013550000000000001,0.49651999999999996,0.0,0.0,0.0,0.51252,0.0,0.01124
2025-05-11 23:55:00,Aurelia F204,0.038380000000000004,0.0,0.0,0.0,0.0,0.0,0.03875,0.0,0.0,0.0,0.013550000000000001,0.49772000000000005,0.0,0.0,0.0,0.5137,0.0,0.011130000000000001
2025-05-12 00:00:00,Aurelia F204,0.054310000000000004,0.0,0.0,0.0,0.0,0.0,0.05453,0.0,0.0,0.0,0.013470000000000001,0.49456,0.0,0.0,0.0,0.51047,0.0,0.01137
2025-05-12 00:05:00,Aurelia F204,0.05602,0.0,0.0,0.0,0.0,0.0,0.056420000000000005,0.0,0.0,0.0,0.013359999999999999,0.48784,0.0,0.0,0.0,0.50362,0.0,0.01094
2025-05-12 00:10:00,Aurelia F204,0.05614,0.0,0.0,0.0,0.0,0.0,0.0564,0.0,0.0,0.0,0.0134,0.48743000000000003,0.0,0.0,0.0,0.5032099999999999,0.0,0.01099
2025-05-12 00:15:00,Aurelia F204,0.05551,0.0,0.0,0.0,0.0,0.0,0.05576,0.0,0.0,0.0,0.0134,0.48816000000000004,0.0,0.0,0.0,0.50406,0.0,0.01097
2025-05-12 00:20:00,Aurelia F204,0.05533,0.0,0.0,0.0,0.0,0.0,0.05558,0.0,0.0,0.0,0.0134,0.48713,0.0,0.0,0.0,0.50298,0.0,0.01087
2025-05-12 00:25:00,Aurelia F204,0.05486,0.0,0.0,0.0,0.0,0.0,0.05514,0.0,0.0,0.0,0.0135,0.48542,0.0,0.0,0.0,0.50134,0.0,0.0109
2025-05-12 00:30:00,Aurelia F204,0.05493,0.0,0.0,0.0,0.0,0.0,0.055130000000000005,0.0,0.0,0.0,0.01343,0.48697,0.0,0.0,0.0,0.50286,0.0,0.01099
2025-05-12 00:35:00,Aurelia F204,0.05471,0.0,0.0,0.0,0.0,0.0,0.055,0.0,0.0,0.0,0.01349,0.48713,0.0,0.0,0.0,0.5032099999999999,0.0,0.01111
2025-05-12 00:40:00,Aurelia F204,0.05407,0.0,0.0,0.0,0.0,0.0,0.05439,0.0,0.0,0.0,0.01349,0.48756,0.0,0.0,0.0,0.50356,0.0,0.0109
2025-05-12 00:45:00,Aurelia F204,0.05404,0.0,0.0,0.0,0.0,0.0,0.054380000000000005,0.0,0.0,0.0,0.01358,0.48735,0.0,0.0,0.0,0.50346,0.0,0.01091
2025-05-12 00:50:00,Aurelia F204,0.053630000000000004,0.0,0.0,0.0,0.0,0.0,0.05396,0.0,0.0,0.0,0.01358,0.48717,0.0,0.0,0.0,0.50322,0.0,0.01092
2025-05-12 00:55:00,Aurelia F204,0.053329999999999995,0.0,0.0,0.0,0.0,0.0,0.05367,0.0,0.0,0.0,0.0136,0.48492,0.0,0.0,0.0,0.50098,0.0,0.01092
2025-05-12 01:00:00,Aurelia F204,0.05353,0.0,0.0,0.0,0.0,0.0,0.053840000000000006,0.0,0.0,0.0,0.013710000000000002,0.48622000000000004,0.0,0.0,0.0,0.50243,0.0,0.01103
2025-05-12 01:05:00,Aurelia F204,0.05292,0.0,0.0,0.0,0.0,0.0,0.05316,0.0,0.0,0.0,0.013640000000000001,0.49587,0.0,0.00895,0.0,0.52106,0.0,0.01092
2025-05-12 01:10:00,Aurelia F204,0.05274,0.0,0.0,0.0,0.0,0.0,0.053020000000000005,0.0,0.0,0.0,0.01377,0.48666000000000004,0.0,0.0,0.0,0.50281,0.0,0.01125
2025-05-12 01:15:00,Aurelia F204,0.05242,0.0,0.0,0.0,0.0,0.0,0.05268,0.0,0.0,0.0,0.01376,0.48696,0.0,0.0,0.0,0.50316,0.0,0.01107
2025-05-12 01:20:00,Aurelia F204,0.05255,0.0,0.0,0.0,0.0,0.0,0.05289,0.0,0.0,0.0,0.013779999999999999,0.48579,0.0,0.0,0.0,0.50206,0.0,0.01117
2025-05-12 01:25:00,Aurelia F204,0.05268,0.0,0.0,0.0,0.0,0.0,0.053009999999999995,0.0,0.0,0.0,0.013789999999999998,0.48467,0.0,0.0,0.0,0.50115,0.0,0.011269999999999999
2025-05-12 01:30:00,Aurelia F204,0.05236,0.0,0.0,0.0,0.0,0.0,0.05269,0.0,0.0,0.0,0.013730000000000001,0.48501,0.0,0.0,0.0,0.50124,0.0,0.010960000000000001
2025-05-12 01:35:00,Aurelia F204,0.05185,0.0,0.0,0.0,0.0,0.0,0.0522,0.0,0.0,0.0,0.01385,0.48534,0.0,0.0,0.0,0.50173,0.0,0.0109
2025-05-12 01:40:00,Aurelia F204,0.046689999999999995,0.0,0.0,0.0,0.0,0.0,0.04697,0.0,0.0,0.0,0.01376,0.48408999999999996,0.0,0.0,0.0,0.50046,0.0,0.01105
2025-05-12 01:45:00,Aurelia F204,0.04554,0.0,0.0,0.0,0.0,0.0,0.0458,0.0,0.0,0.0,0.013800000000000002,0.48283,0.0,0.0,0.0,0.49921,0.0,0.01106
2025-05-12 01:50:00,Aurelia F204,0.04498,0.0,0.0,0.0,0.0,0.0,0.04529,0.0,0.0,0.0,0.013890000000000001,0.48543000000000003,0.0,0.0,0.0,0.50173,0.0,0.01091
2025-05-12 01:55:00,Aurelia F204,0.04455,0.0,0.0,0.0,0.0,0.0,0.04489,0.0,0.0,0.0,0.01385,0.48575999999999997,0.0,0.0,0.0,0.50206,0.0,0.01097
2025-05-12 02:00:00,Aurelia F204,0.04443,0.0,0.0,0.0,0.0,0.0,0.044700000000000004,0.0,0.0,0.0,0.01392,0.48461000000000004,0.0,0.0,0.0,0.50092,0.0,0.01087
2025-05-12 02:05:00,Aurelia F204,0.04449,0.0,0.0,0.0,0.0,0.0,0.04473,0.0,0.0,0.0,0.01385,0.48381,0.0,0.0,0.0,0.50012,0.0,0.01109
2025-05-12 02:10:00,Aurelia F204,0.048729999999999996,0.0,0.0,0.0,0.0,0.0,0.04909,0.0,0.0,0.0,0.01414,0.48298,0.0,0.0,0.0,0.49966000000000005,0.0,0.01086
2025-05-12 02:15:00,Aurelia F204,0.04959,0.0,0.0,0.0,0.0,0.0,0.04985,0.0,0.0,0.0,0.01399,0.48236,0.0,0.0,0.0,0.49893,0.0,0.01111
2025-05-12 02:20:00,Aurelia F204,0.04934,0.0,0.0,0.0,0.0,0.0,0.04977,0.0,0.0,0.0,0.01425,0.4835,0.0,0.0,0.0,0.5003500000000001,0.0,0.01097
2025-05-12 02:25:00,Aurelia F204,0.09637000000000001,0.0,0.0,0.0,0.0,0.0,0.09668,0.0,0.0,0.0,0.01426,0.48410000000000003,0.0,0.0,0.0,0.5009100000000001,0.0,0.01099
2025-05-12 02:30:00,Aurelia F204,0.08689,0.0,0.0,0.0,0.0,0.0,0.08723,0.0,0.0,0.0,0.01392,0.48231999999999997,0.0,0.0,0.0,0.4988,0.0,0.011009999999999999
2025-05-12 02:35:00,Aurelia F204,0.08353000000000001,0.0,0.0,0.0,0.0,0.0,0.08386,0.0,0.0,0.0,0.014240000000000001,0.48147,0.0,0.0,0.0,0.49819,0.0,0.01143
2025-05-12 02:40:00,Aurelia F204,0.0836,0.0,0.0,0.0,0.0,0.0,0.08387,0.0,0.0,0.0,0.01423,0.48360000000000003,0.0,0.0,0.0,0.50024,0.0,0.01105
2025-05-12 02:45:00,Aurelia F204,0.08305,0.0,0.0,0.0,0.0,0.0,0.08334,0.0,0.0,0.0,0.01427,0.48267000000000004,0.0,0.0,0.0,0.49948000000000004,0.0,0.01109
2025-05-12 02:50:00,Aurelia F204,0.08251,0.0,0.0,0.0,0.0,0.0,0.08270999999999999,0.0,0.0,0.0,0.014320000000000001,0.48138,0.0,0.0,0.0,0.49857999999999997,0.0,0.01145
2025-05-12 02:55:00,Aurelia F204,0.08208,0.0,0.0,0.0,0.0,0.0,0.08245999999999999,0.0,0.0,0.0,0.0144,0.26222,0.0,0.0,0.0,0.27918,0.0,0.01093
2025-05-12 03:00:00,Aurelia F204,0.08184000000000001,0.0,0.0,0.0,0.0,0.0,0.08212,0.0,0.0,0.0,0.014070000000000001,0.48223,0.0,0.0,0.0,0.49886,0.0,0.011
2025-05-12 03:05:00,Aurelia F204,0.08201,0.0,0.0,0.0,0.0,0.0,0.08229,0.0,0.0,0.0,0.0143,0.48442,0.0,0.0,0.0,0.50126,0.0,0.011130000000000001
2025-05-12 03:10:00,Aurelia F204,0.08995,0.0,0.0,0.0,0.0,0.0,0.09031,0.0,0.0,0.0,0.01442,0.48347,0.0,0.0,0.0,0.50048,0.0,0.011009999999999999
2025-05-12 03:15:00,Aurelia F204,0.09187000000000001,0.0,0.0,0.0,0.0,0.0,0.09225,0.0,0.0,0.0,0.0144,0.47529000000000005,0.0,0.0,0.0,0.49213,0.0,0.01093
2025-05-12 03:20:00,Aurelia F204,0.09147,0.0,0.0,0.0,0.0,0.0,0.09179000000000001,0.0,0.0,0.0,0.01418,0.48222000000000004,0.0,0.0,0.0,0.49893,0.0,0.01092
2025-05-12 03:25:00,Aurelia F204,0.09204999999999999,0.0,0.0,0.0,0.0,0.0,0.09234999999999999,0.0,0.0,0.0,0.01425,0.4824,0.0,0.0,0.0,0.4992,0.0,0.01117
2025-05-12 03:30:00,Aurelia F204,0.08191,0.0,0.0,0.0,0.0,0.0,0.08209999999999999,0.0,0.0,0.0,0.014369999999999999,0.008289999999999999,0.0,0.0,0.0,0.02517,0.0,0.01112
2025-05-12 03:35:00,Aurelia F204,0.08079,0.0,0.0,0.0,0.0,0.0,0.08117,0.0,0.0,0.0,0.0145,0.47793,0.0,0.0,0.0,0.49502999999999997,0.0,0.01111
2025-05-12 03:40:00,Aurelia F204,0.08034000000000001,0.0,0.0,0.0,0.0,0.0,0.08062000000000001,0.0,0.0,0.0,0.01463,0.48222000000000004,0.0,0.0,0.0,0.49974,0.0,0.011
2025-05-12 03:45:00,Aurelia F204,0.0,0.0,0.0,0.0,0.0,0.0,0.00028000000000000003,0.0,0.0,0.0,0.01453,0.48162,0.0,0.0,0.0,0.49881,0.0,0.01103
2025-05-12 03:50:00,Aurelia F204,0.0,0.0,0.0,0.0,0.0,0.0,0.00041999999999999996,0.0,0.0,0.0,0.01434,0.48084,0.0,0.0,0.0,0.49786,0.0,0.01094
2025-05-12 03:55:00,Aurelia F204,0.0,0.0,0.0,0.0,0.0,0.0,0.00028000000000000003,0.0,0.0,0.0,0.01451,0.47051,0.0,0.0,0.0,0.48751,0.0,0.01106
2025-05-12 04:00:00,Aurelia F204,0.0,0.0,0.0,0.0,0.0,0.0,0.00041,0.0,0.0,0.0,0.01452,0.47795,0.0,0.0,0.0,0.49494,0.0,0.01104
2025-05-12 04:05:00,Aurelia F204,1e-05,0.0,0.0,0.0,0.0,0.0,0.00061,0.0,0.0,0.0,0.01459,0.00835,0.0,0.0,0.0,0.02535,0.0,0.011130000000000001
2025-05-12 04:10:00,Aurelia F204,0.0,0.0,0.0,0.0,0.0,0.0,0.00034,0.0,0.0,0.0,0.01433,0.47597,0.0,0.0,0.0,0.49293,0.0,0.01114
2025-05-12 04:15:00,Aurelia F204,0.0,0.0,0.0,0.0,0.0,0.0,0.0004,0.0,0.0,0.0,0.01451,0.47949,0.0,0.0,0.0,0.49667,0.0,0.011009999999999999
2025-05-12 04:20:00,Aurelia F204,1e-05,0.0,0.0,0.0,0.0,0.0,0.00049,0.0,0.0,0.0,0.03547,0.00555,0.0,0.0,0.0,0.04332,0.0,0.011179999999999999
2025-05-12 04:25:00,Aurelia F204,0.037590000000000005,0.0,0.0,0.0,0.0,0.0,0.03789,0.0,0.0,0.0,0.03542,0.0035,0.0,0.0,0.0,0.04115,0.0,0.0111
2025-05-12 04:30:00,Aurelia F204,0.04879,0.0,0.0,0.0,0.0,0.0,0.04907,0.0,0.0,0.0,0.03524,0.00013000000000000002,0.0,0.0,0.0,0.03886,0.0,0.01092
2025-05-12 04:35:00,Aurelia F204,0.048920000000000005,0.0,0.0,0.0,0.0,0.0,0.04918,0.0,0.0,0.0,0.03522,0.00011,0.0,0.0,0.0,0.03875,0.0,0.01131
2025-05-12 04:40:00,Aurelia F204,0.048229999999999995,0.0,0.0,0.0,0.0,0.0,0.0485,0.0,0.0,0.0,0.03486,5e-05,0.0,0.0,0.0,0.03848,0.0,0.01099
2025-05-12 04:45:00,Aurelia F204,0.04843,0.0,0.0,0.0,0.0,0.0,0.04869,0.0,0.0,0.0,0.03505,8e-05,0.0,0.0,0.0,0.038630000000000005,0.0,0.01092
2025-05-12 04:50:00,Aurelia F204,0.04902,0.0,0.0,0.0,0.0,0.0,0.04943,0.0,0.0,0.0,0.035,7.000000000000001e-05,0.0,0.0,0.0,0.038630000000000005,0.0,0.01105
2025-05-12 04:55:00,Aurelia F204,0.04914,0.0,0.0,0.0,0.0,0.0,0.0494,0.0,0.0,0.0,0.03483,8.999999999999999e-05,0.0,0.0,0.0,0.038549999999999994,0.0,0.01125
2025-05-12 05:00:00,Aurelia F204,0.0485,0.0,0.0,0.0,0.0,0.0,0.04887,0.0,0.0,0.0,0.04353,5e-05,0.0,0.0,0.0,0.04654,0.0,0.014029999999999999
2025-05-12 05:05:00,Aurelia F204,0.04862,0.0,0.0,0.0,0.0,0.0,0.04899,0.0,0.0,0.0,0.04283,2e-05,0.0,0.008919999999999999,0.0,0.05436,0.0,0.01442
2025-05-12 05:10:00,Aurelia F204,0.04464,0.0,0.0,0.0,0.0,0.0,0.04496,0.0,0.0,0.0,0.06306,0.00011,0.0,0.0,0.0,0.06667000000000001,0.0,0.014070000000000001
2025-05-12 05:15:00,Aurelia F204,0.07391,0.0,0.0,0.0,0.0,0.0,0.04615,0.02834,0.0,0.054509999999999996,0.06182,2e-05,0.0,0.0,0.0,0.06536,0.0,0.06977
2025-05-12 05:20:00,Aurelia F204,0.07287,0.0,0.0,0.0,0.0,0.0,0.045200000000000004,0.02825,0.0,0.05257,0.05938,0.00011999999999999999,0.0,0.0,0.0,0.06261,0.0,0.10033
2025-05-12 05:25:00,Aurelia F204,0.07194,0.0,0.0,0.0,0.0,0.0,0.04441,0.02817,0.0,0.05197,0.05699,2e-05,0.0,0.0,0.0,0.06041,0.0,0.09975
2025-05-12 05:30:00,Aurelia F204,0.07165,0.0,0.0,0.0,0.0,0.0,0.04394,0.02817,0.0,0.05124,0.05293,5.9999999999999995e-05,0.0,0.0,0.0,0.05651,0.0,0.09892000000000001
2025-05-12 05:35:00,Aurelia F204,0.08001000000000001,0.0,0.0,0.0,0.0086,0.0,0.0437,0.028140000000000002,0.0,0.0506,0.05022,2e-05,0.0,0.0,0.0,0.053649999999999996,0.0,0.09865
2025-05-12 05:40:00,Aurelia F204,0.07077,0.0,0.0,0.0,0.0,0.0,0.04312,0.02816,0.0,0.05017,0.048,4e-05,0.0,0.0,0.0,0.05119,0.0,0.09802
2025-05-12 05:45:00,Aurelia F204,0.07651999999999999,0.0,0.0,0.0,0.0,0.0,0.048920000000000005,0.028120000000000003,0.0,0.04994,0.045880000000000004,4e-05,0.0,0.0,0.0,0.04893,0.0,0.09767
2025-05-12 05:50:00,Aurelia F204,0.07671,0.0,0.0,0.0,0.0,0.0,0.04902,0.02809,0.0,0.04974,0.04426,8e-05,0.0,0.0,0.0,0.047420000000000004,0.0,0.09706999999999999
2025-05-12 05:55:00,Aurelia F204,0.1274,0.0,0.0,0.0,0.0,0.0,0.09981999999999999,0.02817,0.0,0.0,0.04225,7.000000000000001e-05,0.0,0.0,0.0,0.04561,0.0,0.01419
2025-05-12 06:00:00,Aurelia F204,0.12265000000000001,0.0,0.0,0.0,0.0,0.0,0.09506,0.028050000000000002,0.0,0.0,0.03753,8.999999999999999e-05,0.0,0.00877,0.0,0.04975,0.0,0.01443
2025-05-12 06:05:00,Aurelia F204,0.11946,0.0,0.0,0.0,0.0,0.0,0.09172,0.02816,0.0,0.0,0.03732,7.000000000000001e-05,0.0,0.00871,0.0,0.0492,0.0,0.01416
2025-05-12 06:10:00,Aurelia F204,0.11809,0.0,0.0,0.0,0.0,0.0,0.09057,0.0281,0.0,0.0,0.043859999999999996,4e-05,0.0,0.0,0.0,0.04704,0.0,0.014029999999999999
2025-05-12 06:15:00,Aurelia F204,0.10379000000000001,0.0,0.0,0.0,0.0,0.0,0.07621,0.028140000000000002,0.0,0.06262,0.03613,5.9999999999999995e-05,0.0,0.0,0.0,0.039670000000000004,0.0,0.09631
2025-05-12 06:20:00,Aurelia F204,0.10313,0.0,0.0,0.0,0.0,0.0,0.07559,0.028120000000000003,0.0,0.06139,0.03579,8.999999999999999e-05,0.0,0.0,0.0,0.03932,0.0,0.09483
2025-05-12 06:25:00,Aurelia F204,0.10296,0.0,0.01791,0.0,0.0,0.0,0.07537,0.02817,0.0,0.06117,0.03557,2e-05,0.0,0.0,0.0,0.03917,0.0,0.11333
2025-05-12 06:30:00,Aurelia F204,0.10224,0.0,0.0,0.0,0.0,0.0,0.07465000000000001,0.028,0.0,0.06128,0.03455,7.000000000000001e-05,0.0,0.0,0.0,0.03793,0.0,0.09472
2025-05-12 06:35:00,Aurelia F204,0.11072,0.0,0.0,0.0,0.00847,0.0,0.07440999999999999,0.02813,0.0,0.06055,0.03417,0.0,0.0,0.0,0.0,0.03582,0.0,0.09423999999999999
2025-05-12 06:40:00,Aurelia F204,0.09577,0.0,0.0,0.0,0.0083,0.0,0.08756,0.0,0.0,0.06111,0.03442,0.0,0.0,0.0,0.0,0.036090000000000004,0.0,0.09445
2025-05-12 06:45:00,Aurelia F204,0.08703,0.0,0.0,0.0,0.0,0.0,0.08721,0.0,0.0,0.0,0.03425,0.0,0.0,0.0,0.0,0.03587,0.0,0.013980000000000001
2025-05-12 06:50:00,Aurelia F204,0.08567,0.0,0.0,0.0,0.0,0.0,0.08587,0.0,0.0,0.0,0.03442,0.0,0.0,0.0,0.0,0.03612,0.0,0.01397
2025-05-12 06:55:00,Aurelia F204,0.08373,0.0,0.0,0.0,0.0,0.0,0.08392000000000001,0.0,0.0,0.0,0.0347,0.0,0.0,0.0,0.0,0.03633,0.0,0.01411
2025-05-12 07:00:00,Aurelia F204,0.07916,0.0,0.0,0.0,0.0,0.0,0.0793,0.0,0.0,0.0,0.03465,0.0,0.0,0.0,0.0,0.03644,0.0,0.014150000000000001
2025-05-12 07:05:00,Aurelia F204,0.07848000000000001,0.0,0.0,0.0,0.0,0.0,0.07876999999999999,0.0,0.0,0.0,0.03447,0.0,0.0,0.0,0.0,0.03606,0.0,0.01423
2025-05-12 07:10:00,Aurelia F204,0.0,0.0,0.0,0.0,0.0,0.0,0.00062,0.0,0.0,0.0,0.03419,0.0,0.0,0.0,0.0,0.0358,0.0,0.014060000000000001
2025-05-12 07:15:00,Aurelia F204,0.0,0.0,0.0,0.0,0.0,0.0,0.00034,0.0,0.0,0.0,0.03402,0.0,0.0,0.0,0.0,0.03566,0.0,0.01392
2025-05-12 07:20:00,Aurelia F204,0.0,0.0,0.0,0.0,0.0,0.0,0.0003,0.0,0.0,0.0,0.03409,0.0,0.0,0.0,0.0,0.03583,0.0,0.014029999999999999
2025-05-12 07:25:00,Aurelia F204,0.0,0.0,0.0,0.0,0.0,0.0,0.00041999999999999996,0.0,0.0,0.0,0.03399,0.0,0.0,0.0,0.0,0.03566,0.0,0.014039999999999999
2025-05-12 07:30:00,Aurelia F204,0.0,0.0,0.0,0.0,0.0,0.0,0.00035,0.0,0.0,0.0,0.03375,0.0,0.0,0.0,0.0,0.0354,0.0,0.014119999999999999
2025-05-12 07:35:00,Aurelia F204,0.0,0.0,0.0,0.0,0.0,0.0,0.00025,0.0,0.0,0.0,0.03392,0.0,0.0,0.00884,0.0,0.04428,0.0,0.01409
2025-05-12 07:40:00,Aurelia F204,0.009980000000000001,0.0,0.0,0.0,0.00848,0.0,0.00049,0.0,0.0,0.0,-1e-05,0.0,0.0,0.0,0.0,0.0,0.0,0.01445
2025-05-12 07:45:00,Aurelia F204,0.02942,0.0,0.0,0.0,0.0,0.0,0.00022,0.028329999999999998,0.0,0.0,-1e-05,0.0,0.0,0.0,0.0,0.0,0.0,0.01419
2025-05-12 07:50:00,Aurelia F204,0.02939,0.0,0.0,0.0,0.0,0.0,0.00033,0.02837,0.0,0.0,0.03445,0.0,0.0,0.0,0.0,0.03602,0.0,0.014070000000000001
2025-05-12 07:55:00,Aurelia F204,0.10441,0.0,0.0,0.0,0.0,0.0,0.07665999999999999,0.028239999999999998,0.0,0.0,0.03399,0.0,0.0,0.0,0.0,0.03566,0.0,0.01405
2025-05-12 08:00:00,Aurelia F204,0.11666,0.0,0.0,0.0,0.0,0.0,0.08895,0.02823,0.0,0.0,0.03413,0.0,0.0,0.0,0.0,0.03573,0.0,0.014039999999999999
2025-05-12 08:05:00,Aurelia F204,0.11445999999999999,0.0,0.0,0.0,0.0,0.0,0.08682,0.02818,0.0,0.0,0.03359,0.0,0.0,0.0,0.0,0.0352,0.0,0.014
2025-05-12 08:10:00,Aurelia F204,0.11431999999999999,0.0,0.0,0.0,0.0,0.0,0.08662,0.02813,0.0,0.0,0.03389,0.0,0.0,0.0,0.0,0.03547,0.0,0.01433
2025-05-12 08:15:00,Aurelia F204,0.11437,0.0,0.0,0.0,0.0,0.0,0.08673,0.02816,0.0,0.0,0.03351,0.0,0.0,0.0,0.0,0.03506,0.0,0.01397
2025-05-12 08:20:00,Aurelia F204,0.10475,0.0,0.0,0.0,0.0,0.0,0.07711,0.028140000000000002,0.0,0.0,0.0334,0.0,0.0,0.0,0.0,0.03486,0.0,0.01399
2025-05-12 08:25:00,Aurelia F204,0.10215,0.0,0.0,0.0,0.0,0.0,0.0745,0.02819,0.0,0.0,0.03318,0.0,0.0,0.0,0.0,0.03467,0.0,0.014039999999999999
2025-05-12 08:30:00,Aurelia F204,0.10155,0.0,0.0,0.0,0.0,0.0,0.07393000000000001,0.02816,0.0,0.0,0.03302,0.0,0.0,0.0,0.0,0.03465,0.0,0.01399
2025-05-12 08:35:00,Aurelia F204,0.10107,0.0,0.0,0.0,0.0,0.0,0.07376,0.028120000000000003,0.0,0.0,0.03272,0.0,0.0,0.0,0.0,0.03438,0.0,0.01427
2025-05-12 08:40:00,Aurelia F204,0.02921,0.0,0.0,0.0,0.0,0.0,0.00034,0.02807,0.0,0.0,0.03322,0.0,0.0,0.0,0.0,0.03487,0.0,0.014039999999999999
2025-05-12 08:45:00,Aurelia F204,0.02916,0.0,0.0,0.0,0.0,0.0,0.00039,0.02816,0.0,0.0,0.03304,0.0,0.0,0.0,0.0,0.034570000000000004,0.0,0.01411
2025-05-12 08:50:00,Aurelia F204,0.0291,0.0,0.0,0.0,0.0,0.0,0.00022,0.028059999999999998,0.0,0.0,0.032850000000000004,0.0,0.0,0.0,0.0,0.03437,0.0,0.01416
2025-05-12 08:55:00,Aurelia F204,1e-05,0.0,0.0,0.0,0.0,0.0,0.00054,0.0,0.0,0.0,0.03275,0.0,0.0,0.0,0.0,0.03449,0.0,0.01433
2025-05-12 09:00:00,Aurelia F204,1e-05,0.0,0.0,0.0,0.0,0.0,0.00023,0.0,0.0,0.0,0.032490000000000005,0.0,0.0,0.0,0.0,0.03412,0.0,0.014
2025-05-12 09:05:00,Aurelia F204,0.0,0.0,0.0,0.0,0.0,0.0,0.00039,0.0,0.0,0.0,0.03215,0.0,0.0,0.0,0.0,0.03376,0.0,0.013980000000000001
2025-05-12 09:10:00,Aurelia F204,0.0,0.0,0.0,0.0,0.0,0.0,0.00037,0.0,0.0,0.0,0.03226,0.0,0.0,0.0,0.0,0.03385,0.0,0.01417
2025-05-12 09:15:00,Aurelia F204,0.0,0.0,0.0,0.0,0.0,0.0,0.00014000000000000001,0.0,0.0,0.0,0.03188,0.0,0.0,0.0,0.0,0.03345,0.0,0.01451
2025-05-12 09:20:00,Aurelia F204,0.00855,0.0,0.0,0.0,0.0,0.0,0.00886,0.0,0.0,0.0,0.03195,0.0,0.0,0.0,0.0,0.03358,0.0,0.013980000000000001
2025-05-12 09:25:00,Aurelia F204,0.0985,0.0,0.0,0.0,0.0,0.0,0.09870999999999999,0.0,0.0,0.0,0.03177,0.0,0.0,0.0,0.0,0.0334,0.0,0.013980000000000001
2025-05-12 09:30:00,Aurelia F204,0.09237999999999999,0.0,0.0,0.0,0.0,0.0,0.09261,0.0,0.0,0.0,0.03188,0.0,0.0,0.0,0.0,0.03352,0.0,0.01436
2025-05-12 09:35:00,Aurelia F204,0.08936,0.0,0.0,0.0,0.0,0.0,0.08956,0.0,0.0,0.0,0.03253,0.0,0.0,0.0,0.0,0.03417,0.0,0.01417
2025-05-12 09:40:00,Aurelia F204,0.08846,0.0,0.0,0.0,0.0,0.0,0.08874,0.0,0.0,0.0,0.03345,0.0,0.0,0.0,0.0,0.03518,0.0,0.01399
2025-05-12 09:45:00,Aurelia F204,0.0875,0.0,0.0,0.0,0.0,0.0,0.08774,0.0,0.0,0.0,0.03325,0.0,0.0,0.0,0.0,0.03486,0.0,0.01435
2025-05-12 09:50:00,Aurelia F204,0.1678,0.0,0.0,0.0,0.00845,0.0,0.13084,0.02868,0.0,0.016730000000000002,0.07956,0.0,0.0,0.0,0.0,0.08111,0.0,0.03189
2025-05-12 09:55:00,Aurelia F204,0.16573,0.0,0.0,0.0,0.00839,0.0,0.12929,0.02842,0.0,0.01669,0.11477,0.0,0.0,0.0,0.0,0.11599,0.0,0.03188
2025-05-12 10:00:00,Aurelia F204,0.16426,0.0,0.08022,0.0,0.00831,0.0,0.12802000000000002,0.02826,0.0,0.01668,0.11957,0.0,0.0,0.0,0.0,0.12086,0.0,0.11349
2025-05-12 10:05:00,Aurelia F204,0.22209,0.0,0.07936,0.0,0.00825,0.0,0.12753,0.08635,0.0,0.08161,0.11016,0.0,0.0,0.0,0.0,0.11165,0.0,0.25825
2025-05-12 10:10:00,Aurelia F204,0.21944,0.0,0.07787000000000001,0.0,0.00821,0.0,0.12649,0.08486,0.0,0.0,0.10479999999999999,0.0,0.0,0.0,0.0,0.10634,0.0,0.09344
2025-05-12 10:15:00,Aurelia F204,0.21815,0.0,0.07765999999999999,0.0,0.00835,0.0,0.12556,0.08451,0.0,0.0,0.10268000000000001,0.0,0.0,0.0,0.0,0.10428,0.0,0.09298999999999999
2025-05-12 10:20:00,Aurelia F204,0.21722999999999998,0.0,0.07696,0.0,0.008400000000000001,0.0,0.12549,0.08353000000000001,0.0,0.0,0.0947,0.0,0.0,0.0,0.0,0.09652,0.0,0.09251000000000001
2025-05-12 10:25:00,Aurelia F204,0.18941,0.0,0.0,0.0,0.008400000000000001,0.0,0.12564,0.055630000000000006,0.0,0.0,0.08419,0.0,0.0,0.0089,0.0,0.09458,0.0,0.01405
2025-05-12 10:30:00,Aurelia F204,0.0,0.0,0.0,0.0,0.0,0.0,0.00029,0.0,0.0,0.0,0.0857,0.0,0.0,0.0,0.0,0.08753,0.0,0.01423
2025-05-12 10:35:00,Aurelia F204,0.0,0.0,0.0,0.0,0.0,0.0,0.00023,0.0,0.0,0.0,0.08356,0.0,0.0,0.0,0.0,0.08526,0.0,0.014369999999999999
2025-05-12 10:40:00,Aurelia F204,0.052539999999999996,0.0,0.0,0.0,0.0,0.0,0.05281,0.0,0.0,0.0,0.07873999999999999,0.0,0.0,0.0,0.0,0.08059000000000001,0.0,0.01422
2025-05-12 10:45:00,Aurelia F204,0.05629,0.0,0.0,0.0,0.0,0.0,0.056549999999999996,0.0,0.0,0.0,0.07804000000000001,0.0,0.0,0.0,0.0,0.07970999999999999,0.0,0.01399
2025-05-12 10:50:00,Aurelia F204,0.05636,0.0,0.0,0.0,0.0,0.0,0.05662,0.0,0.0,0.0,0.07562,0.0,0.0,0.0,0.0,0.07739,0.0,0.0141
2025-05-12 10:55:00,Aurelia F204,0.055869999999999996,0.0,0.0,0.0,0.0,0.0,0.05615,0.0,0.0,0.0,0.07804000000000001,0.0,0.0,0.0,0.0,0.07984000000000001,0.0,0.01405
2025-05-12 11:00:00,Aurelia F204,0.05533,0.0,0.0,0.0,0.0,0.0,0.055619999999999996,0.0,0.0,0.0,0.0317,0.0,0.0,0.0,0.0,0.033460000000000004,0.0,0.013980000000000001
2025-05-12 11:05:00,Aurelia F204,0.05509,0.0,0.0,0.0,0.0,0.0,0.05553,0.0,0.0,0.0,0.03189,0.0,0.0,0.0,0.0,0.0335,0.0,0.0141
2025-05-12 11:10:00,Aurelia F204,0.05479,0.0,0.0,0.0,0.0,0.0,0.055020000000000006,0.0,0.0,0.0,0.03178,0.0,0.0,0.0,0.0,0.033350000000000005,0.0,0.01402
2025-05-12 11:15:00,Aurelia F204,0.054740000000000004,0.0,0.0,0.0,0.0,0.0,0.054950000000000006,0.0,0.0,0.0,0.03159,0.0,0.0,0.0,0.0,0.033159999999999995,0.0,0.014150000000000001
2025-05-12 11:20:00,Aurelia F204,0.054270000000000006,0.0,0.0,0.0,0.0,0.0,0.05446,0.0,0.0,0.0,0.03183,0.0,0.0,0.0,0.0,0.03352,0.0,0.01399
2025-05-12 11:25:00,Aurelia F204,0.054200000000000005,0.0,0.0,0.0,0.0,0.0,0.054509999999999996,0.0,0.0,0.0,0.03232,0.0,0.0,0.0,0.0,0.033960000000000004,0.0,0.014150000000000001
2025-05-12 11:30:00,Aurelia F204,0.05379,0.0,0.0,0.0,0.0,0.0,0.05407,0.0,0.0,0.0,0.03261,0.0,0.0,0.0,0.0,0.0342,0.0,0.01413
2025-05-12 11:35:00,Aurelia F204,0.05356,0.0,0.0,0.0,0.0,0.0,0.053840000000000006,0.0,0.0,0.0,0.046740000000000004,0.0,0.0,0.0,0.0,0.04811,0.0,0.01433
2025-05-12 11:40:00,Aurelia F204,0.053259999999999995,0.0,0.0,0.0,0.0,0.0,0.053450000000000004,0.0,0.0,0.0,0.04547,0.0,0.0,0.00891,0.0,0.05572,0.0,0.014150000000000001
2025-05-12 11:45:00,Aurelia F204,0.05317,0.0,0.0,0.0,0.0,0.0,0.05349,0.0,0.0,0.0,0.04507,0.0,0.0,0.0,0.0,0.0464,0.0,0.01411
2025-05-12 11:50:00,Aurelia F204,0.21168,0.0,0.0,0.0,0.0,0.0,0.213,0.0,0.0,0.0,0.17926,0.0,0.0,0.0,0.0,0.18408,0.0,0.056400000000000006
2025-05-12 11:55:00,Aurelia F204,0.09773,0.0,0.0,0.0,0.0,0.0,0.09808,0.0,0.0,0.0,0.10757,0.0,0.0,0.0,0.0,0.10890000000000001,0.0,0.014029999999999999
2025-05-12 12:00:00,Aurelia F204,0.09581,0.0,0.0,0.0,0.0,0.0,0.09606999999999999,0.0,0.0,0.0,0.10291,0.0,0.0,0.0,0.0,0.10467,0.0,0.01416
2025-05-12 12:05:00,Aurelia F204,0.09293000000000001,0.0,0.0,0.0,0.0,0.0,0.09322,0.0,0.0,0.0,0.09951,0.0,0.0,0.0,0.0,0.10118,0.0,0.0145
2025-05-12 12:40:00,Aurelia F204,0.0445,0.0,0.0,0.0,0.0,0.0,0.04486,0.0,0.0,0.0,0.04675,0.0,0.0,0.0,0.0,0.047200000000000006,0.0,0.01425
2025-05-12 12:45:00,Aurelia F204,0.04425,0.0,0.0,0.0,0.0,0.0,0.0445,0.0,0.0,0.0,0.04629,0.0,0.0,0.0,0.0,0.04668,0.0,0.01405
2025-05-12 12:50:00,Aurelia F204,0.08696,0.0,0.0,0.0,0.0,0.0,0.08721999999999999,0.0,0.0,0.0,0.046479999999999994,0.0,0.0,0.0,0.0,0.047020000000000006,0.0,0.014289999999999999
2025-05-12 12:55:00,Aurelia F204,0.08183,0.0,0.0,0.0,0.0,0.0,0.08208,0.0,0.0,0.0,0.046439999999999995,0.0,0.0,0.0,0.0,0.047270000000000006,0.0,0.0141
2025-05-12 13:00:00,Aurelia F204,0.07973000000000001,0.0,0.0,0.0,0.0,0.0,0.08006,0.0,0.0,0.0,0.04757,0.0,0.0,0.0,0.0,0.04828,0.0,0.01444
2025-05-12 13:05:00,Aurelia F204,0.07905,0.0,0.0,0.0,0.0,0.0,0.07940000000000001,0.0,0.0,0.0,0.047619999999999996,0.0,0.0,0.0,0.0,0.04858,0.0,0.01447
2025-05-12 13:10:00,Aurelia F204,0.07809,0.0,0.0,0.0,0.0,0.0,0.07840000000000001,0.0,0.0,0.0,0.047869999999999996,0.0,0.0,0.0,0.0,0.0484,0.0,0.01409
2025-05-12 13:15:00,Aurelia F204,0.07831999999999999,0.0,0.0,0.0,0.0,0.0,0.07867,0.0,0.0,0.0,0.048,0.0,0.0,0.0,0.0,0.04887,0.0,0.01446
2025-05-12 13:20:00,Aurelia F204,0.09218000000000001,0.0,0.0,0.0,0.0,0.0,0.09246,0.0,0.0,0.0,0.047729999999999995,0.0,0.0,0.0,0.0,0.04854,0.0,0.014150000000000001
2025-05-12 13:25:00,Aurelia F204,0.09267,0.0,0.0,0.0,0.0,0.0,0.09287000000000001,0.0,0.0,0.0,0.04804,0.0,0.0,0.0,0.0,0.04846,0.0,0.01422
2025-05-12 13:30:00,Aurelia F204,0.08907999999999999,0.0,0.0,0.0,0.0,0.0,0.08941,0.0,0.0,0.0,0.10776000000000001,0.0,0.0,0.0,0.0,0.10898999999999999,0.0,0.014029999999999999
2025-05-12 13:35:00,Aurelia F204,0.0787,0.0,0.0,0.0,0.0,0.0,0.07887999999999999,0.0,0.0,0.0,0.08351,0.97319,0.0,0.0,0.0,1.05945,0.0,0.01137
2025-05-12 13:40:00,Aurelia F204,0.07705,0.0,0.0,0.0,0.0,0.0,0.07737999999999999,0.0,0.0,0.0,0.08567,1.1441199999999998,0.0,0.0,0.0,1.23275,0.0,0.0116
2025-05-12 13:45:00,Aurelia F204,0.07671,0.0,0.0,0.0,0.0,0.0,0.07706,0.0,0.0,0.0,0.07486,1.15086,0.0,0.0,0.0,1.22845,0.0,0.011179999999999999
2025-05-12 13:50:00,Aurelia F204,0.07576000000000001,0.0,0.0,0.0,0.0,0.0,0.0761,0.0,0.0,0.0,0.06753,1.15526,0.0,0.0,0.0,1.2255699999999998,0.0,0.011210000000000001
2025-05-12 13:55:00,Aurelia F204,0.07488,0.0,0.0,0.0,0.0,0.0,0.07526000000000001,0.0,0.0,0.0,0.07784,1.14411,0.0,0.0,0.0,1.2247000000000001,0.0,0.01103
2025-05-12 14:00:00,Aurelia F204,0.09208,0.0,0.0,0.0,0.0,0.0,0.09251999999999999,0.0,0.0,0.0,0.08066,1.14045,0.0,0.0,0.0,1.22383,0.0,0.011269999999999999
2025-05-12 14:05:00,Aurelia F204,0.09064,0.0,0.0,0.0,0.0,0.0,0.09090999999999999,0.0,0.0,0.0,0.07051,1.141,0.0,0.0,0.0,1.21439,0.0,0.01114
2025-05-12 14:10:00,Aurelia F204,0.07884999999999999,0.0,0.0,0.0,0.0,0.0,0.07918,0.0,0.0,0.0,0.07045,1.1148399999999998,0.0,0.0,0.0,1.18799,0.0,0.01112
2025-05-12 14:15:00,Aurelia F204,0.07523,0.0,0.0,0.0,0.0,0.0,0.07546,0.0,0.0,0.0,0.02568,1.14245,0.0,0.0,0.0,1.1707400000000001,0.0,0.011470000000000001
2025-05-12 14:20:00,Aurelia F204,0.07418000000000001,0.0,0.0,0.0,0.0,0.0,0.07457,0.0,0.0,0.0,0.02556,1.1366500000000002,0.0,0.0,0.0,1.1647,0.0,0.011009999999999999
2025-05-12 14:25:00,Aurelia F204,0.07433,0.0,0.0,0.0,0.0,0.0,0.07474,0.0,0.0,0.0,0.02553,1.12553,0.0,0.0,0.0,1.15364,0.0,0.01104
2025-05-12 14:30:00,Aurelia F204,0.07386,0.0,0.0,0.0,0.0,0.0,0.07418999999999999,0.0,0.0,0.0,0.02547,1.1384100000000001,0.0,0.0,0.0,1.16648,0.0,0.01114
2025-05-12 14:35:00,Aurelia F204,0.0,0.0,0.0,0.0,0.0,0.0,0.00035,0.0,0.0,0.0,0.02557,0.96858,0.0,0.0,0.0,0.99663,0.0,0.01104
2025-05-12 14:40:00,Aurelia F204,0.0,0.0,0.0,0.0,0.0,0.0,0.0003,0.0,0.0,0.0,0.0256,0.96461,0.0,0.0,0.0,0.99281,0.0,0.01117
2025-05-12 14:45:00,Aurelia F204,2e-05,0.0,0.0,0.0,0.0,0.0,0.00034,0.0,0.0,0.0,0.02533,0.97369,0.0,0.0,0.0,1.00145,0.0,0.01116
2025-05-12 14:50:00,Aurelia F204,0.0,0.0,0.0,0.0,0.0,0.0,0.00022,0.0,0.0,0.0,0.0253,0.97156,0.0,0.0,0.0,0.9995,0.0,0.01106
2025-05-12 14:55:00,Aurelia F204,0.0,0.0,0.0,0.0,0.0,0.0,0.00029,0.0,0.0,0.0,0.02543,0.97299,0.0,0.0,0.0,1.00085,0.0,0.011460000000000001
2025-05-12 15:00:00,Aurelia F204,1e-05,0.0,0.0,0.0,0.0,0.0,0.00041999999999999996,0.0,0.0,0.0,0.02562,0.97351,0.0,0.0,0.0,1.00152,0.0,0.011179999999999999
2025-05-12 15:05:00,Aurelia F204,2e-05,0.0,0.0,0.0,0.0,0.0,0.00037,0.0,0.0,0.0,0.02571,0.9756699999999999,0.0,0.0,0.0,1.00374,0.0,0.01099
2025-05-12 15:10:00,Aurelia F204,4e-05,0.0,0.0,0.0,0.0,0.0,0.00033,0.0,0.0,0.0,0.02552,0.97004,0.0,0.0,0.0,0.99814,0.0,0.01103
2025-05-12 15:15:00,Aurelia F204,0.04932,0.0,0.0,0.0,0.0,0.0,0.049710000000000004,0.0,0.0,0.0,0.02548,0.97841,0.0,0.0,0.0,1.00643,0.0,0.01114
2025-05-12 15:20:00,Aurelia F204,0.04939,0.0,0.0,0.0,0.0,0.0,0.04967,0.0,0.0,0.0,0.07375,0.9845700000000001,0.0,0.0,0.0,1.0611400000000002,0.0,0.010960000000000001
2025-05-12 15:25:00,Aurelia F204,0.04865,0.0,0.0,0.0,0.0,0.0,0.04887,0.0,0.0,0.0,0.06392,0.97922,0.0,0.0,0.0,1.04579,0.0,0.01114
2025-05-12 15:30:00,Aurelia F204,0.04918,0.0,0.0,0.0,0.0,0.0,0.04954,0.0,0.0,0.0,0.07773999999999999,0.99506,0.0,0.0,0.0,1.07543,0.0,0.01112
2025-05-12 15:35:00,Aurelia F204,0.04881,0.0,0.0,0.0,0.0,0.0,0.049159999999999995,0.0,0.0,0.0,0.05873,0.97946,0.0,0.0,0.0,1.04087,0.0,0.01099
2025-05-12 15:40:00,Aurelia F204,0.04908,0.0,0.0,0.0,0.0,0.0,0.04929,0.0,0.0,0.0,0.05212,0.00534,0.0,0.0,0.0,0.059770000000000004,0.0,0.01126
2025-05-12 15:45:00,Aurelia F204,0.04902,0.0,0.0,0.0,0.0,0.0,0.04935,0.0,0.0,0.0,0.046509999999999996,1.00936,0.0,0.0,0.0,1.05849,0.0,0.01104
2025-05-12 15:50:00,Aurelia F204,0.04875,0.0,0.0,0.0,0.0,0.0,0.04907,0.0,0.0,0.0,0.04224,1.15323,0.0,0.0,0.0,1.19821,0.0,0.0112
2025-05-12 15:55:00,Aurelia F204,0.04915,0.0,0.0,0.0,0.0,0.0,0.04952,0.0,0.0,0.0,0.039009999999999996,1.14504,0.0,0.0,0.0,1.1869100000000001,0.0,0.01116
2025-05-12 16:00:00,Aurelia F204,0.04833,0.0,0.0,0.0,0.0,0.0,0.04879,0.0,0.0,0.0,0.03673,1.1278800000000002,0.0,0.0,0.0,1.16727,0.0,0.011130000000000001
2025-05-12 16:05:00,Aurelia F204,0.04872,0.0,0.0,0.0,0.0,0.0,0.04906,0.0,0.0,0.0,0.03573,0.00354,0.0,0.0,0.0,0.04097,0.0,0.01106
2025-05-12 16:10:00,Aurelia F204,0.04887,0.0,0.0,0.0,0.0,0.0,0.049159999999999995,0.0,0.0,0.0,0.03417,0.0002,0.0,0.0,0.0,0.03721,0.0,0.01107
2025-05-12 16:35:00,Aurelia F204,0.19404,0.0,0.0,0.0,0.0,0.0,0.08613,0.10854000000000001,0.0,0.00937,-4e-05,0.0,0.0,0.0,0.0,0.0,0.0,0.02158
2025-05-12 16:40:00,Aurelia F204,0.2079,0.0,0.0,0.0,0.0,0.0,0.09104000000000001,0.11736,0.0,0.01672,-1e-05,0.0,0.0,0.0,0.0,0.0,0.0,0.032
2025-05-12 16:45:00,Aurelia F204,0.20563,0.0,0.0,0.0,0.0,0.0,0.08993000000000001,0.11631,0.0,0.01659,-1e-05,0.0,0.0,0.0,0.0,0.0,0.0,0.03193
2025-05-12 16:50:00,Aurelia F204,0.20859,0.0,0.0,0.0,0.0,0.0,0.08066,0.12844999999999998,0.0,0.01652,-1e-05,0.0,0.0,0.0,0.0,0.0,0.0,0.03215
2025-05-12 16:55:00,Aurelia F204,0.19147999999999998,0.0,0.0,0.0,0.0,0.0,0.08742,0.10456,0.0,0.0166,-1e-05,0.0,0.0,0.0,0.0,0.0,0.0,0.03189
2025-05-12 17:00:00,Aurelia F204,0.19556,0.0,0.0,0.0,0.0,0.0,0.09056,0.10556,0.0,0.01657,-4e-05,0.0,0.0,0.0,0.0,0.0,0.0,0.03233
2025-05-12 17:05:00,Aurelia F204,0.143,0.0,0.0,0.0,0.0,0.0,0.07109,0.07244,0.0,0.01662,-7.000000000000001e-05,0.0,0.0,0.0,0.0,0.0,0.0,0.03187
2025-05-12 17:10:00,Aurelia F204,0.16609000000000002,0.0,0.0,0.0,0.0,0.0,0.09397,0.07248,0.0,0.01662,-1e-05,0.0,0.0,0.0,0.0,0.0,0.0,0.03183
2025-05-12 17:15:00,Aurelia F204,0.16585,0.0,0.0,0.0,0.0,0.0,0.09342,0.07289,0.0,0.01666,-0.00011999999999999999,0.0,0.0,0.0,0.0,0.0,0.0,0.03195
2025-05-12 17:40:00,Aurelia F204,0.13327,0.0,0.0,0.0,0.0,0.0,0.04776,0.08593,0.0,0.08349,-4e-05,0.0,0.0,0.0,0.0,0.0,0.0,0.0986
2025-05-12 17:45:00,Aurelia F204,0.13208,0.0,0.0,0.0,0.0,0.0,0.046740000000000004,0.08592,0.0,0.08165,0.0,0.0,0.0,0.0,0.0,0.0,0.0,0.09689
2025-05-12 17:50:00,Aurelia F204,0.13213999999999998,0.0,0.0,0.0,0.0,0.0,0.1044,0.02818,0.0,0.0166,-8e-05,0.0,0.0,0.0,0.0,0.0,0.0,0.03202
2025-05-12 17:55:00,Aurelia F204,0.12476999999999999,0.0,0.0,0.0,0.0,0.14573,0.09720000000000001,0.02813,0.0,0.01663,-7.000000000000001e-05,0.0,0.0,0.0,0.0,0.14585,0.0,0.032060000000000005
2025-05-12 18:00:00,Aurelia F204,0.12653,0.0,0.0,0.0,0.0,0.13897,0.09906999999999999,0.0282,0.0,0.08259,-5.9999999999999995e-05,0.0,0.0,0.0,0.0,0.13912,0.0,0.09827
2025-05-12 18:05:00,Aurelia F204,0.12975,0.0,0.0,0.0,0.0,0.13411,0.10217,0.02813,0.0,0.08086,0.005860000000000001,0.0,0.0,0.0,0.0,0.14144,0.0,0.0964
2025-05-12 18:10:00,Aurelia F204,0.12516,0.0,0.0,0.0,0.0,0.0,0.09759000000000001,0.028050000000000002,0.0,0.08005,0.07465000000000001,0.0,0.0,0.0,0.0,0.07548,0.0,0.09597
2025-05-12 18:15:00,Aurelia F204,0.09819,0.0,0.0,0.0,0.0,0.0,0.09845999999999999,0.0,0.0,0.016730000000000002,0.00594,0.0,0.0,0.0,0.0,0.007549999999999999,0.0,0.03188
2025-05-12 18:20:00,Aurelia F204,0.09623999999999999,0.0,0.0,0.0,0.0,0.0,0.09656,0.0,0.0,0.016800000000000002,0.00591,0.0,0.0,0.0,0.0,0.0076500000000000005,0.0,0.032369999999999996
2025-05-12 18:25:00,Aurelia F204,0.09462000000000001,0.0,0.0,0.0,0.0,0.0,0.09487000000000001,0.0,0.0,0.01676,0.00594,0.0,0.0,0.0,0.0,0.0076,0.0,0.032060000000000005
2025-05-12 18:30:00,Aurelia F204,0.0952,0.0,0.0,0.0,0.0,0.0,0.09544,0.0,0.0,0.01675,0.00596,0.0,0.0,0.0,0.0,0.0077599999999999995,0.0,0.032060000000000005
2025-05-12 18:35:00,Aurelia F204,0.09553,0.0,0.0,0.0,0.0,0.0,0.09561,0.0,0.0,0.01675,0.006,0.0,0.0,0.0,0.0,0.00764,0.0,0.03186
2025-05-12 18:40:00,Aurelia F204,0.09417,0.0,0.0,0.0,0.0,0.0,0.09444,0.0,0.0,0.016800000000000002,0.006019999999999999,0.0,0.0,0.0,0.0,0.007809999999999999,0.0,0.03211
2025-05-12 18:45:00,Aurelia F204,0.094,0.0,0.0,0.0,0.0,0.0,0.09431,0.0,0.0,0.01676,0.006019999999999999,0.0,0.0,0.0,0.0,0.00771,0.0,0.03186
2025-05-12 18:50:00,Aurelia F204,0.12135,0.0,0.0,0.0,0.0,0.0,0.09355,0.02828,0.0,0.01657,0.006059999999999999,0.0,0.0,0.0,0.0,0.007549999999999999,0.0,0.03222
2025-05-12 18:55:00,Aurelia F204,0.12311,0.0,0.0,0.0,0.0,0.0,0.09542,0.02818,0.0,0.01643,0.03707,0.0,0.0,0.0,0.0,0.038770000000000006,0.0,0.10359
2025-05-12 19:00:00,Aurelia F204,0.12031,0.0,0.0,0.0,0.0,0.0,0.09259,0.028239999999999998,0.0,0.07036,0.03667,0.0,0.0,0.0,0.0,0.038380000000000004,0.0,0.18947999999999998
2025-05-12 19:05:00,Aurelia F204,0.12021,0.0,0.0,0.0,0.0,0.0,0.09270999999999999,0.0281,0.0,0.06944,0.03624,0.0,0.0,0.0,0.0,0.03804,0.0,0.18656
2025-05-12 19:10:00,Aurelia F204,0.12387000000000001,0.0,0.0,0.0,0.0,0.0,0.09629,0.02811,0.0,0.06903000000000001,0.036090000000000004,0.0,0.0,0.0,0.0,0.037829999999999996,0.0,0.18487
2025-05-12 19:15:00,Aurelia F204,0.12365999999999999,0.0,0.0,0.0,0.0,0.0,0.09598000000000001,0.0281,0.50041,0.01656,0.006,0.0,0.0,0.0,0.0,0.00764,0.0,0.63313
2025-05-12 19:20:00,Aurelia F204,0.124,0.0,0.0,0.0,0.0,0.0,0.09637000000000001,0.02807,1.57467,0.01666,0.006,0.0,0.0,0.0,0.0,0.007730000000000001,0.0,1.70575
2025-05-12 19:25:00,Aurelia F204,0.12234,0.0,0.0,0.0,0.0,0.13878000000000001,0.0947,0.02819,1.5826600000000002,0.01659,0.006030000000000001,0.0,0.0,0.0,0.0,0.14615999999999998,0.0,1.71275
2025-05-12 19:30:00,Aurelia F204,0.12125,0.0,0.0,0.0,0.0,0.1328,0.09356999999999999,0.02807,1.5699,0.0167,0.006019999999999999,0.0,0.0,0.0,0.0,0.1404,0.0,1.70007
2025-05-12 19:35:00,Aurelia F204,0.09373000000000001,0.0,0.0,0.0,0.0,0.0,0.09395999999999999,0.0,1.26271,0.01671,0.0059299999999999995,0.0,0.0,0.0,0.0,0.00771,0.0,1.39255
2025-05-12 19:40:00,Aurelia F204,0.09165000000000001,0.0,0.0,0.0,0.0,0.0,0.09186,0.0,1.21872,0.01686,0.006019999999999999,0.0,0.0,0.0,0.0,0.00771,0.0,1.34909
2025-05-12 19:45:00,Aurelia F204,0.11845,0.0,0.0,0.0,0.0,0.0,0.09078,0.028300000000000002,1.23434,0.01659,0.00604,0.0,0.0,0.0,0.0,0.007679999999999999,0.0,1.3648699999999998
2025-05-12 19:50:00,Aurelia F204,0.11746,0.0,0.0,0.0,0.0,0.0,0.08981,0.02811,1.3232300000000001,0.01663,0.00601,0.0,0.0,0.0,0.0,0.0077800000000000005,0.0,1.4541199999999999
2025-05-12 19:55:00,Aurelia F204,0.11882,0.0,0.0,0.0,0.0,0.0,0.09112999999999999,0.02816,1.46922,0.01668,0.00591,0.0,0.0,0.0,0.0,0.00756,0.0,1.59667
2025-05-12 20:00:00,Aurelia F204,0.09651,0.0,0.0,0.0,0.0,0.0,0.09677,0.0,0.52464,0.01682,0.00575,0.0,0.0,0.0,0.0,0.00751,0.0,0.65012
2025-05-12 20:05:00,Aurelia F204,0.09315000000000001,0.0,0.0,0.0,0.0,0.0,0.09326999999999999,0.0,0.75606,0.01692,0.005809999999999999,0.0,0.0,0.0,0.0,0.00753,0.0,0.8813099999999999
2025-05-12 20:10:00,Aurelia F204,0.09595000000000001,0.0,0.0,0.0,0.0,0.0,0.09618,0.0,0.7414299999999999,0.01688,0.005809999999999999,0.0,0.0,0.0,0.0,0.00747,0.0,0.8660599999999999
2025-05-12 20:15:00,Aurelia F204,0.09279000000000001,0.0,0.0,0.0,0.0,0.0,0.09307,0.0,0.8700399999999999,0.01692,0.00583,0.0,0.0,0.0,0.0,0.00757,0.0,0.99473
2025-05-12 20:20:00,Aurelia F204,0.13411,0.0,0.0,0.0,0.0,0.0,0.13426,0.0,0.7456799999999999,0.01695,0.005809999999999999,0.0,0.0,0.0,0.0,0.0074,0.0,0.87033
2025-05-12 20:25:00,Aurelia F204,0.13304,0.0,0.0,0.0,0.0,0.0,0.13303,0.0,0.5042,0.01686,0.005809999999999999,0.0,0.0,0.0,0.0,0.00753,0.0,0.62986
2025-05-12 20:30:00,Aurelia F204,0.13183,0.0,0.0,0.0,0.0,0.0,0.13211,0.0,0.57369,0.01678,0.00578,0.0,0.0,0.0,0.0,0.00741,0.0,0.69838
2025-05-12 20:35:00,Aurelia F204,0.13215000000000002,0.0,0.0,0.0,0.0,0.0,0.13251,0.0,0.0,0.0,0.04603,0.51005,0.0,0.0,0.0,0.55802,0.0,0.015189999999999999
2025-05-12 20:40:00,Aurelia F204,0.13294,0.0,0.0,0.0,0.0,0.0,0.13313999999999998,0.0,0.0,0.0,0.04536,1.0831099999999998,0.0,0.0,0.0,1.13049,0.0,0.01125
2025-05-12 20:45:00,Aurelia F204,0.13243000000000002,0.0,0.0,0.0,0.0,0.0,0.13268000000000002,0.0,0.0,0.0,0.0446,1.09402,0.0,0.00882,0.0,1.14953,0.0,0.01109
2025-05-12 20:50:00,Aurelia F204,0.13169999999999998,0.0,0.0,0.0,0.0,0.0,0.13198,0.0,0.0,0.017329999999999998,0.04463,0.72496,0.0,0.0,0.0,0.77158,0.0,0.02927
2025-05-12 20:55:00,Aurelia F204,0.13172999999999999,0.0,0.0,0.0,0.0,0.0,0.13202,0.0,0.0,0.0,0.04455,0.80652,0.0,0.0,0.0,0.8530800000000001,0.0,0.01126
2025-05-12 21:00:00,Aurelia F204,1e-05,0.0,0.0,0.0,0.0,0.0,0.00041999999999999996,0.0,0.0,0.0,0.04468,0.79672,0.0,0.0,0.0,0.84324,0.0,0.011009999999999999
2025-05-12 21:05:00,Aurelia F204,2e-05,0.0,0.0,0.0,0.0,0.0,0.00029,0.0,0.0,0.0,0.04485,0.5037,0.0,0.0,0.0,0.5502400000000001,0.0,0.01107
2025-05-12 21:10:00,Aurelia F204,0.054229999999999993,0.0,0.0,0.0,0.0,0.0,0.054520000000000006,0.0,0.0,0.0,0.0446,0.49924,0.0,0.0,0.0,0.54588,0.0,0.0111
2025-05-12 21:15:00,Aurelia F204,0.05659,0.0,0.0,0.0,0.0,0.0,0.05684,0.0,0.0,0.0,0.044539999999999996,0.4995,0.0,0.0,0.0,0.546,0.0,0.01131
2025-05-12 21:20:00,Aurelia F204,0.056659999999999995,0.0,0.0,0.0,0.0,0.0,0.057030000000000004,0.0,0.0,0.0,0.04468,0.49645,0.0,0.0,0.0,0.54292,0.0,0.01125
2025-05-12 21:25:00,Aurelia F204,0.05619,0.0,0.0,0.0,0.0,0.0,0.05658,0.0,0.0,0.0,0.044590000000000005,0.49605,0.0,0.0,0.0,0.5426,0.0,0.01133
2025-05-12 21:30:00,Aurelia F204,0.056350000000000004,0.0,0.0,0.0,0.0,0.0,0.05652,0.0,0.0,0.0,0.04467,0.49638,0.0,0.0,0.0,0.54286,0.0,0.011269999999999999
2025-05-12 21:35:00,Aurelia F204,0.05626,0.0,0.0,0.0,0.0,0.0,0.0565,0.0,0.0,0.0,0.044649999999999995,0.49366000000000004,0.0,0.0,0.0,0.53995,0.0,0.01106
2025-05-12 21:40:00,Aurelia F204,0.0555,0.0,0.0,0.0,0.0,0.0,0.055799999999999995,0.0,0.0,0.0,0.0445,0.49337000000000003,0.0,0.0,0.0,0.5398,0.0,0.01098
2025-05-12 21:45:00,Aurelia F204,0.05509,0.0,0.0,0.0,0.0,0.0,0.055420000000000004,0.0,0.0,0.0,0.04466,0.49472000000000005,0.0,0.0,0.0,0.54135,0.0,0.01099
2025-05-12 21:50:00,Aurelia F204,0.055,0.0,0.0,0.0,0.0,0.0,0.05539,0.0,0.0,0.0,0.044719999999999996,0.49559,0.0,0.0,0.0,0.54208,0.0,0.01105
2025-05-12 21:55:00,Aurelia F204,0.05479,0.0,0.0,0.0,0.0,0.0,0.055130000000000005,0.0,0.0,0.0,0.04474,0.49326,0.0,0.0,0.0,0.53983,0.0,0.011439999999999999
2025-05-12 22:00:00,Aurelia F204,0.054259999999999996,0.0,0.0,0.0,0.0,0.0,0.05446,0.0,0.0,0.0,0.04463,0.49436,0.0,0.0,0.0,0.54087,0.0,0.01124
2025-05-12 22:05:00,Aurelia F204,0.05432,0.0,0.0,0.0,0.0,0.0,0.054740000000000004,0.0,0.0,0.0,0.01993,0.49574,0.0,0.0,0.0,0.51807,0.0,0.011179999999999999
2025-05-12 22:10:00,Aurelia F204,0.05432,0.0,0.0,0.0,0.0,0.0,0.0546,0.0,0.0,0.0,0.019719999999999998,0.49379,0.0,0.0,0.0,0.51616,0.0,0.011179999999999999
2025-05-12 22:15:00,Aurelia F204,0.05355,0.0,0.0,0.0,0.0,0.0,0.05393,0.0,0.0,0.01728,0.019719999999999998,0.49074,0.0,0.0,0.0,0.5127,0.0,0.02927
2025-05-12 22:20:00,Aurelia F204,0.053700000000000005,0.0,0.0,0.0,0.0,0.0,0.05403,0.0,0.0,0.0,0.03644,0.49278,0.0,0.0,0.0,0.5317799999999999,0.0,0.01097
2025-05-12 22:25:00,Aurelia F204,0.05305,0.0,0.0,0.0,0.0,0.0,0.05336,0.0,0.0,0.0,0.03641,0.49513,0.0,0.0,0.0,0.53411,0.0,0.010960000000000001
2025-05-12 22:30:00,Aurelia F204,0.05314,0.0,0.0,0.0,0.0,0.0,0.053439999999999994,0.0,0.0,0.0,0.019579999999999997,0.58576,0.0,0.0,0.0,0.60775,0.0,0.01106
2025-05-12 22:35:00,Aurelia F204,0.05274,0.0,0.0,0.0,0.0,0.0,0.05311,0.0,0.0,0.0,0.01967,0.58274,0.0,0.0,0.0,0.6049800000000001,0.0,0.01098
2025-05-12 22:40:00,Aurelia F204,0.053090000000000005,0.0,0.0,0.0,0.0,0.0,0.05336,0.0,0.0,0.0,0.01966,0.5189400000000001,0.0,0.0,0.0,0.54104,0.0,0.01099
2025-05-12 22:45:00,Aurelia F204,0.05262,0.0,0.0,0.0,0.0,0.0,0.05291,0.0,0.0,0.0,0.01377,0.52211,0.0,0.0,0.0,0.5383,0.0,0.0111
2025-05-12 22:50:00,Aurelia F204,0.05244,0.0,0.0,0.0,0.0,0.0,0.052770000000000004,0.0,0.0,0.0,0.013720000000000001,0.5228200000000001,0.0,0.0,0.0,0.53911,0.0,0.0114
2025-05-12 22:55:00,Aurelia F204,0.05248,0.0,0.0,0.0,0.0,0.0,0.05282,0.0,0.0,0.0,0.01382,0.5251,0.0,0.0,0.0,0.54153,0.0,0.01111
2025-05-12 23:00:00,Aurelia F204,0.052270000000000004,0.0,0.0,0.0,0.0,0.0,0.052469999999999996,0.0,0.0,0.0,0.01384,0.50261,0.0,0.0,0.0,0.51903,0.0,0.011130000000000001
2025-05-12 23:05:00,Aurelia F204,0.05194,0.0,0.0,0.0,0.0,0.0,0.05226,0.0,0.0,0.0,0.013800000000000002,0.50542,0.0,0.0,0.0,0.5216799999999999,0.0,0.01099
2025-05-12 23:10:00,Aurelia F204,0.05193,0.0,0.0,0.0,0.0,0.0,0.052270000000000004,0.0,0.0,0.0,0.013710000000000002,0.50124,0.0,0.0,0.0,0.51761,0.0,0.010960000000000001
2025-05-12 23:15:00,Aurelia F204,0.051840000000000004,0.0,0.0,0.0,0.0,0.0,0.052219999999999996,0.0,0.0,0.0,0.013779999999999999,0.5004700000000001,0.0,0.0,0.0,0.51693,0.0,0.01098
2025-05-12 23:20:00,Aurelia F204,0.051859999999999996,0.0,0.0,0.0,0.0,0.0,0.05217,0.0,0.0,0.0,0.013779999999999999,0.50095,0.0,0.0,0.0,0.51734,0.0,0.01111
2025-05-12 23:25:00,Aurelia F204,0.05152,0.0,0.0,0.0,0.0,0.0,0.05189,0.0,0.0,0.0,0.013779999999999999,0.50282,0.0,0.0,0.0,0.51919,0.0,0.01097
2025-05-12 23:30:00,Aurelia F204,0.051179999999999996,0.0,0.0,0.0,0.0,0.0,0.0515,0.0,0.0,0.0,0.01383,0.49991,0.0,0.0,0.0,0.51622,0.0,0.01093
2025-05-12 23:35:00,Aurelia F204,0.0514,0.0,0.0,0.0,0.0,0.0,0.05169,0.0,0.0,0.0,0.013800000000000002,0.5042,0.0,0.0,0.0,0.52046,0.0,0.01112
2025-05-12 23:40:00,Aurelia F204,0.09627,0.0,0.0,0.0,0.0,0.0,0.09658,0.0,0.0,0.0,0.01382,0.49957,0.0,0.0,0.0,0.5159400000000001,0.0,0.01091
2025-05-12 23:45:00,Aurelia F204,0.09444,0.0,0.0,0.0,0.0,0.0,0.09468,0.0,0.0,0.0,0.01377,0.50054,0.0,0.0,0.0,0.51687,0.0,0.01099
2025-05-12 23:50:00,Aurelia F204,0.09542,0.0,0.0,0.0,0.0,0.0,0.09562000000000001,0.0,0.0,0.0,0.013720000000000001,0.49897,0.0,0.0,0.0,0.51513,0.0,0.01094
2025-05-12 23:55:00,Aurelia F204,0.09533,0.0,0.0,0.0,0.0,0.0,0.09555,0.0,0.0,0.0,0.01385,0.49757,0.0,0.0,0.0,0.51406,0.0,0.01099
2025-05-13 00:00:00,Aurelia F204,0.095,0.0,0.0,0.0,0.0,0.0,0.09526000000000001,0.0,0.0,0.0,0.013800000000000002,0.48832,0.0,0.0,0.0,0.5047699999999999,0.0,0.01104
2025-05-13 00:05:00,Aurelia F204,0.09409000000000001,0.0,0.0,0.0,0.0,0.0,0.09436,0.0,0.0,0.0,0.01384,0.49027,0.0,0.0,0.0,0.50649,0.0,0.01114
2025-05-13 00:10:00,Aurelia F204,0.09323000000000001,0.0,0.0,0.0,0.0,0.0,0.09356999999999999,0.0,0.0,0.0,0.01383,0.48937,0.0,0.0,0.0,0.50574,0.0,0.01094
2025-05-13 00:15:00,Aurelia F204,0.09309999999999999,0.0,0.0,0.0,0.0,0.0,0.09337000000000001,0.0,0.0,0.0,0.013789999999999998,0.49048,0.0,0.0,0.0,0.50682,0.0,0.01098
2025-05-13 00:20:00,Aurelia F204,0.09307,0.0,0.0,0.0,0.0,0.0,0.09337000000000001,0.0,0.0,0.0,0.01393,0.49533,0.0,0.0,0.0,0.5118199999999999,0.0,0.011179999999999999
2025-05-13 00:25:00,Aurelia F204,0.09264,0.0,0.0,0.0,0.0,0.0,0.09287000000000001,0.0,0.0,0.0,0.01397,0.48747,0.0,0.0,0.0,0.50403,0.0,0.01087
2025-05-13 00:30:00,Aurelia F204,0.09276000000000001,0.0,0.0,0.0,0.0,0.0,0.09315000000000001,0.0,0.0,0.0,0.014060000000000001,0.49329,0.0,0.00889,0.0,0.51887,0.0,0.01093
2025-05-13 00:35:00,Aurelia F204,0.09281,0.0,0.0,0.0,0.0,0.0,0.09307,0.0,0.0,0.0,0.03547,0.0039,0.0,0.0,0.0,0.04032,0.0,0.011380000000000001
2025-05-13 00:40:00,Aurelia F204,0.09297,0.0,0.0,0.0,0.0,0.0,0.09339,0.0,0.0,0.0,0.03527,0.0036,0.0,0.0,0.0,0.04015,0.0,0.011359999999999999
2025-05-13 00:45:00,Aurelia F204,0.09229000000000001,0.0,0.0,0.0,0.0,0.0,0.09262000000000001,0.0,0.0,0.0,0.0348,4e-05,0.0,0.0,0.0,0.038079999999999996,0.0,0.01131
2025-05-13 00:50:00,Aurelia F204,0.09259999999999999,0.0,0.0,0.0,0.0,0.0,0.09286,0.0,0.0,0.0,0.03496,8e-05,0.0,0.0,0.0,0.03792,0.0,0.01126
2025-05-13 00:55:00,Aurelia F204,0.09284,0.0,0.0,0.0,0.0,0.0,0.09309999999999999,0.0,0.0,0.0,0.03483,0.00014000000000000001,0.0,0.0,0.0,0.03804,0.0,0.010960000000000001
2025-05-13 01:00:00,Aurelia F204,0.09303,0.0,0.0,0.0,0.0,0.0,0.09334999999999999,0.0,0.0,0.0,0.03496,5e-05,0.0,0.0,0.0,0.038,0.0,0.01114
2025-05-13 01:05:00,Aurelia F204,0.09286,0.0,0.0,0.0,0.0,0.0,0.09312999999999999,0.0,0.0,0.0,0.03444,2e-05,0.0,0.0,0.0,0.03774,0.0,0.01117
2025-05-13 01:10:00,Aurelia F204,0.09215999999999999,0.0,0.0,0.0,0.0,0.0,0.09246,0.0,0.0,0.0,0.034570000000000004,8e-05,0.0,0.0,0.0,0.03764,0.0,0.010960000000000001
2025-05-13 01:15:00,Aurelia F204,0.09257,0.0,0.0,0.0,0.0,0.0,0.09279000000000001,0.0,0.0,0.0,0.03464,8e-05,0.0,0.0,0.0,0.03768,0.0,0.01098
2025-05-13 01:20:00,Aurelia F204,0.09234,0.0,0.0,0.0,0.0,0.0,0.09261,0.0,0.0,0.0,0.03455,8.999999999999999e-05,0.0,0.0,0.0,0.037469999999999996,0.0,0.01112
2025-05-13 01:25:00,Aurelia F204,0.09289,0.0,0.0,0.0,0.0,0.0,0.09323000000000001,0.0,0.0,0.0,0.03447,7.000000000000001e-05,0.0,0.0,0.0,0.0376,0.0,0.011
2025-05-13 01:30:00,Aurelia F204,0.08402,0.0,0.0,0.0,0.0,0.0,0.08428000000000001,0.0,0.0,0.0,0.03464,8e-05,0.0,0.0,0.0,0.03764,0.0,0.011
2025-05-13 01:35:00,Aurelia F204,0.08215,0.0,0.0,0.0,0.0,0.0,0.08242000000000001,0.0,0.0,0.0,0.03443,7.000000000000001e-05,0.0,0.0,0.0,0.03739,0.0,0.01107
2025-05-13 01:40:00,Aurelia F204,0.08217,0.0,0.0,0.0,0.0,0.0,0.08259,0.0,0.0,0.0,0.03453,8e-05,0.0,0.0,0.0,0.03753,0.0,0.0109
2025-05-13 01:45:00,Aurelia F204,0.08188,0.0,0.0,0.0,0.0,0.0,0.08211,0.0,0.0,0.0,0.034820000000000004,8.999999999999999e-05,0.0,0.0,0.0,0.03768,0.0,0.011
2025-05-13 01:50:00,Aurelia F204,0.08113,0.0,0.0,0.0,0.0,0.0,0.0814,0.0,0.0,0.0,0.03472,0.00011,0.0,0.0,0.0,0.03785,0.0,0.01105
2025-05-13 01:55:00,Aurelia F204,0.08089,0.0,0.0,0.0,0.0,0.0,0.08120999999999999,0.0,0.0,0.0,0.0347,0.00011,0.0,0.0,0.0,0.0378,0.0,0.011009999999999999
2025-05-13 02:00:00,Aurelia F204,0.08056,0.0,0.0,0.0,0.0,0.0,0.08089,0.0,0.0,0.0,0.03493,0.00011,0.0,0.0,0.0,0.03807,0.0,0.01104
2025-05-13 02:05:00,Aurelia F204,0.07979,0.0,0.0,0.0,0.0,0.0,0.08020000000000001,0.0,0.0,0.0,0.03484,5e-05,0.0,0.0,0.0,0.03804,0.0,0.0112
2025-05-13 02:10:00,Aurelia F204,0.0,0.0,0.0,0.0,0.0,0.0,0.00026000000000000003,0.0,0.0,0.0,0.03475,5.9999999999999995e-05,0.0,0.0,0.0,0.03772,0.0,0.0111
2025-05-13 02:15:00,Aurelia F204,2e-05,0.0,0.0,0.0,0.0,0.0,0.00035999999999999997,0.0,0.0,0.0,0.03502,0.00011999999999999999,0.0,0.0,0.0,0.03805,0.0,0.01126
2025-05-13 02:20:00,Aurelia F204,0.0,0.0,0.0,0.0,0.0,0.0,0.00025,0.0,0.0,0.0,0.03507,7.000000000000001e-05,0.0,0.0,0.0,0.03821,0.0,0.0111
2025-05-13 02:25:00,Aurelia F204,2e-05,0.0,0.0,0.0,0.0,0.0,0.00043,0.0,0.0,0.0,0.03517,0.00011999999999999999,0.0,0.0,0.0,0.03825,0.0,0.011
2025-05-13 02:30:00,Aurelia F204,0.0,0.0,0.0,0.0,0.0,0.0,0.00035999999999999997,0.0,0.0,0.0,0.03516,0.00011999999999999999,0.0,0.0,0.0,0.03835,0.0,0.011009999999999999
2025-05-13 02:35:00,Aurelia F204,2e-05,0.0,0.0,0.0,0.0,0.0,0.00039,0.0,0.0,0.0,0.03522,7.000000000000001e-05,0.0,0.0,0.0,0.0385,0.0,0.01111
2025-05-13 02:40:00,Aurelia F204,0.0,0.0,0.0,0.0,0.0,0.0,0.00041999999999999996,0.0,0.0,0.0,0.035,8e-05,0.0,0.0,0.0,0.03839,0.0,0.01116
2025-05-13 02:45:00,Aurelia F204,0.0,0.0,0.0,0.0,0.0,0.0,0.00023,0.0,0.0,0.0,0.03496,0.00014000000000000001,0.0,0.0,0.0,0.038060000000000004,0.0,0.01109
2025-05-13 02:50:00,Aurelia F204,0.050320000000000004,0.0,0.0,0.0,0.0,0.0,0.05071,0.0,0.0,0.0,0.03526,5e-05,0.0,0.0,0.0,0.03846,0.0,0.01116
2025-05-13 02:55:00,Aurelia F204,0.048670000000000005,0.0,0.0,0.0,0.0,0.0,0.04893,0.0,0.0,0.0,0.03524,8.999999999999999e-05,0.0,0.0,0.0,0.038310000000000004,0.0,0.0112
2025-05-13 03:00:00,Aurelia F204,0.048799999999999996,0.0,0.0,0.0,0.0,0.0,0.04909,0.0,0.0,0.0,0.03516,0.00011999999999999999,0.0,0.0,0.0,0.038509999999999996,0.0,0.010960000000000001
2025-05-13 03:05:00,Aurelia F204,0.04833,0.0,0.0,0.0,0.0,0.0,0.04868,0.0,0.0,0.0,0.03505,5.9999999999999995e-05,0.0,0.0,0.0,0.03841,0.0,0.01093
2025-05-13 03:10:00,Aurelia F204,0.04833,0.0,0.0,0.0,0.0,0.0,0.048659999999999995,0.0,0.0,0.0,0.03526,8e-05,0.0,0.0,0.0,0.038369999999999994,0.0,0.01094
2025-05-13 03:15:00,Aurelia F204,0.048369999999999996,0.0,0.0,0.0,0.0,0.0,0.04875,0.0,0.0,0.0,0.03519,4e-05,0.0,0.0,0.0,0.03853,0.0,0.01129
2025-05-13 03:20:00,Aurelia F204,0.048369999999999996,0.0,0.0,0.0,0.0,0.0,0.048600000000000004,0.0,0.0,0.0,0.03522,0.00011,0.0,0.0,0.0,0.038520000000000006,0.0,0.0112
2025-05-13 03:25:00,Aurelia F204,0.048369999999999996,0.0,0.0,0.0,0.0,0.0,0.04868,0.0,0.0,0.0,0.03524,5.9999999999999995e-05,0.0,0.0,0.0,0.038520000000000006,0.0,0.011009999999999999
2025-05-13 03:30:00,Aurelia F204,0.048240000000000005,0.0,0.0,0.0,0.0,0.0,0.04854,0.0,0.0,0.0,0.03513,8e-05,0.0,0.0,0.0,0.038549999999999994,0.0,0.01105
2025-05-13 03:35:00,Aurelia F204,0.04857,0.0,0.0,0.0,0.0,0.0,0.04886,0.0,0.0,0.0,0.0354,8.999999999999999e-05,0.0,0.0,0.0,0.038700000000000005,0.0,0.01104
2025-05-13 03:40:00,Aurelia F204,0.04814,0.0,0.0,0.0,0.0,0.0,0.048479999999999995,0.0,0.0,0.0,0.03532,0.00011999999999999999,0.0,0.0,0.0,0.03867,0.0,0.01103
2025-05-13 03:45:00,Aurelia F204,0.04852,0.0,0.0,0.0,0.0,0.0,0.04871,0.0,0.0,0.0,0.035590000000000004,5.9999999999999995e-05,0.0,0.0,0.0,0.03897,0.0,0.01117
2025-05-13 03:50:00,Aurelia F204,0.04827,0.0,0.0,0.0,0.0,0.0,0.04852,0.0,0.0,0.0,0.03557,0.00016,0.0,0.0,0.0,0.038880000000000005,0.0,0.011009999999999999
2025-05-13 03:55:00,Aurelia F204,0.047990000000000005,0.0,0.0,0.0,0.0,0.0,0.04825,0.0,0.0,0.0,0.03538,5e-05,0.0,0.0,0.0,0.03890999999999999,0.0,0.01111
2025-05-13 04:00:00,Aurelia F204,0.04836,0.0,0.0,0.0,0.0,0.0,0.04865,0.0,0.0,0.0,0.03532,5.9999999999999995e-05,0.0,0.0,0.0,0.038630000000000005,0.0,0.01125
2025-05-13 04:05:00,Aurelia F204,0.04857,0.0,0.0,0.0,0.0,0.0,0.048850000000000005,0.0,0.0,0.0,0.03552,0.00011,0.0,0.0,0.0,0.038590000000000006,0.0,0.01126
2025-05-13 04:10:00,Aurelia F204,0.04804,0.0,0.0,0.0,0.0,0.0,0.048369999999999996,0.0,0.0,0.0,0.0356,0.00014000000000000001,0.0,0.0,0.0,0.03864,0.0,0.01114
2025-05-13 04:15:00,Aurelia F204,0.04889,0.0,0.0,0.0,0.0,0.0,0.049159999999999995,0.0,0.0,0.0,0.03529,8e-05,0.0,0.0,0.0,0.038450000000000005,0.0,0.011470000000000001
2025-05-13 04:20:00,Aurelia F204,0.04821,0.0,0.0,0.0,0.0,0.0,0.048530000000000004,0.0,0.0,0.0,0.03526,7.000000000000001e-05,0.0,0.0,0.0,0.0386,0.0,0.01125
2025-05-13 04:25:00,Aurelia F204,0.04804,0.0,0.0,0.0,0.0,0.0,0.04839,0.0,0.0,0.0,0.0354,7.000000000000001e-05,0.0,0.0,0.0,0.0386,0.0,0.011179999999999999
2025-05-13 04:30:00,Aurelia F204,0.048119999999999996,0.0,0.0,0.0,0.0,0.0,0.04847,0.0,0.0,0.0,0.03551,5.9999999999999995e-05,0.0,0.0,0.0,0.03879,0.0,0.011179999999999999
2025-05-13 04:35:00,Aurelia F204,0.04828,0.0,0.0,0.0,0.0,0.0,0.048549999999999996,0.0,0.0,0.0,0.03549,8.999999999999999e-05,0.0,0.0,0.0,0.03868,0.0,0.01106
2025-05-13 04:40:00,Aurelia F204,0.04826,0.0,0.0,0.0,0.0,0.0,0.048530000000000004,0.0,0.0,0.0,0.03558,8.999999999999999e-05,0.0,0.0,0.0,0.03864,0.0,0.01114
2025-05-13 04:45:00,Aurelia F204,0.04802,0.0,0.0,0.0,0.0,0.0,0.04852,0.0,0.0,0.0,0.03554,5e-05,0.0,0.0,0.0,0.038829999999999996,0.0,0.01109
2025-05-13 04:50:00,Aurelia F204,0.04789,0.0,0.0,0.0,0.0,0.0,0.04821,0.0,0.0,0.0,0.0355,0.00016,0.0,0.0,0.0,0.038579999999999996,0.0,0.01105
2025-05-13 04:55:00,Aurelia F204,0.047979999999999995,0.0,0.0,0.0,0.0,0.0,0.048229999999999995,0.0,0.0,0.0,0.0355,0.00013000000000000002,0.0,0.0,0.0,0.038799999999999994,0.0,0.011130000000000001
2025-05-13 05:00:00,Aurelia F204,0.04786,0.0,0.0,0.0,0.0,0.0,0.04811,0.0,0.0,0.0,0.03564,0.0,0.0,0.0,0.0,0.03693,0.0,0.0111
2025-05-13 05:05:00,Aurelia F204,0.047920000000000004,0.0,0.0,0.0,0.0,0.0,0.04827,0.0,0.0,0.0,0.0354,0.0,0.0,0.0,0.0,0.03658,0.0,0.01111
2025-05-13 05:10:00,Aurelia F204,0.04809,0.0,0.0,0.0,0.0,0.0,0.04846,0.0,0.0,0.0,0.05396,0.0,0.0,0.00882,0.0,0.06356,0.0,0.01107
2025-05-13 05:15:00,Aurelia F204,0.05797,0.0,0.0,0.0,0.00847,0.0,0.04967,0.0,0.0,0.0,0.02122,0.0,0.0,0.00882,0.0,0.03146,0.0,0.01405
2025-05-13 05:20:00,Aurelia F204,0.12618000000000001,0.0,0.0,0.0,0.0083,0.0,0.08963,0.02857,0.0,0.0,0.02136,0.0,0.0,0.0,0.0,0.02282,0.0,0.01399
2025-05-13 05:25:00,Aurelia F204,0.13022999999999998,0.0,0.0,0.0,0.008119999999999999,0.0,0.09405,0.028300000000000002,0.0,0.06599,0.01714,0.0,0.0,0.0,0.0,0.01871,0.0,0.11438
2025-05-13 05:30:00,Aurelia F204,0.12126,0.0,0.0,0.0,0.0,0.0,0.09364,0.028210000000000002,0.0,0.06448999999999999,0.01259,0.0,0.0,0.0,0.0,0.01417,0.0,0.1829
2025-05-13 05:35:00,Aurelia F204,0.12275,0.0,0.0,0.0,0.0,0.0,0.09508,0.02818,0.0,0.06317,0.01239,0.0,0.0,0.0,0.0,0.014039999999999999,0.0,0.18065
2025-05-13 05:40:00,Aurelia F204,0.12072,0.0,0.0,0.0,0.0,0.0,0.093,0.02811,0.0,0.05193,0.01202,0.0,0.0,0.0,0.0,0.013640000000000001,0.0,0.16813
2025-05-13 05:45:00,Aurelia F204,0.12508,0.0,0.0,0.0,0.0,0.0,0.09743,0.02811,0.0,0.05154,0.011980000000000001,0.0,0.0,0.0,0.0,0.01358,0.0,0.16653
2025-05-13 05:50:00,Aurelia F204,0.12387999999999999,0.0,0.0,0.0,0.0,0.15216,0.09636,0.02816,0.0,0.05114,0.011789999999999998,0.0,0.0,0.0,0.0,0.16511,0.0,0.16493
2025-05-13 05:55:00,Aurelia F204,0.11789,0.0,0.0,0.0,0.0,0.13927,0.09036,0.02819,0.0,0.06817000000000001,0.01156,0.0,0.0,0.0,0.0,0.15234999999999999,0.0,0.1817
2025-05-13 06:00:00,Aurelia F204,0.12373,0.0,0.0,0.0,0.0,0.13499,0.09615,0.02817,0.0,0.0684,0.01061,0.0,0.0,0.0,0.0,0.14701,0.0,0.18236000000000002
2025-05-13 06:05:00,Aurelia F204,0.16348,0.0,0.0,0.0,0.0,0.13184,0.13591,0.028120000000000003,0.0,0.06556000000000001,0.00977,0.0,0.0,0.00885,0.0,0.15200999999999998,0.0,0.11314
2025-05-13 06:10:00,Aurelia F204,0.16238,0.0,0.0,0.0,0.0,0.13066999999999998,0.1347,0.028120000000000003,0.0,0.06256,0.00934,0.0,0.0,0.0088,0.0,0.15026,0.0,0.11031
2025-05-13 06:15:00,Aurelia F204,0.16348,0.0,0.0,0.0,0.0,0.13099,0.13582,0.028140000000000002,0.0,0.0792,0.00855,0.0,0.0,0.0,0.0,0.14074,0.0,0.12708
2025-05-13 06:20:00,Aurelia F204,0.16131,0.0,0.0,0.0,0.0,0.12924000000000002,0.13371,0.028140000000000002,0.0,0.08612,0.00809,0.0,0.0,0.0,0.0,0.1387,0.0,0.13394999999999999
2025-05-13 06:25:00,Aurelia F204,0.16183,0.0,0.0,0.0,0.0,0.12963,0.13419,0.0281,0.0,0.08504,0.007679999999999999,0.0,0.0,0.0,0.0,0.1389,0.0,0.13311
2025-05-13 06:30:00,Aurelia F204,0.2083,0.0,0.0,0.0,0.0,0.00475,0.13404,0.07462,0.0,0.10102,0.00743,0.0,0.0,0.0,0.0,0.01358,0.0,0.14904
2025-05-13 06:35:00,Aurelia F204,0.16194,0.0,0.01797,0.0,0.0,0.004730000000000001,0.13434000000000001,0.02809,0.0,0.10137,0.0,0.0,0.0,0.0,0.0,0.0069299999999999995,0.0,0.16788999999999998
2025-05-13 06:40:00,Aurelia F204,0.17124,0.0,0.0,0.0,0.00851,0.00477,0.13487000000000002,0.028120000000000003,0.0,0.08937,-4e-05,0.0,0.0,0.0,0.0,0.00481,0.0,0.10506
2025-05-13 06:45:00,Aurelia F204,0.02916,0.0,0.0,0.0,0.0,0.0,0.00045,0.028120000000000003,0.0,0.0,-5e-05,0.0,0.0,0.0,0.0,0.0,0.0,0.01417
2025-05-13 06:50:00,Aurelia F204,0.02921,0.0,0.0,0.0,0.0,0.0,0.0004,0.0281,0.0,0.0,-0.00025,0.0,0.0,0.0,0.0,0.0,0.0,0.01452
2025-05-13 06:55:00,Aurelia F204,0.04963,0.0,0.0,0.0,0.0,0.0,0.04997,0.0,0.0,0.0,0.03644,0.0,0.0,0.0,0.0,0.037840000000000006,0.0,0.01417
2025-05-13 07:00:00,Aurelia F204,0.057659999999999996,0.0,0.0,0.0,0.0,0.0,0.05799,0.0,0.0,0.0,0.03616,0.0,0.0,0.0,0.0,0.0375,0.0,0.01433
2025-05-13 07:05:00,Aurelia F204,0.057479999999999996,0.0,0.0,0.0,0.0,0.0,0.05781,0.0,0.0,0.0,0.03538,0.0,0.0,0.0,0.0,0.03665,0.0,0.01409
2025-05-13 07:10:00,Aurelia F204,0.05727,0.0,0.0,0.0,0.0,0.0,0.05768,0.0,0.0,0.0,0.03502,0.0,0.0,0.0,0.0,0.036340000000000004,0.0,0.01438
2025-05-13 07:15:00,Aurelia F204,0.05749,0.0,0.0,0.0,0.0,0.0,0.05752,0.0,0.0,0.0,0.035,0.0,0.0,0.0,0.0,0.03604,0.0,0.014119999999999999
2025-05-13 07:20:00,Aurelia F204,0.05644,0.0,0.0,0.0,0.0,0.0,0.05676,0.0,0.0,0.0,0.03495,0.0,0.0,0.0,0.0,0.03614,0.0,0.01425
2025-05-13 07:25:00,Aurelia F204,0.05638,0.0,0.0,0.0,0.0,0.0,0.05662,0.0,0.0,0.0,0.03462,0.0,0.0,0.0,0.0,0.0359,0.0,0.01416
2025-05-13 07:30:00,Aurelia F204,0.05611,0.0,0.0,0.0,0.0,0.0,0.05652,0.0,0.0,0.0,0.034390000000000004,0.0,0.0,0.0,0.0,0.0356,0.0,0.014199999999999999
2025-05-13 07:35:00,Aurelia F204,0.055560000000000005,0.0,0.0,0.0,0.0,0.0,0.0559,0.0,0.0,0.0,0.03453,0.0,0.0,0.0,0.0,0.03592,0.0,0.01405
2025-05-13 07:40:00,Aurelia F204,0.05536,0.0,0.0,0.0,0.0,0.0,0.055729999999999995,0.0,0.0,0.0,0.034159999999999996,0.0,0.0,0.0,0.0,0.03547,0.0,0.014029999999999999
2025-05-13 07:45:00,Aurelia F204,0.05483,0.0,0.0,0.0,0.0,0.0,0.055130000000000005,0.0,0.0,0.0,0.03437,0.0,0.0,0.0,0.0,0.0356,0.0,0.01445
2025-05-13 07:50:00,Aurelia F204,0.054299999999999994,0.0,0.0,0.0,0.0,0.0,0.05471,0.0,0.0,0.0,0.03458,0.0,0.0,0.0,0.0,0.035840000000000004,0.0,0.01417
2025-05-13 07:55:00,Aurelia F204,0.054259999999999996,0.0,0.0,0.0,0.0,0.0,0.05453,0.0,0.0,0.0,0.03464,0.0,0.0,0.0,0.0,0.03591,0.0,0.014119999999999999
2025-05-13 08:00:00,Aurelia F204,0.05447,0.0,0.0,0.0,0.0,0.0,0.054689999999999996,0.0,0.0,0.0,0.03476,0.0,0.0,0.0,0.0,0.036,0.0,0.014119999999999999
2025-05-13 08:05:00,Aurelia F204,0.053509999999999995,0.0,0.0,0.0,0.0,0.0,0.05378,0.0,0.0,0.0,0.03455,0.0,0.0,0.0,0.0,0.03577,0.0,0.014150000000000001
2025-05-13 08:10:00,Aurelia F204,0.05399,0.0,0.0,0.0,0.0,0.0,0.054259999999999996,0.0,0.0,0.0,0.03437,0.0,0.0,0.0,0.0,0.03562,0.0,0.01433
2025-05-13 08:15:00,Aurelia F204,0.05316,0.0,0.0,0.0,0.0,0.0,0.053450000000000004,0.0,0.0,0.0,0.03383,0.0,0.0,0.0,0.0,0.03527,0.0,0.014
2025-05-13 08:20:00,Aurelia F204,0.05317,0.0,0.0,0.0,0.0,0.0,0.053509999999999995,0.0,0.0,0.0,0.03424,0.0,0.0,0.0,0.0,0.03552,0.0,0.014039999999999999
2025-05-13 08:25:00,Aurelia F204,0.05307,0.0,0.0,0.0,0.0,0.0,0.053439999999999994,0.0,0.0,0.0,0.03423,0.0,0.0,0.0,0.0,0.0355,0.0,0.01411
2025-05-13 08:30:00,Aurelia F204,0.053090000000000005,0.0,0.0,0.0,0.0,0.0,0.05342,0.0,0.0,0.0,0.03358,0.0,0.0,0.0,0.0,0.03505,0.0,0.01416
2025-05-13 08:35:00,Aurelia F204,0.05281,0.0,0.0,0.0,0.0,0.0,0.053079999999999995,0.0,0.0,0.0,0.03388,0.0,0.0,0.0,0.0,0.03504,0.0,0.014199999999999999
2025-05-13 08:40:00,Aurelia F204,0.052770000000000004,0.0,0.0,0.0,0.0,0.0,0.053,0.0,0.0,0.0,-1e-05,0.0,0.0,0.0,0.0,0.0,0.0,0.01416
2025-05-13 08:45:00,Aurelia F204,0.05235,0.0,0.0,0.0,0.0,0.0,0.05258,0.0,0.0,0.0,-4e-05,0.0,0.0,0.0,0.0,0.0,0.0,0.01409
2025-05-13 08:50:00,Aurelia F204,0.052270000000000004,0.0,0.0,0.0,0.0,0.0,0.05264,0.0,0.0,0.0,-1e-05,0.0,0.0,0.0,0.0,0.0,0.0,0.01422
2025-05-13 08:55:00,Aurelia F204,0.05249,0.0,0.0,0.0,0.0,0.0,0.05275,0.0,0.0,0.0,0.01066,0.0,0.0,0.00901,0.0,0.02119,0.0,0.014029999999999999
2025-05-13 09:00:00,Aurelia F204,0.053450000000000004,0.0,0.0,0.0,0.0,0.0,0.0538,0.0,0.0,0.0,0.00871,0.0,0.0,0.0,0.0,0.01035,0.0,0.01411
2025-05-13 09:05:00,Aurelia F204,0.10137,0.0,0.0,0.0,0.0,0.0,0.1016,0.0,0.0,0.0,0.04369,0.0,0.0,0.0,0.0,0.04468,0.0,0.013869999999999999
2025-05-13 09:10:00,Aurelia F204,0.09636,0.0,0.0,0.0,0.0,0.0,0.09656,0.0,0.0,0.0,0.10676000000000001,0.0,0.0,0.0,0.0,0.10809,0.0,0.01402
2025-05-13 09:15:00,Aurelia F204,0.0952,0.0,0.0,0.0,0.0,0.0,0.09561,0.0,0.0,0.0,0.1108,0.0,0.0,0.0,0.0,0.11209000000000001,0.0,0.01416
2025-05-13 09:20:00,Aurelia F204,0.09713,0.0,0.0,0.0,0.0,0.0,0.0974,0.0,0.0,0.0,0.10798999999999999,0.0,0.0,0.0,0.0,0.10912000000000001,0.0,0.01392
2025-05-13 09:25:00,Aurelia F204,0.09636,0.0,0.0,0.0,0.0,0.0,0.09658,0.0,0.0,0.0,0.10847,0.0,0.0,0.0,0.0,0.10976000000000001,0.0,0.014119999999999999
2025-05-13 09:30:00,Aurelia F204,0.09597,0.0,0.0,0.0,0.0,0.0,0.09618,0.0,0.0,0.0,0.10808,0.0,0.0,0.0,0.0,0.10926999999999999,0.0,0.01426
2025-05-13 09:35:00,Aurelia F204,0.09615,0.0,0.0,0.0,0.0,0.0,0.09648000000000001,0.0,0.0,0.0,0.10753,0.0,0.0,0.0,0.0,0.10847,0.0,0.01405
2025-05-13 09:40:00,Aurelia F204,0.09522,0.0,0.0,0.0,0.0,0.0,0.09552,0.0,0.0,0.0,0.1177,0.0,0.0,0.0,0.0,0.1188,0.0,0.01409
2025-05-13 09:45:00,Aurelia F204,0.09519,0.0,0.0,0.0,0.0,0.0,0.09541,0.0,0.0,0.0221,0.11320999999999999,0.0,0.0,0.0,0.0,0.1147,0.0,0.037090000000000005
2025-05-13 09:50:00,Aurelia F204,0.12432,0.0,0.0,0.0,0.0,0.0,0.09634000000000001,0.02851,0.0,0.02156,0.09816,0.0,0.0,0.0,0.0,0.09976,0.0,0.03728
2025-05-13 09:55:00,Aurelia F204,0.13213999999999998,0.0,0.0,0.0,0.00865,0.0,0.0955,0.02831,0.0,0.02157,0.10418000000000001,0.0,0.0,0.0,0.0,0.10587,0.0,0.03669
2025-05-13 10:00:00,Aurelia F204,0.13026,0.0,0.09290000000000001,0.0,0.008320000000000001,0.0,0.09401999999999999,0.02818,0.0,0.02155,0.040100000000000004,0.0,0.0,0.0,0.0,0.0414,0.0,0.13065000000000002
2025-05-13 10:05:00,Aurelia F204,0.18684,0.0,0.07712999999999999,0.0,0.00828,0.0,0.09228,0.08652,0.0,0.0891,0.039850000000000003,0.0,0.0,0.0,0.0,0.040920000000000005,0.0,0.18284999999999998
2025-05-13 10:10:00,Aurelia F204,0.18594999999999998,0.0,0.07754000000000001,0.0,0.00828,0.0,0.09301000000000001,0.08495,0.0,0.08419,0.03306,0.0,0.0,0.0,0.0,0.03431,0.0,0.25506
2025-05-13 10:15:00,Aurelia F204,0.18422,0.0,0.07712000000000001,0.0,0.008320000000000001,0.0,0.09185,0.08424,0.0,0.08369,0.033229999999999996,0.0,0.0,0.0,0.0,0.03449,0.0,0.25354
2025-05-13 10:20:00,Aurelia F204,0.17558,0.0,0.0,0.0,0.0,0.0,0.09232,0.0837,0.0,0.0,0.032920000000000005,0.0,0.0,0.0,0.0,0.034159999999999996,0.0,0.01243
2025-05-13 10:25:00,Aurelia F204,0.17451,0.0,0.0,0.0,0.0,0.0,0.09140000000000001,0.08348,0.0,0.0,0.03283,0.0,0.0,0.0,0.0,0.03406,0.0,0.012369999999999999
2025-05-13 10:30:00,Aurelia F204,0.17389,0.0,0.0,0.0,0.0,0.0,0.09087999999999999,0.0834,0.0,0.0,0.03283,0.0,0.0,0.0,0.0,0.033979999999999996,0.0,0.01242
2025-05-13 10:35:00,Aurelia F204,0.1741,0.0,0.0,0.0,0.0,0.0,0.09153,0.08306000000000001,0.0,0.0,0.03268,0.0,0.0,0.0,0.0,0.03405,0.0,0.01245
2025-05-13 10:40:00,Aurelia F204,0.17223,0.0,0.0,0.0,0.0,0.0,0.09051999999999999,0.08213,0.0,0.0,0.03251,0.0,0.0,0.0,0.0,0.03365,0.0,0.01236
2025-05-13 10:45:00,Aurelia F204,0.17214,0.0,0.0,0.0,0.0,0.0,0.09051000000000001,0.08212,0.0,0.0,0.09537999999999999,0.0,0.0,0.0,0.0,0.09622,0.0,0.01246
2025-05-13 10:50:00,Aurelia F204,0.09164,0.0,0.0,0.0,0.0,0.0,0.09186,0.0,0.0,0.0,0.09423000000000001,0.0,0.0,0.0,0.0,0.09531,0.0,0.01247
2025-05-13 10:55:00,Aurelia F204,0.08444,0.0,0.0,0.0,0.0,0.0,0.08469,0.0,0.0,0.0,0.09443,0.0,0.0,0.0,0.0,0.09558,0.0,0.01238
2025-05-13 11:00:00,Aurelia F204,0.08305,0.0,0.0,0.0,0.0,0.0,0.08327,0.0,0.0,0.0,0.09331,0.0,0.0,0.0,0.0,0.09458,0.0,0.01267
2025-05-13 11:05:00,Aurelia F204,0.08199,0.0,0.0,0.0,0.0,0.0,0.08231999999999999,0.0,0.0,0.0,0.08578,0.0,0.0,0.0,0.0,0.08752,0.0,0.01251
2025-05-13 11:10:00,Aurelia F204,0.08234999999999999,0.0,0.0,0.0,0.0,0.0,0.08266,0.0,0.0,0.0,0.0813,0.0,0.0,0.0,0.0,0.08302,0.0,0.0125
2025-05-13 11:15:00,Aurelia F204,0.08183,0.0,0.0,0.0,0.0,0.0,0.08209999999999999,0.0,0.0,0.0,0.07703,0.0,0.0,0.0,0.0,0.07870999999999999,0.0,0.012539999999999999
2025-05-13 11:20:00,Aurelia F204,0.08122,0.0,0.0,0.0,0.0,0.0,0.08145999999999999,0.0,0.0,0.0,0.07271999999999999,0.0,0.0,0.0,0.0,0.07448,0.0,0.013720000000000001
2025-05-13 11:25:00,Aurelia F204,0.08054,0.0,0.0,0.0,0.0,0.0,0.08075,0.0,0.0,0.0,0.04665999999999999,0.0,0.0,0.0,0.0,0.0475,0.0,0.01265
2025-05-13 11:30:00,Aurelia F204,0.0,0.0,0.0,0.0,0.0,0.0,0.00020999999999999998,0.0,0.0,0.0,0.04523,0.0,0.0,0.0,0.0,0.04603,0.0,0.0124
2025-05-13 11:35:00,Aurelia F204,0.0,0.0,0.0,0.0,0.0,0.0,0.00035999999999999997,0.0,0.0,0.0,0.04461,0.0,0.0,0.0,0.0,0.04542,0.0,0.01249
2025-05-13 11:40:00,Aurelia F204,0.0,0.0,0.0,0.0,0.0,0.0,0.00019,0.0,0.0,0.0,0.04446,0.0,0.0,0.0,0.0,0.04474,0.0,0.01251
2025-05-13 11:45:00,Aurelia F204,0.0,0.0,0.0,0.0,0.0,0.0,0.00022,0.0,0.0,0.0,0.0446,0.0,0.0,0.0,0.0,0.04529,0.0,0.0125
2025-05-13 11:50:00,Aurelia F204,0.0,0.0,0.0,0.0,0.0,0.0,0.00014000000000000001,0.0,0.0,0.0,0.04446,0.0,0.0,0.00897,0.0,0.0538,0.0,0.0127
2025-05-13 11:55:00,Aurelia F204,0.0,0.0,0.0,0.0,0.0,0.0,0.00027,0.0,0.0,0.0,0.04475,0.0,0.0,0.0,0.0,0.045219999999999996,0.0,0.01251
2025-05-13 12:00:00,Aurelia F204,0.02944,0.0,0.0,0.0,0.0,0.0,0.00026000000000000003,0.028399999999999998,0.0,0.0,0.044829999999999995,0.0,0.0,0.0,0.0,0.04537,0.0,0.0094
2025-05-13 12:05:00,Aurelia F204,0.10654000000000001,0.0,0.0,0.0,0.0,0.0,0.07865000000000001,0.02826,0.0,0.0,0.04503,0.0,0.0,0.0,0.0,0.04532,0.0,0.0096
2025-05-13 12:10:00,Aurelia F204,0.09386,0.0,0.0,0.0,0.0,0.0,0.09417,0.0,0.0,0.0,0.04493,0.0,0.0,0.0,0.0,0.045259999999999995,0.0,0.009699999999999999
2025-05-13 12:15:00,Aurelia F204,0.09345,0.0,0.0,0.0,0.0,0.0,0.09376999999999999,0.0,0.0,0.0,0.025079999999999998,1.0102200000000001,0.0,0.0,0.0,1.03778,0.0,0.00956
2025-05-13 12:20:00,Aurelia F204,0.09167,0.0,0.0,0.0,0.0,0.0,0.09161,0.0,0.0,0.0,0.02528,0.8551799999999999,0.0,0.0,0.0,0.8827999999999999,0.0,0.009869999999999999
2025-05-13 12:25:00,Aurelia F204,0.09058,0.0,0.0,0.0,0.0,0.0,0.09083,0.0,0.0,0.0,0.02527,0.8446699999999999,0.0,0.0,0.0,0.8723,0.0,0.009779999999999999
2025-05-13 12:30:00,Aurelia F204,0.08901,0.0,0.0,0.0,0.0,0.0,0.08938,0.0,0.0,0.0,0.02555,0.85053,0.0,0.0,0.0,0.87842,0.0,0.009710000000000002
2025-05-13 12:35:00,Aurelia F204,0.08895,0.0,0.0,0.0,0.0,0.0,0.08921,0.0,0.0,0.0,0.0258,0.84302,0.0,0.0,0.0,0.87094,0.0,0.00928
2025-05-13 12:40:00,Aurelia F204,0.08784,0.0,0.0,0.0,0.0,0.0,0.08815,0.0,0.0,0.0,0.0258,0.84563,0.0,0.0,0.0,0.87366,0.0,0.00958
2025-05-13 12:45:00,Aurelia F204,0.0871,0.0,0.0,0.0,0.0,0.0,0.08743000000000001,0.0,0.0,0.0,0.02569,0.84675,0.0,0.0,0.0,0.87481,0.0,0.00957
2025-05-13 12:50:00,Aurelia F204,0.08628,0.0,0.0,0.0,0.0,0.0,0.08653,0.0,0.0,0.0,0.08428000000000001,0.85327,0.0,0.0,0.0,0.94011,0.0,0.009800000000000001
2025-05-13 12:55:00,Aurelia F204,0.08693000000000001,0.0,0.0,0.0,0.0,0.0,0.08728,0.0,0.0,0.0,0.07342,0.85046,0.0,0.0,0.0,0.92655,0.0,0.009380000000000001
2025-05-13 13:00:00,Aurelia F204,0.08684,0.0,0.0,0.0,0.0,0.0,0.0871,0.0,0.0,0.0,0.0745,0.84677,0.0,0.0,0.0,0.9241,0.0,0.00951
2025-05-13 13:05:00,Aurelia F204,0.08651,0.0,0.0,0.0,0.0,0.0,0.08684,0.0,0.0,0.0,0.04976,0.84773,0.0,0.0,0.0,0.9001399999999999,0.0,0.009519999999999999
2025-05-13 13:10:00,Aurelia F204,0.08639,0.0,0.0,0.0,0.0,0.0,0.0867,0.0,0.0,0.0,0.07884000000000001,0.84449,0.0,0.0,0.0,0.92596,0.0,0.0095
2025-05-13 13:15:00,Aurelia F204,0.08677,0.0,0.0,0.0,0.0,0.0,0.08709,0.0,0.0,0.0,0.06794,0.74273,0.0,0.0,0.0,0.81333,0.0,0.00937
2025-05-13 13:20:00,Aurelia F204,0.08693000000000001,0.0,0.0,0.0,0.0,,0.08721999999999999,0.0,0.0,0.0,,,,,0.0,,0.0,0.00937
2025-05-13 13:25:00,Aurelia F204,0.17166,0.0,0.0,0.0,0.0,0.0,0.1724,0.0,0.0,0.0,0.12872,0.63501,0.0,0.0,0.0,0.76874,0.0,0.01878
2025-05-13 13:30:00,Aurelia F204,0.08613,0.0,0.0,0.0,0.0,0.0,0.08647,0.0,0.0,0.0,0.02619,0.65227,0.0,0.0,0.0,0.68106,0.0,0.009980000000000001
2025-05-13 13:35:00,Aurelia F204,0.08651,0.0,0.0,0.0,0.0,0.0,0.0868,0.0,0.0,0.0,0.02606,0.64439,0.0,0.0,0.0,0.67287,0.0,0.009519999999999999
2025-05-13 13:40:00,Aurelia F204,0.08585,0.0,0.0,0.0,0.0,0.0,0.08614,0.0,0.0,0.0,0.02596,0.6482,0.0,0.0,0.0,0.67649,0.0,0.009970000000000001
2025-05-13 13:45:00,Aurelia F204,0.08532,0.0,0.0,0.0,0.0,0.0,0.08559,0.0,0.0,0.0,0.026,0.66662,0.0,0.0,0.0,0.69494,0.0,0.00939
2025-05-13 13:50:00,Aurelia F204,0.08517,0.0,0.0,0.0,0.0,0.0,0.08549,0.0,0.0,0.0,0.02606,0.6626599999999999,0.0,0.0,0.0,0.69101,0.0,0.00943
2025-05-13 13:55:00,Aurelia F204,0.08594,0.0,0.0,0.0,0.0,0.0,0.08561,0.0,0.0,0.0,0.0258,0.67377,0.0,0.0,0.0,0.7019,0.0,0.009460000000000001
2025-05-13 14:00:00,Aurelia F204,0.0855,0.0,0.0,0.0,0.0,0.0,0.08585,0.0,0.0,0.0,0.02574,0.67299,0.0,0.0,0.0,0.70126,0.0,0.00951
2025-05-13 14:05:00,Aurelia F204,0.08489000000000001,0.0,0.0,0.0,0.0,0.0,0.08527,0.0,0.0,0.0,0.02557,0.67704,0.0,0.0,0.0,0.7053400000000001,0.0,0.00966
2025-05-13 14:10:00,Aurelia F204,0.08479,0.0,0.0,0.0,0.0,0.0,0.08518,0.0,0.0,0.0,0.07653,0.67447,0.0,0.0,0.0,0.7535299999999999,0.0,0.00951
2025-05-13 14:15:00,Aurelia F204,0.08499,0.0,0.0,0.0,0.0,0.0,0.0853,0.0,0.0,0.0,0.0751,0.6685099999999999,0.0,0.0,0.0,0.74611,0.0,0.009699999999999999
2025-05-13 14:20:00,Aurelia F204,0.08518,0.0,0.0,0.0,0.0,0.0,0.08525,0.0,0.0,0.0,0.07723999999999999,0.66774,0.0,0.0,0.0,0.74759,0.0,0.009380000000000001
2025-05-13 14:25:00,Aurelia F204,0.08421,0.0,0.0,0.0,0.0,0.0,0.0846,0.0,0.0,0.0,0.07626000000000001,0.6708500000000001,0.0,0.0,0.0,0.74952,0.0,0.00943
2025-05-13 14:30:00,Aurelia F204,0.09165999999999999,0.0,0.0,0.0,0.0,0.0,0.09193000000000001,0.0,0.0,0.0,0.06968,0.67141,0.0,0.0,0.0,0.74352,0.0,0.009640000000000001
2025-05-13 14:35:00,Aurelia F204,0.09172,0.0,0.0,0.0,0.0,0.0,0.09204000000000001,0.0,0.0,0.0,0.07362,0.66344,0.0,0.0,0.0,0.7394700000000001,0.0,0.009380000000000001
2025-05-13 14:40:00,Aurelia F204,0.0915,0.0,0.0,0.0,0.0,0.0,0.0917,0.0,0.0,0.08516,0.02547,0.00376,0.0,0.0,0.0,0.03152,0.0,0.09616
