Timestamp,Apartment,Estella E 1106 - Common Geyser,Estella E 1106 - Common Toilet Lighting,Estella E 1106 - Dining Lights and Fans,Estella E 1106 - ELV DB Point,Estella E 1106 - Fridge,Estella E 1106 - Kitchen Lights and Fans,Estella E 1106 - Living AC Point,Estella E 1106 - Living Lights and Fans,Estella E 1106 - Master Bed AC,Estella E 1106 - Master Bed Lights and Fans,Estella E 1106 - Master Bed Toilet Lights and Fans,Estella E 1106 - Master Geyser,Estella E 1106 - Others,Estella E 1106 - Oven Point,Estella E 1106 - Spare,Estella E 1106 - Washing Machine
2025-09-13 16:25:00,Estella E 1106,,,0.10115,,,0.0,0.0,0.03846,,,,,,0.0,0.00083,
2025-09-13 16:30:00,Estella E 1106,0.0,0.0,0.10137,0.0,0.04843,0.0,0.0,0.0385,,,,,,0.0,0.00026000000000000003,0.0
2025-09-13 16:35:00,Estella E 1106,0.0,0.0,0.10144,0.0,0.047170000000000004,0.0,0.0,0.03842,0.0,0.0,0.0,0.0,0.19412000000000001,0.0,0.0002,0.0
2025-09-13 16:40:00,Estella E 1106,0.0,0.0,,0.0,0.04639,,,,0.0,0.0,0.0,0.0,0.15268,,0.0,0.0
2025-09-13 16:45:00,Estella E 1106,0.0,0.0,,0.0,0.045200000000000004,,,,0.00962,0.0,0.0,0.0,0.16204,,0.0,0.0
2025-09-13 16:50:00,Estella E 1106,0.0,0.0,0.019260000000000003,0.0,0.04458,0.0,0.0,0.0,0.0,0.0,0.0,0.0,0.06903000000000001,0.0,0.00026000000000000003,0.0
2025-09-13 16:55:00,Estella E 1106,0.0,0.0,,0.0,0.04237,,,,0.0,0.0,0.0,0.0,0.06756999999999999,,0.0,0.0
2025-09-13 17:00:00,Estella E 1106,0.0,0.0,0.019440000000000002,0.0,0.04158,0.0,0.0,0.0,0.0,0.0,0.0,0.0,0.06652,0.0,0.00019,0.0
2025-09-13 17:05:00,Estella E 1106,0.0,0.0,,0.0,0.04084,,,,0.0,0.0,0.0,0.0,0.06516,,0.0,0.0
2025-09-13 17:10:00,Estella E 1106,0.0,0.0,0.01941,0.0,0.040530000000000004,0.0,0.0,0.0,0.0,0.0,0.039560000000000005,0.0,0.10434,0.0,0.00011999999999999999,0.0
2025-09-13 17:15:00,Estella E 1106,0.0,0.0,,0.0,0.039700000000000006,,,,0.0,0.0,0.038799999999999994,0.0,0.10333,,0.0,0.0
2025-09-13 17:20:00,Estella E 1106,0.0,0.0,,0.0,0.039520000000000007,,,,0.0,0.0,0.03836,0.0,0.10272,,0.0,0.0
2025-09-13 17:25:00,Estella E 1106,0.0,0.0,,0.0,0.03903,,,,0.0,0.0,0.03811,0.0,0.10185,,0.0,0.0
2025-09-13 17:30:00,Estella E 1106,0.0,0.0,,0.0,0.038579999999999996,,,,0.0,0.0,0.038259999999999995,0.0,0.10159,,0.0,0.0
2025-09-13 17:35:00,Estella E 1106,0.0,0.0,,0.0,0.03823,,,,0.0,0.0,0.03782,0.0,0.10045,,0.0,0.0
2025-09-13 17:40:00,Estella E 1106,0.0,0.0,,0.0,0.03774,,,,0.0,0.0,0.03796,0.0,0.10041,,0.0,0.0
2025-09-13 17:45:00,Estella E 1106,0.0,0.0,,0.0,0.0378,,,,0.0,0.0,0.03755,0.0,0.09981999999999999,,0.0,0.0
2025-09-13 17:50:00,Estella E 1106,0.0,0.0,,0.0,0.03741,,,,0.0,0.0,0.03748,0.0,0.09954,,0.0,0.0
2025-09-13 17:55:00,Estella E 1106,0.0,0.0,,0.0,0.03703,,,,0.0,0.0,0.03748,0.0,0.09897,,0.0,0.0
2025-09-13 18:00:00,Estella E 1106,0.0,0.0,,0.0,0.0368,,,,0.0,0.0,0.03757,0.0,0.09895999999999999,,0.0,0.0
2025-09-13 18:05:00,Estella E 1106,0.0,0.0,,0.0,0.03675,,,,0.0,0.0,0.038149999999999996,0.0,0.14540999999999998,,0.0,0.0
2025-09-13 18:10:00,Estella E 1106,0.0,0.0,,0.0,0.00017999999999999998,,,,0.0,0.0,0.03803,0.0,0.14406,,0.0,0.0
2025-09-13 18:15:00,Estella E 1106,0.0,0.0,,0.0,0.00023999999999999998,,,,0.0,0.0,0.038270000000000005,0.0,0.10875,,0.0,0.0
2025-09-13 18:20:00,Estella E 1106,0.0,0.0,,0.0,0.0002,,,,0.0,0.0,0.038310000000000004,0.0,0.10881,,0.0,0.0
2025-09-13 18:25:00,Estella E 1106,0.0,0.0,,0.0,0.00033,,,,0.00956,0.0,0.03799,0.0,0.11757,,0.0,0.0
2025-09-13 18:30:00,Estella E 1106,0.0,0.0,0.01948,0.0,0.03836,0.0,0.0,0.04288,0.00939,0.0,0.037899999999999996,0.0,0.16534000000000001,0.0,0.00014000000000000001,0.0
2025-09-13 18:35:00,Estella E 1106,0.0,0.0,0.019579999999999997,0.0,0.039310000000000005,0.00908,0.0,0.04281,0.0,0.0,0.03789,0.0,0.15559,0.0,8e-05,0.0
2025-09-13 18:40:00,Estella E 1106,0.0,0.0,0.10319,0.0,0.03975,0.00876,0.0,0.0,0.0,0.0,0.037689999999999994,0.0,0.19537000000000002,0.0,7.000000000000001e-05,0.0
2025-09-13 18:45:00,Estella E 1106,0.0,0.00886,0.10244,0.0,0.038380000000000004,0.00883,0.0,0.0,0.0,0.0,0.03756,0.0,0.19337000000000001,0.0,1e-05,0.0
2025-09-13 18:50:00,Estella E 1106,0.0,0.0,0.10178,0.0,0.03778,0.00872,0.0,0.04075,,,,,,0.0,0.00016,0.0
2025-09-13 18:55:00,Estella E 1106,0.0,0.0,,0.0,0.03719,,,,,,,,,,0.0,0.0
2025-09-13 19:00:00,Estella E 1106,0.0,0.0,,0.0,0.0367,,,,0.0,0.0,0.03791,0.0,0.19222999999999998,,0.0,0.0
2025-09-13 19:05:00,Estella E 1106,0.0,0.0,0.10158,0.0,0.03644,0.00868,0.0,0.0,,,,,,0.0,0.00011,0.0
2025-09-13 19:10:00,Estella E 1106,0.0,0.0,0.10155,0.0,0.03616,0.00874,0.0,0.0,,,,,,0.0,0.00033,0.0
2025-09-13 19:15:00,Estella E 1106,0.0,0.0,0.10164,0.0,0.00019,0.00877,0.0,0.0,,,,,,0.0,0.00017999999999999998,0.0
2025-09-13 19:20:00,Estella E 1106,0.0,0.0,,0.0,0.0002,,,,,,,,,,0.0,0.0
2025-09-13 19:25:00,Estella E 1106,0.0,0.0,,0.0,0.00025,,,,,,,,,,0.0,0.0
2025-09-13 19:30:00,Estella E 1106,0.0,0.0,,0.0,0.05258,,,,,,,,,,0.0,0.0
2025-09-13 19:35:00,Estella E 1106,0.0,0.0,,0.0,0.040119999999999996,,,,0.0,0.0,0.0,0.0,0.15653999999999998,,0.0,0.0
2025-09-13 19:40:00,Estella E 1106,0.0,0.0,,0.0,0.0405,,,,0.0,0.0,0.0,0.0,0.18397,,0.0,0.0
2025-09-13 19:45:00,Estella E 1106,0.0,0.0,,0.0,0.040920000000000005,,,,0.0,0.0,0.03552,0.0,0.1935,,0.0,0.0
2025-09-13 19:50:00,Estella E 1106,0.0,0.0,0.0814,0.0,0.039850000000000003,0.00879,0.0,0.019940000000000003,0.0,0.0,0.03519,0.0,0.19393000000000002,0.0,0.00029,0.0
2025-09-13 19:55:00,Estella E 1106,0.0,0.0,,0.0,0.03871,,,,0.0,0.0,0.0,0.0,0.1566,,0.0,0.0
2025-09-13 20:00:00,Estella E 1106,0.0,0.0,,0.0,0.03796,,,,0.0,0.0,0.0,0.0,0.15571000000000002,,0.0,0.0
2025-09-13 20:05:00,Estella E 1106,0.0,0.0,0.08134999999999999,0.0,0.03755,0.00865,0.0,0.019760000000000003,0.0,0.0,0.0,0.0,0.15466,0.0,0.00029,0.0
2025-09-13 20:10:00,Estella E 1106,0.0,0.0,0.08134000000000001,0.0,0.03694,0.020390000000000002,0.0,0.019780000000000002,0.0,0.0,0.0,0.0,0.15431,0.0,0.00041999999999999996,0.0
2025-09-13 20:15:00,Estella E 1106,0.0,0.0,,0.0,0.03683,,,,0.0,0.0,0.0,0.0,0.18131999999999998,,0.0,0.0
2025-09-13 20:20:00,Estella E 1106,0.0,0.0,,0.0,0.03657,,,,0.0,0.0,0.0,0.0,0.2033,,0.0,0.0
2025-09-13 20:25:00,Estella E 1106,0.0,0.0,,0.0,0.00011,,,,0.0,0.0,0.0,0.0,0.18766999999999998,,0.0,0.0
2025-09-13 20:30:00,Estella E 1106,0.0,0.0,,0.0,0.00015,,,,0.0,0.0,0.0,0.0,0.18878999999999999,,0.0,0.0
2025-09-13 20:35:00,Estella E 1106,0.0,0.0,,0.0,0.00019,,,,0.0,0.0,0.0,0.0,0.15700999999999998,,0.0,0.0
2025-09-13 20:40:00,Estella E 1106,0.0,0.0,,0.0,0.04976,,,,0.0,0.0,0.0,0.0,0.15816,,0.0,0.0
2025-09-13 20:45:00,Estella E 1106,0.0,0.0,,0.0,0.039979999999999995,,,,,,,,,,0.0,0.0
2025-09-13 20:50:00,Estella E 1106,0.0,0.0,,0.0,0.040619999999999996,,,,,,,,,,0.0,0.0
2025-09-13 20:55:00,Estella E 1106,0.0,0.0,,0.0,0.04056,,,,,,,,,,0.0,0.0
2025-09-13 21:00:00,Estella E 1106,0.0,0.0,0.10956,0.0,0.03943,0.02034,0.0,0.020120000000000002,0.0,0.0,0.0,0.0,0.19716,0.0,0.00041999999999999996,0.0
2025-09-13 21:05:00,Estella E 1106,0.0,0.0,,0.0,0.03778,,,,0.0,0.0,0.0,0.0,0.19581,,0.0,0.0
2025-09-13 21:10:00,Estella E 1106,0.0,0.0,,0.0,0.03736,,,,0.0,0.0,0.0,0.0,0.18525999999999998,,0.0,0.0
2025-09-13 21:15:00,Estella E 1106,0.0,0.0,,0.0,0.03686,,,,0.0,0.0,0.0,0.0,0.18403999999999998,,0.0,0.0
2025-09-13 21:20:00,Estella E 1106,0.0,0.0,,0.0,0.036719999999999996,,,,0.0,0.0,0.0,0.0,0.18444,,0.0,0.0
2025-09-13 21:25:00,Estella E 1106,0.0,0.0,,0.0,0.00020999999999999998,,,,0.0,0.0,0.0,0.0,0.18459,,0.0,0.0
2025-09-13 21:30:00,Estella E 1106,0.0,0.0,,0.0,0.00019,,,,0.0,0.0,0.0,0.0,0.14952000000000001,,0.0,0.0
2025-09-13 21:35:00,Estella E 1106,0.0,0.0,,0.0,0.00023999999999999998,,,,0.0,0.0,0.0,0.0,0.14824,,0.0,0.0
2025-09-13 21:40:00,Estella E 1106,0.0,0.0,,0.0,0.00013000000000000002,,,,0.0,0.0,0.0,0.0,0.14665999999999998,,0.0,0.0
2025-09-13 21:45:00,Estella E 1106,0.0,0.0,,0.0,0.03762,,,,0.0,0.0,0.0,0.0,0.18181999999999998,,0.0,0.0
2025-09-13 21:50:00,Estella E 1106,0.0,0.0,,0.0,0.03823,,,,0.0,0.0,0.03617,0.0,0.22885,,0.0,0.0
2025-09-13 21:55:00,Estella E 1106,0.0,0.0,,0.0,0.03909000000000001,,,,0.0,0.0,0.03538,0.0,0.21706999999999999,,0.0,0.0
2025-09-13 22:00:00,Estella E 1106,0.0,0.0,,0.0,0.038,,,,0.0,0.0,0.03514,0.0,0.21599000000000002,,0.0,0.0
2025-09-13 22:05:00,Estella E 1106,0.0,0.0,,0.0,0.037149999999999996,,,,0.0,0.0,0.03494,0.0,0.21245,,0.0,0.0
2025-09-13 22:10:00,Estella E 1106,0.0,0.0,,0.0,0.037509999999999995,,,,,,,,,,0.0,0.0
2025-09-13 22:15:00,Estella E 1106,0.0,0.0,,0.0,0.03694,,,,,,,,,,0.0,0.0
2025-09-13 22:20:00,Estella E 1106,0.0,0.0,0.10953,0.0,0.03632,0.0,0.0,0.02004,0.0,0.0,0.0,0.0,0.17229,0.0,0.00011,0.0
2025-09-13 22:25:00,Estella E 1106,0.0,0.0,,0.0,0.0002,,,,0.0,0.0,0.0,0.0,0.14654,,0.0,0.0
2025-09-13 22:30:00,Estella E 1106,0.0,0.0,,0.0,0.00020999999999999998,,,,0.0,0.0,0.0,0.0,0.16688,,0.0,0.0
2025-09-13 22:35:00,Estella E 1106,0.0,0.0,,0.0,0.00015,,,,0.0,0.0,0.0,0.0,0.16757,,0.0,0.0
2025-09-13 22:40:00,Estella E 1106,0.0,0.0,0.1092,0.0,0.00031,0.02966,0.0,0.019829999999999997,,,,,,0.0,0.00020999999999999998,0.0
2025-09-13 22:45:00,Estella E 1106,0.0,0.0,,0.0,0.03997,,,,,,,,,,0.0,0.0
2025-09-13 22:50:00,Estella E 1106,0.0,0.0,,0.0,0.04125,,,,,,,,,,0.0,0.0
2025-09-13 22:55:00,Estella E 1106,0.0,0.0,,0.0,0.04097,,,,0.0,0.0,0.0,0.0,0.20393,,0.0,0.0
2025-09-13 23:00:00,Estella E 1106,0.0,0.0,0.10918000000000001,0.0,0.04111,0.01672,0.0,0.0198,0.0,0.0,0.0,0.0,0.19411,0.0,0.0002,0.0
2025-09-13 23:05:00,Estella E 1106,0.0,0.0,,0.0,0.038810000000000004,,,,0.0,0.0,0.0,0.0,0.18977000000000002,,0.0,0.0
2025-09-13 23:10:00,Estella E 1106,0.0,0.0,0.10879000000000001,0.0,0.03767,0.01052,0.0,0.01988,0.0,0.0,0.0,0.0,0.18453999999999998,0.0,0.00026000000000000003,0.0
2025-09-13 23:15:00,Estella E 1106,0.0,0.0,,0.0,0.03719,,,,0.0,0.0,0.0,0.0,0.18472,,0.0,0.0
2025-09-13 23:20:00,Estella E 1106,0.0,0.0,,0.0,0.03655,,,,0.0,0.0,0.0,0.0,0.18771000000000002,,0.0,0.0
2025-09-13 23:25:00,Estella E 1106,0.0,0.0,,0.0,0.03608,,,,,,,,,,0.0,0.0
2025-09-13 23:30:00,Estella E 1106,0.0,0.0,,0.0,0.00016,,,,0.0,0.0,0.0,0.0,0.12707,,0.0,0.0
2025-09-13 23:35:00,Estella E 1106,0.0,0.0,,0.0,0.00025,,,,0.0,0.0,0.0,0.0,0.13036,,0.0,0.0
2025-09-13 23:40:00,Estella E 1106,0.0,0.0,,0.0,8.999999999999999e-05,,,,0.0,0.0,0.0,0.0,0.12674,,0.0,0.0
2025-09-13 23:45:00,Estella E 1106,0.0,0.0,,0.0,0.00016,,,,0.0,0.0,0.0,0.0,0.12891,,0.0,0.0
2025-09-13 23:50:00,Estella E 1106,0.0,0.0,,0.0,0.038020000000000005,,,,0.0,0.0,0.0,0.0,0.20887,,0.0,0.0
2025-09-13 23:55:00,Estella E 1106,0.0,0.0,,0.0,0.038299999999999994,,,,0.0,0.0,0.0,0.0,0.20055,,0.0,0.0
2025-09-14 00:00:00,Estella E 1106,0.0,0.0,0.09558,0.0,0.03835,0.00054,0.0,-2e-05,0.0,0.0,0.0,0.0,0.14257,0.0,0.00015,0.0
2025-09-14 00:05:00,Estella E 1106,0.0,0.0,0.09455,0.0,0.03724,0.00013000000000000002,0.0,0.0,0.0,0.0,0.0,0.0,0.13952,0.0,0.00035999999999999997,0.0
2025-09-14 00:10:00,Estella E 1106,0.0,0.0,0.09342,0.0,0.036359999999999996,0.0,0.0,0.0,0.0,0.0,0.0,0.0,0.13784,0.0,0.00015,0.0
2025-09-14 00:15:00,Estella E 1106,0.0,0.0,,0.0,0.03589,,,,0.0,0.0,0.0,0.0,0.13643,,0.0,0.0
2025-09-14 00:20:00,Estella E 1106,0.0,0.0,0.09286,0.0,0.00022,0.0,0.0,-1e-05,0.0,0.0,0.0,0.0,0.13396,0.0,0.00019,0.0
2025-09-14 00:25:00,Estella E 1106,0.0,0.0,0.09201000000000001,0.0,0.00026000000000000003,0.0,0.0,0.0,0.0,0.0,0.0,0.0,0.09881000000000001,0.0,0.00019,0.0
2025-09-14 00:30:00,Estella E 1106,0.0,0.0,0.09234999999999999,0.0,0.00035999999999999997,0.0,0.0,-1e-05,0.0,0.0,0.0,0.0,0.09886,0.0,0.00020999999999999998,0.0
2025-09-14 00:35:00,Estella E 1106,0.0,0.0,,0.0,0.00017999999999999998,,,,0.0,0.0,0.0,0.0,0.0993,,0.0,0.0
2025-09-14 00:40:00,Estella E 1106,0.0,0.0,,0.0,0.03674,,,,0.0,0.0,0.0,0.0,0.13466999999999998,,0.0,0.0
2025-09-14 00:45:00,Estella E 1106,0.0,0.0,,0.0,0.03811,,,,0.0,0.0,0.0,0.0,0.13591,,0.0,0.0
2025-09-14 00:50:00,Estella E 1106,0.0,0.0,0.04309,0.0,0.038549999999999994,0.0,0.0,0.0,0.0,0.0,0.0,0.0,0.08623,0.0,0.00035,0.0
2025-09-14 00:55:00,Estella E 1106,0.0,0.0,0.04281,0.0,0.03746,0.0,0.0,-1e-05,0.0,0.0,0.0,0.0,0.08532,0.0,0.00034,0.0
2025-09-14 01:00:00,Estella E 1106,0.0,0.0,0.04315,0.0,0.03664,0.0,0.0,0.0,0.0,0.0,0.0,0.0,0.08419,0.0,0.0005600000000000001,0.0
2025-09-14 01:05:00,Estella E 1106,0.0,0.0,,0.0,0.03607,,,,0.0,0.0,0.0,0.0,0.08439,,0.0,0.0
2025-09-14 01:10:00,Estella E 1106,0.0,0.0,,0.0,0.00023999999999999998,,,,0.0,0.0,0.0,0.0,0.08386,,0.0,0.0
2025-09-14 01:15:00,Estella E 1106,0.0,0.0,0.04336,0.0,0.0002,0.0,0.0,-1e-05,0.0,0.0,0.0,0.0,0.0499,0.0,0.00026000000000000003,0.0
2025-09-14 01:20:00,Estella E 1106,0.0,0.0,0.04374,0.0,0.00014000000000000001,0.0,0.0,0.0,0.0,0.0,0.0,0.0,0.049890000000000004,0.0,0.00039,0.0
2025-09-14 01:25:00,Estella E 1106,0.0,0.0,,0.0,0.00020999999999999998,,,,0.0,0.0,0.0,0.0,0.04977,,0.0,0.0
2025-09-14 01:30:00,Estella E 1106,0.0,0.0,0.043429999999999996,0.0,0.03626,0.0,0.0,-5e-05,0.0,0.0,0.0,0.0,0.09853,0.0,0.00029,0.0
2025-09-14 01:35:00,Estella E 1106,0.0,0.0,0.0435,0.0,0.03804,0.0,0.0,-1e-05,0.0,0.0,0.0,0.0,0.08621,0.0,0.00032,0.0
2025-09-14 01:40:00,Estella E 1106,0.0,0.0,,0.0,0.038549999999999994,,,,0.0,0.0,0.0,0.0,0.08648,,0.0,0.0
2025-09-14 01:45:00,Estella E 1106,,,0.04339,,,0.0,0.0,-4e-05,0.0,0.0,0.0,0.0,0.08589,0.0,0.00033,
2025-09-14 01:50:00,Estella E 1106,0.0,0.0,0.08698,0.0,0.07358999999999999,0.0,0.0,-2e-05,0.0,0.0,0.0,0.0,0.17002,0.0,0.00022,0.0
2025-09-14 01:55:00,Estella E 1106,0.0,0.0,0.08710999999999999,0.0,0.072,0.0,0.0,-6e-05,0.0,0.0,0.0,0.0,0.1687,0.0,0.00044,0.0
2025-09-14 02:00:00,Estella E 1106,0.0,0.0,,0.0,0.00028000000000000003,,,,0.0,0.0,0.0,0.0,0.08367000000000001,,0.0,0.0
2025-09-14 02:05:00,Estella E 1106,0.0,0.0,0.043429999999999996,0.0,0.00013000000000000002,0.0,0.0,-1e-05,0.0,0.0,0.0,0.0,0.05044,0.0,0.00029,0.0
2025-09-14 02:10:00,Estella E 1106,0.0,0.0,0.04345,0.0,0.00013000000000000002,0.0,0.0,-1e-05,0.0,0.0,0.0,0.0,0.04999,0.0,0.00019,0.0
2025-09-14 02:15:00,Estella E 1106,0.0,0.0,0.04376,0.0,0.00014000000000000001,0.0,0.0,0.0,0.0,0.0,0.0,0.0,0.05003,0.0,0.00031,0.0
2025-09-14 02:20:00,Estella E 1106,0.0,0.0,0.04393,0.0,0.03589,0.0,0.0,0.0,0.0,0.0,0.0,0.0,0.09937,0.0,0.00034,0.0
2025-09-14 02:25:00,Estella E 1106,0.0,0.0,0.043840000000000004,0.0,0.03774,0.0,0.0,0.0,0.0,0.0,0.0,0.0,0.08615,0.0,0.00038,0.0
2025-09-14 02:30:00,Estella E 1106,0.0,0.0,0.043609999999999996,0.0,0.20257,0.0,0.0,0.0,0.0,0.0,0.0,0.0,0.08637,0.0,0.00045,0.0
2025-09-14 02:35:00,Estella E 1106,0.0,0.0,0.04391,0.0,0.20363,0.0,0.0,0.0,0.0,0.0,0.0,0.0,0.25267,0.0,0.00033,0.0
2025-09-14 02:40:00,Estella E 1106,0.0,0.0,0.04401,0.0,0.20367,0.0,0.0,-2e-05,0.0,0.0,0.0,0.0,0.25317,0.0,0.0005,0.0
2025-09-14 02:45:00,Estella E 1106,0.0,0.0,,0.0,0.203,,,,0.0,0.0,0.0,0.0,0.25192,,0.0,0.0
2025-09-14 02:50:00,Estella E 1106,0.0,0.0,0.04375,0.0,0.00023999999999999998,0.0,0.0,-1e-05,0.0,0.0,0.0,0.0,0.0506,0.0,0.00035,0.0
2025-09-14 02:55:00,Estella E 1106,0.0,0.0,0.04389,0.0,0.055,0.0,0.0,-1e-05,0.0,0.0,0.0,0.0,0.12846000000000002,0.0,0.00026000000000000003,0.0
2025-09-14 03:00:00,Estella E 1106,0.0,0.0,0.04397,0.0,0.05275,0.0,0.0,-7.000000000000001e-05,0.0,0.0,0.0,0.0,0.10183,0.0,0.00032,0.0
2025-09-14 03:05:00,Estella E 1106,0.0,0.0,0.04408,0.0,0.05123,0.0,0.0,-1e-05,0.0,0.0,0.0,0.0,0.10091,0.0,0.00022,0.0
2025-09-14 03:10:00,Estella E 1106,0.0,0.0,0.04412,0.0,0.04927,0.0,0.0,0.0,0.0,0.0,0.0,0.0,0.09949,0.0,0.0004,0.0
2025-09-14 03:15:00,Estella E 1106,0.0,0.0,0.044289999999999996,0.0,0.04789,0.0,0.0,0.0,0.0,0.0,0.0,0.0,0.09694,0.0,0.00023,0.0
2025-09-14 03:20:00,Estella E 1106,0.0,0.0,0.04418,0.0,0.046380000000000005,0.0,0.0,-1e-05,0.0,0.0,0.0,0.0,0.0959,0.0,0.00049,0.0
2025-09-14 03:25:00,Estella E 1106,0.0,0.0,0.04413,0.0,0.04561,0.0,0.0,0.0,0.0,0.0,0.0,0.0,0.09456999999999999,0.0,0.00039,0.0
2025-09-14 03:30:00,Estella E 1106,,,0.04406,,,0.0,0.0,0.0,0.0,0.0,0.0,0.0,0.09370999999999999,0.0,0.00033,
2025-09-14 03:35:00,Estella E 1106,0.0,0.0,0.08812,0.0,0.08882,0.0,0.0,-0.00011999999999999999,0.0,0.0,0.0,0.0,0.18618,0.0,0.00132,0.0
2025-09-14 03:40:00,Estella E 1106,0.0,0.0,0.04442,0.0,0.04056,0.0,0.0,-4e-05,0.0,0.0,0.0,0.0,0.09026999999999999,0.0,0.0006,0.0
2025-09-14 03:45:00,Estella E 1106,0.0,0.0,0.04445,0.0,0.038829999999999996,0.0,0.0,-1e-05,0.0,0.0,0.0,0.0,0.08812,0.0,0.00047,0.0
2025-09-14 03:50:00,Estella E 1106,0.0,0.0,,0.0,0.03823,,,,0.0,0.0,0.0,0.0,0.08799,,0.0,0.0
2025-09-14 03:55:00,Estella E 1106,0.0,0.0,0.04464,0.0,0.037829999999999996,0.0,0.0,-1e-05,0.0,0.0,0.0,0.0,0.08738,0.0,0.00047999999999999996,0.0
2025-09-14 04:00:00,Estella E 1106,0.0,0.0,,0.0,0.037340000000000005,,,,0.0,0.0,0.0,0.0,0.08664,,0.0,0.0
2025-09-14 04:05:00,Estella E 1106,0.0,0.0,0.04453,0.0,0.03706,0.0,0.0,-1e-05,0.0,0.0,0.0,0.0,0.08633,0.0,0.00022,0.0
2025-09-14 04:10:00,Estella E 1106,0.0,0.0,0.04425,0.0,0.03666,0.0,0.0,-7.000000000000001e-05,0.0,0.0,0.0,0.0,0.0857,0.0,0.00028000000000000003,0.0
2025-09-14 04:15:00,Estella E 1106,0.0,0.0,0.04445,0.0,0.036539999999999996,0.0,0.0,-5e-05,0.0,0.0,0.0,0.0,0.08536,0.0,0.00016,0.0
2025-09-14 04:20:00,Estella E 1106,0.0,0.0,0.04439,0.0,0.036359999999999996,0.0,0.0,-1e-05,0.0,0.0,0.0,0.0,0.0854,0.0,0.00038,0.0
2025-09-14 04:25:00,Estella E 1106,0.0,0.0,0.0445,0.0,0.00014000000000000001,0.0,0.0,-4e-05,0.0,0.0,0.0,0.0,0.08488,0.0,0.00047,0.0
2025-09-14 04:30:00,Estella E 1106,0.0,0.0,0.0445,0.0,0.0004,0.0,0.0,-1e-05,0.0,0.0,0.0,0.0,0.05095,0.0,0.00073,0.0
2025-09-14 04:35:00,Estella E 1106,0.0,0.0,0.04456,0.0,0.00019,0.0,0.0,-4e-05,0.0,0.0,0.0,0.0,0.05121,0.0,0.00047999999999999996,0.0
2025-09-14 04:40:00,Estella E 1106,0.0,0.0,,0.0,0.00032,,,,0.0,0.0,0.0,0.0,0.05108,,0.0,0.0
2025-09-14 04:45:00,Estella E 1106,0.0,0.0,0.04451,0.0,0.03724,0.0,0.0,-1e-05,0.0,0.0,0.0,0.0,0.09799,0.0,0.00041,0.0
2025-09-14 04:50:00,Estella E 1106,0.0,0.0,0.04439,0.0,0.038450000000000005,0.0,0.0,-1e-05,0.0,0.0,0.0,0.0,0.08781,0.0,0.00043,0.0
2025-09-14 04:55:00,Estella E 1106,0.0,0.0,0.04442,0.0,0.03761,0.0,0.0,-1e-05,0.0,0.0,0.0,0.0,0.08684,0.0,0.0005600000000000001,0.0
2025-09-14 05:00:00,Estella E 1106,0.0,0.0,0.04442,0.0,0.03714,0.0,0.0,-1e-05,0.0,0.0,0.0,0.0,0.08592,0.0,0.00035999999999999997,0.0
2025-09-14 05:05:00,Estella E 1106,0.0,0.0,0.04443,0.0,0.03689,0.0,0.0,0.0,0.0,0.0,0.0,0.0,0.08629,0.0,0.00029,0.0
2025-09-14 05:10:00,Estella E 1106,0.0,0.0,0.04416,0.0,0.03646,0.0,0.0,0.0,0.0,0.0,0.0,0.0,0.0859,0.0,0.0006,0.0
2025-09-14 05:15:00,Estella E 1106,0.0,0.0,0.04424,0.0,0.03617,0.0,0.0,0.0,0.0,0.0,0.0,0.0,0.08541,0.0,0.00023,0.0
2025-09-14 05:20:00,Estella E 1106,0.0,0.0,0.044090000000000004,0.0,0.03597,0.0,0.0,0.0,0.0,0.0,0.0,0.0,0.08465,0.0,0.00019,0.0
2025-09-14 05:25:00,Estella E 1106,0.0,0.0,0.04392,0.0,0.00022,0.0,0.0,-1e-05,0.0,0.0,0.0,0.0,0.05048,0.0,0.00041999999999999996,0.0
2025-09-14 05:30:00,Estella E 1106,0.0,0.0,0.04418,0.0,0.00029,0.0,0.0,-1e-05,0.0,0.0,0.0,0.0,0.05082,0.0,0.00017999999999999998,0.0
2025-09-14 05:35:00,Estella E 1106,0.0,0.0,0.04377,0.0,0.00032,0.0,0.0,-1e-05,0.0,0.0,0.0,0.0,0.05029,0.0,0.00020999999999999998,0.0
2025-09-14 05:40:00,Estella E 1106,0.0,0.0,0.043859999999999996,0.0,0.0511,0.0,0.0,-1e-05,0.0,0.0,0.0,0.0,0.0504,0.0,0.00014000000000000001,0.0
2025-09-14 05:45:00,Estella E 1106,0.0,0.0,0.04372,0.0,0.037700000000000004,0.0,0.0,-1e-05,0.0,0.0,0.0,0.0,0.08575,0.0,0.00014000000000000001,0.0
2025-09-14 05:50:00,Estella E 1106,0.0,0.0,0.04362,0.0,0.038149999999999996,0.0,0.0,-2e-05,0.0,0.0,0.0,0.0,0.08588,0.0,0.00041999999999999996,0.0
2025-09-14 05:55:00,Estella E 1106,0.0,0.0,0.04355,0.0,0.0368,0.0,0.0,0.0,0.0,0.0,0.0,0.0,0.08565,0.0,0.00041,0.0
2025-09-14 06:00:00,Estella E 1106,0.0,0.0,,0.0,0.03673,,,,0.0,0.0,0.0,0.0,0.08545,,0.0,0.0
2025-09-14 06:05:00,Estella E 1106,0.0,0.0,,0.0,0.03635,,,,0.0,0.0,0.0,0.0,0.08532,,0.0,0.0
2025-09-14 06:10:00,Estella E 1106,0.0,0.0,,0.0,0.03602,,,,0.0,0.0,0.0,0.0,0.08434,,0.0,0.0
2025-09-14 06:15:00,Estella E 1106,0.0,0.0,0.04336,0.0,0.035859999999999996,0.0,0.0,-1e-05,0.0,0.0,0.0,0.0,0.08439,0.0,0.0002,0.0
2025-09-14 06:20:00,Estella E 1106,0.0,0.0,,0.0,0.00020999999999999998,,,,0.0,0.0,0.0,0.0,0.04984,,0.0,0.0
2025-09-14 06:25:00,Estella E 1106,0.0,0.0,,0.0,0.00020999999999999998,,,,0.0,0.0,0.0,0.0,0.04962,,0.0,0.0
2025-09-14 06:30:00,Estella E 1106,0.0,0.0,,0.0,0.00017999999999999998,,,,0.0,0.0,0.0,0.0,0.049659999999999996,,0.0,0.0
2025-09-14 06:35:00,Estella E 1106,0.0,0.0,0.02052,0.0,0.0492,0.0,0.0,-4e-05,0.0,0.0,0.0,0.0,0.02705,0.0,0.00031,0.0
2025-09-14 06:40:00,Estella E 1106,0.0,0.0,,0.0,0.03807,,,,0.0,0.0,0.0,0.0,0.06349,,0.0,0.0
2025-09-14 06:45:00,Estella E 1106,0.0,0.0,,0.0,0.037950000000000005,,,,0.0,0.0,0.0,0.0,0.06382,,0.0,0.0
2025-09-14 06:50:00,Estella E 1106,0.0,0.0,0.02035,0.0,0.037020000000000004,0.0,0.0,0.0,0.0,0.0,0.0,0.0,0.0631,0.0,0.00022,0.0
2025-09-14 06:55:00,Estella E 1106,0.0,0.0,0.0205,0.0,0.03675,0.0,0.0,0.0,0.0,0.0,0.0,0.0,0.06268,0.0,0.00019,0.0
2025-09-14 07:00:00,Estella E 1106,0.0,0.0,0.02038,0.0,0.03657,0.0,0.0,-1e-05,0.0,0.0,0.0,0.0,0.06221,0.0,0.00028000000000000003,0.0
2025-09-14 07:05:00,Estella E 1106,0.0,0.0,0.02043,0.0,0.03625,0.0,0.0,0.0,0.0,0.0,0.0,0.0,0.06179,0.0,5e-05,0.0
2025-09-14 07:10:00,Estella E 1106,0.0,0.0,0.02035,0.0,0.0002,0.0,0.0,0.0,0.0,0.0,0.0,0.0,0.06098,0.0,8e-05,0.0
2025-09-14 07:15:00,Estella E 1106,0.0,0.0,0.020210000000000002,0.0,0.00014000000000000001,0.0,0.0,-1e-05,0.0,0.0,0.0,0.0,0.02655,0.0,0.00023,0.0
2025-09-14 07:20:00,Estella E 1106,0.0,0.0,,0.0,0.00019,,,,0.0,0.0,0.0,0.0,0.02714,,0.0,0.0
2025-09-14 07:25:00,Estella E 1106,0.0,0.0,,0.0,0.00019,,,,0.0,0.0,0.0,0.0,0.02675,,0.0,0.0
2025-09-14 07:30:00,Estella E 1106,0.0,0.0,,0.0,0.0365,,,,0.0,0.0,0.0,0.0,0.07687000000000001,,0.0,0.0
2025-09-14 07:35:00,Estella E 1106,0.0,0.0,,0.0,0.037880000000000004,,,,0.0,0.0,0.0,0.0,0.06324,,0.0,0.0
2025-09-14 07:40:00,Estella E 1106,0.0,0.0,,0.0,0.03746,,,,0.0,0.0,0.0,0.0,0.06358,,0.0,0.0
2025-09-14 07:45:00,Estella E 1106,0.0,0.0,0.02041,0.0,0.03714,0.0,0.0,0.0,0.0,0.0,0.0,0.0,0.06295,0.0,0.0002,0.0
2025-09-14 07:50:00,Estella E 1106,0.0,0.0,0.02025,0.0,0.03668,0.0,0.0,0.0,0.0,0.0,0.0,0.0,0.062189999999999995,0.0,0.00011,0.0
2025-09-14 07:55:00,Estella E 1106,0.0,0.0,,0.0,0.0364,,,,0.0,0.0,0.0,0.0,0.061810000000000004,,0.0,0.0
2025-09-14 08:00:00,Estella E 1106,0.0,0.0,,0.0,0.03607,,,,0.0,0.0,0.0,0.0,0.06221,,0.0,0.0
2025-09-14 08:05:00,Estella E 1106,0.0,0.0,,0.0,0.00015,,,,0.0,0.0,0.0,0.0,0.027219999999999998,,0.0,0.0
2025-09-14 08:10:00,Estella E 1106,0.0,0.0,,0.0,0.00017999999999999998,,,,0.0,0.0,0.0,0.0,0.027260000000000003,,0.0,0.0
2025-09-14 08:15:00,Estella E 1106,0.0,0.0,,0.0,0.00022,,,,0.0,0.0,0.0,0.0,0.02702,,0.0,0.0
2025-09-14 08:20:00,Estella E 1106,0.0,0.0,,0.0,0.00028000000000000003,,,,0.0,0.0,0.0,0.0,0.02691,,0.0,0.0
2025-09-14 08:25:00,Estella E 1106,0.0,0.0,,0.0,0.00134,,,,0.0,0.0,0.0,0.0,0.027280000000000002,,0.0,0.0
2025-09-14 08:30:00,Estella E 1106,0.0,0.0,,0.0,0.04045,,,,0.0,0.0,0.0,0.0,0.06506,,0.0,0.0
2025-09-14 08:35:00,Estella E 1106,0.0,0.0,0.0201,0.0,0.03909000000000001,0.0,0.0,0.0,0.0,0.0,0.0,0.0,0.06629,0.0,5e-05,0.0
2025-09-14 08:40:00,Estella E 1106,0.0,0.0,,0.0,0.038020000000000005,,,,0.0,0.0,0.0,0.0,0.06375,,0.0,0.0
2025-09-14 08:45:00,Estella E 1106,0.0,0.0,,0.0,0.037399999999999996,,,,0.0,0.0,0.0,0.0,0.06318,,0.0,0.0
2025-09-14 08:50:00,Estella E 1106,0.0,0.0,,0.0,0.03683,,,,0.0,0.0,0.0,0.0,0.06262,,0.0,0.0
2025-09-14 08:55:00,Estella E 1106,0.0,0.0,0.02041,0.0,0.03635,0.0,0.0,0.0,,,,,,0.0,5.9999999999999995e-05,0.0
2025-09-14 09:00:00,Estella E 1106,0.0,0.0,,0.0,0.03605,,,,0.0,0.0,0.0,0.0,0.061619999999999994,,0.0,0.0
2025-09-14 09:05:00,Estella E 1106,0.0,0.0,,0.0,0.00026000000000000003,,,,0.0,0.0,0.0,0.0,0.061090000000000005,,0.0,0.0
2025-09-14 09:10:00,Estella E 1106,0.0,0.0,,0.0,0.00023999999999999998,,,,,,,,,,0.0,0.0
2025-09-14 09:15:00,Estella E 1106,0.0,0.0,,0.0,0.00016,,,,0.0,0.0,0.0,0.0,0.026109999999999998,,0.0,0.0
2025-09-14 09:20:00,Estella E 1106,0.0,0.0,,0.0,0.00026000000000000003,,,,,,,,,,0.0,0.0
2025-09-14 09:25:00,Estella E 1106,0.0,0.0,0.02002,0.0,0.0366,0.0,0.0,0.0,0.0,0.0,0.0,0.0,0.026670000000000003,0.0,8.999999999999999e-05,0.0
2025-09-14 09:30:00,Estella E 1106,0.0,0.0,0.0198,0.0,0.03814,0.0,0.0,0.0,0.0,0.0,0.0,0.0,0.06262,0.0,0.00022,0.0
2025-09-14 09:35:00,Estella E 1106,0.0,0.0,,0.0,0.03756,,,,0.0,0.0,0.0,0.0,0.06242,,0.0,0.0
2025-09-14 09:40:00,Estella E 1106,0.0,0.0,,0.0,0.03701,,,,0.0,0.0,0.0,0.0,0.062439999999999996,,0.0,0.0
2025-09-14 09:45:00,Estella E 1106,0.0,0.0,,0.0,0.03661,,,,0.0,0.0,0.0,0.0,0.061700000000000005,,0.0,0.0
2025-09-14 09:50:00,Estella E 1106,0.0,0.0,,0.0,0.03648,,,,0.0,0.0,0.0,0.0,0.06155,,0.0,0.0
2025-09-14 09:55:00,Estella E 1106,0.0,0.03239,,0.0,0.03608,,,,0.0,0.0,0.0,0.0,0.061090000000000005,,0.0,0.0
2025-09-14 10:00:00,Estella E 1106,0.0,0.030600000000000002,0.019649999999999997,0.0,0.00028000000000000003,0.0,0.0,0.0,0.0,0.0,0.0,0.0,0.05832,0.0,8.999999999999999e-05,0.0
2025-09-14 10:05:00,Estella E 1106,0.0,0.030289999999999997,,0.0,0.00023999999999999998,,,,0.0,0.0,0.0,0.0,0.05759,,0.0,0.0
2025-09-14 10:10:00,Estella E 1106,0.0,0.02997,,0.0,0.00029,,,,0.0,0.0,0.0,0.0,0.05762,,0.0,0.0
2025-09-14 10:15:00,Estella E 1106,0.0,0.0,0.019620000000000002,0.0,0.0002,0.0,0.0,0.0,0.0,0.0,0.0,0.0,0.02595,0.0,5e-05,0.0
2025-09-14 10:20:00,Estella E 1106,0.0,0.0,0.019579999999999997,0.0,0.038829999999999996,0.0,0.0,-1e-05,0.0,0.0,0.0,0.0,0.06261,0.0,1e-05,0.0
2025-09-14 10:25:00,Estella E 1106,0.0,0.0,,0.0,0.0427,,,,0.0,0.0,0.0,0.0,0.06763,,0.0,0.0
2025-09-14 10:30:00,Estella E 1106,0.0,0.0,0.01945,0.0,0.04298,0.0,0.0,0.0,0.0,0.0,0.0,0.0,0.06743,0.0,2e-05,0.0
2025-09-14 10:35:00,Estella E 1106,0.0,0.0,,0.0,0.03918,,,,0.0,0.0,0.0,0.0,0.06448999999999999,,0.0,0.0
2025-09-14 10:40:00,Estella E 1106,0.0,0.0,0.01948,0.0,0.038329999999999996,0.0,0.0,-1e-05,0.0,0.0,0.0,0.0,0.06321,0.0,4e-05,0.0
2025-09-14 10:45:00,Estella E 1106,0.0,0.0,0.019280000000000002,0.0,0.03766,0.0,0.0,0.0,0.0,0.0,0.0,0.0,0.06243,0.0,4e-05,0.0
2025-09-14 10:50:00,Estella E 1106,0.0,0.0,0.01924,0.0,0.03701,0.0,0.0,0.0,0.0,0.0,0.0,0.0,0.0616,0.0,1e-05,0.0
2025-09-14 10:55:00,Estella E 1106,0.0,0.0,,0.0,0.03681,,,,0.0,0.0,0.0,0.0,0.06139,,0.0,0.0
2025-09-14 11:00:00,Estella E 1106,0.0,0.0,,0.0,0.03639,,,,0.0,0.0,0.0,0.0,0.06053,,0.0,0.0
2025-09-14 11:05:00,Estella E 1106,0.0,0.0,0.019149999999999997,0.0,0.03623,0.0,0.0,0.0,0.0,0.0,0.0,0.0,0.06089,0.0,0.00011999999999999999,0.0
2025-09-14 11:10:00,Estella E 1106,0.0,0.0,0.01907,0.0,0.00026000000000000003,0.0,0.0,0.0,0.0,0.0,0.0,0.0,0.02543,0.0,5.9999999999999995e-05,0.0
2025-09-14 11:15:00,Estella E 1106,0.0,0.0,,0.0,0.00026000000000000003,,,,0.0,0.0,0.0,0.0,0.0257,,0.0,0.0
2025-09-14 11:20:00,Estella E 1106,0.0,0.0,,0.0,0.00029,,,,,,,,,,0.0,0.0
2025-09-14 11:25:00,Estella E 1106,0.0,0.0,,0.0,0.0367,,,,0.0,0.0,0.0,0.0,0.07554000000000001,,0.0,0.0
2025-09-14 11:30:00,Estella E 1106,0.0,0.0,,0.0,0.038380000000000004,,,,0.0,0.0,0.0,0.0,0.062479999999999994,,0.0,0.0
2025-09-14 11:35:00,Estella E 1106,0.0,0.0,0.019350000000000003,0.0,0.03755,0.0,0.0,0.0,0.0,0.0,0.0,0.0,0.06242,0.0,4e-05,0.0
2025-09-14 11:40:00,Estella E 1106,0.0,0.0,0.01945,0.0,0.03689,0.0,0.0,0.0,0.0,0.0,0.0,0.0,0.06166,0.0,0.00011,0.0
2025-09-14 11:45:00,Estella E 1106,0.0,0.0,0.019399999999999997,0.0,0.03653,0.0,0.0,0.0,0.0,0.0,0.0,0.0,0.061009999999999995,0.0,5.9999999999999995e-05,0.0
2025-09-14 11:50:00,Estella E 1106,0.0,0.0,0.019309999999999997,0.0,0.03655,0.0,0.0,-1e-05,0.0,0.0,0.0,0.0,0.061020000000000005,0.0,0.00013000000000000002,0.0
2025-09-14 11:55:00,Estella E 1106,0.0,0.0,0.01933,0.0,0.036270000000000004,0.0,0.0,0.0,0.0,0.0,0.0,0.0,0.06067,0.0,1e-05,0.0
2025-09-14 12:00:00,Estella E 1106,0.0,0.0,,0.0,0.00039,,,,0.0,0.0,0.0,0.0,0.02638,,0.0,0.0
2025-09-14 12:05:00,Estella E 1106,0.0,0.0,,0.0,0.0002,,,,0.0,0.0,0.0,0.0,0.02589,,0.0,0.0
2025-09-14 12:10:00,Estella E 1106,0.0,0.0,,0.0,0.00020999999999999998,,,,0.0,0.0,0.039700000000000006,0.0,0.06556000000000001,,0.0,0.0
2025-09-14 12:15:00,Estella E 1106,0.0,0.0,,0.0,0.00029,,,,0.0,0.0,0.0,0.0,0.02568,,0.0,0.0
2025-09-14 12:20:00,Estella E 1106,0.0,0.0,0.01945,0.0,0.0035600000000000002,0.0,0.0,0.0,0.0,0.0,0.0,0.0,0.026449999999999998,0.0,8e-05,0.0
2025-09-14 12:25:00,Estella E 1106,0.0,0.0,,0.0,0.0421,,,,0.0,0.0,0.0,0.0,0.06614,,0.0,0.0
2025-09-14 12:30:00,Estella E 1106,0.0,0.0,,0.0,0.04293,,,,0.0,0.0,0.0,0.0,0.07931999999999999,,0.0,0.0
2025-09-14 12:35:00,Estella E 1106,0.0,0.0,,0.0,0.04336,,,,0.0,0.0,0.0,0.0,0.07514,,0.0,0.0
2025-09-14 12:40:00,Estella E 1106,0.0,0.0,,0.0,0.04119,,,,0.0,0.0,0.0,0.0,0.10481,,0.0,0.0
2025-09-14 12:45:00,Estella E 1106,0.0,0.0,0.019780000000000002,0.0,0.039240000000000004,0.030350000000000002,0.0,0.0,0.0,0.0,0.0,0.0,0.09576000000000001,0.0,8e-05,0.0
2025-09-14 12:50:00,Estella E 1106,0.0,0.0,0.019739999999999997,0.0,0.03882,0.0,0.0,0.0,0.0,0.0,0.0,0.0,0.06302,0.0,2e-05,0.0
2025-09-14 12:55:00,Estella E 1106,0.0,0.0,,0.0,0.0385,,,,0.0,0.0,0.0,0.0,0.06361,,0.0,0.0
2025-09-14 13:00:00,Estella E 1106,0.0,0.0,0.020079999999999997,0.0,0.037829999999999996,0.0,0.0,0.0,0.0,0.0,0.0,0.0,0.06322,0.0,0.00014000000000000001,0.0
2025-09-14 13:05:00,Estella E 1106,0.0,0.0,0.02016,0.0,0.03743,0.0,0.0,-1e-05,0.0,0.0,0.0,0.0,0.06298,0.0,0.00031,0.0
2025-09-14 13:10:00,Estella E 1106,0.0,0.0,0.02007,0.0,0.03713,0.0,0.0,0.0,0.0,0.0,0.0,0.0,0.06256,0.0,0.00017999999999999998,0.0
2025-09-14 13:15:00,Estella E 1106,0.0,0.0,,0.0,0.0366,,,,0.0,0.0,0.0,0.0,0.06229,,0.0,0.0
2025-09-14 13:20:00,Estella E 1106,0.0,0.0,0.02053,0.0,0.00016,0.0,0.0,0.0,0.0,0.0,0.0,0.0,0.062189999999999995,0.0,0.00017999999999999998,0.0
2025-09-14 13:25:00,Estella E 1106,0.0,0.0,,0.0,0.00019,,,,0.0,0.0,0.0,0.0,0.026629999999999997,,0.0,0.0
2025-09-14 13:30:00,Estella E 1106,0.0,0.0,,0.0,0.00031,,,,0.0,0.0,0.0,0.0,0.02687,,0.0,0.0
2025-09-14 13:35:00,Estella E 1106,0.0,0.0,,0.0,0.00027,,,,0.0,0.0,0.0,0.0,0.027120000000000002,,0.0,0.0
2025-09-14 13:40:00,Estella E 1106,0.0,0.0,,0.0,0.038079999999999996,,,,0.0,0.0,0.0,0.0,0.06296,,0.0,0.0
2025-09-14 13:45:00,Estella E 1106,0.0,0.0,,0.0,0.03882,,,,0.0,0.0,0.0,0.0,0.06426000000000001,,0.0,0.0
2025-09-14 13:50:00,Estella E 1106,0.0,0.0,,0.0,0.03932,,,,0.0,0.0,0.0,0.0,0.0649,,0.0,0.0
2025-09-14 13:55:00,Estella E 1106,0.0,0.0,,0.0,0.038579999999999996,,,,0.0,0.0,0.0,0.0,0.06459999999999999,,0.0,0.0
2025-09-14 14:00:00,Estella E 1106,0.0,0.0,,0.0,0.03789,,,,0.0,0.0,0.0,0.0,0.0639,,0.0,0.0
2025-09-14 14:05:00,Estella E 1106,0.0,0.0,,0.0,0.19721,,,,0.0,0.0,0.0,0.0,0.22472,,0.0,0.0
2025-09-14 14:10:00,Estella E 1106,0.0,0.0,,0.0,0.19421000000000002,,,,0.0,0.0,0.0,0.0,0.22078,,0.0,0.0
2025-09-14 14:15:00,Estella E 1106,0.0,0.0,,0.0,0.19475,,,,0.0,0.0,0.0,0.0,0.22015,,0.0,0.0
2025-09-14 14:20:00,Estella E 1106,0.0,0.0,,0.0,0.0002,,,,0.0,0.0,0.0,0.0,0.02631,,0.0,0.0
2025-09-14 14:25:00,Estella E 1106,0.0,0.0,0.019960000000000002,0.0,0.00017999999999999998,0.0,0.0,0.0,0.0,0.0,0.0,0.0,0.026809999999999997,0.0,0.00016,0.0
2025-09-14 14:30:00,Estella E 1106,0.0,0.0,0.02032,0.0,0.05525,0.0,0.0,-1e-05,0.0,0.0,0.0,0.0,0.08195999999999999,0.0,0.00011,0.0
2025-09-14 14:35:00,Estella E 1106,0.0,0.0,,0.0,0.05453,,,,0.0,0.0,0.0,0.0,0.08016,,0.0,0.0
2025-09-14 14:40:00,Estella E 1106,0.0,0.0,,0.0,0.052950000000000004,,,,0.0,0.0,0.0,0.0,0.07898000000000001,,0.0,0.0
2025-09-14 14:45:00,Estella E 1106,0.0,0.0,0.02009,0.0,0.04926,0.0,0.0,0.0,0.0,0.0,0.0,0.0,0.07423,0.0,0.00016,0.0
2025-09-14 14:50:00,Estella E 1106,0.0,0.0,,0.0,0.04904,,,,0.0,0.0,0.0,0.0,0.07453,,0.0,0.0
2025-09-14 14:55:00,Estella E 1106,0.0,0.0,,0.0,0.047630000000000006,,,,0.0,0.0,0.0,0.0,0.0734,,0.0,0.0
2025-09-14 15:00:00,Estella E 1106,0.0,0.0,,0.0,0.04647,,,,0.0,0.0,0.0,0.0,0.07213,,0.0,0.0
2025-09-14 15:05:00,Estella E 1106,0.0,0.0,0.02048,0.0,0.04573,0.0,0.0,-1e-05,0.0,0.0,0.0,0.0,0.07163,0.0,5e-05,0.0
2025-09-14 15:10:00,Estella E 1106,0.0,0.0,0.02043,0.0,0.04491,0.0,0.0,-1e-05,0.0,0.0,0.0,0.0,0.07084,0.0,0.00011,0.0
2025-09-14 15:15:00,Estella E 1106,0.0,0.0,0.02014,0.0,0.04431,0.0,0.0,0.0,0.0,0.0,0.0,0.0,0.07005,0.0,8e-05,0.0
2025-09-14 15:20:00,Estella E 1106,0.0,0.0,0.020239999999999998,0.0,0.04233,0.0,0.0,-1e-05,0.0,0.0,0.0,0.0,0.06788,0.0,0.00013000000000000002,0.0
2025-09-14 15:25:00,Estella E 1106,0.0,0.0,0.0,0.0,0.041049999999999996,0.0,0.0,-1e-05,0.0,0.0,0.0,0.0,0.06674,0.0,8e-05,0.0
2025-09-14 15:30:00,Estella E 1106,0.0,0.0,0.0,0.0,0.04046,0.0,0.0,-4e-05,0.0,0.0,0.0,0.0,0.04488,0.0,5e-05,0.0
2025-09-14 15:35:00,Estella E 1106,0.0,0.0,,0.0,0.04083,,,,0.0,0.0,0.0,0.0,0.045509999999999995,,0.0,0.0
2025-09-14 15:40:00,Estella E 1106,0.0,0.0,,0.0,0.040060000000000005,,,,0.0,0.0,0.0,0.0,0.044649999999999995,,0.0,0.0
2025-09-14 15:45:00,Estella E 1106,0.0,0.0,,0.0,0.03943,,,,0.0,0.0,0.0,0.0,0.04391,,0.0,0.0
2025-09-14 15:50:00,Estella E 1106,0.0,0.0,,0.0,0.038840000000000006,,,,0.0,0.0,0.0,0.0,0.04341,,0.0,0.0
2025-09-14 15:55:00,Estella E 1106,0.0,0.0,,0.0,0.03821,,,,0.0,0.0,0.0,0.0,0.07104,,0.0,0.0
2025-09-14 16:00:00,Estella E 1106,0.0,0.0,,0.0,0.03787,,,,0.0,0.0,0.0,0.0,0.06952,,0.0,0.0
2025-09-14 16:05:00,Estella E 1106,,,,,,,,,0.0,0.0,0.0,0.0,0.06949,,0.0,
2025-09-14 16:10:00,Estella E 1106,0.0,0.0,0.027129999999999998,0.0,0.037219999999999996,0.0,0.0,0.0,0.0,0.0,0.0,0.0,0.06774,0.0,0.00019,0.0
2025-09-14 16:15:00,Estella E 1106,0.0,0.0,0.026789999999999998,0.0,0.0368,0.0,0.0,0.0,0.0,0.0,0.0,0.0,0.06924,0.0,5e-05,0.0
2025-09-14 16:20:00,Estella E 1106,0.0,0.0,0.05354,0.0,0.07322,0.0,0.0,-1e-05,0.0,0.0,0.0,0.0,0.13694,0.0,0.00013000000000000002,0.0
2025-09-14 16:25:00,Estella E 1106,0.0,0.0,,0.0,0.00035000000000000005,,,,0.0,0.0,0.0,0.0,0.06614,,0.0,0.0
2025-09-14 16:30:00,Estella E 1106,0.0,0.0,0.054939999999999996,0.0,0.00035999999999999997,0.0,0.0,0.0,0.0,0.0,0.0,0.0,0.06679,0.0,0.00014000000000000001,0.0
2025-09-14 16:35:00,Estella E 1106,0.0,0.00901,0.02662,0.0,0.00019,0.0,0.0,0.0,0.0,0.0,0.0,0.0,0.03289,0.0,5.9999999999999995e-05,0.0
2025-09-14 16:40:00,Estella E 1106,0.0,0.0,0.00109,0.0,0.052899999999999996,0.0,0.0,0.0,0.0,0.0,0.0,0.0,0.00692,0.0,8e-05,0.0
2025-09-14 16:45:00,Estella E 1106,0.0,0.0,0.0,0.0,0.03853,0.0,0.0,-1e-05,0.0,0.0,0.04157,0.0,0.08431,0.0,0.00026000000000000003,0.0
2025-09-14 16:50:00,Estella E 1106,0.0,0.0,,0.0,0.039380000000000005,,,,0.0,0.0,0.038579999999999996,0.0,0.08177,,0.0,0.0
2025-09-14 16:55:00,Estella E 1106,0.0,0.0,,0.0,0.038799999999999994,,,,0.0,0.0,0.038439999999999995,0.0,0.08203,,0.0,0.0
2025-09-14 17:00:00,Estella E 1106,0.0,0.0,0.0,0.0,0.03786,0.0,0.0,0.0,0.0,0.0,0.038270000000000005,0.0,0.08034999999999999,0.0,0.00011,0.0
2025-09-14 17:05:00,Estella E 1106,0.0,0.03074,0.026920000000000003,0.0,0.037939999999999995,0.0,0.0,0.040049999999999995,0.0,0.0,0.038329999999999996,0.0,0.15030000000000002,0.0,4e-05,0.0
2025-09-14 17:10:00,Estella E 1106,0.0,0.02975,0.027170000000000003,0.0,0.03766,0.0,0.0,0.039369999999999995,0.0,0.0,0.03779,0.0,0.17837999999999998,0.0,4e-05,0.0
2025-09-14 17:15:00,Estella E 1106,0.0,0.02952,,0.0,0.0432,,,,0.0,0.0,0.0375,0.0,0.18188,,0.0,0.0
2025-09-14 17:20:00,Estella E 1106,0.0,0.02915,0.02707,0.0,0.04372,0.0,0.0,0.03866,0.0,0.0,0.03743,0.0,0.18384999999999999,0.0,5e-05,0.0
2025-09-14 17:25:00,Estella E 1106,0.0,0.0,0.0268,0.0,0.04398,0.0,0.0,0.03853,0.0,0.0,0.03729,0.0,0.1834,0.0,0.0,0.0
2025-09-14 17:30:00,Estella E 1106,0.0,0.0,,0.0,0.04387,,,,,,,,,,0.0,0.0
2025-09-14 17:35:00,Estella E 1106,0.0,0.0,,0.0,0.04337,,,,0.0,0.0,0.02085,0.0,0.13591999999999999,,0.0,0.0
2025-09-14 17:40:00,Estella E 1106,0.0,0.0,0.028239999999999998,0.0,0.04314,0.0,0.0,0.03798,0.0,0.0,0.02088,0.0,0.13563999999999998,0.0,1e-05,0.0
2025-09-14 17:45:00,Estella E 1106,0.0,0.0,,0.0,0.04226,,,,0.0,0.0,0.02047,0.0,0.13348,,0.0,0.0
2025-09-14 17:50:00,Estella E 1106,0.0,0.0,,0.0,0.039880000000000006,,,,0.0,0.0,0.02051,0.0,0.13091,,0.0,0.0
2025-09-14 17:55:00,Estella E 1106,0.0,0.0,,0.0,0.03872,,,,0.0,0.0,0.02068,0.0,0.1296,,0.0,0.0
2025-09-14 18:00:00,Estella E 1106,0.0,0.0,,0.0,0.038,,,,,,,,,,0.0,0.0
2025-09-14 18:05:00,Estella E 1106,0.0,0.0,,0.0,0.03756,,,,,,,,,,0.0,0.0
2025-09-14 18:10:00,Estella E 1106,0.0,0.0,0.02665,0.0,0.03713,0.0,0.0,0.03771,0.0,0.0,0.02096,0.0,0.12472,0.0,0.0,0.0
2025-09-14 18:15:00,Estella E 1106,0.0,0.0,0.026449999999999998,0.0,0.03664,0.0,0.0,0.03748,0.0,0.0,0.020649999999999998,0.0,0.12792,0.0,8e-05,0.0
2025-09-14 18:20:00,Estella E 1106,0.0,0.0,0.02648,0.0,0.00011999999999999999,0.0,0.0,0.056799999999999996,,,,,,0.0,0.0,0.0
2025-09-14 18:25:00,Estella E 1106,0.0,0.0,,0.0,0.00014000000000000001,,,,,,,,,,0.0,0.0
2025-09-14 18:30:00,Estella E 1106,0.0,0.0,0.02623,0.0,0.00239,0.0,0.0,0.05622,0.0,0.0,0.02062,0.0,0.11106,0.0,0.0,0.0
2025-09-14 18:35:00,Estella E 1106,0.0,0.0,0.02643,0.0,0.04924,0.00915,0.0,0.056159999999999995,0.0,0.0,0.02025,0.0,0.12003,0.0,0.0,0.0
2025-09-14 18:40:00,Estella E 1106,0.0,0.0,0.02628,0.0,0.040530000000000004,0.00912,0.0,0.056100000000000004,0.0,0.0,0.02041,0.0,0.15869,0.0,0.0,0.0
2025-09-14 18:45:00,Estella E 1106,0.0,0.00903,,0.0,0.04076,,,,0.0,0.0,0.02022,0.0,0.1595,,0.0,0.0
2025-09-14 18:50:00,Estella E 1106,0.0,0.0,,0.0,0.04122,,,,0.0,0.0,0.02131,0.0,0.16327,,0.0,0.0
2025-09-14 18:55:00,Estella E 1106,0.0,0.0,0.02691,0.0,0.04115,0.00889,0.0,0.05793,0.0,0.0,0.02143,0.0,0.16346,0.0,0.0,0.0
2025-09-14 19:00:00,Estella E 1106,0.0,0.0,,0.0,0.04063,,,,0.0,0.0,0.02116,0.0,0.1625,,0.0,0.0
2025-09-14 19:05:00,Estella E 1106,0.0,0.0,0.026359999999999998,0.0,0.03939,0.00869,0.0,0.0577,0.0,0.0,0.02112,0.0,0.16136,0.0,1e-05,0.0
2025-09-14 19:10:00,Estella E 1106,0.0,0.0,,0.0,0.03756,,,,0.0,0.0,0.02121,0.0,0.19155,,0.0,0.0
2025-09-14 19:15:00,Estella E 1106,0.0,0.00905,,0.0,0.03762,,,,0.0,0.0,0.05727,0.0,0.22643000000000002,,0.0,0.0
2025-09-14 19:20:00,Estella E 1106,0.0,0.0,,0.0,0.03716,,,,0.0,0.0,0.0,0.0,0.14002,,0.0,0.0
2025-09-14 19:25:00,Estella E 1106,0.0,0.0,0.02664,0.0,0.03669,0.009970000000000001,0.0,0.05834,0.0,0.0,0.0,0.0,0.13879,0.0,0.0,0.0
2025-09-14 19:30:00,Estella E 1106,0.0,0.0,0.02644,0.0,0.036469999999999995,0.00877,0.0,0.05808,0.0,0.0,0.0,0.0,0.1365,0.0,2e-05,0.0
2025-09-14 19:35:00,Estella E 1106,0.0,0.0,0.027260000000000003,0.0,0.00011999999999999999,0.00881,0.0,0.038560000000000004,0.0,0.0,0.0,0.0,0.08203,0.0,5e-05,0.0
2025-09-14 19:40:00,Estella E 1106,0.0,0.0,0.026260000000000002,0.0,0.0367,0.0087,0.0,0.03890999999999999,0.0,0.0,0.0,0.0,0.13219999999999998,0.0,1e-05,0.0
2025-09-14 19:45:00,Estella E 1106,0.0,0.0,0.02629,0.0,0.03865,0.00864,0.0,0.03897,0.0,0.0,0.0,0.0,0.11927,0.0,0.0,0.0
2025-09-14 19:50:00,Estella E 1106,0.0,0.0,0.02653,0.0,0.03928,0.00863,0.0,0.03892,0.0,0.0,0.0,0.0,0.12045,0.0,2e-05,0.0
2025-09-14 19:55:00,Estella E 1106,0.0,0.0,0.02662,0.0,0.039409999999999994,0.00862,0.0,0.039240000000000004,0.0,0.0,0.0,0.0,0.12067,0.0,5e-05,0.0
2025-09-14 20:00:00,Estella E 1106,0.0,0.0,0.026449999999999998,0.0,0.03925,0.00872,0.0,0.03911,0.0,0.0,0.0,0.0,0.13091,0.0,0.0,0.0
2025-09-14 20:05:00,Estella E 1106,0.0,0.0,0.02664,0.0,0.00017999999999999998,0.0087,0.0,0.03909000000000001,0.0,0.0,0.0,0.0,0.0838,0.0,0.00013000000000000002,0.0
2025-09-14 20:10:00,Estella E 1106,0.0,0.0,0.02623,0.0,0.0384,0.00875,0.0,0.03911,0.0,0.0,0.0,0.0,0.12955,0.0,4e-05,0.0
2025-09-14 20:15:00,Estella E 1106,0.0,0.0,0.0255,0.0,0.03914,0.0,0.0,0.03915999999999999,0.0,0.0,0.0,0.0,0.1107,0.0,0.00011999999999999999,0.0
2025-09-14 20:20:00,Estella E 1106,0.0,0.0,0.02682,0.0,0.0375,0.0,0.0,0.039240000000000004,0.0,0.0,0.0,0.0,0.11045999999999999,0.0,2e-05,0.0
2025-09-14 20:25:00,Estella E 1106,0.0,0.0,0.02707,0.0,0.03621,0.0,0.0,0.039189999999999996,0.0,0.0,0.0,0.0,0.10851999999999999,0.0,2e-05,0.0
2025-09-14 20:30:00,Estella E 1106,0.0,0.0,0.026969999999999997,0.0,0.03566,0.00895,0.0,0.039130000000000005,0.0,0.0,0.0,0.0,0.11808,0.0,5.9999999999999995e-05,0.0
2025-09-14 20:35:00,Estella E 1106,0.0,0.0,0.02675,0.0,0.00017999999999999998,0.00877,0.0,0.03933,0.0,0.0,0.0358,0.0,0.15368,0.0,0.00011999999999999999,0.0
2025-09-14 20:40:00,Estella E 1106,0.0,0.0,0.027030000000000002,0.0,0.00013000000000000002,0.00884,0.0,0.038979999999999994,0.0,0.0,0.0353,0.0,0.11845,0.0,1e-05,0.0
2025-09-14 20:45:00,Estella E 1106,0.0,0.0,0.026719999999999997,0.0,8e-05,0.13007,0.0,0.03897,0.0,0.0,0.03505,0.0,0.23959,0.0,2e-05,0.0
2025-09-14 20:50:00,Estella E 1106,0.0,0.0,0.026510000000000002,0.0,0.00014000000000000001,0.00876,0.0,0.0391,0.0,0.0,0.03492,0.0,0.11801,0.0,7.000000000000001e-05,0.0
2025-09-14 20:55:00,Estella E 1106,0.0,0.0,0.026690000000000002,0.0,0.037759999999999995,0.00863,0.0,0.03904,0.0,0.0,0.03749,0.0,0.1559,0.0,7.000000000000001e-05,0.0
2025-09-14 21:00:00,Estella E 1106,0.0,0.0,0.02659,0.0,0.038939999999999995,0.00871,0.0,0.03939,0.0,0.0,0.03742,0.0,0.15816,0.0,1e-05,0.0
2025-09-14 21:05:00,Estella E 1106,0.0,0.0,0.026609999999999998,0.0,0.03915999999999999,0.00889,0.0,0.0381,0.0,0.0,0.037200000000000004,0.0,0.15647999999999998,0.0,0.0,0.0
2025-09-14 21:10:00,Estella E 1106,0.0,0.0,0.02659,0.0,0.0407,0.00871,0.0,0.038090000000000006,0.0,0.0,0.037200000000000004,0.0,0.15818000000000002,0.0,0.0,0.0
2025-09-14 21:15:00,Estella E 1106,0.0,0.0,0.026690000000000002,0.0,0.04032,0.0,0.0,0.038310000000000004,0.0,0.0,0.03726,0.0,0.14869,0.0,0.0,0.0
2025-09-14 21:20:00,Estella E 1106,0.0,0.0,0.02662,0.0,0.04086,0.00911,0.0,0.038369999999999994,0.0,0.0,0.03735,0.0,0.15888999999999998,0.0,0.0,0.0
2025-09-14 21:25:00,Estella E 1106,0.0,0.0,0.02705,0.0,0.04118,0.00906,0.0,0.038130000000000004,0.0,0.0,0.037329999999999995,0.0,0.15941999999999998,0.0,0.0,0.0
2025-09-14 21:30:00,Estella E 1106,0.0,0.0,0.026969999999999997,0.0,0.04038,0.00891,0.0,0.03828,0.0,0.0,0.03726,0.0,0.15927000000000002,0.0,0.0,0.0
2025-09-14 21:35:00,Estella E 1106,0.0,0.0,0.02707,0.0,0.03975,0.00875,0.0,0.03823,0.0,0.0,0.03719,0.0,0.15841,0.0,0.0,0.0
2025-09-14 21:40:00,Estella E 1106,0.0,0.0,0.02653,0.0,0.036969999999999996,0.00876,0.0,0.03839,0.0,0.0,0.037219999999999996,0.0,0.15565,0.0,0.0,0.0
2025-09-14 21:45:00,Estella E 1106,0.0,0.0,,0.0,0.03566,,,,0.0,0.0,0.03726,0.0,0.15408000000000002,,0.0,0.0
2025-09-14 21:50:00,Estella E 1106,0.0,0.0,0.02659,0.0,0.03493,0.0,0.0,0.0386,0.0,0.0,0.97914,0.0,1.08555,0.0,2e-05,0.0
2025-09-14 21:55:00,Estella E 1106,0.0,0.0,0.00085,0.0,0.00014000000000000001,0.0,0.0,0.03848,0.0,0.0,0.03725,0.0,0.11009999999999999,0.0,0.0,0.0
2025-09-14 22:00:00,Estella E 1106,0.0,0.0,0.08323,0.0,0.00011999999999999999,0.0,0.0,0.018760000000000002,0.0,0.0,0.04808,0.0,0.158,0.0,4e-05,0.0
2025-09-14 22:05:00,Estella E 1106,0.0,0.0,0.08252,0.0,0.00011999999999999999,0.0,0.0,0.01883,0.0,0.0,0.04759,0.0,0.15668,0.0,7.000000000000001e-05,0.0
2025-09-14 22:10:00,Estella E 1106,0.0,0.0,0.08215,0.0,0.0505,0.0,0.0,0.01862,0.0,0.0,0.04734,0.0,0.15666,0.0,0.0,0.0
2025-09-14 22:15:00,Estella E 1106,0.0,0.0,0.08189,0.0,0.037509999999999995,0.0,0.0,0.01864,0.0,0.0,0.04704,0.0,0.19216,0.0,0.0,0.0
2025-09-14 22:20:00,Estella E 1106,0.0,0.0,,0.0,0.038340000000000006,,,,0.0,0.0,0.04696,0.0,0.19294999999999998,,0.0,0.0
2025-09-14 22:25:00,Estella E 1106,0.0,0.0,,0.0,0.03847,,,,0.0,0.0,0.04697,0.0,0.19312,,0.0,0.0
2025-09-14 22:30:00,Estella E 1106,0.0,0.0,0.08148999999999999,0.0,0.03868,0.0,0.0,0.01893,0.0,0.0,0.04693,0.0,0.19299000000000002,0.0,1e-05,0.0
2025-09-14 22:35:00,Estella E 1106,0.0,0.0,,0.0,0.038560000000000004,,,,0.0,0.0,0.046799999999999994,0.0,0.19272999999999998,,0.0,0.0
2025-09-14 22:40:00,Estella E 1106,0.0,0.0,,0.0,0.038439999999999995,,,,0.0,0.0,0.04685,0.0,0.17275,,0.0,0.0
2025-09-14 22:45:00,Estella E 1106,0.0,0.0,0.08145999999999999,0.0,0.03691,0.0,0.0,0.0,0.0,0.0,0.04678,0.0,0.17211,0.0,0.0,0.0
2025-09-14 22:50:00,Estella E 1106,0.0,0.0,,0.0,0.03515,,,,0.0,0.0,0.046740000000000004,0.0,0.16954,,0.0,0.0
2025-09-14 22:55:00,Estella E 1106,0.0,0.0,,0.0,7.000000000000001e-05,,,,0.0,0.0,0.046770000000000006,0.0,0.15494999999999998,,0.0,0.0
2025-09-14 23:00:00,Estella E 1106,0.0,0.0,,0.0,0.0002,,,,0.0,0.0,0.04678,0.0,0.11916,,0.0,0.0
2025-09-14 23:05:00,Estella E 1106,0.0,0.0,,0.0,0.0002,,,,0.0,0.0,0.046770000000000006,0.0,0.11851,,0.0,0.0
2025-09-14 23:10:00,Estella E 1106,0.0,0.0,,0.0,0.00017999999999999998,,,,0.0,0.0,0.046740000000000004,0.0,0.11795,,0.0,0.0
2025-09-14 23:15:00,Estella E 1106,0.0,0.0,,0.0,0.0366,,,,0.0,0.0,0.0,0.0,0.10454000000000001,,0.0,0.0
2025-09-14 23:20:00,Estella E 1106,0.0,0.0,0.07998999999999999,0.0,0.036789999999999996,0.0,0.0,0.0,0.0,0.0,0.0,0.0,0.12134,0.0,8e-05,0.0
2025-09-14 23:25:00,Estella E 1106,0.0,0.0,,0.0,0.03703,,,,0.0,0.0,0.0,0.0,0.12104999999999999,,0.0,0.0
2025-09-14 23:30:00,Estella E 1106,0.0,0.0,,0.0,0.03749,,,,0.0,0.0,0.0,0.0,0.12168999999999999,,0.0,0.0
2025-09-14 23:35:00,Estella E 1106,0.0,0.0,,0.0,0.037689999999999994,,,,0.0,0.0,0.0,0.0,0.12151999999999999,,0.0,0.0
2025-09-14 23:40:00,Estella E 1106,0.0,0.0,,0.0,0.03807,,,,0.0,0.0,0.0,0.0,0.08349,,0.0,0.0
2025-09-14 23:45:00,Estella E 1106,0.0,0.0,,0.0,0.03526,,,,0.0,0.0,0.0,0.0,0.08123000000000001,,0.0,0.0
2025-09-14 23:50:00,Estella E 1106,0.0,0.0,,0.0,0.00020999999999999998,,,,0.0,0.0,0.0,0.0,0.07959000000000001,,0.0,0.0
2025-09-14 23:55:00,Estella E 1106,0.0,0.0,,0.0,0.00017999999999999998,,,,0.0,0.0,0.0,0.0,0.047630000000000006,,0.0,0.0
2025-09-15 00:00:00,Estella E 1106,0.0,0.0,,0.0,0.00032,,,,0.0,0.0,0.0,0.0,0.04777,,0.0,0.0
2025-09-15 00:05:00,Estella E 1106,0.0,0.0,,0.0,0.00011,,,,0.0,0.0,0.0,0.0,0.02604,,0.0,0.0
2025-09-15 00:10:00,Estella E 1106,0.0,0.0,,0.0,0.03622,,,,0.0,0.0,0.0,0.0,0.0742,,0.0,0.0
2025-09-15 00:15:00,Estella E 1106,0.0,0.0,,0.0,0.03737,,,,0.0,0.0,0.0,0.0,0.06207,,0.0,0.0
2025-09-15 00:20:00,Estella E 1106,0.0,0.0,0.04119,0.0,0.18932,0.0,0.0,0.0,0.0,0.0,0.0,0.0,0.047810000000000005,0.0,0.00011,0.0
2025-09-15 00:25:00,Estella E 1106,0.0,0.0,,0.0,0.18859,,,,0.0,0.0,0.0,0.0,0.23531,,0.0,0.0
2025-09-15 00:30:00,Estella E 1106,0.0,0.0,,0.0,0.18882,,,,0.0,0.0,0.0,0.0,0.2345,,0.0,0.0
2025-09-15 00:35:00,Estella E 1106,0.0,0.0,,0.0,0.18869999999999998,,,,0.0,0.0,0.0,0.0,0.23403,,0.0,0.0
2025-09-15 00:40:00,Estella E 1106,0.0,0.0,,0.0,0.00014000000000000001,,,,0.0,0.0,0.0,0.0,0.2345,,0.0,0.0
2025-09-15 00:45:00,Estella E 1106,0.0,0.0,,0.0,0.00027,,,,0.0,0.0,0.0,0.0,0.04779,,0.0,0.0
2025-09-15 00:50:00,Estella E 1106,0.0,0.0,,0.0,0.053689999999999995,,,,0.0,0.0,0.0,0.0,0.10097,,0.0,0.0
2025-09-15 00:55:00,Estella E 1106,0.0,0.0,,0.0,0.0521,,,,0.0,0.0,0.0,0.0,0.09942000000000001,,0.0,0.0
2025-09-15 01:00:00,Estella E 1106,0.0,0.0,,0.0,0.05031,,,,0.0,0.0,0.0,0.0,0.09755,,0.0,0.0
2025-09-15 01:05:00,Estella E 1106,0.0,0.0,,0.0,0.048729999999999996,,,,0.0,0.0,0.0,0.0,0.09544,,0.0,0.0
2025-09-15 01:10:00,Estella E 1106,0.0,0.0,0.04179,0.0,0.04754,0.0,0.0,0.0,0.0,0.0,0.0,0.0,0.09442,0.0,4e-05,0.0
2025-09-15 01:15:00,Estella E 1106,0.0,0.0,,0.0,0.046549999999999994,,,,0.0,0.0,0.0,0.0,0.09337000000000001,,0.0,0.0
2025-09-15 01:20:00,Estella E 1106,0.0,0.0,,0.0,0.04546,,,,0.0,0.0,0.0,0.0,0.0925,,0.0,0.0
2025-09-15 01:25:00,Estella E 1106,0.0,0.0,,0.0,0.04473,,,,0.0,0.0,0.0,0.0,0.09115000000000001,,0.0,0.0
2025-09-15 01:30:00,Estella E 1106,0.0,0.0,,0.0,0.04425,,,,0.0,0.0,0.0,0.0,0.09085,,0.0,0.0
2025-09-15 01:35:00,Estella E 1106,0.0,0.0,,0.0,0.04143,,,,0.0,0.0,0.0,0.0,0.08842,,0.0,0.0
2025-09-15 01:40:00,Estella E 1106,0.0,0.0,,0.0,0.04011,,,,0.0,0.0,0.0,0.0,0.08714,,0.0,0.0
2025-09-15 01:45:00,Estella E 1106,0.0,0.0,,0.0,0.03896,,,,0.0,0.0,0.0,0.0,0.08566,,0.0,0.0
2025-09-15 01:50:00,Estella E 1106,0.0,0.0,,0.0,0.03828,,,,0.0,0.0,0.0,0.0,0.08548,,0.0,0.0
2025-09-15 01:55:00,Estella E 1106,0.0,0.0,,0.0,0.038299999999999994,,,,0.0,0.0,0.0,0.0,0.06321,,0.0,0.0
2025-09-15 02:00:00,Estella E 1106,0.0,0.0,,0.0,0.03789,,,,0.0,0.0,0.0,0.0,0.06327,,0.0,0.0
2025-09-15 02:05:00,Estella E 1106,0.0,0.0,,0.0,0.03742,,,,0.0,0.0,0.0,0.0,0.063,,0.0,0.0
2025-09-15 02:10:00,Estella E 1106,0.0,0.0,,0.0,0.03735,,,,,,,,,,0.0,0.0
2025-09-15 02:15:00,Estella E 1106,0.0,0.0,,0.0,0.037149999999999996,,,,,,,,,,0.0,0.0
2025-09-15 02:20:00,Estella E 1106,0.0,0.0,,0.0,0.03689,,,,,,,,,,0.0,0.0
2025-09-15 02:25:00,Estella E 1106,0.0,0.0,,0.0,0.03664,,,,0.0,0.0,0.0,0.0,0.06204,,0.0,0.0
2025-09-15 02:30:00,Estella E 1106,0.0,0.0,,0.0,0.03628,,,,0.0,0.0,0.0,0.0,0.06192,,0.0,0.0
2025-09-15 02:35:00,Estella E 1106,0.0,0.0,,0.0,0.00011,,,,0.0,0.0,0.0,0.0,0.02664,,0.0,0.0
2025-09-15 02:40:00,Estella E 1106,0.0,0.0,,0.0,0.00015,,,,0.0,0.0,0.0,0.0,0.02689,,0.0,0.0
2025-09-15 02:45:00,Estella E 1106,0.0,0.0,,0.0,0.00017999999999999998,,,,,,,,,,0.0,0.0
2025-09-15 02:50:00,Estella E 1106,0.0,0.0,,0.0,0.05129,,,,0.0,0.0,0.0,0.0,0.02677,,0.0,0.0
2025-09-15 02:55:00,Estella E 1106,0.0,0.0,,0.0,0.038619999999999995,,,,0.0,0.0,0.0,0.0,0.06378,,0.0,0.0
2025-09-15 03:00:00,Estella E 1106,0.0,0.0,,0.0,0.03889,,,,0.0,0.0,0.0,0.0,0.06459000000000001,,0.0,0.0
2025-09-15 03:05:00,Estella E 1106,0.0,0.0,,0.0,0.038439999999999995,,,,0.0,0.0,0.0,0.0,0.06506,,0.0,0.0
2025-09-15 03:10:00,Estella E 1106,0.0,0.0,,0.0,0.037829999999999996,,,,0.0,0.0,0.0,0.0,0.06384000000000001,,0.0,0.0
2025-09-15 03:15:00,Estella E 1106,0.0,0.0,,0.0,0.037329999999999995,,,,0.0,0.0,0.0,0.0,0.06344,,0.0,0.0
2025-09-15 03:20:00,Estella E 1106,0.0,0.0,,0.0,0.03706,,,,0.0,0.0,0.0,0.0,0.06247,,0.0,0.0
2025-09-15 03:25:00,Estella E 1106,0.0,0.0,,0.0,0.03683,,,,0.0,0.0,0.0,0.0,0.06197,,0.0,0.0
2025-09-15 03:30:00,Estella E 1106,0.0,0.0,,0.0,0.03637,,,,0.0,0.0,0.0,0.0,0.061520000000000005,,0.0,0.0
2025-09-15 03:35:00,Estella E 1106,0.0,0.0,,0.0,0.03633,,,,0.0,0.0,0.0,0.0,0.0615,,0.0,0.0
2025-09-15 03:40:00,Estella E 1106,0.0,0.0,,0.0,0.00014000000000000001,,,,0.0,0.0,0.0,0.0,0.02631,,0.0,0.0
2025-09-15 03:45:00,Estella E 1106,0.0,0.0,,0.0,0.00019,,,,0.0,0.0,0.0,0.0,0.02622,,0.0,0.0
2025-09-15 03:50:00,Estella E 1106,0.0,0.0,,0.0,0.00019,,,,,,,,,,0.0,0.0
2025-09-15 03:55:00,Estella E 1106,0.0,0.008960000000000001,,0.0,0.04993,,,,0.0,0.0,0.0,0.0,0.0265,,0.0,0.0
2025-09-15 04:00:00,Estella E 1106,0.0,0.0,,0.0,0.03811,,,,0.0,0.0,0.0,0.0,0.06363,,0.0,0.0
2025-09-15 04:05:00,Estella E 1106,0.0,0.0,,0.0,0.03871,,,,0.0,0.0,0.0,0.0,0.06409000000000001,,0.0,0.0
2025-09-15 04:10:00,Estella E 1106,0.0,0.0,,0.0,0.03793,,,,0.0,0.0,0.0,0.0,0.06315,,0.0,0.0
2025-09-15 04:15:00,Estella E 1106,0.0,0.0,,0.0,0.03756,,,,0.0,0.0,0.0,0.0,0.06314,,0.0,0.0
2025-09-15 04:20:00,Estella E 1106,0.0,0.0,,0.0,0.03694,,,,0.0,0.0,0.0,0.0,0.06253,,0.0,0.0
2025-09-15 04:25:00,Estella E 1106,0.0,0.0,,0.0,0.03667,,,,0.0,0.0,0.0,0.0,0.06207,,0.0,0.0
2025-09-15 04:30:00,Estella E 1106,0.0,0.0,,0.0,0.03635,,,,0.0,0.0,0.0,0.0,0.061810000000000004,,0.0,0.0
2025-09-15 04:35:00,Estella E 1106,0.0,0.0,,0.0,0.03615,,,,0.0,0.0,0.0,0.0,0.06135,,0.0,0.0
2025-09-15 04:40:00,Estella E 1106,0.0,0.0,,0.0,0.0002,,,,0.0,0.0,0.0,0.0,0.0265,,0.0,0.0
2025-09-15 04:45:00,Estella E 1106,0.0,0.0,,0.0,0.00014000000000000001,,,,0.0,0.0,0.0,0.0,0.026269999999999998,,0.0,0.0
2025-09-15 04:50:00,Estella E 1106,0.0,0.0,,0.0,0.00019,,,,0.0,0.0,0.0,0.0,0.02604,,0.0,0.0
2025-09-15 04:55:00,Estella E 1106,0.0,0.0,0.02022,0.0,0.05154,0.0,0.0,0.0,0.0,0.0,0.0,0.0,0.026420000000000003,0.0,1e-05,0.0
2025-09-15 05:00:00,Estella E 1106,0.0,0.0,0.020239999999999998,0.0,0.03890999999999999,0.01013,0.0,0.0,0.0,0.0,0.0,0.0,0.07490999999999999,0.0,4e-05,0.0
2025-09-15 05:05:00,Estella E 1106,0.0,0.0,0.02002,0.0,0.039479999999999994,0.01075,0.0,0.0,0.0,0.0,0.0,0.0,0.07703,0.0,2e-05,0.0
2025-09-15 05:10:00,Estella E 1106,0.0,0.0,0.019989999999999997,0.0,0.039619999999999995,0.02029,0.0,0.0,0.0,0.0,0.0,0.0,0.08636,0.0,2e-05,0.0
2025-09-15 05:15:00,Estella E 1106,0.0,0.0,,0.0,0.039880000000000006,,,,0.009550000000000001,0.0,0.0,0.0,0.10784,,0.0,0.0
2025-09-15 05:20:00,Estella E 1106,0.0,0.0,0.0,0.0,0.03928,0.02123,0.0,0.0,,,,,,0.0,4e-05,0.0
2025-09-15 05:25:00,Estella E 1106,0.0,0.0,,0.0,0.03867,,,,0.00948,0.0,0.0,0.0,0.07512,,0.0,0.0
2025-09-15 05:30:00,Estella E 1106,0.0,0.0,,0.0,0.03789,,,,,,,,,,0.0,0.0
2025-09-15 05:35:00,Estella E 1106,0.0,0.0,,0.0,0.03746,,,,0.00933,0.0,0.0,0.0,0.07219,,0.0,0.0
2025-09-15 05:40:00,Estella E 1106,0.0,0.0,,0.0,0.0371,,,,,,,,,,0.0,0.0
2025-09-15 05:45:00,Estella E 1106,0.0,0.0,,0.0,0.036590000000000004,,,,0.00937,0.0,0.0,0.0,0.07148,,0.0,0.0
2025-09-15 05:50:00,Estella E 1106,0.0,0.0,,0.0,0.03637,,,,0.00942,0.0,0.0,0.0,0.07137,,0.0,0.0
2025-09-15 05:55:00,Estella E 1106,0.0,0.0,,0.0,0.0014,,,,0.00937,0.0,0.0,0.0,0.03617,,0.0,0.0
2025-09-15 06:00:00,Estella E 1106,0.0,0.0,,0.0,0.0002,,,,,,,,,,0.0,0.0
2025-09-15 06:05:00,Estella E 1106,0.0,0.0,,0.0,0.00020999999999999998,,,,0.0,0.0,0.07867,0.0,0.10543000000000001,,0.0,0.0
2025-09-15 06:10:00,Estella E 1106,0.0,0.0,,0.0,0.05249,,,,0.0,0.0,0.09462999999999999,0.0,0.12085,,0.0,0.0
2025-09-15 06:15:00,Estella E 1106,0.0,0.0,0.0,0.0,0.039700000000000006,0.01934,0.0,0.0,0.0,0.0,0.07773999999999999,0.0,0.1412,0.0,0.0,0.0
2025-09-15 06:20:00,Estella E 1106,0.0,0.0,,0.0,0.039979999999999995,,,,0.0,0.0,0.09391,0.0,0.14837,,0.0,0.0
2025-09-15 06:25:00,Estella E 1106,0.0,0.0,,0.0,0.04025,,,,0.0,0.0,0.015349999999999999,0.0,0.07006,,0.0,0.0
2025-09-15 06:30:00,Estella E 1106,0.0,0.0,0.0,0.0,0.03890999999999999,0.00879,0.0,0.0,0.0,0.0,0.0,0.0,0.0629,0.0,0.0,0.0
2025-09-15 06:35:00,Estella E 1106,0.0,0.0,0.018969999999999997,0.0,0.037770000000000005,0.00882,0.0,0.01855,0.0,0.0,0.0,0.0,0.09068000000000001,0.0,0.0,0.0
2025-09-15 06:40:00,Estella E 1106,0.0,0.0,,0.0,0.037399999999999996,,,,0.0,0.0,0.0,0.0,0.09012,,0.0,0.0
2025-09-15 06:45:00,Estella E 1106,0.0,0.0,0.01884,0.0,0.03682,0.008919999999999999,0.0,0.01833,0.0,0.0,0.0,0.0,0.08043,0.0,0.0,0.0
2025-09-15 06:50:00,Estella E 1106,0.0,0.0,,0.0,0.03657,,,,0.0,0.0,0.0,0.0,0.07962000000000001,,0.0,0.0
2025-09-15 06:55:00,Estella E 1106,0.0,0.0,,0.0,0.00011999999999999999,,,,0.0,0.0,0.0,0.0,0.07914,,0.0,0.0
2025-09-15 07:00:00,Estella E 1106,0.0,0.0,0.01875,0.0,0.00013000000000000002,0.0,0.0,0.01834,0.0,0.0,0.0,0.0,0.04428,0.0,0.0,0.0
2025-09-15 07:05:00,Estella E 1106,0.0,0.0,,0.0,0.00014000000000000001,,,,0.0,0.0,0.0,0.0,0.0445,,0.0,0.0
2025-09-15 07:10:00,Estella E 1106,0.0,0.0,0.018609999999999998,0.0,0.00025,0.0,0.0,0.018260000000000002,0.0,0.0,0.0,0.0,0.044,0.0,0.0,0.0
2025-09-15 07:15:00,Estella E 1106,0.0,0.00891,0.04525,0.0,0.036840000000000005,0.0,0.0,0.01833,0.0,0.0,0.0,0.0,2.8043299999999998,0.0,2.6738600000000003,0.0
2025-09-15 07:20:00,Estella E 1106,0.0,0.0,,0.0,0.0385,,,,0.00948,0.0,0.0,0.0,0.12171,,0.0,0.0
2025-09-15 07:25:00,Estella E 1106,0.0,0.0,,0.0,0.03875,,,,0.009439999999999999,0.0,0.0,0.0,0.11810999999999999,,0.0,0.0
2025-09-15 07:30:00,Estella E 1106,0.0,0.0,,0.0,0.0376,,,,0.0,0.0,0.035590000000000004,0.0,0.12476999999999999,,0.0,0.0
2025-09-15 07:35:00,Estella E 1106,0.0,0.0,0.027120000000000002,0.0,0.037880000000000004,0.0,0.0,0.01841,0.0,0.0,0.03527,0.0,0.12434999999999999,0.0,0.0,0.0
2025-09-15 07:40:00,Estella E 1106,0.0,0.0,0.02725,0.0,0.0378,0.0,0.0,0.01833,0.0,0.0,0.03505,0.0,0.10432,0.0,0.0,0.0
2025-09-15 07:45:00,Estella E 1106,0.0,0.0,0.0268,0.0,0.03696,0.0,0.0,0.0,0.0,0.0,0.03494,0.0,0.10365,0.0,1e-05,0.0
2025-09-15 07:50:00,Estella E 1106,0.0,0.0,0.02682,0.0,0.03653,0.0,0.0,0.0,0.0,0.0,0.0,0.0,0.05407,0.0,0.0,0.0
2025-09-15 07:55:00,Estella E 1106,0.0,0.0,,0.0,0.00025,,,,0.0,0.0,0.0,0.0,0.05975,,0.0,0.0
2025-09-15 08:00:00,Estella E 1106,0.0,0.0,0.019629999999999998,0.0,0.00013000000000000002,0.0,0.0,0.0,0.0,0.0,0.0,0.0,0.02596,0.0,0.0,0.0
2025-09-15 08:05:00,Estella E 1106,0.0,0.0,0.018260000000000002,0.0,0.00013000000000000002,0.0,0.0,0.0,0.0,0.0,0.0,0.0,0.025929999999999998,0.0,0.0,0.0
2025-09-15 08:10:00,Estella E 1106,0.0,0.0,,0.0,0.00014000000000000001,,,,,,,,,,0.0,0.0
2025-09-15 08:15:00,Estella E 1106,0.0,0.0,,0.0,0.03681,,,,0.0,0.0,0.0,0.0,0.06295,,0.0,0.0
2025-09-15 08:20:00,Estella E 1106,0.0,0.0,0.019379999999999998,0.0,0.038270000000000005,0.0,0.0,0.0,,,,,,0.0,2e-05,0.0
2025-09-15 08:25:00,Estella E 1106,0.0,0.0,0.019379999999999998,0.0,0.0391,0.0,0.0,0.0,0.0,0.0,0.0,0.0,0.06327,0.0,0.0,0.0
2025-09-15 08:30:00,Estella E 1106,0.0,0.0,0.019850000000000003,0.0,0.037509999999999995,0.0,0.0,0.0,0.0,0.0,0.0,0.0,0.0633,0.0,1e-05,0.0
2025-09-15 08:35:00,Estella E 1106,0.0,0.0,0.02088,0.0,0.03687,0.0,0.0,0.0,0.0,0.0,0.0,0.0,0.061450000000000005,0.0,0.0,0.0
2025-09-15 08:40:00,Estella E 1106,0.0,0.0,0.019690000000000003,0.0,0.03669,0.0,0.0,0.0,0.0,0.0,0.0,0.0,0.06240999999999999,0.0,2e-05,0.0
2025-09-15 08:45:00,Estella E 1106,0.0,0.0,0.0195,0.0,0.03683,0.0,0.0,0.0,0.0,0.0,0.0,0.0,0.06298,0.0,0.00013000000000000002,0.0
2025-09-15 08:50:00,Estella E 1106,0.0,0.0,0.01984,0.0,0.03637,0.0,0.0,-1e-05,0.00959,0.0,0.0,0.0,0.0728,0.0,7.000000000000001e-05,0.0
2025-09-15 08:55:00,Estella E 1106,0.0,0.0,0.01948,0.0,0.00017999999999999998,0.0,0.0,0.0,0.0,0.0,0.0,0.0,0.026350000000000002,0.0,5.9999999999999995e-05,0.0
2025-09-15 09:00:00,Estella E 1106,0.0,0.0,0.019969999999999998,0.0,0.00016,0.0,0.0,0.0,0.0,0.0,0.0,0.0,0.02633,0.0,0.00014000000000000001,0.0
2025-09-15 09:05:00,Estella E 1106,0.0,0.0,,0.0,0.00016,,,,0.0,0.0,0.0,0.0,0.02609,,0.0,0.0
2025-09-15 09:10:00,Estella E 1106,0.0,0.0,,0.0,0.00015,,,,0.0,0.0,0.0,0.0,0.02721,,0.0,0.0
2025-09-15 09:15:00,Estella E 1106,0.0,0.0,,0.0,0.03761,,,,0.0,0.0,0.0,0.0,0.06166,,0.0,0.0
2025-09-15 09:20:00,Estella E 1106,0.0,0.0,,0.0,0.03907,,,,0.0,0.0,0.0,0.0,0.06364,,0.0,0.0
2025-09-15 09:25:00,Estella E 1106,0.0,0.0,0.02048,0.0,0.039740000000000004,0.0,0.0,0.038939999999999995,0.0,0.0,0.0,0.0,0.10382999999999999,0.0,0.0,0.0
2025-09-15 09:30:00,Estella E 1106,0.0,0.0,0.01907,0.0,0.03917,0.0,0.0,0.0386,0.0,0.0,0.0,0.0,0.1042,0.0,0.0,0.0
2025-09-15 09:35:00,Estella E 1106,0.0,0.0,0.018949999999999998,0.0,0.038560000000000004,0.0,0.0,0.03864,0.0,0.0,0.0,0.0,0.10342,0.0,0.0,0.0
2025-09-15 09:40:00,Estella E 1106,0.0,0.0,0.01907,0.0,0.03764,0.0,0.0,0.019010000000000003,0.0,0.0,0.0,0.0,0.10923999999999999,0.0,0.0,0.0
2025-09-15 09:45:00,Estella E 1106,0.0,0.0,0.027129999999999998,0.0,0.03682,0.0,0.0,0.019,0.0,0.0,0.0,0.0,0.08898,0.0,0.0,0.0
2025-09-15 09:50:00,Estella E 1106,0.0,0.0,0.027149999999999997,0.0,0.03632,0.0,0.0,0.01882,0.0,0.0,0.0,0.0,0.08867,0.0,0.0,0.0
2025-09-15 09:55:00,Estella E 1106,0.0,0.0,,0.0,0.03602,,,,0.0,0.0,0.0,0.0,0.08749,,0.0,0.0
2025-09-15 10:00:00,Estella E 1106,0.0,0.0,,0.0,0.00038,,,,0.0,0.0,0.0,0.0,0.052700000000000004,,0.0,0.0
2025-09-15 10:05:00,Estella E 1106,0.0,0.0,0.02646,0.0,0.00020999999999999998,0.0,0.0,0.01868,0.0,0.0,0.0,0.0,0.0531,0.0,0.0,0.0
2025-09-15 10:10:00,Estella E 1106,0.0,0.0,0.02641,0.0,0.0002,0.0,0.0,0.018760000000000002,0.0,0.0,0.0,0.0,0.05276,0.0,0.0,0.0
2025-09-15 10:15:00,Estella E 1106,0.0,0.0,0.026510000000000002,0.0,0.05099,0.0,0.0,0.01864,0.0,0.0,0.0,0.0,0.05169,0.0,0.0,0.0
2025-09-15 10:20:00,Estella E 1106,0.0,0.0,0.02675,0.0,0.037689999999999994,0.020239999999999998,0.0,0.0183,0.0,0.0,0.0,0.0,0.10906,0.0,0.0,0.0
2025-09-15 10:25:00,Estella E 1106,0.0,0.0,,0.0,0.03878,,,,0.0,0.0,0.0,0.0,0.11001999999999999,,0.0,0.0
2025-09-15 10:30:00,Estella E 1106,0.0,0.0,,0.0,0.040549999999999996,,,,0.0,0.0,0.0,0.0,0.12296,,0.0,0.0
2025-09-15 10:35:00,Estella E 1106,0.0,0.0,,0.0,0.03986,,,,0.0,0.0,0.0,0.0,0.10068,,0.0,0.0
2025-09-15 10:40:00,Estella E 1106,0.0,0.0,,0.0,0.038560000000000004,,,,0.0,0.0,0.0,0.0,0.17393,,0.0,0.0
2025-09-15 10:45:00,Estella E 1106,0.0,0.0,0.11069,0.0,0.03753,0.0,0.0,0.01847,0.0,0.0,0.0,0.0,0.17239,0.0,0.0,0.0
2025-09-15 10:50:00,Estella E 1106,0.0,0.0,0.02657,0.0,0.03723,0.0,0.0,0.01849,0.0,0.0,0.0,0.0,0.08789,0.0,0.0,0.0
2025-09-15 10:55:00,Estella E 1106,0.0,0.0,0.026449999999999998,0.0,0.0371,0.0,0.0,0.01843,0.0,0.0,0.0,0.0,0.08802,0.0,0.0,0.0
2025-09-15 11:00:00,Estella E 1106,0.0,0.0,0.02641,0.0,0.03663,0.0,0.0,0.01853,0.0,0.0,0.0,0.0,0.08789,0.0,0.0,0.0
2025-09-15 11:05:00,Estella E 1106,0.0,0.0,,0.0,0.03595,,,,0.0,0.0,0.0,0.0,0.08606,,0.0,0.0
2025-09-15 11:10:00,Estella E 1106,0.0,0.0,,0.0,0.0002,,,,0.0,0.0,0.0,0.0,0.0499,,0.0,0.0
2025-09-15 11:15:00,Estella E 1106,0.0,0.0,0.02419,0.0,0.00015,0.0,0.0,0.01872,0.0,0.0,0.0,0.0,0.049640000000000004,0.0,4e-05,0.0
2025-09-15 11:20:00,Estella E 1106,0.0,0.0,,0.0,0.00031,,,,0.0,0.0,0.0,0.0,0.05,,0.0,0.0
2025-09-15 11:25:00,Estella E 1106,0.0,0.0,,0.0,0.03959,,,,0.0,0.0,0.0,0.0,0.05208,,0.0,0.0
2025-09-15 11:30:00,Estella E 1106,0.0,0.0,0.027460000000000002,0.0,0.03822,0.0,0.0,0.018670000000000003,0.0,0.0,0.0,0.0,0.09026,0.0,0.0,0.0
2025-09-15 11:35:00,Estella E 1106,0.0,0.0,,0.0,0.18248,,,,0.0,0.0,0.0,0.0,0.23439,,0.0,0.0
2025-09-15 11:40:00,Estella E 1106,0.0,0.0,0.02659,0.0,0.18221,0.0,0.0,0.01862,0.0,0.0,0.0,0.0,0.23309,0.0,0.0,0.0
2025-09-15 11:45:00,Estella E 1106,0.0,0.0,,0.0,0.18346,,,,0.0,0.0,0.0,0.0,0.23526,,0.0,0.0
2025-09-15 11:50:00,Estella E 1106,0.0,0.0,0.02568,0.0,0.00027,0.0,0.0,0.01884,0.0,0.0,0.0,0.0,0.23487,0.0,0.0,0.0
2025-09-15 11:55:00,Estella E 1106,0.0,0.0,0.02665,0.0,0.00035999999999999997,0.0,0.0,0.01927,0.0,0.0,0.0,0.0,0.05291,0.0,0.0,0.0
2025-09-15 12:00:00,Estella E 1106,0.0,0.0,0.02659,0.0,0.05305,0.0,0.0,0.0193,0.0,0.0,0.0,0.0,0.10448,0.0,0.0,0.0
2025-09-15 12:05:00,Estella E 1106,0.0,0.0,,0.0,0.05218,,,,0.0,0.0,0.0,0.0,0.10326,,0.0,0.0
2025-09-15 12:10:00,Estella E 1106,0.0,0.0,0.026420000000000003,0.0,0.05087,0.0,0.0,0.01933,0.0,0.0,0.0,0.0,0.10268000000000001,0.0,0.0,0.0
2025-09-15 12:15:00,Estella E 1106,0.0,0.0,0.02643,0.0,0.04889,0.0,0.0,0.019399999999999997,0.0,0.0,0.0,0.0,0.09998,0.0,1e-05,0.0
2025-09-15 12:20:00,Estella E 1106,0.0,0.0,,0.0,0.04753,,,,0.0,0.0,0.0,0.0,0.09866,,0.0,0.0
2025-09-15 12:25:00,Estella E 1106,0.0,0.0,,0.0,0.046329999999999996,,,,0.0,0.0,0.0,0.0,0.10053,,0.0,0.0
2025-09-15 12:30:00,Estella E 1106,0.0,0.0,,0.0,0.04539,,,,0.0,0.0,0.0,0.0,0.11824,,0.0,0.0
2025-09-15 12:35:00,Estella E 1106,0.0,0.0,0.02683,0.0,0.04475,0.0201,0.0,0.019289999999999998,0.0,0.0,0.0,0.0,0.11807,0.0,0.0,0.0
2025-09-15 12:40:00,Estella E 1106,0.0,0.0,0.02598,0.0,0.04431,0.020120000000000002,0.0,0.019530000000000002,0.0,0.0,0.0,0.0,0.11569,0.0,7.000000000000001e-05,0.0
2025-09-15 12:45:00,Estella E 1106,0.0,0.0,0.026449999999999998,0.0,0.04117,0.01686,0.0,0.0195,0.0,0.0,0.0,0.0,0.11062000000000001,0.0,4e-05,0.0
2025-09-15 12:50:00,Estella E 1106,0.0,0.0,0.026449999999999998,0.0,0.04086,0.01677,0.0,0.019620000000000002,0.0,0.0,0.0,0.0,0.11034999999999999,0.0,2e-05,0.0
2025-09-15 12:55:00,Estella E 1106,0.0,0.0,0.026510000000000002,0.0,0.039119999999999995,0.01033,0.0,0.01982,0.0,0.0,0.0,0.0,0.10356,0.0,2e-05,0.0
2025-09-15 13:00:00,Estella E 1106,0.0,0.0,0.026850000000000002,0.0,0.038310000000000004,0.0104,0.0,0.02043,0.0,0.0,0.0,0.0,0.10362,0.0,2e-05,0.0
2025-09-15 13:05:00,Estella E 1106,0.0,0.0,0.02644,0.0,0.038009999999999995,0.0,0.0,0.02019,0.0,0.0,0.0,0.0,0.09078,0.0,5e-05,0.0
2025-09-15 13:10:00,Estella E 1106,0.0,0.0,,0.0,0.03756,,,,0.0,0.0,0.0,0.0,0.09022,,0.0,0.0
2025-09-15 13:15:00,Estella E 1106,0.0,0.0,0.02639,0.0,0.0371,0.0,0.0,0.02032,0.0,0.0,0.0,0.0,0.09032,0.0,4e-05,0.0
2025-09-15 13:20:00,Estella E 1106,0.0,0.0,,0.0,0.036770000000000004,,,,0.0,0.0,0.0,0.0,0.12840000000000001,,0.0,0.0
2025-09-15 13:25:00,Estella E 1106,0.0,0.0,,0.0,0.03641,,,,0.0,0.0,0.0,0.0,0.12769,,0.0,0.0
2025-09-15 13:30:00,Estella E 1106,0.0,0.0,,0.0,0.0363,,,,0.0,0.0,0.0,0.0,0.12705,,0.0,0.0
2025-09-15 13:35:00,Estella E 1106,0.0,0.0,,0.0,0.03608,,,,0.0,0.0,0.0,0.0,0.12714,,0.0,0.0
2025-09-15 13:40:00,Estella E 1106,0.0,0.0,,0.0,0.00013000000000000002,,,,0.0,0.0,0.0,0.0,0.09270999999999999,,0.0,0.0
2025-09-15 13:45:00,Estella E 1106,0.0,0.0,,0.0,0.00015,,,,0.0,0.0,0.0,0.0,0.09248,,0.0,0.0
2025-09-15 13:50:00,Estella E 1106,0.0,0.0,,0.0,0.00017999999999999998,,,,0.0,0.0,0.0,0.0,0.09145,,0.0,0.0
2025-09-15 13:55:00,Estella E 1106,0.0,0.0,,0.0,0.14934999999999998,,,,0.0,0.0,0.0,0.0,0.09187000000000001,,0.0,0.0
2025-09-15 14:00:00,Estella E 1106,0.0,0.0,,0.0,0.037840000000000006,,,,,,,,,,0.0,0.0
2025-09-15 14:05:00,Estella E 1106,0.0,0.0,,0.0,0.0385,,,,0.0,0.0,0.0,0.0,0.12988,,0.0,0.0
2025-09-15 14:10:00,Estella E 1106,0.0,0.0,,0.0,0.03757,,,,0.0,0.0,0.0,0.0,0.12819,,0.0,0.0
2025-09-15 14:15:00,Estella E 1106,0.0,0.0,,0.0,0.03696,,,,0.0,0.0,0.0,0.0,0.12536,,0.0,0.0
2025-09-15 14:20:00,Estella E 1106,0.0,0.0,,0.0,0.0365,,,,0.0,0.0,0.0,0.0,0.12837,,0.0,0.0
2025-09-15 14:25:00,Estella E 1106,,,0.0,,,0.0,0.0,0.08581,0.0,0.0,0.0,0.0,0.12565,0.0,4e-05,
2025-09-15 14:30:00,Estella E 1106,0.0,0.0,,0.0,0.07189000000000001,,,,0.0,0.0,0.045880000000000004,0.0,0.29996,,0.0,0.0
2025-09-15 14:35:00,Estella E 1106,0.0,0.0,,0.0,0.00020999999999999998,,,,0.0,0.0,0.02266,0.0,0.15108000000000002,,0.0,0.0
2025-09-15 14:40:00,Estella E 1106,0.0,0.0,,0.0,0.00016,,,,0.0,0.0,0.02266,0.0,0.11728,,0.0,0.0
2025-09-15 14:45:00,Estella E 1106,0.0,0.0,,0.0,0.00026000000000000003,,,,0.0,0.0,0.02257,0.0,0.11411,,0.0,0.0
2025-09-15 14:50:00,Estella E 1106,0.0,0.0,,0.0,0.00017999999999999998,,,,0.0,0.0,0.0222,0.0,0.11261,,0.0,0.0
2025-09-15 14:55:00,Estella E 1106,0.0,0.0,,0.0,0.04011,,,,0.0,0.0,0.022359999999999998,0.0,0.11265,,0.0,0.0
2025-09-15 15:00:00,Estella E 1106,0.0,0.0,,0.0,0.03757,,,,0.0,0.0,0.022539999999999998,0.0,0.15075,,0.0,0.0
2025-09-15 15:05:00,Estella E 1106,0.0,0.0,,0.0,0.037770000000000005,,,,0.0,0.0,0.022420000000000002,0.0,0.15161000000000002,,0.0,0.0
2025-09-15 15:10:00,Estella E 1106,0.0,0.0,,0.0,0.03641,,,,0.0,0.0,0.02229,0.0,0.14823,,0.0,0.0
2025-09-15 15:15:00,Estella E 1106,0.0,0.0,0.00113,0.0,0.03663,0.0,0.0,-1e-05,0.0,0.0,0.02223,0.0,0.06477,0.0,5e-05,0.0
2025-09-15 15:20:00,Estella E 1106,0.0,0.0,0.0,0.0,0.03621,0.0,0.0,0.0,0.0,0.0,0.022109999999999998,0.0,0.06302,0.0,0.0,0.0
2025-09-15 15:25:00,Estella E 1106,0.0,0.0,0.0,0.0,0.03589,0.0,0.0,0.0,0.0,0.0,0.02239,0.0,0.06305,0.0,0.0,0.0
2025-09-15 15:30:00,Estella E 1106,0.0,0.0,0.0,0.0,0.00015,0.0,0.0,0.0,0.0,0.0,0.02232,0.0,0.06263,0.0,2e-05,0.0
2025-09-15 15:35:00,Estella E 1106,0.0,0.0,0.01196,0.0,0.00022,0.0,0.0,0.0,0.0,0.0,0.0,0.0,0.0176,0.0,7.000000000000001e-05,0.0
2025-09-15 15:40:00,Estella E 1106,0.0,0.0,0.026609999999999998,0.0,0.00025,0.0,0.0,0.019850000000000003,0.0,0.0,0.0,0.0,0.053380000000000004,0.0,0.0,0.0
2025-09-15 15:45:00,Estella E 1106,0.0,0.0,0.02699,0.0,0.00019,0.0,0.0,0.019760000000000003,0.0,0.0,0.0,0.0,0.054079999999999996,0.0,0.0,0.0
2025-09-15 15:50:00,Estella E 1106,0.0,0.0,0.027239999999999997,0.0,0.048670000000000005,0.0,0.0,0.019829999999999997,0.0,0.0,0.0,0.0,0.055119999999999995,0.0,5.9999999999999995e-05,0.0
2025-09-15 15:55:00,Estella E 1106,0.0,0.0,0.027219999999999998,0.0,0.038979999999999994,0.0,0.0,0.019870000000000002,0.0,0.0,0.0,0.0,0.09093000000000001,0.0,4e-05,0.0
2025-09-15 16:00:00,Estella E 1106,0.0,0.0,0.02677,0.0,0.039420000000000004,0.0,0.0,0.01982,0.0,0.0,0.0,0.0,0.09162999999999999,0.0,1e-05,0.0
2025-09-15 16:05:00,Estella E 1106,0.0,0.0,0.026879999999999998,0.0,0.03823,0.0,0.0,0.019739999999999997,0.0,0.0,0.0,0.0,0.09172,0.0,4e-05,0.0
2025-09-15 16:10:00,Estella E 1106,0.0,0.0,0.02631,0.0,0.03774,0.0,0.0,0.019899999999999998,0.0,0.0,0.0,0.0,0.09068000000000001,0.0,5.9999999999999995e-05,0.0
2025-09-15 16:15:00,Estella E 1106,0.0,0.0,0.02659,0.0,0.03711,0.0,0.0,0.020030000000000003,0.0,0.0,0.0,0.0,0.08988,0.0,0.0,0.0
2025-09-15 16:20:00,Estella E 1106,0.0,0.0,0.02683,0.0,0.036520000000000004,0.0,0.0,0.019960000000000002,0.0,0.0,0.0,0.0,0.08909,0.0,0.0,0.0
2025-09-15 16:25:00,Estella E 1106,0.0,0.06218,0.0,0.0,0.07242,0.0,0.0,0.0,0.0,0.0,0.07114,0.0,0.21825999999999998,0.0,0.0,0.0
2025-09-15 16:30:00,Estella E 1106,0.0,0.06104,0.0,0.0,0.07188,0.0,0.0,0.0,0.0,0.0,0.07042,0.0,0.21414,0.0,0.0,0.0
2025-09-15 16:35:00,Estella E 1106,0.0,0.029769999999999998,0.0,0.0,0.00014000000000000001,0.0,0.0,0.0,0.0,0.0,0.03504,0.0,0.07264,0.0,0.0,0.0
2025-09-15 16:40:00,Estella E 1106,0.0,0.0,0.0,0.0,0.00019,0.0,0.0,0.0,0.0,0.0,0.0,0.0,0.00551,0.0,0.0,0.0
2025-09-15 16:45:00,Estella E 1106,0.0,0.0,,0.0,0.00011999999999999999,,,,0.0,0.0,0.04777,0.0,0.05393,,0.0,0.0
2025-09-15 16:50:00,Estella E 1106,0.0,0.0,,0.0,0.00032,,,,0.0,0.0,0.047409999999999994,0.0,0.05343,,0.0,0.0
2025-09-15 16:55:00,Estella E 1106,0.0,0.0,0.0,0.0,0.037340000000000005,0.0,0.0,-2e-05,0.0,0.0,0.04725,0.0,0.08798,0.0,0.0,0.0
2025-09-15 17:00:00,Estella E 1106,0.0,0.0,0.0,0.0,0.038020000000000005,0.0,0.0,0.0,0.0,0.0,0.0,0.0,0.04177,0.0,5e-05,0.0
2025-09-15 17:05:00,Estella E 1106,0.0,0.0,,0.0,0.03736,,,,0.009529999999999999,0.0,0.0,0.0,0.05163,,0.0,0.0
2025-09-15 17:10:00,Estella E 1106,0.0,0.0,0.0,0.0,0.03691,0.0,0.0,0.0,0.0,0.0,0.0,0.0,0.041,0.0,0.0,0.0
2025-09-15 17:15:00,Estella E 1106,0.0,0.0,0.01742,0.0,0.03696,0.0,0.0,0.01964,0.0,0.0,0.0,0.0,0.08995,0.0,0.0,0.0
2025-09-15 17:20:00,Estella E 1106,0.0,0.0,0.026850000000000002,0.0,0.03661,0.0,0.0,0.01992,0.0,0.0,0.0,0.0,0.08916,0.0,0.0,0.0
2025-09-15 17:25:00,Estella E 1106,0.0,0.0,0.02631,0.0,0.03602,0.0,0.0,0.06439,0.0,0.0,0.0,0.0,0.13252,0.0,0.0,0.0
2025-09-15 17:30:00,Estella E 1106,0.0,0.0,0.02716,0.0,0.00013000000000000002,0.0,0.0,0.019649999999999997,0.0,0.0,0.0,0.0,0.13307,0.0,0.0,0.0
2025-09-15 17:35:00,Estella E 1106,0.0,0.0,0.02743,0.0,0.0002,0.0,0.0,0.06418,0.0,0.0,0.0,0.0,0.09831999999999999,0.0,1e-05,0.0
2025-09-15 17:40:00,Estella E 1106,0.0,0.0,0.027460000000000002,0.0,0.00019,0.0,0.0,0.06391,0.0,0.0,0.0,0.0,0.0985,0.0,2e-05,0.0
2025-09-15 17:45:00,Estella E 1106,0.0,0.0,,0.0,0.00019,,,,0.0,0.0,0.0,0.0,0.09793,,0.0,0.0
2025-09-15 17:50:00,Estella E 1106,0.0,0.0,0.02764,0.0,0.03662,0.0,0.0,0.019289999999999998,0.0,0.0,0.0,0.0,0.051789999999999996,0.0,0.0,0.0
2025-09-15 17:55:00,Estella E 1106,0.0,0.0,,0.0,0.04038,,,,0.0,0.0,0.0,0.0,0.09123,,0.0,0.0
2025-09-15 18:00:00,Estella E 1106,0.0,0.0,,0.0,0.04331,,,,0.0,0.0,0.0,0.0,0.09591,,0.0,0.0
2025-09-15 18:05:00,Estella E 1106,0.0,0.0,,0.0,0.0438,,,,0.0,0.0,0.0,0.0,0.09545000000000001,,0.0,0.0
2025-09-15 18:10:00,Estella E 1106,0.0,0.0,0.02801,0.0,0.04366,0.0,0.0,0.019399999999999997,0.0,0.0,0.0,0.0,0.09711,0.0,0.0,0.0
2025-09-15 18:15:00,Estella E 1106,0.0,0.0,,0.0,0.0412,,,,0.0,0.0,0.0,0.0,0.09398000000000001,,0.0,0.0
2025-09-15 18:20:00,Estella E 1106,0.0,0.0,0.027030000000000002,0.0,0.039670000000000004,0.0,0.0,0.0195,0.0,0.0,0.0,0.0,0.09290999999999999,0.0,0.0,0.0
2025-09-15 18:25:00,Estella E 1106,0.0,0.0,,0.0,0.0384,,,,0.0,0.0,0.0,0.0,0.06347,,0.0,0.0
2025-09-15 18:30:00,Estella E 1106,0.0,0.0,,0.0,0.03773,,,,0.0,0.0,0.0,0.0,0.06289,,0.0,0.0
2025-09-15 18:35:00,Estella E 1106,0.0,0.0,0.08375,0.0,0.03729,0.0,0.0,0.019260000000000003,0.0,0.0,0.0,0.0,0.17351,0.0,2e-05,0.0
2025-09-15 18:40:00,Estella E 1106,0.0,0.0,0.08289,0.0,0.03796,0.0,0.0,0.01921,0.0,0.0,0.0,0.0,0.17308,0.0,0.0,0.0
2025-09-15 18:45:00,Estella E 1106,,,0.10983,,,0.00905,0.0,0.019289999999999998,0.0,0.0,0.0,0.0,0.18241,0.0,0.0,
2025-09-15 18:50:00,Estella E 1106,0.0,0.0,,0.0,0.07579000000000001,,,,0.0,0.0,0.0,0.0,0.36574,,0.0,0.0
2025-09-15 18:55:00,Estella E 1106,0.0,0.0,0.32677,0.0,0.11229,0.02661,0.0,0.05838,0.0,0.0,0.0,0.0,0.54501,0.0,0.0,0.0
2025-09-15 19:00:00,Estella E 1106,,,,,,,,,0.0,0.0,0.0,0.0,0.18181999999999998,,0.0,
2025-09-15 19:05:00,Estella E 1106,0.0,0.0,,0.0,0.07319,,,,0.0,0.0,0.0,0.0,0.3624,,0.0,0.0
2025-09-15 19:10:00,Estella E 1106,0.0,0.0,,0.0,0.00013000000000000002,,,,0.0,0.0,0.0,0.0,0.16077000000000002,,0.0,0.0
2025-09-15 19:15:00,Estella E 1106,0.0,0.0,,0.0,0.00015,,,,0.0,0.0,0.0,0.0,0.15880000000000002,,0.0,0.0
2025-09-15 19:20:00,Estella E 1106,0.0,0.0,,0.0,0.00016,,,,,,,,,,0.0,0.0
2025-09-15 19:25:00,Estella E 1106,0.0,0.0,0.10856,0.0,0.00019,0.04039,0.0,0.0,0.0,0.0,0.0,0.0,0.12448000000000001,0.0,0.0,0.0
2025-09-15 19:30:00,Estella E 1106,0.0,0.0,,0.0,0.038020000000000005,,,,0.0,0.0,0.0,0.0,0.16008,,0.0,0.0
2025-09-15 19:35:00,Estella E 1106,0.0,0.0,,0.0,0.03986,,,,0.0,0.0,0.0,0.0,0.16294999999999998,,0.0,0.0
2025-09-15 19:40:00,Estella E 1106,0.0,0.0,0.15266,0.0,0.03918,0.00869,0.0,0.0,0.0,0.0,0.0,0.0,0.2054,0.0,0.0,0.0
2025-09-15 19:45:00,Estella E 1106,0.0,0.0,,0.0,0.03814,,,,0.0,0.0,0.0,0.0,0.20574,,0.0,0.0
2025-09-15 19:50:00,Estella E 1106,0.0,0.0,,0.0,0.036950000000000004,,,,0.0,0.0,0.0,0.0,0.20427,,0.0,0.0
2025-09-15 19:55:00,Estella E 1106,0.0,0.0,0.15206999999999998,0.0,0.03621,0.04168,0.0,0.0,0.0,0.0,0.0,0.0,0.23669,0.0,0.0,0.0
2025-09-15 20:00:00,Estella E 1106,0.0,0.0,0.15268,0.0,0.03572,0.00861,0.0,0.0,0.0,0.0,0.0,0.0,0.20245,0.0,1e-05,0.0
2025-09-15 20:05:00,Estella E 1106,0.0,0.0,0.12537,0.0,0.00028000000000000003,0.00865,0.0,0.0,0.0,0.0,0.0,0.0,0.14095,0.0,1e-05,0.0
2025-09-15 20:10:00,Estella E 1106,0.0,0.0,,0.0,0.00011999999999999999,,,,0.0,0.0,0.0,0.0,0.14097,,0.0,0.0
2025-09-15 20:15:00,Estella E 1106,0.0,0.0,,0.0,0.00023999999999999998,,,,0.0,0.0,0.0,0.0,0.14214,,0.0,0.0
2025-09-15 20:20:00,Estella E 1106,0.0,0.0,,0.0,0.0002,,,,0.0,0.0,0.0,0.0,0.1702,,0.0,0.0
2025-09-15 20:25:00,Estella E 1106,0.0,0.0,,0.0,0.00361,,,,0.0,0.0,0.0,0.0,0.14133,,0.0,0.0
2025-09-15 20:30:00,Estella E 1106,0.0,0.0,,0.0,0.039909999999999994,,,,0.0,0.0,0.0,0.0,0.17858000000000002,,0.0,0.0
2025-09-15 20:35:00,Estella E 1106,0.0,0.0,,0.0,0.038840000000000006,,,,0.0,0.0,0.0,0.0,0.17729,,0.0,0.0
2025-09-15 20:40:00,Estella E 1106,0.0,0.0,,0.0,0.038369999999999994,,,,0.0,0.0,0.0,0.0,0.17687999999999998,,0.0,0.0
2025-09-15 20:45:00,Estella E 1106,0.0,0.0,0.12362000000000001,0.0,0.03687,0.0,0.0,0.0,0.0,0.0,0.0,0.0,0.1656,0.0,1e-05,0.0
2025-09-15 20:50:00,Estella E 1106,0.0,0.0,,0.0,0.03713,,,,0.0,0.0,0.0,0.0,0.13371,,0.0,0.0
2025-09-15 20:55:00,Estella E 1106,0.0,0.0,,0.0,0.036270000000000004,,,,0.0,0.0,0.0,0.0,0.13306,,0.0,0.0
2025-09-15 21:00:00,Estella E 1106,0.0,0.0,,0.0,0.0358,,,,0.0,0.0,0.0,0.0,0.17899,,0.0,0.0
2025-09-15 21:05:00,Estella E 1106,0.0,0.0,,0.0,0.00016,,,,0.0,0.0,0.0,0.0,0.14295,,0.0,0.0
2025-09-15 21:10:00,Estella E 1106,0.0,0.0,,0.0,8.999999999999999e-05,,,,0.0,0.0,0.0,0.0,0.13582,,0.0,0.0
2025-09-15 21:15:00,Estella E 1106,0.0,0.0,,0.0,0.00031,,,,0.0,0.0,0.0,0.0,0.12462999999999999,,0.0,0.0
2025-09-15 21:20:00,Estella E 1106,0.0,0.0,,0.0,0.036969999999999996,,,,0.0,0.0,0.03553,0.0,0.15055000000000002,,0.0,0.0
2025-09-15 21:25:00,Estella E 1106,0.0,0.0,0.1082,0.0,0.03742,0.0,0.0,-1e-05,0.0,0.0,0.03517,0.0,0.18616,0.0,0.0,0.0
2025-09-15 21:30:00,Estella E 1106,0.0,0.0,,0.0,0.038090000000000006,,,,0.0,0.0,0.03503,0.0,0.18719999999999998,,0.0,0.0
2025-09-15 21:35:00,Estella E 1106,0.0,0.0,,0.0,0.037340000000000005,,,,0.0,0.0,0.03493,0.0,0.18705000000000002,,0.0,0.0
2025-09-15 21:40:00,Estella E 1106,0.0,0.0,,0.0,0.036359999999999996,,,,0.0,0.0,0.03489,0.0,0.18586000000000003,,0.0,0.0
2025-09-15 21:45:00,Estella E 1106,0.0,0.0,0.10879000000000001,0.0,0.03575,0.0,0.0,0.0,0.0,0.0,0.0,0.0,0.14931,0.0,2e-05,0.0
2025-09-15 21:50:00,Estella E 1106,0.0,0.0,0.10845999999999999,0.0,0.00019,0.0,0.0,0.0,0.0,0.0,0.0,0.0,0.14903,0.0,0.0,0.0
2025-09-15 21:55:00,Estella E 1106,0.0,0.0,,0.0,0.00025,,,,0.0,0.0,0.0,0.0,0.11559,,0.0,0.0
2025-09-15 22:00:00,Estella E 1106,0.0,0.0,,0.0,0.00017999999999999998,,,,0.0,0.0,0.0,0.0,0.11612,,0.0,0.0
2025-09-15 22:05:00,Estella E 1106,0.0,0.0,0.1093,0.0,0.00016,0.0,0.0,0.0,0.0,0.0,0.0,0.0,0.1157,0.0,5.9999999999999995e-05,0.0
2025-09-15 22:10:00,Estella E 1106,0.0,0.0,0.10926000000000001,0.0,0.03693,0.0,0.0,-1e-05,0.0,0.0,0.0,0.0,0.15031999999999998,0.0,5.9999999999999995e-05,0.0
2025-09-15 22:15:00,Estella E 1106,0.0,0.0,0.1085,0.0,0.03761,0.0,0.0,0.0,0.0,0.0,0.0,0.0,0.12395,0.0,0.0,0.0
2025-09-15 22:20:00,Estella E 1106,0.0,0.0,,0.0,0.03749,,,,0.0,0.0,0.0,0.0,0.1245,,0.0,0.0
2025-09-15 22:25:00,Estella E 1106,0.0,0.0,0.02177,0.0,0.03614,0.0,0.0,0.0,0.0,0.0,0.0,0.0,0.06302,0.0,2e-05,0.0
2025-09-15 22:30:00,Estella E 1106,0.0,0.0,0.10499,0.0,0.03573,0.0,0.0,0.0,0.0,0.0,0.0,0.0,0.14621,0.0,0.0,0.0
2025-09-15 22:35:00,Estella E 1106,0.0,0.0,0.10455,0.0,0.00017999999999999998,0.0,0.0,0.0,0.0,0.0,0.0,0.0,0.14507,0.0,0.0,0.0
2025-09-15 22:40:00,Estella E 1106,0.0,0.0,0.10426,0.0,0.00011999999999999999,0.0,0.0,0.0,0.0,0.0,0.0,0.0,0.02838,0.0,0.0,0.0
2025-09-15 22:45:00,Estella E 1106,0.0,0.0,0.02173,0.0,0.00016,0.0,0.0,0.0,0.0,0.0,0.0,0.0,0.02816,0.0,5e-05,0.0
2025-09-15 22:50:00,Estella E 1106,0.0,0.0,0.02164,0.0,0.00015,0.0,0.0,0.0,0.0,0.0,0.0,0.0,0.028059999999999998,0.0,2e-05,0.0
2025-09-15 22:55:00,Estella E 1106,0.0,0.0,,0.0,0.03577,,,,0.0,0.0,0.0,0.0,0.07557,,0.0,0.0
2025-09-15 23:00:00,Estella E 1106,0.0,0.0,,0.0,0.2015,,,,0.0,0.0,0.0,0.0,0.06343,,0.0,0.0
2025-09-15 23:05:00,Estella E 1106,0.0,0.0,0.02081,0.0,0.20118,0.0,0.0,0.0,0.0,0.0,0.0,0.0,0.22682,0.0,4e-05,0.0
2025-09-15 23:10:00,Estella E 1106,0.0,0.0,,0.0,0.20103000000000001,,,,0.0,0.0,0.0,0.0,0.22755,,0.0,0.0
2025-09-15 23:15:00,Estella E 1106,0.0,0.0,0.020640000000000002,0.0,0.20033,0.0,0.0,0.0,0.0,0.0,0.0,0.0,0.22656,0.0,7.000000000000001e-05,0.0
2025-09-15 23:20:00,Estella E 1106,0.0,0.0,,0.0,0.00022,,,,0.0,0.0,0.0,0.0,0.027010000000000003,,0.0,0.0
2025-09-15 23:25:00,Estella E 1106,0.0,0.0,,0.0,0.04961,,,,0.0,0.0,0.0,0.0,0.09411,,0.0,0.0
2025-09-15 23:30:00,Estella E 1106,0.0,0.0,,0.0,0.05211,,,,0.0,0.0,0.0,0.0,0.07787000000000001,,0.0,0.0
2025-09-15 23:35:00,Estella E 1106,0.0,0.0,,0.0,0.05034,,,,0.0,0.0,0.0,0.0,0.07693000000000001,,0.0,0.0
2025-09-15 23:40:00,Estella E 1106,0.0,0.0,,0.0,0.04884,,,,0.0,0.0,0.0,0.0,0.0751,,0.0,0.0
2025-09-15 23:45:00,Estella E 1106,0.0,0.0,0.020829999999999998,0.0,0.046979999999999994,0.0,0.0,0.0,0.0,0.0,0.0,0.0,0.07356,0.0,5e-05,0.0
2025-09-15 23:50:00,Estella E 1106,0.0,0.0,,0.0,0.04603,,,,0.0,0.0,0.0,0.0,0.07211,,0.0,0.0
2025-09-15 23:55:00,Estella E 1106,0.0,0.0,,0.0,0.045149999999999996,,,,0.0,0.0,0.0,0.0,0.07151,,0.0,0.0
2025-09-16 00:00:00,Estella E 1106,0.0,0.0,,0.0,0.04433,,,,0.0,0.0,0.0,0.0,0.07069,,0.0,0.0
2025-09-16 00:05:00,Estella E 1106,0.0,0.0,,0.0,0.040729999999999995,,,,0.0,0.0,0.0,0.0,0.06835,,0.0,0.0
2025-09-16 00:10:00,Estella E 1106,0.0,0.0,0.02111,0.0,0.03917,0.0,0.0,0.0,0.0,0.0,0.0,0.0,0.06570999999999999,0.0,0.0,0.0
2025-09-16 00:15:00,Estella E 1106,0.0,0.0,0.02116,0.0,0.038439999999999995,0.0,0.0,-1e-05,0.0,0.0,0.0,0.0,0.06470999999999999,0.0,8.999999999999999e-05,0.0
2025-09-16 00:20:00,Estella E 1106,0.0,0.0,0.02105,0.0,0.03778,0.0,0.0,0.0,0.0,0.0,0.0,0.0,0.06439,0.0,8e-05,0.0
2025-09-16 00:25:00,Estella E 1106,0.0,0.0,0.02102,0.0,0.03741,0.0,0.0,-2e-05,0.0,0.0,0.0,0.0,0.06418,0.0,7.000000000000001e-05,0.0
2025-09-16 00:30:00,Estella E 1106,0.0,0.0,0.02118,0.0,0.036840000000000005,0.0,0.0,0.0,0.0,0.0,0.0,0.0,0.06339,0.0,7.000000000000001e-05,0.0
2025-09-16 00:35:00,Estella E 1106,0.0,0.0,,0.0,0.03666,,,,0.0,0.0,0.0,0.0,0.06309000000000001,,0.0,0.0
2025-09-16 00:40:00,Estella E 1106,0.0,0.0,,0.0,0.036359999999999996,,,,0.0,0.0,0.0,0.0,0.06288,,0.0,0.0
2025-09-16 00:45:00,Estella E 1106,0.0,0.0,0.02115,0.0,0.03616,0.0,0.0,-2e-05,0.0,0.0,0.0,0.0,0.0626,0.0,5.9999999999999995e-05,0.0
2025-09-16 00:50:00,Estella E 1106,0.0,0.0,0.02115,0.0,0.00020999999999999998,0.0,0.0,0.0,0.0,0.0,0.0,0.0,0.02766,0.0,2e-05,0.0
2025-09-16 00:55:00,Estella E 1106,0.0,0.0,,0.0,0.00015,,,,0.0,0.0,0.0,0.0,0.02779,,0.0,0.0
2025-09-16 01:00:00,Estella E 1106,0.0,0.0,0.02115,0.0,0.00016,0.0,0.0,0.0,0.0,0.0,0.0,0.0,0.027829999999999997,0.0,2e-05,0.0
2025-09-16 01:05:00,Estella E 1106,0.0,0.0,0.02137,0.0,0.00013000000000000002,0.0,0.0,0.0,0.0,0.0,0.0,0.0,0.028050000000000002,0.0,8.999999999999999e-05,0.0
2025-09-16 01:10:00,Estella E 1106,0.0,0.0,,0.0,0.037399999999999996,,,,0.0,0.0,0.0,0.0,0.06271,,0.0,0.0
2025-09-16 01:15:00,Estella E 1106,0.0,0.0,,0.0,0.03828,,,,0.0,0.0,0.0,0.0,0.06476000000000001,,0.0,0.0
2025-09-16 01:20:00,Estella E 1106,0.0,0.0,,0.0,0.03736,,,,0.0,0.0,0.0,0.0,0.0639,,0.0,0.0
2025-09-16 01:25:00,Estella E 1106,0.0,0.0,,0.0,0.03682,,,,,,,,,,0.0,0.0
2025-09-16 01:30:00,Estella E 1106,0.0,0.0,,0.0,0.036539999999999996,,,,0.0,0.0,0.0,0.0,0.06357,,0.0,0.0
2025-09-16 01:35:00,Estella E 1106,0.0,0.0,,0.0,0.03606,,,,,,,,,,0.0,0.0
2025-09-16 01:40:00,Estella E 1106,0.0,0.0,,0.0,0.0359,,,,0.0,0.0,0.0,0.0,0.06274,,0.0,0.0
2025-09-16 01:45:00,Estella E 1106,0.0,0.0,,0.0,0.00033,,,,0.0,0.0,0.0,0.0,0.02788,,0.0,0.0
2025-09-16 01:50:00,Estella E 1106,0.0,0.0,0.02131,0.0,0.00031,0.0,0.0,0.0,0.0,0.0,0.0,0.0,0.027989999999999998,0.0,0.00017999999999999998,0.0
2025-09-16 01:55:00,Estella E 1106,0.0,0.0,,0.0,0.00015,,,,0.0,0.0,0.0,0.0,0.027829999999999997,,0.0,0.0
2025-09-16 02:00:00,Estella E 1106,0.0,0.0,,0.0,0.0002,,,,0.0,0.0,0.0,0.0,0.02784,,0.0,0.0
2025-09-16 02:05:00,Estella E 1106,0.0,0.0,,0.0,0.0035800000000000003,,,,0.0,0.0,0.0,0.0,0.02859,,0.0,0.0
2025-09-16 02:10:00,Estella E 1106,0.0,0.0,,0.0,0.039850000000000003,,,,0.0,0.0,0.0,0.0,0.06670999999999999,,0.0,0.0
2025-09-16 02:15:00,Estella E 1106,0.0,0.0,,0.0,0.03872,,,,0.0,0.0,0.0,0.0,0.06554,,0.0,0.0
2025-09-16 02:20:00,Estella E 1106,0.0,0.0,0.02147,0.0,0.0378,0.0,0.0,-7.000000000000001e-05,0.0,0.0,0.0,0.0,0.06481999999999999,0.0,5e-05,0.0
2025-09-16 02:25:00,Estella E 1106,0.0,0.0,0.0214,0.0,0.03703,0.0,0.0,0.0,0.0,0.0,0.0,0.0,0.06411,0.0,0.00011999999999999999,0.0
2025-09-16 02:30:00,Estella E 1106,0.0,0.0,0.02153,0.0,0.03655,0.0,0.0,0.0,0.0,0.0,0.0,0.0,0.06369,0.0,8.999999999999999e-05,0.0
2025-09-16 02:35:00,Estella E 1106,0.0,0.0,,0.0,0.03623,,,,0.0,0.0,0.0,0.0,0.06304,,0.0,0.0
2025-09-16 02:40:00,Estella E 1106,0.0,0.0,,0.0,0.03573,,,,0.0,0.0,0.0,0.0,0.06264,,0.0,0.0
2025-09-16 02:45:00,Estella E 1106,0.0,0.0,,0.0,0.00013000000000000002,,,,0.0,0.0,0.0,0.0,0.027899999999999998,,0.0,0.0
2025-09-16 02:50:00,Estella E 1106,0.0,0.0,0.02145,0.0,0.00019,0.0,0.0,0.0,0.0,0.0,0.0,0.0,0.02816,0.0,8e-05,0.0
2025-09-16 02:55:00,Estella E 1106,0.0,0.0,,0.0,0.00011,,,,0.0,0.0,0.0,0.0,0.027829999999999997,,0.0,0.0
2025-09-16 03:00:00,Estella E 1106,0.0,0.0,,0.0,0.00022,,,,0.0,0.0,0.0,0.0,0.02809,,0.0,0.0
2025-09-16 03:05:00,Estella E 1106,0.0,0.0,,0.0,0.03669,,,,0.0,0.0,0.0,0.0,0.06347,,0.0,0.0
2025-09-16 03:10:00,Estella E 1106,0.0,0.0,,0.0,0.0375,,,,0.0,0.0,0.0,0.0,0.06458,,0.0,0.0
2025-09-16 03:15:00,Estella E 1106,0.0,0.0,,0.0,0.036840000000000005,,,,0.0,0.0,0.0,0.0,0.06375,,0.0,0.0
2025-09-16 03:20:00,Estella E 1106,0.0,0.0,0.02152,0.0,0.03648,0.0,0.0,-1e-05,0.0,0.0,0.0,0.0,0.06356,0.0,0.0,0.0
2025-09-16 03:25:00,Estella E 1106,0.0,0.0,,0.0,0.03607,,,,0.0,0.0,0.0,0.0,0.08897,,0.0,0.0
2025-09-16 03:30:00,Estella E 1106,0.0,0.0,0.02179,0.0,0.03583,0.0,0.0,-1e-05,0.0,0.0,0.0,0.0,0.06303,0.0,0.00016,0.0
2025-09-16 03:35:00,Estella E 1106,0.0,0.0,,0.0,0.00015,,,,0.0,0.0,0.0,0.0,0.02829,,0.0,0.0
2025-09-16 03:40:00,Estella E 1106,0.0,0.0,0.02178,0.0,0.00017999999999999998,0.0,0.0,-1e-05,0.0,0.0,0.0,0.0,0.02842,0.0,0.00023,0.0
2025-09-16 03:45:00,Estella E 1106,0.0,0.0,0.02166,0.0,0.00017999999999999998,0.0,0.0,-1e-05,0.0,0.0,0.0,0.0,0.028329999999999998,0.0,0.00019,0.0
2025-09-16 03:50:00,Estella E 1106,0.0,0.0,,0.0,0.00025,,,,0.0,0.0,0.0,0.0,0.02827,,0.0,0.0
2025-09-16 03:55:00,Estella E 1106,0.0,0.0,,0.0,0.03693,,,,0.0,0.0,0.0,0.0,0.06338,,0.0,0.0
2025-09-16 04:00:00,Estella E 1106,0.0,0.0,,0.0,0.03774,,,,0.0,0.0,0.0,0.0,0.06445999999999999,,0.0,0.0
2025-09-16 04:05:00,Estella E 1106,0.0,0.0,0.02176,0.0,0.03668,0.0,0.0,-1e-05,0.0,0.0,0.0,0.0,0.06429,0.0,8.999999999999999e-05,0.0
2025-09-16 04:10:00,Estella E 1106,0.0,0.0,,0.0,0.03642,,,,0.0,0.0,0.0,0.0,0.0637,,0.0,0.0
2025-09-16 04:15:00,Estella E 1106,0.0,0.0,0.0218,0.0,0.03616,0.0,0.0,0.0,0.0,0.0,0.0,0.0,0.06324,0.0,8.999999999999999e-05,0.0
2025-09-16 04:20:00,Estella E 1106,0.0,0.0,0.02164,0.0,0.03581,0.0,0.0,0.0,0.0,0.0,0.0,0.0,0.06296,0.0,0.00011999999999999999,0.0
2025-09-16 04:25:00,Estella E 1106,0.0,0.0,0.02159,0.0,0.00031,0.0,0.0,-2e-05,0.0,0.0,0.0,0.0,0.028390000000000002,0.0,0.00011,0.0
2025-09-16 04:30:00,Estella E 1106,0.0,0.0,0.02157,0.0,0.00015,0.0,0.0,0.0,0.0,0.0,0.0,0.0,0.028,0.0,0.00016,0.0
2025-09-16 04:35:00,Estella E 1106,0.0,0.0,,0.0,0.00015,,,,0.0,0.0,0.0,0.0,0.02807,,0.0,0.0
2025-09-16 04:40:00,Estella E 1106,0.0,0.0,,0.0,0.00025,,,,0.0,0.0,0.0,0.0,0.028239999999999998,,0.0,0.0
2025-09-16 04:45:00,Estella E 1106,0.0,0.0,,0.0,0.03701,,,,0.0,0.0,0.0,0.0,0.06229,,0.0,0.0
2025-09-16 04:50:00,Estella E 1106,0.0,0.0,,0.0,0.0373,,,,0.0,0.0,0.0,0.0,0.0644,,0.0,0.0
2025-09-16 04:55:00,Estella E 1106,0.0,0.0,,0.0,0.03675,,,,0.0,0.0,0.0,0.0,0.06347,,0.0,0.0
2025-09-16 05:00:00,Estella E 1106,0.0,0.0,,0.0,0.036340000000000004,,,,0.0,0.0,0.0,0.0,0.06336,,0.0,0.0
2025-09-16 05:05:00,Estella E 1106,0.0,0.0,,0.0,0.03608,,,,0.0,0.0,0.0,0.0,0.06277,,0.0,0.0
2025-09-16 05:10:00,Estella E 1106,0.0,0.0,,0.0,0.03577,,,,0.0,0.0,0.0,0.0,0.06246,,0.0,0.0
2025-09-16 05:15:00,Estella E 1106,0.0,0.0,0.02146,0.0,0.00014000000000000001,0.0,0.0,-1e-05,0.0,0.0,0.0,0.0,0.02786,0.0,0.0002,0.0
2025-09-16 05:20:00,Estella E 1106,0.0,0.0,0.02131,0.0,0.00019,0.0,0.0,0.0,0.0,0.0,0.0,0.0,0.028030000000000003,0.0,0.00017999999999999998,0.0
2025-09-16 05:25:00,Estella E 1106,0.0,0.0,0.0212,0.0,0.00016,0.0,0.0,-1e-05,0.0,0.0,0.0,0.0,0.027960000000000002,0.0,8.999999999999999e-05,0.0
2025-09-16 05:30:00,Estella E 1106,0.0,0.0,,0.0,0.0002,,,,0.0,0.0,0.0,0.0,0.027530000000000002,,0.0,0.0
2025-09-16 05:35:00,Estella E 1106,0.0,0.0,,0.0,0.037,,,,,,,,,,0.0,0.0
2025-09-16 05:40:00,Estella E 1106,0.0,0.0,,0.0,0.03693,,,,0.0,0.0,0.0,0.0,0.06383,,0.0,0.0
2025-09-16 05:45:00,Estella E 1106,0.0,0.0,0.02093,0.0,0.03656,0.0,0.0,-1e-05,0.0,0.0,0.0,0.0,0.06282,0.0,0.00017999999999999998,0.0
2025-09-16 05:50:00,Estella E 1106,0.0,0.0,0.0124,0.0,0.03628,0.0,0.0,0.0,0.0,0.0,0.0,0.0,0.05425,0.0,7.000000000000001e-05,0.0
2025-09-16 05:55:00,Estella E 1106,0.0,0.0,,0.0,0.03605,,,,0.0,0.0,0.0,0.0,0.053399999999999996,,0.0,0.0
2025-09-16 06:00:00,Estella E 1106,0.0,0.0,0.01253,0.0,0.0356,0.0,0.0,0.0,0.0,0.0,0.0,0.0,0.05332,0.0,0.00016,0.0
2025-09-16 06:05:00,Estella E 1106,0.0,0.0,,0.0,0.00017999999999999998,,,,0.0,0.0,0.0,0.0,0.018699999999999998,,0.0,0.0
2025-09-16 06:10:00,Estella E 1106,0.0,0.0,,0.0,0.00011,,,,0.0,0.0,0.0,0.0,0.01846,,0.0,0.0
2025-09-16 06:15:00,Estella E 1106,0.0,0.0,,0.0,0.00014000000000000001,,,,0.0,0.0,0.0,0.0,0.01813,,0.0,0.0
2025-09-16 06:20:00,Estella E 1106,0.0,0.0,,0.0,0.00026000000000000003,,,,0.0,0.0,0.0,0.0,0.01813,,0.0,0.0
2025-09-16 06:25:00,Estella E 1106,0.0,0.0,,0.0,0.03693,,,,0.0,0.0,0.0,0.0,0.05361,,0.0,0.0
2025-09-16 06:30:00,Estella E 1106,0.0,0.0,,0.0,0.036770000000000004,,,,0.0,0.0,0.0,0.0,0.0541,,0.0,0.0
2025-09-16 06:35:00,Estella E 1106,0.0,0.0,0.01205,0.0,0.03726,0.0,0.0,0.0,0.0,0.0,0.0,0.0,0.053700000000000005,0.0,0.0,0.0
2025-09-16 06:40:00,Estella E 1106,0.0,0.0,0.011890000000000001,0.0,0.038380000000000004,0.0,0.0,0.0,0.0,0.0,0.0,0.0,0.055020000000000006,0.0,0.0,0.0
2025-09-16 06:45:00,Estella E 1106,0.0,0.0,0.0121,0.0,0.0381,0.0,0.0,0.0,0.0,0.0,0.0,0.0,0.054880000000000005,0.0,1e-05,0.0
2025-09-16 06:50:00,Estella E 1106,0.0,0.0,,0.0,0.03743,,,,0.0,0.0,0.0,0.0,0.054810000000000005,,0.0,0.0
2025-09-16 06:55:00,Estella E 1106,0.0,0.0,0.01205,0.0,0.036899999999999995,0.03229,0.0,0.0,0.0,0.0,0.0,0.0,0.08705,0.0,4e-05,0.0
2025-09-16 07:00:00,Estella E 1106,0.0,0.0,,0.0,0.03663,,,,,,,,,,0.0,0.0
2025-09-16 07:05:00,Estella E 1106,0.0,0.0,0.01191,0.0,0.00022,0.030809999999999997,0.0,0.0,0.0,0.0,0.0,0.0,0.08516,0.0,0.0,0.0
2025-09-16 07:10:00,Estella E 1106,0.0,0.0,,0.0,0.00025,,,,,,,,,,0.0,0.0
2025-09-16 07:15:00,Estella E 1106,0.0,0.0,0.01185,0.0,0.00016,0.01182,0.0,0.0,0.0,0.0,0.0,0.0,0.030789999999999998,0.0,0.0,0.0
2025-09-16 07:20:00,Estella E 1106,0.0,0.0,,0.0,0.00016,,,,,,,,,,0.0,0.0
2025-09-16 07:25:00,Estella E 1106,0.0,0.008919999999999999,,0.0,0.05122,,,,,,,,,,0.0,0.0
2025-09-16 07:30:00,Estella E 1106,0.0,0.0,,0.0,0.03971,,,,0.0,0.0,0.0,0.0,3.08459,,2.89777,0.0
2025-09-16 07:35:00,Estella E 1106,0.0,0.0,0.01175,0.0,0.04039,0.1313,0.0,0.0,0.00958,0.0,0.0,0.0,0.1993,0.0,0.0,0.0
2025-09-16 07:40:00,Estella E 1106,0.0,0.0,0.01176,0.0,0.04076,0.01175,0.0,0.0,0.033049999999999996,0.0,0.0,0.0,0.1034,0.0,0.0,0.0
2025-09-16 07:45:00,Estella E 1106,0.0,0.0,0.01168,0.0,0.039520000000000007,0.02206,0.0,0.0,0.0,0.0,0.08174,0.0,0.15018,0.0,2e-05,0.0
2025-09-16 07:50:00,Estella E 1106,0.0,0.0,0.0,0.0,0.038630000000000005,0.01165,0.0,0.0,0.0,0.0,0.08273,0.0,0.13808,0.0,0.0,0.0
2025-09-16 07:55:00,Estella E 1106,0.0,0.00886,0.0,0.0,0.03803,0.011789999999999998,0.0,0.0,,,,,,0.0,0.0,0.0
2025-09-16 08:00:00,Estella E 1106,0.0,0.0,0.0,0.0,0.037329999999999995,0.01176,0.0,0.0,0.0,0.0,0.08134999999999999,0.0,0.1355,0.0,1e-05,0.0
2025-09-16 08:05:00,Estella E 1106,0.0,0.0,0.0,0.0,0.03688,0.01168,0.0,0.0,0.0,0.0,0.08138,0.0,0.13526,0.0,0.0,0.0
2025-09-16 08:10:00,Estella E 1106,0.0,0.0,0.0,0.0,0.0365,0.0099,0.0,0.04381,,,,,,0.0,0.0,0.0
2025-09-16 08:15:00,Estella E 1106,0.0,0.0,,0.0,0.0002,,,,0.0,0.0,0.0,0.0,0.07137,,0.0,0.0
2025-09-16 08:20:00,Estella E 1106,0.0,0.0,0.0,0.0,0.00027,0.0,0.0,0.018269999999999998,0.0,0.0,0.0,0.0,0.02466,0.0,0.0,0.0
2025-09-16 08:25:00,Estella E 1106,0.0,0.0,,0.0,0.00019,,,,,,,,,,0.0,0.0
2025-09-16 08:30:00,Estella E 1106,0.0,0.0,,0.0,0.00013000000000000002,,,,,,,,,,0.0,0.0
2025-09-16 08:35:00,Estella E 1106,0.0,0.0,0.042570000000000004,0.0,0.03741,0.0,0.0,0.0,0.0,0.0,0.0,0.0,0.09698000000000001,0.0,0.0,0.0
2025-09-16 08:40:00,Estella E 1106,0.0,0.0,,0.0,0.038799999999999994,,,,0.0,0.0,0.0,0.0,0.06269,,0.0,0.0
2025-09-16 08:45:00,Estella E 1106,0.0,0.0,,0.0,0.03909000000000001,,,,,,,,,,0.0,0.0
2025-09-16 08:50:00,Estella E 1106,0.0,0.0,,0.0,0.03744,,,,,,,,,,0.0,0.0
2025-09-16 08:55:00,Estella E 1106,0.0,0.0,,0.0,0.03663,,,,,,,,,,0.0,0.0
2025-09-16 09:00:00,Estella E 1106,0.0,0.0,,0.0,0.036289999999999996,,,,,,,,,,0.0,0.0
2025-09-16 09:05:00,Estella E 1106,0.0,0.0,,0.0,0.03593,,,,,,,,,,0.0,0.0
2025-09-16 09:10:00,Estella E 1106,0.0,0.0,,0.0,0.00013000000000000002,,,,,,,,,,0.0,0.0
2025-09-16 09:15:00,Estella E 1106,0.0,0.0,,0.0,0.00022,,,,,,,,,,0.0,0.0
2025-09-16 09:20:00,Estella E 1106,0.0,0.0,0.019289999999999998,0.0,0.00017999999999999998,0.0,0.0,0.0,0.0,0.0,0.0,0.0,0.02543,0.0,0.0,0.0
2025-09-16 09:25:00,Estella E 1106,0.0,0.0,0.01916,0.0,0.00025,0.0,0.0,0.0,0.0,0.0,0.0,0.0,0.02543,0.0,0.0,0.0
2025-09-16 09:30:00,Estella E 1106,0.0,0.0,0.01899,0.0,0.0378,0.0,0.0,0.0,0.0,0.0,0.0,0.0,0.06147,0.0,0.0,0.0
2025-09-16 09:35:00,Estella E 1106,0.0,0.0,,0.0,0.037630000000000004,,,,,,,,,,0.0,0.0
2025-09-16 09:40:00,Estella E 1106,0.0,0.0,,0.0,0.03662,,,,,,,,,,0.0,0.0
2025-09-16 09:45:00,Estella E 1106,0.0,0.0,,0.0,0.03628,,,,0.0,0.0,0.0,0.0,0.0598,,0.0,0.0
2025-09-16 09:50:00,Estella E 1106,0.0,0.0,,0.0,0.03582,,,,,,,,,,0.0,0.0
2025-09-16 09:55:00,Estella E 1106,0.0,0.0,,0.0,0.00020999999999999998,,,,,,,,,,0.0,0.0
2025-09-16 10:00:00,Estella E 1106,0.0,0.0,0.01863,0.0,0.00022,0.0,0.0,0.0,,,,,,0.0,0.0,0.0
2025-09-16 10:05:00,Estella E 1106,0.0,0.0,,0.0,0.00023999999999999998,,,,,,,,,,0.0,0.0
2025-09-16 10:10:00,Estella E 1106,0.0,0.0,0.0185,0.0,0.00035,0.0,0.0,0.0,0.0,0.0,0.0,0.0,0.02469,0.0,1e-05,0.0
2025-09-16 10:15:00,Estella E 1106,0.0,0.0,,0.0,0.03814,,,,0.0,0.0,0.0,0.0,0.05994,,0.0,0.0
2025-09-16 10:20:00,Estella E 1106,0.0,0.0,,0.0,0.038869999999999995,,,,0.0,0.0,0.0,0.0,0.06157,,0.0,0.0
2025-09-16 10:25:00,Estella E 1106,0.0,0.0,,0.0,0.03782,,,,0.0,0.0,0.0,0.0,0.06136,,0.0,0.0
2025-09-16 10:30:00,Estella E 1106,0.0,0.0,,0.0,0.03694,,,,0.0,0.0,0.0,0.0,0.060579999999999995,,0.0,0.0
2025-09-16 10:35:00,Estella E 1106,0.0,0.0,,0.0,0.0364,,,,0.0,0.0,0.0,0.0,0.0595,,0.0,0.0
2025-09-16 10:40:00,Estella E 1106,0.0,0.0,,0.0,0.03601,,,,0.0,0.0,0.0,0.0,0.05943,,0.0,0.0
2025-09-16 10:45:00,Estella E 1106,0.0,0.0,,0.0,0.00023999999999999998,,,,0.0,0.0,0.0,0.0,0.024579999999999998,,0.0,0.0
2025-09-16 10:50:00,Estella E 1106,0.0,0.0,,0.0,0.00014000000000000001,,,,0.0,0.0,0.0,0.0,0.02461,,0.0,0.0
2025-09-16 10:55:00,Estella E 1106,0.0,0.0,,0.0,0.0002,,,,0.0,0.0,0.0,0.0,0.02442,,0.0,0.0
2025-09-16 11:00:00,Estella E 1106,0.0,0.0,0.018449999999999998,0.0,0.00027,0.0,0.0,0.0,0.0,0.0,0.0,0.0,0.02422,0.0,0.0,0.0
2025-09-16 11:05:00,Estella E 1106,0.0,0.0,,0.0,0.037149999999999996,,,,0.0,0.0,0.0,0.0,0.0588,,0.0,0.0
2025-09-16 11:10:00,Estella E 1106,0.0,0.0,,0.0,0.17979,,,,0.0,0.0,0.0,0.0,0.20332,,0.0,0.0
2025-09-16 11:15:00,Estella E 1106,0.0,0.0,,0.0,0.18031,,,,0.0,0.0,0.0,0.0,0.20346,,0.0,0.0
2025-09-16 11:20:00,Estella E 1106,0.0,0.0,,0.0,0.18111000000000002,,,,0.0,0.0,0.0,0.0,0.20498,,0.0,0.0
2025-09-16 11:25:00,Estella E 1106,0.0,0.0,,0.0,0.18194,,,,0.0,0.0,0.0,0.0,0.20487,,0.0,0.0
2025-09-16 11:30:00,Estella E 1106,0.0,0.0,,0.0,0.00022,,,,0.0,0.0,0.0,0.0,0.02465,,0.0,0.0
2025-09-16 11:35:00,Estella E 1106,0.0,0.0,,0.0,0.053439999999999994,,,,0.0,0.0,0.0,0.0,0.08170000000000001,,0.0,0.0
2025-09-16 11:40:00,Estella E 1106,0.0,0.0,0.018760000000000002,0.0,0.051789999999999996,0.0,0.0,0.0,0.0,0.0,0.0,0.0,0.07579000000000001,0.0,0.0,0.0
2025-09-16 11:45:00,Estella E 1106,0.0,0.0,,0.0,0.05123,,,,0.0,0.0,0.0,0.0,0.07451,,0.0,0.0
2025-09-16 11:50:00,Estella E 1106,0.0,0.0,0.01875,0.0,0.04963,0.0,0.0,0.0,,,,,,0.0,0.0,0.0
2025-09-16 11:55:00,Estella E 1106,0.0,0.0,,0.0,0.048060000000000005,,,,,,,,,,0.0,0.0
2025-09-16 12:00:00,Estella E 1106,0.0,0.0,,0.0,0.047020000000000006,,,,0.0,0.0,0.0,0.0,0.0708,,0.0,0.0
2025-09-16 12:05:00,Estella E 1106,0.0,0.0,,0.0,0.045840000000000006,,,,0.0,0.0,0.0,0.0,0.06952,,0.0,0.0
2025-09-16 12:10:00,Estella E 1106,0.0,0.0,,0.0,0.04486,,,,0.0,0.0,0.0,0.0,0.06881,,0.0,0.0
2025-09-16 12:15:00,Estella E 1106,0.0,0.0,0.019059999999999997,0.0,0.0443,0.0,0.0,0.0,0.0,0.0,0.0,0.0,0.06831,0.0,0.0,0.0
2025-09-16 12:20:00,Estella E 1106,0.0,0.0,0.019260000000000003,0.0,0.04142,0.0,0.0,0.0,0.0,0.0,0.0,0.0,0.06572,0.0,0.0,0.0
2025-09-16 12:25:00,Estella E 1106,0.0,0.0,0.019260000000000003,0.0,0.039619999999999995,0.0,0.0,0.0,0.0,0.0,0.0,0.0,0.06433,0.0,0.0,0.0
2025-09-16 12:30:00,Estella E 1106,0.0,0.0,0.019469999999999998,0.0,0.038770000000000006,0.0,0.0,0.0,0.0,0.0,0.0,0.0,0.06316,0.0,0.0,0.0
2025-09-16 12:35:00,Estella E 1106,0.0,0.0,0.01936,0.0,0.038310000000000004,0.0,0.0,0.0,0.0,0.0,0.0,0.0,0.06295,0.0,0.0,0.0
2025-09-16 12:40:00,Estella E 1106,0.0,0.0,,0.0,0.037759999999999995,,,,0.0,0.0,0.0,0.0,0.062130000000000005,,0.0,0.0
2025-09-16 12:45:00,Estella E 1106,0.0,0.0,,0.0,0.03729,,,,0.0,0.0,0.0,0.0,0.06196,,0.0,0.0
2025-09-16 12:50:00,Estella E 1106,0.0,0.0,0.019530000000000002,0.0,0.03706,0.0,0.0,0.0,0.0,0.0,0.0,0.0,0.06166,0.0,1e-05,0.0
2025-09-16 12:55:00,Estella E 1106,0.0,0.0,0.0197,0.0,0.03667,0.0,0.0,0.0,,,,,,0.0,2e-05,0.0
2025-09-16 13:00:00,Estella E 1106,0.0,0.0,0.02017,0.0,0.036520000000000004,0.0,0.0,0.0,0.0,0.0,0.0,0.0,0.06216,0.0,5e-05,0.0
2025-09-16 13:05:00,Estella E 1106,0.0,0.0,0.02036,0.0,0.03637,0.0,0.0,0.0,0.0,0.0,0.0,0.0,0.06211,0.0,0.00019,0.0
2025-09-16 13:10:00,Estella E 1106,0.0,0.0,,0.0,0.00015,,,,,,,,,,0.0,0.0
2025-09-16 13:15:00,Estella E 1106,0.0,0.0,,0.0,0.00022,,,,,,,,,,0.0,0.0
2025-09-16 13:20:00,Estella E 1106,0.0,0.0,0.02069,0.0,0.00023999999999999998,0.0,0.0,0.0,0.0,0.0,0.0,0.0,0.02718,0.0,7.000000000000001e-05,0.0
2025-09-16 13:25:00,Estella E 1106,0.0,0.0,0.02078,0.0,0.00028000000000000003,0.0,0.0,-2e-05,0.0,0.0,0.0,0.0,0.027039999999999998,0.0,1e-05,0.0
2025-09-16 13:30:00,Estella E 1106,0.0,0.0,,0.0,0.00349,,,,0.0,0.0,0.0,0.0,0.02777,,0.0,0.0
2025-09-16 13:35:00,Estella E 1106,,,0.02035,,,0.0,0.0,0.0,0.0,0.0,0.0,0.0,0.06634000000000001,0.0,0.0,
2025-09-16 13:40:00,Estella E 1106,0.0,0.0,0.04104,0.0,0.08111,0.0,0.0,0.0,,,,,,0.0,0.00014000000000000001,0.0
2025-09-16 13:45:00,Estella E 1106,0.0,0.0,0.02038,0.0,0.03925,0.0,0.0,0.0,0.0,0.0,0.0,0.0,0.06570000000000001,0.0,0.00011999999999999999,0.0
2025-09-16 13:50:00,Estella E 1106,0.0,0.0,,0.0,0.03867,,,,,,,,,,0.0,0.0
2025-09-16 13:55:00,Estella E 1106,,,,,,,,,0.0,0.0,0.0,0.0,0.09215999999999999,,0.0,
2025-09-16 14:00:00,Estella E 1106,0.0,0.0,,0.0,0.03719,,,,,,,,,,0.0,0.0
2025-09-16 14:05:00,Estella E 1106,0.0,0.0,,0.0,0.0367,,,,0.0,0.0,0.0,0.0,0.08998,,0.0,0.0
2025-09-16 14:10:00,Estella E 1106,0.0,0.0,,0.0,0.03653,,,,0.0,0.0,0.0,0.0,0.08906,,0.0,0.0
2025-09-16 14:15:00,Estella E 1106,0.0,0.0,,0.0,0.03614,,,,0.0,0.0,0.0,0.0,0.08932,,0.0,0.0
2025-09-16 14:20:00,Estella E 1106,0.0,0.0,,0.0,0.00015,,,,0.0,0.0,0.0,0.0,0.054509999999999996,,0.0,0.0
2025-09-16 14:25:00,Estella E 1106,0.0,0.0,0.04754,0.0,0.00016,0.0,0.0,0.0,0.0,0.0,0.0,0.0,0.05375,0.0,0.0,0.0
2025-09-16 14:30:00,Estella E 1106,0.0,0.0089,0.047700000000000006,0.0,8e-05,0.0,0.0,0.019960000000000002,0.0,0.0,0.0,0.0,0.08468,0.0,0.0,0.0
2025-09-16 14:35:00,Estella E 1106,0.0,0.00876,0.04776,0.0,0.00022,0.0,0.0,0.019899999999999998,0.0,0.0,0.0,0.0,0.08467,0.0,0.0,0.0
2025-09-16 14:40:00,Estella E 1106,0.0,0.0,0.047700000000000006,0.0,0.03857,0.0,0.0,0.01954,0.0,0.0,0.0,0.0,0.10993,0.0,0.0,0.0
2025-09-16 14:45:00,Estella E 1106,0.0,0.0,,0.0,0.04003,,,,0.0,0.0,0.0,0.0,0.11295000000000001,,0.0,0.0
2025-09-16 14:50:00,Estella E 1106,0.0,0.0,0.01941,0.0,0.04059,0.0,0.0,0.01954,0.0,0.0,0.0,0.0,0.08484,0.0,1e-05,0.0
2025-09-16 14:55:00,Estella E 1106,0.0,0.0,,0.0,0.040350000000000004,,,,0.0,0.0,0.0,0.0,0.10590000000000001,,0.0,0.0
2025-09-16 15:00:00,Estella E 1106,0.0,0.0,,0.0,0.03934,,,,0.0,0.0,0.0,0.0,0.1043,,0.0,0.0
2025-09-16 15:05:00,Estella E 1106,0.0,0.0,0.019620000000000002,0.0,0.03853,0.0174,0.0,0.019600000000000003,0.0,0.0,0.0,0.0,0.10212,0.0,1e-05,0.0
2025-09-16 15:10:00,Estella E 1106,0.0,0.0,,0.0,0.0378,,,,0.0,0.0,0.0,0.0,0.09423000000000001,,0.0,0.0
2025-09-16 15:15:00,Estella E 1106,0.0,0.0,0.01933,0.0,0.03739,0.01094,0.0,0.01933,0.0,0.0,0.0,0.0,0.09387999999999999,0.0,1e-05,0.0
2025-09-16 15:20:00,Estella E 1106,0.0,0.0,,0.0,0.03667,,,,0.0,0.0,0.0,0.0,0.09344,,0.0,0.0
2025-09-16 15:25:00,Estella E 1106,0.0,0.0,,0.0,0.03628,,,,0.0,0.0,0.0,0.0,0.08684,,0.0,0.0
2025-09-16 15:30:00,Estella E 1106,0.0,0.0,,0.0,0.00017999999999999998,,,,0.0,0.0,0.0,0.0,0.08634,,0.0,0.0
2025-09-16 15:35:00,Estella E 1106,0.0,0.0,,0.0,0.00014000000000000001,,,,0.0,0.0,0.0,0.0,0.05125,,0.0,0.0
2025-09-16 15:40:00,Estella E 1106,0.0,0.0,,0.0,0.00013000000000000002,,,,0.0,0.0,0.0,0.0,0.05116,,0.0,0.0
2025-09-16 15:45:00,Estella E 1106,0.0,0.0,,0.0,0.00013000000000000002,,,,0.0,0.0,0.0,0.0,0.07751999999999999,,0.0,0.0
2025-09-16 15:50:00,Estella E 1106,0.0,0.0,0.0474,0.0,0.03773,0.00175,0.0,0.01934,0.0,0.0,0.0,0.0,0.12440999999999999,0.0,0.0,0.0
2025-09-16 15:55:00,Estella E 1106,0.0,0.0,,0.0,0.038770000000000006,,,,0.0,0.0,0.0,0.0,0.11134000000000001,,0.0,0.0
2025-09-16 16:00:00,Estella E 1106,0.0,0.0,0.04733,0.0,0.0384,0.0,0.0,0.019379999999999998,0.0,0.0,0.0,0.0,0.11218,0.0,0.0,0.0
2025-09-16 16:05:00,Estella E 1106,0.0,0.0,0.04715,0.0,0.03743,0.0,0.0,0.019469999999999998,,,,,,0.0,0.0,0.0
2025-09-16 16:10:00,Estella E 1106,0.0,0.0,0.04789,0.0,0.036840000000000005,0.0,0.0,0.01957,0.0,0.0,0.0,0.0,0.10346999999999999,0.0,0.0,0.0
2025-09-16 16:15:00,Estella E 1106,0.0,0.0,,0.0,0.036090000000000004,,,,0.0,0.0,0.0,0.0,0.08109000000000001,,0.0,0.0
2025-09-16 16:20:00,Estella E 1106,0.0,0.0,,0.0,0.03585,,,,0.0,0.0,0.0,0.0,0.08067,,0.0,0.0
2025-09-16 16:25:00,Estella E 1106,0.0,0.0,0.039259999999999996,0.0,0.00038,0.0,0.0,0.039200000000000006,0.0,0.0,0.0,0.0,0.09222,0.0,0.0,0.0
2025-09-16 16:30:00,Estella E 1106,0.0,0.0,0.039380000000000005,0.0,0.00044,0.0,0.0,0.038979999999999994,0.0,0.0,0.0,0.0,0.09302,0.0,0.0,0.0
2025-09-16 16:35:00,Estella E 1106,0.0,0.0,0.0197,0.0,0.00015,0.0,0.0,0.0197,0.0,0.0,0.0,0.0,0.04647,0.0,0.0,0.0
2025-09-16 16:40:00,Estella E 1106,0.0,0.0,0.019719999999999998,0.0,0.00029,0.0,0.0,0.01945,,,,,,0.0,0.0,0.0
2025-09-16 16:45:00,Estella E 1106,0.0,0.0,0.019620000000000002,0.0,0.00347,0.0,0.0,0.01957,0.0,0.0,0.0,0.0,0.04671,0.0,0.0,0.0
2025-09-16 16:50:00,Estella E 1106,0.0,0.0,0.01936,0.0,0.04009,0.0,0.0,0.01918,0.0,0.0,0.0,0.0,0.08486,0.0,0.0,0.0
2025-09-16 16:55:00,Estella E 1106,0.0,0.0,0.01961,0.0,0.038799999999999994,0.0,0.0,0.019510000000000003,0.0,0.0,0.0,0.0,0.08318,0.0,1e-05,0.0
2025-09-16 17:00:00,Estella E 1106,0.0,0.0,0.019629999999999998,0.0,0.037770000000000005,0.0,0.0,0.01954,0.0,0.0,0.0,0.0,0.08368,0.0,0.0,0.0
2025-09-16 17:05:00,Estella E 1106,0.0,0.00436,0.019780000000000002,0.0,0.037,0.0,0.0,0.01984,0.0,0.0,0.0,0.0,0.08314,0.0,0.0,0.0
2025-09-16 17:10:00,Estella E 1106,0.0,0.0,0.019620000000000002,0.0,0.03646,0.0,0.0,0.01964,0.0,0.0,0.0,0.0,0.08186,0.0,0.0,0.0
2025-09-16 17:15:00,Estella E 1106,0.0,0.0,,0.0,0.03619,,,,0.0,0.0,0.0,0.0,0.08139,,0.0,0.0
2025-09-16 17:20:00,Estella E 1106,0.0,0.0,,0.0,0.0355,,,,0.0,0.0,0.0,0.0,0.08066,,0.0,0.0
2025-09-16 17:25:00,Estella E 1106,0.0,0.0,,0.0,0.0002,,,,0.0,0.0,0.0,0.0,0.046259999999999996,,0.0,0.0
2025-09-16 17:30:00,Estella E 1106,0.0,0.0,0.01961,0.0,0.00025,0.0,0.0,0.019579999999999997,,,,,,0.0,0.0,0.0
2025-09-16 17:35:00,Estella E 1106,0.0,0.0,0.019530000000000002,0.0,0.00022,0.0,0.0,0.0195,0.0,0.0,0.0,0.0,0.046090000000000006,0.0,0.0,0.0
2025-09-16 17:40:00,Estella E 1106,0.0,0.0,,0.0,0.05072,,,,0.0,0.0,0.0,0.0,0.04642,,0.0,0.0
2025-09-16 17:45:00,Estella E 1106,0.0,0.0,0.019350000000000003,0.0,0.03773,0.0,0.0,0.01924,0.0,0.0,0.0,0.0,0.08181999999999999,0.0,0.0,0.0
2025-09-16 17:50:00,Estella E 1106,0.0,0.0,,0.0,0.0378,,,,0.0,0.0,0.02222,0.0,0.07667,,0.0,0.0
2025-09-16 17:55:00,Estella E 1106,0.0,0.0,,0.0,0.0368,,,,0.0,0.0,0.02206,0.0,0.07571,,0.0,0.0
2025-09-16 18:00:00,Estella E 1106,0.0,0.0,,0.0,0.036469999999999995,,,,,,,,,,0.0,0.0
2025-09-16 18:05:00,Estella E 1106,0.0,0.0,,0.0,0.03593,,,,0.0,0.0,0.02176,0.0,0.07446,,0.0,0.0
2025-09-16 18:10:00,Estella E 1106,0.0,0.0,0.01156,0.0,0.00017999999999999998,0.0,0.0,0.0,0.0,0.0,0.02173,0.0,0.07399,0.0,0.0,0.0
2025-09-16 18:15:00,Estella E 1106,0.0,0.0,,0.0,0.00020999999999999998,,,,0.0,0.0,0.02156,0.0,0.03946,,0.0,0.0
2025-09-16 18:20:00,Estella E 1106,0.0,0.0,,0.0,0.03791,,,,0.0,0.0,0.02177,0.0,0.17134,,0.0,0.0
2025-09-16 18:25:00,Estella E 1106,0.0,0.0,0.09459999999999999,0.0,0.038810000000000004,0.0,0.0,0.0,0.0,0.0,0.02148,0.0,0.16035,0.0,0.0,0.0
2025-09-16 18:30:00,Estella E 1106,0.0,0.0,,0.0,0.038149999999999996,,,,,,,,,,0.0,0.0
2025-09-16 18:35:00,Estella E 1106,0.0,0.0,0.09406,0.0,0.03892,0.0,0.0,0.0,0.0,0.0,0.02149,0.0,0.15987,0.0,0.0,0.0
2025-09-16 18:40:00,Estella E 1106,0.0,0.0,,0.0,0.039009999999999996,,,,0.0,0.0,0.02135,0.0,0.16937,,0.0,0.0
2025-09-16 18:45:00,Estella E 1106,0.0,0.0,,0.0,0.038579999999999996,,,,,,,,,,0.0,0.0
2025-09-16 18:50:00,Estella E 1106,0.0,0.0,0.09365000000000001,0.0,0.037880000000000004,0.00882,0.0,0.0,,,,,,0.0,0.0,0.0
2025-09-16 18:55:00,Estella E 1106,0.0,0.0,,0.0,0.03729,,,,,,,,,,0.0,0.0
2025-09-16 19:00:00,Estella E 1106,0.0,0.0,,0.0,0.03657,,,,,,,,,,0.0,0.0
2025-09-16 19:05:00,Estella E 1106,0.0,0.0,0.09369,0.0,0.0365,0.00882,0.0,0.0,,,,,,0.0,0.0,0.0
2025-09-16 19:10:00,Estella E 1106,0.0,0.0,,0.0,0.036539999999999996,,,,,,,,,,0.0,0.0
2025-09-16 19:15:00,Estella E 1106,0.0,0.0,0.12212,0.0,0.00015,0.00881,0.0,0.01982,,,,,,0.0,0.0,0.0
2025-09-16 19:20:00,Estella E 1106,0.0,0.0,0.12229000000000001,0.0,0.00026000000000000003,0.00888,0.0,0.019780000000000002,,,,,,0.0,0.0,0.0
2025-09-16 19:25:00,Estella E 1106,0.0,0.0,,0.0,0.00015,,,,0.0,0.0,0.0,0.0,0.15846000000000002,,0.0,0.0
2025-09-16 19:30:00,Estella E 1106,0.0,0.0,,0.0,0.03628,,,,,,,,,,0.0,0.0
2025-09-16 19:35:00,Estella E 1106,0.0,0.0,0.12012,0.0,0.038310000000000004,0.00878,0.0,0.0198,0.0,0.0,0.0,0.0,0.19381,0.0,0.0,0.0
2025-09-16 19:40:00,Estella E 1106,0.0,0.0,0.12265000000000001,0.0,0.038950000000000005,0.00882,0.0,0.019850000000000003,0.0,0.0,0.0,0.0,0.19669,0.0,0.0,0.0
2025-09-16 19:45:00,Estella E 1106,0.0,0.0,,0.0,0.037899999999999996,,,,,,,,,,0.0,0.0
2025-09-16 19:50:00,Estella E 1106,0.0,0.0,,0.0,0.03667,,,,,,,,,,0.0,0.0
2025-09-16 19:55:00,Estella E 1106,0.0,0.0,,0.0,0.03606,,,,,,,,,,0.0,0.0
2025-09-16 20:00:00,Estella E 1106,0.0,0.0,,0.0,0.037020000000000004,,,,,,,,,,0.0,0.0
2025-09-16 20:05:00,Estella E 1106,0.0,0.0,,0.0,0.036539999999999996,,,,,,,,,,0.0,0.0
2025-09-16 20:10:00,Estella E 1106,0.0,0.0,,0.0,0.00016,,,,,,,,,,0.0,0.0
2025-09-16 20:15:00,Estella E 1106,0.0,0.0,0.10834999999999999,0.0,0.00013000000000000002,0.0,0.0,0.01984,0.0,0.0,0.0,0.0,0.13577,0.0,0.0,0.0
2025-09-16 20:20:00,Estella E 1106,0.0,0.0,,0.0,0.00017999999999999998,,,,,,,,,,0.0,0.0
2025-09-16 20:25:00,Estella E 1106,0.0,0.0,,0.0,0.00013000000000000002,,,,0.0,0.0,0.0,0.0,0.13625,,0.0,0.0
2025-09-16 20:30:00,Estella E 1106,0.0,0.0,0.10865999999999999,0.0,0.03768,0.0,0.0,0.020149999999999998,0.00958,0.0,0.0,0.0,0.18281,0.0,2e-05,0.0
2025-09-16 20:35:00,Estella E 1106,0.0,0.0,,0.0,0.038579999999999996,,,,,,,,,,0.0,0.0
2025-09-16 20:40:00,Estella E 1106,0.0,0.0,,0.0,0.03896,,,,,,,,,,0.0,0.0
2025-09-16 20:45:00,Estella E 1106,0.0,0.0,,0.0,0.036789999999999996,,,,0.0,0.0,0.0,0.0,0.12372,,0.0,0.0
2025-09-16 20:50:00,Estella E 1106,0.0,0.0,0.08134000000000001,0.0,0.03616,0.00917,0.0,0.0,0.0,0.0,0.0,0.0,0.16665,0.0,0.0,0.0
2025-09-16 20:55:00,Estella E 1106,0.0,0.0,0.10815999999999999,0.0,0.03535,0.0,0.0,0.0,0.0,0.0,0.0,0.0,0.19391,0.0,0.0,0.0
2025-09-16 21:00:00,Estella E 1106,0.0,0.0,,0.0,8.999999999999999e-05,,,,,,,,,,0.0,0.0
2025-09-16 21:05:00,Estella E 1106,0.0,0.0,,0.0,0.00011999999999999999,,,,,,,,,,0.0,0.0
2025-09-16 21:10:00,Estella E 1106,0.0,0.0,,0.0,0.00014000000000000001,,,,,,,,,,0.0,0.0
2025-09-16 21:15:00,Estella E 1106,0.0,0.0,0.09464,0.0,8.999999999999999e-05,0.0,0.0,0.0,,,,,,0.0,8e-05,0.0
2025-09-16 21:20:00,Estella E 1106,0.0,0.0,,0.0,0.037399999999999996,,,,0.0,0.0,0.023309999999999997,0.0,0.14762,,0.0,0.0
2025-09-16 21:25:00,Estella E 1106,0.0,0.0,,0.0,0.03797,,,,0.0,0.0,0.023329999999999997,0.0,0.14852,,0.0,0.0
2025-09-16 21:30:00,Estella E 1106,0.0,0.0,,0.0,0.03644,,,,0.0,0.0,0.023059999999999997,0.0,0.1469,,0.0,0.0
2025-09-16 21:35:00,Estella E 1106,0.0,0.0,0.08131000000000001,0.0,0.03576,0.0,0.0,0.0,0.0,0.0,0.022920000000000003,0.0,0.14618,0.0,0.0,0.0
2025-09-16 21:40:00,Estella E 1106,0.0,0.0,0.08138,0.0,0.03511,0.0,0.0,0.0,0.0,0.0,0.02286,0.0,0.14540999999999998,0.0,7.000000000000001e-05,0.0
2025-09-16 21:45:00,Estella E 1106,0.0,0.0,,0.0,0.00020999999999999998,,,,0.0,0.0,0.022699999999999998,0.0,0.15388,,0.0,0.0
2025-09-16 21:50:00,Estella E 1106,0.0,0.0,,0.0,0.00022,,,,0.0,0.0,0.0229,0.0,0.12168000000000001,,0.0,0.0
2025-09-16 21:55:00,Estella E 1106,0.0,0.0,,0.0,0.00011,,,,0.0,0.0,0.02305,0.0,0.12176000000000001,,0.0,0.0
2025-09-16 22:00:00,Estella E 1106,0.0,0.0,,0.0,0.0365,,,,0.0,0.0,0.023129999999999998,0.0,0.12174,,0.0,0.0
2025-09-16 22:05:00,Estella E 1106,0.0,0.0,,0.0,0.03892,,,,0.0,0.0,0.022940000000000002,0.0,0.15819999999999998,,0.0,0.0
2025-09-16 22:10:00,Estella E 1106,0.0,0.0,,0.0,0.04029,,,,0.0,0.0,0.021929999999999998,0.0,0.15855000000000002,,0.0,0.0
2025-09-16 22:15:00,Estella E 1106,0.0,0.0,,0.0,0.04086,,,,0.0,0.0,0.02209,0.0,0.18012999999999998,,0.0,0.0
2025-09-16 22:20:00,Estella E 1106,0.0,0.0,,0.0,0.04064,,,,0.0,0.0,0.02178,0.0,0.17939,,0.0,0.0
2025-09-16 22:25:00,Estella E 1106,0.0,0.0,0.08127,0.0,0.19191,0.0,0.0,0.019719999999999998,0.0,0.0,0.02198,0.0,0.17013999999999999,0.0,0.0,0.0
2025-09-16 22:30:00,Estella E 1106,0.0,0.0,,0.0,0.18969,,,,0.0,0.0,0.02166,0.0,0.31926,,0.0,0.0
2025-09-16 22:35:00,Estella E 1106,0.0,0.0,0.08123999999999999,0.0,0.19032,0.0,0.0,0.0195,0.0,0.0,0.02171,0.0,0.319,0.0,0.0,0.0
2025-09-16 22:40:00,Estella E 1106,0.0,0.0,,0.0,0.19088999999999998,,,,0.0,0.0,0.0218,0.0,0.32024,,0.0,0.0
2025-09-16 22:45:00,Estella E 1106,0.0,0.0,0.08138,0.0,0.00013000000000000002,0.0,0.0,0.01975,0.0,0.0,0.022019999999999998,0.0,0.13097,0.0,0.0,0.0
2025-09-16 22:50:00,Estella E 1106,0.0,0.0,,0.0,0.062380000000000005,,,,0.0,0.0,0.02199,0.0,0.13076,,0.0,0.0
2025-09-16 22:55:00,Estella E 1106,0.0,0.00898,0.08141,0.0,0.05251,0.0,0.0,0.019829999999999997,0.0,0.0,0.022019999999999998,0.0,0.18299,0.0,0.0,0.0
2025-09-16 23:00:00,Estella E 1106,0.0,0.0,0.08134000000000001,0.0,0.05188,0.0,0.0,0.01967,0.0,0.0,0.02184,0.0,0.18134,0.0,2e-05,0.0
2025-09-16 23:05:00,Estella E 1106,0.0,0.0,,0.0,0.0498,,,,0.0,0.0,0.02216,0.0,0.15968000000000002,,0.0,0.0
2025-09-16 23:10:00,Estella E 1106,0.0,0.0,0.08127,0.0,0.048159999999999994,0.0,0.0,0.0,0.0,0.0,0.022170000000000002,0.0,0.15758000000000003,0.0,0.0,0.0
2025-09-16 23:15:00,Estella E 1106,0.0,0.0,0.08138,0.0,0.047060000000000005,0.0,0.0,0.0,0.0,0.0,0.02195,0.0,0.15627000000000002,0.0,1e-05,0.0
2025-09-16 23:20:00,Estella E 1106,0.0,0.0,,0.0,0.0464,,,,0.0,0.0,0.02198,0.0,0.15512,,0.0,0.0
2025-09-16 23:25:00,Estella E 1106,0.0,0.0,,0.0,0.04572,,,,0.0,0.0,0.022,0.0,0.17599,,0.0,0.0
2025-09-16 23:30:00,Estella E 1106,0.0,0.0,0.0464,0.0,0.044969999999999996,0.0,0.0,0.019870000000000002,0.0,0.0,0.0,0.0,0.11703,0.0,0.0,0.0
2025-09-16 23:35:00,Estella E 1106,0.0,0.0,0.06743,0.0,0.044109999999999996,0.0,0.0,0.019760000000000003,0.0,0.0,0.0,0.0,0.13708,0.0,0.0,0.0
2025-09-16 23:40:00,Estella E 1106,0.0,0.0,,0.0,0.04099,,,,0.0,0.0,0.0,0.0,0.13497,,0.0,0.0
2025-09-16 23:45:00,Estella E 1106,0.0,0.0,0.06537000000000001,0.0,0.03909000000000001,0.0,0.0,0.01988,0.0,0.0,0.0,0.0,0.13097999999999999,0.0,0.0,0.0
2025-09-16 23:50:00,Estella E 1106,0.0,0.0,0.06509000000000001,0.0,0.038630000000000005,0.0,0.0,0.0,0.0,0.0,0.0,0.0,0.10861,0.0,0.0,0.0
2025-09-16 23:55:00,Estella E 1106,0.0,0.0,,0.0,0.037829999999999996,,,,0.0,0.0,0.0,0.0,0.10787999999999999,,0.0,0.0
2025-09-17 00:00:00,Estella E 1106,0.0,0.0,0.06468,0.0,0.037469999999999996,0.0,0.0,0.0,0.0,0.0,0.0,0.0,0.08514000000000001,0.0,0.0,0.0
2025-09-17 00:05:00,Estella E 1106,0.0,0.0,,0.0,0.03739,,,,0.009529999999999999,0.0,0.0,0.0,0.09525,,0.0,0.0
2025-09-17 00:10:00,Estella E 1106,0.0,0.0,,0.0,0.03696,,,,0.00943,0.0,0.0,0.0,0.09451000000000001,,0.0,0.0
2025-09-17 00:15:00,Estella E 1106,0.0,0.0,,0.0,0.036719999999999996,,,,0.0,0.0,0.0,0.0,0.08418,,0.0,0.0
2025-09-17 00:20:00,Estella E 1106,0.0,0.0,,0.0,0.03633,,,,0.0,0.0,0.0,0.0,0.08370999999999999,,0.0,0.0
2025-09-17 00:25:00,Estella E 1106,0.0,0.0,,0.0,0.00544,,,,,,,,,,0.0,0.0
2025-09-17 00:30:00,Estella E 1106,0.0,0.0,0.04219,0.0,0.00013000000000000002,0.0,0.0,0.0,0.0,0.0,0.0,0.0,0.049049999999999996,0.0,0.0,0.0
2025-09-17 00:35:00,Estella E 1106,,,,,,,,,0.0,0.0,0.0,0.0,0.04909,,0.0,
2025-09-17 00:40:00,Estella E 1106,0.0,0.0,0.16924,0.0,0.0005400000000000001,0.0,0.0,0.0,0.0,0.0,0.0,0.0,0.19712000000000002,0.0,0.0,0.0
2025-09-17 00:45:00,Estella E 1106,0.0,0.0,0.04235,0.0,0.03688,0.0,0.0,0.0,0.0,0.0,0.0,0.0,0.09849,0.0,0.0,0.0
2025-09-17 00:50:00,Estella E 1106,0.0,0.0,0.04222,0.0,0.038090000000000006,0.0,0.0,0.0,0.0,0.0,0.0,0.0,0.06321,0.0,0.0,0.0
2025-09-17 00:55:00,Estella E 1106,0.0,0.0,,0.0,0.03774,,,,0.0,0.0,0.0,0.0,0.06348,,0.0,0.0
2025-09-17 01:00:00,Estella E 1106,0.0,0.0,0.02014,0.0,0.0373,0.0,0.0,0.0,0.0,0.0,0.0,0.0,0.06258,0.0,1e-05,0.0
2025-09-17 01:05:00,Estella E 1106,0.0,0.0,,0.0,0.03688,,,,0.0,0.0,0.0,0.0,0.062340000000000007,,0.0,0.0
2025-09-17 01:10:00,Estella E 1106,0.0,0.0,,0.0,0.03641,,,,0.0,0.0,0.0,0.0,0.0615,,0.0,0.0
2025-09-17 01:15:00,Estella E 1106,0.0,0.0,0.020030000000000003,0.0,0.03608,0.0,0.0,0.0,0.0,0.0,0.0,0.0,0.06157,0.0,0.0,0.0
2025-09-17 01:20:00,Estella E 1106,0.0,0.0,0.02009,0.0,0.00013000000000000002,0.0,0.0,0.0,0.0,0.0,0.0,0.0,0.02628,0.0,0.0,0.0
2025-09-17 01:25:00,Estella E 1106,0.0,0.0,0.020079999999999997,0.0,0.00019,0.0,0.0,0.0,0.0,0.0,0.0,0.0,0.02633,0.0,0.0,0.0
2025-09-17 01:30:00,Estella E 1106,0.0,0.0,0.02001,0.0,0.00016,0.0,0.0,0.0,0.0,0.0,0.0,0.0,0.026760000000000003,0.0,1e-05,0.0
2025-09-17 01:35:00,Estella E 1106,0.0,0.0,0.019969999999999998,0.0,0.00013000000000000002,0.0,0.0,0.0,0.0,0.0,0.0,0.0,0.02647,0.0,0.0,0.0
2025-09-17 01:40:00,Estella E 1106,0.0,0.0,0.02004,0.0,0.03704,0.0,0.0,0.0,0.0,0.0,0.0,0.0,0.061090000000000005,0.0,0.0,0.0
2025-09-17 01:45:00,Estella E 1106,0.0,0.0,0.02014,0.0,0.03804,0.0,0.0,0.0,0.0,0.0,0.0,0.0,0.06287,0.0,0.0,0.0
2025-09-17 01:50:00,Estella E 1106,0.0,0.0,0.02009,0.0,0.03736,0.0,0.0,0.0,0.0,0.0,0.0,0.0,0.06268,0.0,0.0,0.0
2025-09-17 01:55:00,Estella E 1106,0.0,0.0,,0.0,0.03675,,,,0.0,0.0,0.0,0.0,0.0621,,0.0,0.0
2025-09-17 02:00:00,Estella E 1106,0.0,0.0,,0.0,0.0363,,,,0.0,0.0,0.0,0.0,0.061939999999999995,,0.0,0.0
2025-09-17 02:05:00,Estella E 1106,0.0,0.0,,0.0,0.03599,,,,0.0,0.0,0.0,0.0,0.061450000000000005,,0.0,0.0
2025-09-17 02:10:00,Estella E 1106,0.0,0.0,,0.0,0.00022,,,,0.0,0.0,0.0,0.0,0.061270000000000005,,0.0,0.0
2025-09-17 02:15:00,Estella E 1106,0.0,0.0,,0.0,0.00013000000000000002,,,,0.0,0.0,0.0,0.0,0.02658,,0.0,0.0
2025-09-17 02:20:00,Estella E 1106,0.0,0.0,,0.0,0.00017999999999999998,,,,,,,,,,0.0,0.0
2025-09-17 02:25:00,Estella E 1106,0.0,0.0,,0.0,0.00011999999999999999,,,,0.0,0.0,0.0,0.0,0.026600000000000002,,0.0,0.0
2025-09-17 02:30:00,Estella E 1106,0.0,0.0,0.020210000000000002,0.0,0.03641,0.0,0.0,0.0,0.0,0.0,0.0,0.0,0.0757,0.0,2e-05,0.0
2025-09-17 02:35:00,Estella E 1106,0.0,0.0,0.0,0.0,0.03798,0.0,0.0,0.0,0.0,0.0,0.0,0.0,0.04197,0.0,1e-05,0.0
2025-09-17 02:40:00,Estella E 1106,0.0,0.0,,0.0,0.03723,,,,0.0,0.0,0.0,0.0,0.0416,,0.0,0.0
2025-09-17 02:45:00,Estella E 1106,0.0,0.0,0.0,0.0,0.03662,0.0,0.0,-1e-05,0.0,0.0,0.0,0.0,0.04096,0.0,0.0,0.0
2025-09-17 02:50:00,Estella E 1106,0.0,0.0,0.0,0.0,0.03635,0.0,0.0,0.0,0.0,0.0,0.0,0.0,0.04077,0.0,5e-05,0.0
2025-09-17 02:55:00,Estella E 1106,0.0,0.0,0.0,0.0,0.03617,0.0,0.0,0.0,0.0,0.0,0.0,0.0,0.040100000000000004,0.0,5.9999999999999995e-05,0.0
2025-09-17 03:00:00,Estella E 1106,0.0,0.0,0.0,0.0,0.00016,0.0,0.0,0.0,0.0,0.0,0.0,0.0,0.040240000000000005,0.0,0.0,0.0
2025-09-17 03:05:00,Estella E 1106,0.0,0.0,0.0,0.0,0.00014000000000000001,0.0,0.0,0.0,0.0,0.0,0.0,0.0,0.00544,0.0,1e-05,0.0
2025-09-17 03:10:00,Estella E 1106,0.0,0.0,0.0,0.0,0.0004,0.0,0.0,0.0,0.0,0.0,0.0,0.0,0.0112,0.0,1e-05,0.0
2025-09-17 03:15:00,Estella E 1106,0.0,0.0,,0.0,0.0002,,,,0.0,0.0,0.0,0.0,0.00547,,0.0,0.0
2025-09-17 03:20:00,Estella E 1106,0.0,0.0,0.0,0.0,0.00145,0.0,0.0,-2e-05,0.0,0.0,0.0,0.0,0.00636,0.0,2e-05,0.0
2025-09-17 03:25:00,Estella E 1106,0.0,0.0,0.0,0.0,0.03848,0.0,0.0,0.0,0.0,0.0,0.0,0.0,0.05883,0.0,0.00011,0.0
2025-09-17 03:30:00,Estella E 1106,0.0,0.0,0.0,0.0,0.03854,0.0,0.0,0.0,0.0,0.0,0.0,0.0,0.04464,0.0,0.0,0.0
2025-09-17 03:35:00,Estella E 1106,0.0,0.0,0.0,0.0,0.03773,0.0,0.0,0.0,0.0,0.0,0.0,0.0,0.04242,0.0,1e-05,0.0
2025-09-17 03:40:00,Estella E 1106,0.0,0.0,0.0,0.0,0.03719,0.0,0.0,-2e-05,0.0,0.0,0.0,0.0,0.04181,0.0,1e-05,0.0
2025-09-17 03:45:00,Estella E 1106,0.0,0.0,,0.0,0.0367,,,,0.0,0.0,0.0,0.0,0.041100000000000005,,0.0,0.0
2025-09-17 03:50:00,Estella E 1106,0.0,0.0,0.0,0.0,0.03615,0.0,0.0,0.0,0.0,0.0,0.0,0.0,0.04093,0.0,0.0,0.0
2025-09-17 03:55:00,Estella E 1106,0.0,0.0,,0.0,0.03592,,,,0.0,0.0,0.0,0.0,0.040659999999999995,,0.0,0.0
2025-09-17 04:00:00,Estella E 1106,0.0,0.0,,0.0,0.00011999999999999999,,,,0.0,0.0,0.0,0.0,0.00594,,0.0,0.0
2025-09-17 04:05:00,Estella E 1106,0.0,0.0,,0.0,8.999999999999999e-05,,,,0.0,0.0,0.0,0.0,0.00558,,0.0,0.0
2025-09-17 04:10:00,Estella E 1106,0.0,0.0,,0.0,0.00023999999999999998,,,,,,,,,,0.0,0.0
2025-09-17 04:15:00,Estella E 1106,0.0,0.0,,0.0,0.00025,,,,,,,,,,0.0,0.0
2025-09-17 04:20:00,Estella E 1106,0.0,0.0,,0.0,0.03696,,,,0.0,0.0,0.0,0.0,0.039520000000000007,,0.0,0.0
2025-09-17 04:25:00,Estella E 1106,0.0,0.0,,0.0,0.037880000000000004,,,,0.0,0.0,0.0,0.0,0.04185,,0.0,0.0
2025-09-17 04:30:00,Estella E 1106,0.0,0.0,0.0,0.0,0.036899999999999995,0.0,0.0,-4e-05,0.0,0.0,0.0,0.0,0.04138,0.0,2e-05,0.0
2025-09-17 04:35:00,Estella E 1106,0.0,0.0,0.0,0.0,0.03644,0.0,0.0,-1e-05,0.0,0.0,0.0,0.0,0.04057,0.0,0.0,0.0
2025-09-17 04:40:00,Estella E 1106,0.0,0.0,0.0,0.0,0.03597,0.0,0.0,0.0,0.0,0.0,0.0,0.0,0.040310000000000006,0.0,2e-05,0.0
2025-09-17 04:45:00,Estella E 1106,0.0,0.0,0.0,0.0,0.03567,0.0,0.0,0.0,0.0,0.0,0.0,0.0,0.03996,0.0,0.0,0.0
2025-09-17 04:50:00,Estella E 1106,0.0,0.0,0.0,0.0,0.00017999999999999998,0.0,0.0,-1e-05,0.0,0.0,0.0,0.0,0.00554,0.0,4e-05,0.0
2025-09-17 04:55:00,Estella E 1106,0.0,0.0,,0.0,0.00026000000000000003,,,,0.0,0.0,0.0,0.0,0.00544,,0.0,0.0
2025-09-17 05:00:00,Estella E 1106,0.0,0.0,0.0,0.0,0.0002,0.0,0.0,0.0,0.0,0.0,0.0,0.0,0.0055,0.0,1e-05,0.0
2025-09-17 05:05:00,Estella E 1106,0.0,0.0,,0.0,0.00027,,,,0.0,0.0,0.0,0.0,0.00539,,0.0,0.0
2025-09-17 05:10:00,Estella E 1106,0.0,0.0,0.0,0.0,0.03693,0.0,0.0,0.0,0.0,0.0,0.0,0.0,0.040909999999999995,0.0,0.0,0.0
2025-09-17 05:15:00,Estella E 1106,0.0,0.0,0.0,0.0,0.037079999999999995,0.0,0.0,0.0,0.0,0.0,0.0,0.0,0.04184,0.0,0.0,0.0
2025-09-17 05:20:00,Estella E 1106,0.0,0.0,0.0,0.0,0.0366,0.0,0.0,0.0,0.0,0.0,0.0,0.0,0.041210000000000004,0.0,2e-05,0.0
2025-09-17 05:25:00,Estella E 1106,0.0,0.0,0.0,0.0,0.03621,0.0,0.0,0.0,0.0,0.0,0.0,0.0,0.040799999999999996,0.0,0.0,0.0
2025-09-17 05:30:00,Estella E 1106,0.0,0.0,0.0,0.0,0.03582,0.0,0.0,0.0,0.0,0.0,0.0,0.0,0.04045,0.0,1e-05,0.0
2025-09-17 05:35:00,Estella E 1106,0.0,0.0,,0.0,0.00020999999999999998,,,,0.0,0.0,0.0,0.0,0.03975,,0.0,0.0
2025-09-17 05:40:00,Estella E 1106,0.0,0.0,0.0,0.0,0.00015,0.0,0.0,0.0,0.0,0.0,0.0,0.0,0.00533,0.0,1e-05,0.0
2025-09-17 05:45:00,Estella E 1106,0.0,0.0,0.0,0.0,0.00014000000000000001,0.0,0.0,0.0,0.0,0.0,0.0,0.0,0.00545,0.0,0.0,0.0
2025-09-17 05:50:00,Estella E 1106,0.0,0.0,0.0,0.0,0.00017999999999999998,0.0,0.0,0.0,0.0,0.0,0.0,0.0,0.0056500000000000005,0.0,0.0,0.0
2025-09-17 05:55:00,Estella E 1106,0.0,0.0,0.0,0.0,0.047119999999999995,0.0,0.0,0.0,0.0,0.0,0.0,0.0,0.00547,0.0,0.0,0.0
2025-09-17 06:00:00,Estella E 1106,0.0,0.0,0.0,0.0,0.03713,0.0,0.0,0.0,0.0,0.0,0.0,0.0,0.04143,0.0,0.0,0.0
2025-09-17 06:05:00,Estella E 1106,0.0,0.0,0.0,0.0,0.03681,0.0,0.0,0.0,0.0,0.0,0.0,0.0,0.04124,0.0,0.0,0.0
2025-09-17 06:10:00,Estella E 1106,0.0,0.0,0.0,0.0,0.0364,0.0,0.0,0.0,0.0,0.0,0.0,0.0,0.0407,0.0,0.0,0.0
2025-09-17 06:15:00,Estella E 1106,0.0,0.0,,0.0,0.03619,,,,0.0,0.0,0.0,0.0,0.040420000000000005,,0.0,0.0
2025-09-17 06:20:00,Estella E 1106,0.0,0.0,0.0,0.0,0.03556,0.0,0.0,-1e-05,,,,,,0.0,0.0,0.0
2025-09-17 06:25:00,Estella E 1106,0.0,0.0,0.0,0.0,0.00016,0.0,0.0,0.0,0.0,0.0,0.0,0.0,0.00541,0.0,0.0,0.0
2025-09-17 06:30:00,Estella E 1106,0.0,0.0,,0.0,0.00022,,,,0.0,0.0,0.0,0.0,0.00534,,0.0,0.0
2025-09-17 06:35:00,Estella E 1106,0.0,0.0,,0.0,0.00016,,,,0.0,0.0,0.0,0.0,0.00533,,0.0,0.0
2025-09-17 06:40:00,Estella E 1106,0.0,0.0,,0.0,0.00017999999999999998,,,,0.0,0.0,0.0,0.0,0.03332,,0.0,0.0
2025-09-17 06:45:00,Estella E 1106,0.0,0.0,,0.0,0.03656,,,,0.0,0.0,0.0,0.0,0.07377,,0.0,0.0
2025-09-17 06:50:00,Estella E 1106,0.0,0.0,0.02189,0.0,0.03836,0.0,0.0,0.0,0.0,0.0,0.0,0.0,0.06492,0.0,0.0,0.0
2025-09-17 06:55:00,Estella E 1106,0.0,0.0,0.02196,0.0,0.03782,0.0,0.0,0.01941,,,,,,0.0,0.0,0.0
2025-09-17 07:00:00,Estella E 1106,0.0,0.0,0.02275,0.0,0.037579999999999995,0.0,0.0,0.01921,0.0,0.0,0.0,0.0,0.08434,0.0,0.0,0.0
2025-09-17 07:05:00,Estella E 1106,0.0,0.0,0.02124,0.0,0.036719999999999996,0.0,0.0,0.018940000000000002,0.0,0.0,0.0,0.0,0.08238,0.0,0.0,0.0
2025-09-17 07:10:00,Estella E 1106,0.0,0.0,0.02194,0.0,0.03646,0.11891,0.0,0.01881,0.0,0.0,0.0,0.0,0.20083,0.0,0.0,0.0
2025-09-17 07:15:00,Estella E 1106,0.0,0.0,,0.0,0.0376,,,,0.0,0.0,0.0,0.0,0.1994,,0.0,0.0
2025-09-17 07:20:00,Estella E 1106,0.0,0.0,,0.0,0.037090000000000005,,,,,,,,,,0.0,0.0
2025-09-17 07:25:00,Estella E 1106,0.0,0.0,,0.0,0.03632,,,,,,,,,,0.0,0.0
2025-09-17 07:30:00,Estella E 1106,0.0,0.0,0.0,0.0,0.00016,0.0,0.0,0.01896,0.0,0.0,0.0,0.0,0.02554,0.0,0.0,0.0
2025-09-17 07:35:00,Estella E 1106,0.0,0.0,0.0,0.0,0.00013000000000000002,0.0,0.0,0.01886,0.0,0.0,0.0,0.0,0.02546,0.0,0.0,0.0
2025-09-17 07:40:00,Estella E 1106,0.0,0.0,,0.0,0.0002,,,,,,,,,,0.0,0.0
2025-09-17 07:50:00,Estella E 1106,0.0,0.0,,0.0,0.03804,,,,0.0,0.0,0.0,0.0,0.12212,,0.0,0.0
2025-09-17 07:55:00,Estella E 1106,0.0,0.0,,0.0,0.03928,,,,0.0,0.0,0.0,0.0,0.0626,,0.0,0.0
2025-09-17 08:00:00,Estella E 1106,0.0,0.0,,0.0,0.03857,,,,0.0,0.0,0.0,0.0,0.06381,,0.0,0.0
2025-09-17 08:05:00,Estella E 1106,0.0,0.0,,0.0,0.037329999999999995,,,,0.0,0.0,0.0,0.0,0.062,,0.0,0.0
2025-09-17 08:10:00,Estella E 1106,0.0,0.0,0.0,0.0,0.03675,0.0,0.0,0.0188,0.0,0.0,0.0,0.0,0.061380000000000004,0.0,0.0,0.0
2025-09-17 08:15:00,Estella E 1106,0.0,0.00893,0.0,0.0,0.03635,0.0,0.0,0.018539999999999997,0.0,0.0,0.0,0.0,0.060219999999999996,0.0,0.0,0.0
2025-09-17 08:20:00,Estella E 1106,0.0,0.0,,0.0,0.03616,,,,0.0,0.0,0.0,0.0,0.05966,,0.0,0.0
2025-09-17 08:25:00,Estella E 1106,0.0,0.0,0.0,0.0,0.00022,0.0,0.0,0.018600000000000002,0.0,0.0,0.0,0.0,0.0251,0.0,0.0,0.0
2025-09-17 08:30:00,Estella E 1106,0.0,0.008960000000000001,,0.0,0.00016,,,,0.0,0.0,0.0,0.0,0.02485,,0.0,0.0
2025-09-17 08:35:00,Estella E 1106,0.0,0.0,0.0,0.0,0.00020999999999999998,0.0,0.0,0.01857,0.0,0.0,0.0,0.0,0.02485,0.0,0.0,0.0
2025-09-17 08:40:00,Estella E 1106,0.0,0.0,,0.0,0.05107,,,,0.0,0.0,0.0,0.0,0.02548,,0.0,0.0
2025-09-17 08:45:00,Estella E 1106,0.0,0.0,,0.0,0.037899999999999996,,,,,,,,,,0.0,0.0
2025-09-17 08:50:00,Estella E 1106,0.0,0.0,0.0,0.0,0.037270000000000005,0.0,0.0,0.01848,0.0,0.0,0.0,0.0,0.06189,0.0,0.0,0.0
2025-09-17 08:55:00,Estella E 1106,0.0,0.0,,0.0,0.03669,,,,0.0,0.0,0.0,0.0,0.06049,,0.0,0.0
2025-09-17 09:00:00,Estella E 1106,0.0,0.0,,0.0,0.03628,,,,0.0,0.0,0.0,0.0,0.060039999999999996,,0.0,0.0
2025-09-17 09:05:00,Estella E 1106,0.0,0.0,,0.0,0.03585,,,,0.0,0.0,0.0,0.0,0.05952,,0.0,0.0
2025-09-17 09:10:00,Estella E 1106,0.0,0.0,,0.0,0.00023999999999999998,,,,0.0,0.0,0.0,0.0,0.024579999999999998,,0.0,0.0
2025-09-17 09:15:00,Estella E 1106,0.0,0.0,,0.0,0.00013000000000000002,,,,0.0,0.0,0.0,0.0,0.02487,,0.0,0.0
2025-09-17 09:20:00,Estella E 1106,0.0,0.0,,0.0,0.00016,,,,0.0,0.0,0.0,0.0,0.02471,,0.0,0.0
2025-09-17 09:25:00,Estella E 1106,0.0,0.0,,0.0,0.0002,,,,0.0,0.0,0.0,0.0,0.02485,,0.0,0.0
2025-09-17 09:30:00,Estella E 1106,0.0,0.0,,0.0,0.03724,,,,0.0,0.0,0.0,0.0,0.05963,,0.0,0.0
2025-09-17 09:35:00,Estella E 1106,0.0,0.0,,0.0,0.037840000000000006,,,,,,,,,,0.0,0.0
2025-09-17 09:40:00,Estella E 1106,0.0,0.0,0.0,0.0,0.03675,0.0,0.0,0.01812,,,,,,0.0,0.0,0.0
2025-09-17 09:45:00,Estella E 1106,,,0.0,,,0.0,0.0,0.0184,0.0,0.0,0.0,0.0,0.05987,0.0,0.0,
2025-09-17 09:50:00,Estella E 1106,0.0,0.0,0.0,0.0,0.07234,0.0,0.0,0.03674,0.0,0.0,0.0,0.0,0.11928,0.0,0.0,0.0
2025-09-17 09:55:00,Estella E 1106,0.0,0.0,0.0,0.0,0.00017999999999999998,0.0,0.0,0.01852,0.0,0.0,0.0,0.0,0.05948,0.0,0.0,0.0
2025-09-17 10:00:00,Estella E 1106,0.0,0.0,,0.0,0.00014000000000000001,,,,0.0,0.0,0.0,0.0,0.02495,,0.0,0.0
2025-09-17 10:05:00,Estella E 1106,0.0,0.0,,0.0,0.00017999999999999998,,,,0.0,0.0,0.0,0.0,0.02498,,0.0,0.0
2025-09-17 10:10:00,Estella E 1106,0.0,0.0,,0.0,0.0002,,,,0.0,0.0,0.0,0.0,0.02467,,0.0,0.0
2025-09-17 10:15:00,Estella E 1106,0.0,0.0,0.0,0.0,0.035679999999999996,0.0,0.0,0.01814,0.0,0.0,0.0,0.0,0.0736,0.0,0.0,0.0
2025-09-17 10:20:00,Estella E 1106,0.0,0.0,0.0,0.0,0.037939999999999995,0.0,0.0,0.0184,0.0,0.0,0.0,0.0,0.06092,0.0,0.0,0.0
2025-09-17 10:25:00,Estella E 1106,0.0,0.0,0.0,0.0,0.03686,0.0,0.0,0.01803,0.0,0.0,0.0,0.0,0.0608,0.0,0.0,0.0
2025-09-17 10:30:00,Estella E 1106,0.0,0.0,,0.0,0.036469999999999995,,,,0.0,0.0,0.0,0.0,0.05973,,0.0,0.0
2025-09-17 10:35:00,Estella E 1106,0.0,0.0,0.0,0.0,0.17922,0.0,0.0,0.01832,0.0,0.0,0.0,0.0,0.05957,0.0,0.0,0.0
2025-09-17 10:40:00,Estella E 1106,0.0,0.0,0.0,0.0,0.17845,0.0,0.0,0.01828,0.0,0.0,0.0,0.0,0.20182,0.0,0.0,0.0
2025-09-17 10:45:00,Estella E 1106,0.0,0.0,0.0,0.0,0.18047,0.0,0.0,0.0182,0.0,0.0,0.0,0.0,0.20177,0.0,0.0,0.0
2025-09-17 10:50:00,Estella E 1106,0.0,0.0,0.0,0.0,0.17875,0.0,0.0,0.01832,0.0,0.0,0.0,0.0,0.20204,0.0,0.0,0.0
2025-09-17 10:55:00,Estella E 1106,0.0,0.0,0.0,0.0,0.00025,0.0,0.0,0.01828,0.0,0.0,0.0,0.0,0.20275,0.0,0.0,0.0
2025-09-17 11:00:00,Estella E 1106,0.0,0.0,0.0,0.0,0.00026000000000000003,0.0,0.0,0.018359999999999998,0.0,0.0,0.0,0.0,0.024820000000000002,0.0,1e-05,0.0
2025-09-17 11:05:00,Estella E 1106,0.0,0.0,,0.0,0.054310000000000004,,,,0.0,0.0,0.0,0.0,0.07476999999999999,,0.0,0.0
2025-09-17 11:10:00,Estella E 1106,0.0,0.0,0.0,0.0,0.05239,0.0,0.0,0.01853,0.0,0.0,0.0,0.0,0.07687000000000001,0.0,0.0,0.0
2025-09-17 11:15:00,Estella E 1106,0.0,0.0,0.0,0.0,0.05125,0.0,0.0,0.01874,0.0,0.0,0.0,0.0,0.07540999999999999,0.0,0.0,0.0
2025-09-17 11:20:00,Estella E 1106,0.0,0.0,0.0,0.0,0.04888,0.0,0.0,0.01864,0.0,0.0,0.0,0.0,0.0735,0.0,0.0,0.0
2025-09-17 11:25:00,Estella E 1106,0.0,0.0,0.0,0.0,0.04772,0.0,0.0,0.0188,0.0,0.0,0.0,0.0,0.07206,0.0,0.0,0.0
2025-09-17 11:30:00,Estella E 1106,0.0,0.0,0.01168,0.0,0.046700000000000005,0.0,0.0,0.019039999999999998,0.0,0.0,0.0,0.0,0.08341,0.0,0.0,0.0
2025-09-17 11:35:00,Estella E 1106,0.0,0.0,0.01141,0.0,0.04555,0.0,0.0,0.01883,0.0,0.0,0.0,0.0,0.08205,0.0,1e-05,0.0
2025-09-17 11:40:00,Estella E 1106,0.0,0.0,0.01139,0.0,0.04462,0.0,0.0,0.01887,0.0,0.0,0.0,0.0,0.08109999999999999,0.0,0.0,0.0
2025-09-17 11:45:00,Estella E 1106,0.0,0.0,0.011380000000000001,0.0,0.04202,0.0,0.0,0.01866,0.0,0.0,0.0,0.0,0.08012000000000001,0.0,0.0,0.0
2025-09-17 11:50:00,Estella E 1106,0.0,0.0,0.011439999999999999,0.0,0.04022,0.0,0.0,0.01893,0.0,0.0,0.0,0.0,0.07729000000000001,0.0,4e-05,0.0
2025-09-17 11:55:00,Estella E 1106,0.0,0.0,0.01148,0.0,0.0391,0.0,0.0,0.019010000000000003,0.0,0.0,0.0,0.0,0.07576999999999999,0.0,0.0,0.0
2025-09-17 12:00:00,Estella E 1106,0.0,0.0,,0.0,0.038579999999999996,,,,0.0,0.0,0.0,0.0,0.07540999999999999,,0.0,0.0
2025-09-17 12:05:00,Estella E 1106,0.0,0.0,0.03507,0.0,0.038130000000000004,0.0,0.0,0.019100000000000002,0.0,0.0,0.0,0.0,0.09827,0.0,0.0,0.0
2025-09-17 12:10:00,Estella E 1106,0.0,0.0,0.03394,0.0,0.0376,0.0,0.0,0.01918,0.0,0.0,0.0,0.0,0.09802,0.0,1e-05,0.0
2025-09-17 12:15:00,Estella E 1106,0.0,0.0,0.03377,0.0,0.037090000000000005,0.0,0.0,0.01889,0.0,0.0,0.0,0.0,0.09614,0.0,0.0,0.0
2025-09-17 12:20:00,Estella E 1106,0.0,0.0,0.03387,0.0,0.03667,0.0,0.0,0.019,0.0,0.0,0.0,0.0,0.09594,0.0,0.0,0.0
2025-09-17 12:25:00,Estella E 1106,0.0,0.0,0.03451,0.0,0.036789999999999996,0.0,0.0,0.01907,0.0,0.0,0.0,0.0,0.09536,0.0,0.0,0.0
2025-09-17 12:30:00,Estella E 1106,0.0,0.0,0.03388,0.0,0.03632,0.0,0.0,0.019309999999999997,0.0,0.0,0.0,0.0,0.09534000000000001,0.0,2e-05,0.0
2025-09-17 12:35:00,Estella E 1106,0.0,0.0,0.03381,0.0,0.00015,0.0,0.0,0.01945,0.0,0.0,0.0,0.0,0.0963,0.0,0.0,0.0
2025-09-17 12:40:00,Estella E 1106,0.0,0.0,0.03481,0.0,0.00016,0.0,0.0,0.01948,0.0,0.0,0.0,0.0,0.06196,0.0,0.0,0.0
2025-09-17 12:45:00,Estella E 1106,0.0,0.0,0.03468,0.0,0.00017999999999999998,0.0,0.0,0.01933,0.0,0.0,0.0,0.0,0.061939999999999995,0.0,0.0,0.0
2025-09-17 12:50:00,Estella E 1106,0.0,0.0,0.03515,0.0,0.00027,0.0,0.0,0.01948,0.0,0.0,0.0,0.0,0.061630000000000004,0.0,0.0,0.0
2025-09-17 12:55:00,Estella E 1106,0.0,0.0,0.03525,0.0,0.037340000000000005,0.0,0.0,0.019649999999999997,0.0,0.0,0.0,0.0,0.11178,0.0,0.0,0.0
2025-09-17 13:00:00,Estella E 1106,0.0,0.0,0.01191,0.0,0.03853,0.0,0.0,0.020030000000000003,0.0,0.0,0.0,0.0,0.07615999999999999,0.0,1e-05,0.0
2025-09-17 13:05:00,Estella E 1106,0.0,0.0,0.01222,0.0,0.03896,0.0,0.0,0.02017,0.0,0.0,0.0,0.0,0.07773000000000001,0.0,0.0,0.0
2025-09-17 13:10:00,Estella E 1106,0.0,0.0,,0.0,0.037899999999999996,,,,0.0,0.0,0.0,0.0,0.07632,,0.0,0.0
2025-09-17 13:15:00,Estella E 1106,0.0,0.0,,0.0,0.03723,,,,0.0,0.0,0.0,0.0,0.07535,,0.0,0.0
2025-09-17 13:20:00,Estella E 1106,0.0,0.0,,0.0,0.036969999999999996,,,,0.0,0.0,0.0,0.0,3.0255300000000003,,2.95163,0.0
2025-09-17 13:25:00,Estella E 1106,0.0,0.0,,0.0,0.03637,,,,0.0,0.0,0.0,0.0,0.07475,,0.0,0.0
2025-09-17 13:30:00,Estella E 1106,0.0,0.0,0.0,0.0,0.03632,0.0,0.0,0.0,0.0,0.0,0.0,0.0,0.040369999999999996,0.0,0.0,0.0
2025-09-17 13:35:00,Estella E 1106,0.0,0.0,,0.0,0.00019,,,,0.0,0.0,0.0,0.0,0.00558,,0.0,0.0
2025-09-17 13:40:00,Estella E 1106,0.0,0.0,,0.0,0.00023999999999999998,,,,0.0,0.0,0.0,0.0,0.02844,,0.0,0.0
2025-09-17 13:45:00,Estella E 1106,0.0,0.0,,0.0,0.00014000000000000001,,,,0.0,0.0,0.0,0.0,0.07368999999999999,,0.0,0.0
2025-09-17 13:50:00,Estella E 1106,0.0,0.0,,0.0,0.00015,,,,0.0,0.0,0.0,0.0,0.02881,,0.0,0.0
2025-09-17 13:55:00,Estella E 1106,0.0,0.0,,0.0,0.037399999999999996,,,,0.0,0.0,0.0,0.0,0.06420000000000001,,0.0,0.0
2025-09-17 14:00:00,Estella E 1106,0.0,0.0,0.02206,0.0,0.0385,0.0,0.0,0.0,0.0,0.0,0.0,0.0,0.06573999999999999,0.0,0.0,0.0
2025-09-17 14:05:00,Estella E 1106,0.0,0.0,,0.0,0.03766,,,,0.0,0.0,0.0,0.0,0.06561,,0.0,0.0
2025-09-17 14:10:00,Estella E 1106,0.0,0.0,,0.0,0.03707,,,,0.0,0.0,0.0,0.0,0.085,,0.0,0.0
2025-09-17 14:15:00,Estella E 1106,0.0,0.0,0.02216,0.0,0.03736,0.0,0.0,0.019719999999999998,0.0,0.0,0.0,0.0,0.08412,0.0,0.0,0.0
2025-09-17 14:20:00,Estella E 1106,0.0,0.0,0.0011,0.0,0.03755,0.0,0.0,0.019530000000000002,0.0,0.0,0.0,0.0,0.06321,0.0,2e-05,0.0
2025-09-17 14:25:00,Estella E 1106,0.0,0.0,0.00107,0.0,0.0367,0.0,0.0,0.019710000000000002,0.0,0.0,0.0,0.0,0.0695,0.0,2e-05,0.0
2025-09-17 14:30:00,Estella E 1106,,,,,,,,,0.0,0.0,0.0,0.0,0.09323999999999999,,0.0,
2025-09-17 14:35:00,Estella E 1106,0.0,0.0,0.0,0.0,0.036789999999999996,0.0,0.0,0.038579999999999996,0.0,0.0,0.0,0.0,0.12516,0.0,0.0,0.0
2025-09-17 14:40:00,Estella E 1106,0.0,0.0,,0.0,0.00015,,,,0.0,0.0,0.0,0.0,0.026170000000000002,,0.0,0.0
2025-09-17 14:45:00,Estella E 1106,0.0,0.0,0.0,0.0,0.00013000000000000002,0.0,0.0,0.019649999999999997,0.0,0.0,0.0,0.0,0.02581,0.0,0.0,0.0
2025-09-17 14:50:00,Estella E 1106,0.0,0.0,0.0,0.0,0.00011999999999999999,0.0,0.0,0.01934,0.0,0.0,0.0,0.0,0.02595,0.0,0.0,0.0
2025-09-17 14:55:00,Estella E 1106,0.0,0.0,,0.0,0.03633,,,,0.0,0.0,0.0,0.0,0.02579,,0.0,0.0
2025-09-17 15:05:00,Estella E 1106,0.0,0.0,0.0,0.0,0.07658,0.0,0.0,0.03854,0.0,0.0,0.0,0.0,0.12551,0.0,4e-05,0.0
2025-09-17 15:10:00,Estella E 1106,0.0,0.0,,0.0,0.07477,,,,0.0,0.0,0.0,0.0,0.12394,,0.0,0.0
2025-09-17 15:15:00,Estella E 1106,0.0,0.0,0.0,0.0,0.036840000000000005,0.0,0.0,0.019059999999999997,0.0,0.0,0.0,0.0,0.061619999999999994,0.0,0.0,0.0
2025-09-17 15:20:00,Estella E 1106,0.0,0.0,,0.0,0.03655,,,,0.0,0.0,0.0,0.0,0.061,,0.0,0.0
2025-09-17 15:25:00,Estella E 1106,0.0,0.0,0.0,0.0,0.03619,0.0,0.0,0.01914,0.0,0.0,0.0,0.0,0.06094,0.0,0.0,0.0
2025-09-17 15:30:00,Estella E 1106,0.0,0.0,0.0,0.0,0.00019,0.0,0.0,0.01924,0.0,0.0,0.0,0.0,0.02569,0.0,1e-05,0.0
2025-09-17 15:35:00,Estella E 1106,0.0,0.0,0.0,0.0,0.00016,0.0,0.0,0.019010000000000003,0.0,0.0,0.0,0.0,0.02544,0.0,0.0,0.0
2025-09-17 15:40:00,Estella E 1106,0.0,0.0,0.02174,0.0,0.00011,0.0,0.0,0.01889,0.0,0.0,0.0,0.0,0.048479999999999995,0.0,0.0,0.0
2025-09-17 15:45:00,Estella E 1106,0.0,0.0,0.02198,0.0,0.00011999999999999999,0.0,0.0,0.01883,0.0,0.0,0.0,0.0,0.08984,0.0,0.0,0.0
2025-09-17 15:50:00,Estella E 1106,0.0,0.0,0.06253,0.0,0.037,0.0,0.0,0.018949999999999998,0.0,0.0,0.0,0.0,0.12432,0.0,0.0,0.0
2025-09-17 15:55:00,Estella E 1106,0.0,0.0,0.06239,0.0,0.038200000000000005,0.0,0.0,0.018940000000000002,,,,,,0.0,0.0,0.0
2025-09-17 16:00:00,Estella E 1106,0.0,0.0,0.0621,0.0,0.036969999999999996,0.0,0.0,0.01874,,,,,,0.0,0.0,0.0
2025-09-17 16:05:00,Estella E 1106,0.0,0.0,,0.0,0.03675,,,,,,,,,,0.0,0.0
2025-09-17 16:10:00,Estella E 1106,0.0,0.0,,0.0,0.03648,,,,,,,,,,0.0,0.0
2025-09-17 16:15:00,Estella E 1106,0.0,0.0,0.03977,0.0,0.03588,0.0,0.0,0.01859,0.0,0.0,0.07703,0.0,0.1777,0.0,0.0,0.0
2025-09-17 16:20:00,Estella E 1106,0.0,0.0,,0.0,0.00011999999999999999,,,,0.0,0.0,0.07747,0.0,0.17748,,0.0,0.0
2025-09-17 16:25:00,Estella E 1106,0.0,0.0,,0.0,0.00032,,,,0.0,0.0,0.15474000000000002,0.0,0.2858,,0.0,0.0
2025-09-17 16:30:00,Estella E 1106,,,,,,,,,0.0,0.0,0.15542,0.0,0.28649,,0.0,
2025-09-17 16:35:00,Estella E 1106,0.0,0.0,,0.0,0.00023999999999999998,,,,0.0,0.0,0.04114,0.0,0.17336000000000001,,0.0,0.0
2025-09-17 16:40:00,Estella E 1106,0.0,0.0,,0.0,0.00017999999999999998,,,,0.0,0.0,0.02057,0.0,0.08668000000000001,,0.0,0.0
2025-09-17 16:45:00,Estella E 1106,0.0,0.0,,0.0,0.11299999999999999,,,,0.0,0.0,0.06165000000000001,0.0,0.13737,,0.0,0.0
2025-09-17 16:55:00,Estella E 1106,0.0,0.0,,0.0,0.0741,,,,0.0,0.0,0.04168,0.0,0.30710000000000004,,0.0,0.0
2025-09-17 17:00:00,Estella E 1106,0.0,0.0,,0.0,0.03649,,,,0.0,0.0,0.02079,0.0,0.14195,,0.0,0.0
2025-09-17 17:05:00,Estella E 1106,0.0,0.0,,0.0,0.03599,,,,0.0,0.0,0.02102,0.0,0.14303,,0.0,0.0
2025-09-17 17:10:00,Estella E 1106,0.0,0.0,,0.0,0.03669,,,,0.0,0.0,0.02087,0.0,0.1425,,0.0,0.0
2025-09-17 17:15:00,Estella E 1106,0.0,0.00891,,0.0,0.03616,,,,0.0,0.0,0.02096,0.0,0.14283,,0.0,0.0
2025-09-17 17:20:00,Estella E 1106,0.0,0.0,0.0,0.0,0.00013000000000000002,0.0,0.0,0.08003,0.0,0.0,0.02091,0.0,0.10828,0.0,0.0,0.0
2025-09-17 17:25:00,Estella E 1106,0.0,0.0,,0.0,0.00019,,,,0.0,0.0,0.02068,0.0,0.10769,,0.0,0.0
2025-09-17 17:30:00,Estella E 1106,0.0,0.0,0.0,0.0,0.00014000000000000001,0.0,0.0,0.03728,,,,,,0.0,0.0,0.0
2025-09-17 17:35:00,Estella E 1106,0.0,0.0,0.0,0.0,0.00015,0.0,0.0,0.03742,0.0,0.0,0.0209,0.0,0.06537000000000001,0.0,0.0,0.0
2025-09-17 17:40:00,Estella E 1106,0.0,0.0,0.0,0.0,0.039380000000000005,0.0,0.0,0.037770000000000005,0.0,0.0,0.02101,0.0,0.10369,0.0,0.0,0.0
2025-09-17 17:45:00,Estella E 1106,0.0,0.0,0.0,0.0,0.04301,0.0,0.0,0.037399999999999996,0.0,0.0,0.02095,0.0,0.10723999999999999,0.0,0.0,0.0
2025-09-17 17:50:00,Estella E 1106,0.0,0.0,,0.0,0.04326,,,,0.0,0.0,0.02105,0.0,0.10814,,0.0,0.0
2025-09-17 17:55:00,Estella E 1106,0.0,0.0,,0.0,0.04138,,,,0.0,0.0,0.02116,0.0,0.10840000000000001,,0.0,0.0
2025-09-17 18:00:00,Estella E 1106,0.0,0.0,0.0,0.0,0.039979999999999995,0.0,0.0,0.03803,,,,,,0.0,1e-05,0.0
2025-09-17 18:05:00,Estella E 1106,0.0,0.0,,0.0,0.0385,,,,0.0,0.0,0.02124,0.0,0.10389,,0.0,0.0
2025-09-17 18:10:00,Estella E 1106,0.0,0.0,0.0,0.0,0.037899999999999996,0.0,0.0,0.03797,,,,,,0.0,1e-05,0.0
2025-09-17 18:15:00,Estella E 1106,0.0,0.0,0.0,0.0,0.03736,0.0,0.0,0.038020000000000005,,,,,,0.0,0.0,0.0
2025-09-17 18:20:00,Estella E 1106,0.0,0.0,,0.0,0.036770000000000004,,,,0.0,0.0,0.02109,0.0,0.10166,,0.0,0.0
2025-09-17 18:25:00,Estella E 1106,0.0,0.0,,0.0,0.03643,,,,0.0,0.0,0.02087,0.0,0.10086,,0.0,0.0
2025-09-17 18:30:00,Estella E 1106,0.0,0.0,0.0,0.0,0.0362,0.0,0.0,0.037759999999999995,0.0,0.0,0.02116,0.0,0.10092,0.0,0.0,0.0
2025-09-17 18:35:00,Estella E 1106,0.0,0.0,,0.0,0.00019,,,,0.0,0.0,0.02109,0.0,0.06559000000000001,,0.0,0.0
2025-09-17 18:40:00,Estella E 1106,0.0,0.0,,0.0,0.00013000000000000002,,,,0.0,0.0,0.02102,0.0,0.17117,,0.0,0.0
2025-09-17 18:45:00,Estella E 1106,0.0,0.00888,,0.0,0.00011,,,,0.0,0.0,0.02088,0.0,0.18036000000000002,,0.0,0.0
2025-09-17 18:50:00,Estella E 1106,0.0,0.0,,0.0,0.00013000000000000002,,,,0.0,0.0,0.02088,0.0,0.17953,,0.0,0.0
2025-09-17 18:55:00,Estella E 1106,0.0,0.0,0.08205,0.0,0.038880000000000005,0.02624,0.0,0.03772,0.0,0.0,0.02103,0.0,0.21218,0.0,0.0,0.0
2025-09-17 19:00:00,Estella E 1106,0.0,0.0,0.08167,0.0,0.040119999999999996,0.02622,0.0,0.03799,0.0,0.0,0.02115,0.0,0.2145,0.0,0.0,0.0
2025-09-17 19:05:00,Estella E 1106,0.0,0.0,,0.0,0.039310000000000005,,,,0.0,0.0,0.02134,0.0,0.19797,,0.0,0.0
2025-09-17 19:10:00,Estella E 1106,0.0,0.0,,0.0,0.03816,,,,0.0,0.0,0.02129,0.0,0.19557,,0.0,0.0
2025-09-17 19:15:00,Estella E 1106,0.0,0.0,,0.0,0.037579999999999995,,,,0.0,0.0,0.02137,0.0,0.19485,,0.0,0.0
2025-09-17 19:20:00,Estella E 1106,0.0,0.0,0.11571,0.0,0.03728,0.00865,0.0,0.038380000000000004,0.0,0.0,0.02152,0.0,0.21816,0.0,0.0,0.0
2025-09-17 19:25:00,Estella E 1106,0.0,0.0089,,0.0,0.03778,,,,0.0,0.0,0.0,0.0,0.20818,,0.0,0.0
2025-09-17 19:30:00,Estella E 1106,0.0,0.0,0.1157,0.0,0.03821,0.00882,0.0,0.03822,0.0,0.0,0.0,0.0,0.20798,0.0,0.0,0.0
2025-09-17 19:35:00,Estella E 1106,,,0.11533,,,0.00871,0.0,0.038310000000000004,0.0,0.0,0.0,0.0,0.2086,0.0,0.0,
2025-09-17 19:40:00,Estella E 1106,0.0,0.0,0.23144,0.0,0.07547,0.01724,0.0,0.077,,,,,,0.0,0.0,0.0
2025-09-17 19:45:00,Estella E 1106,0.0,0.0,,0.0,0.037829999999999996,,,,,,,,,,0.0,0.0
2025-09-17 19:50:00,Estella E 1106,0.0,0.0,,0.0,0.03748,,,,,,,,,,0.0,0.0
2025-09-17 19:55:00,Estella E 1106,0.0,0.0,0.11487,0.0,0.0371,0.00848,0.0,0.03853,0.0,0.0,0.0,0.0,0.20633,0.0,0.0,0.0
2025-09-17 20:00:00,Estella E 1106,0.0,0.0,,0.0,0.03648,,,,0.0,0.0,0.0,0.0,0.20666,,0.0,0.0
2025-09-17 20:05:00,Estella E 1106,0.0,0.0,0.11477,0.0,0.00020999999999999998,0.00861,0.0,0.038509999999999996,0.0,0.0,0.0,0.0,0.17133,0.0,0.0,0.0
2025-09-17 20:10:00,Estella E 1106,0.0,0.0,,0.0,0.00023999999999999998,,,,0.0,0.0,0.0,0.0,0.18019,,0.0,0.0
2025-09-17 20:15:00,Estella E 1106,0.0,0.0,,0.0,0.04149,,,,,,,,,,0.0,0.0
2025-09-17 20:20:00,Estella E 1106,0.0,0.0,0.11476,0.0,0.039189999999999996,0.00856,0.0,0.03836,0.0,0.0,0.0,0.0,0.2079,0.0,0.0,0.0
2025-09-17 20:25:00,Estella E 1106,0.0,0.0,0.11486,0.0,0.039549999999999995,0.00861,0.0,0.038579999999999996,,,,,,0.0,0.0,0.0
2025-09-17 20:30:00,Estella E 1106,0.0,0.0,,0.0,0.03977,,,,,,,,,,0.0,0.0
2025-09-17 20:35:00,Estella E 1106,0.0,0.0,,0.0,0.03797,,,,0.0,0.0,0.039689999999999996,0.0,0.23893999999999999,,0.0,0.0
2025-09-17 20:40:00,Estella E 1106,0.0,0.00883,0.11495999999999999,0.0,0.03668,0.0,0.0,0.038759999999999996,0.0,0.0,0.03915,0.0,0.23645,0.0,0.0,0.0
2025-09-17 20:45:00,Estella E 1106,0.0,0.0,0.11485,0.0,0.03623,0.0,0.0,0.0,0.0,0.0,0.0,0.0,0.15603999999999998,0.0,5e-05,0.0
2025-09-17 20:50:00,Estella E 1106,0.0,0.0,,0.0,0.03553,,,,0.0,0.0,0.0,0.0,0.15606,,0.0,0.0
2025-09-17 20:55:00,Estella E 1106,0.0,0.0,0.15808000000000003,0.0,0.00022,0.00901,0.0,0.0,0.0,0.0,0.0,0.0,0.17488,0.0,0.0,0.0
2025-09-17 21:00:00,Estella E 1106,,,,,,,,,0.0,0.0,0.0,0.0,0.16479,,0.0,
2025-09-17 21:05:00,Estella E 1106,0.0,0.0,,0.0,0.00038999999999999994,,,,0.0,0.0,0.0,0.0,0.32958,,0.0,0.0
2025-09-17 21:10:00,Estella E 1106,0.0,0.0,0.15756,0.0,0.05128,0.0,0.0,0.0,0.0,0.0,0.0,0.0,0.16419,0.0,0.0,0.0
2025-09-17 21:15:00,Estella E 1106,,,,,,,,,0.0,0.0,0.0,0.0,0.20005,,0.0,
2025-09-17 21:20:00,Estella E 1106,0.0,0.0,0.31510000000000005,0.0,0.07664,0.0,0.0,-4e-05,0.0,0.0,0.0,0.0,0.4014,0.0,2e-05,0.0
2025-09-17 21:25:00,Estella E 1106,0.0,0.0,,0.0,0.03889,,,,0.0,0.0,0.03587,0.0,0.25545,,0.0,0.0
2025-09-17 21:30:00,Estella E 1106,,,,,,,,,0.0,0.0,0.0,0.0,0.21762,,0.0,
2025-09-17 21:35:00,Estella E 1106,0.0,0.0,0.314,0.0,0.07291,0.0218,0.0,0.0,0.0,0.0,0.0,0.0,0.42125999999999997,0.0,0.0,0.0
2025-09-17 21:40:00,Estella E 1106,,,,,,,,,0.0,0.0,0.0,0.0,0.21977000000000002,,0.0,
2025-09-17 21:45:00,Estella E 1106,0.0,0.0,0.31306,0.0,0.22671000000000002,0.02122,0.0,0.0,0.0,0.0,0.0,0.0,0.7084199999999999,0.0,2e-05,0.0
2025-09-17 21:50:00,Estella E 1106,0.0,0.0,0.15619999999999998,0.0,0.19144,0.0038599999999999997,0.0,0.0,0.0,0.0,0.0,0.0,0.35711000000000004,0.0,0.0,0.0
2025-09-17 21:55:00,Estella E 1106,0.0,0.0,0.12340999999999999,0.0,0.19294,0.0039,0.0,0.0,0.0,0.0,0.0,0.0,0.32738999999999996,0.0,0.0,0.0
2025-09-17 22:00:00,Estella E 1106,0.0,0.0,0.12359,0.0,0.19347,0.00734,0.0,0.0,0.0,0.0,0.0,0.0,0.32689999999999997,0.0,0.0,0.0
2025-09-17 22:05:00,Estella E 1106,0.0,0.0,,0.0,0.00020999999999999998,,,,0.0,0.0,0.0,0.0,0.13612,,0.0,0.0
2025-09-17 22:10:00,Estella E 1106,0.0,0.0,0.12375,0.0,0.049100000000000005,0.00641,0.0,0.0,0.0,0.0,0.03619,0.0,0.24727000000000002,0.0,4e-05,0.0
2025-09-17 22:15:00,Estella E 1106,,,,,,,,,0.0,0.0,0.03548,0.0,0.22136,,0.0,
2025-09-17 22:20:00,Estella E 1106,0.0,0.0,0.24658000000000002,0.0,0.10203000000000001,0.0,0.0,0.08192,,,,,,0.0,2e-05,0.0
2025-09-17 22:25:00,Estella E 1106,0.0,0.0,,0.0,0.04922,,,,,,,,,,0.0,0.0
2025-09-17 22:30:00,Estella E 1106,0.0,0.0,,0.0,0.04768,,,,0.00937,0.0,0.0,0.0,0.22806,,0.0,0.0
2025-09-17 22:35:00,Estella E 1106,0.0,0.0,0.12326999999999999,0.0,0.046310000000000004,0.0,0.0,-1e-05,0.0,0.0,0.0,0.0,0.17506,0.0,0.0,0.0
2025-09-17 22:40:00,Estella E 1106,0.0,0.0,,0.0,0.04532,,,,,,,,,,0.0,0.0
2025-09-17 22:45:00,Estella E 1106,0.0,0.0,,0.0,0.04428,,,,,,,,,,0.0,0.0
2025-09-17 22:50:00,Estella E 1106,0.0,0.0,,0.0,0.0399,,,,,,,,,,0.0,0.0
2025-09-17 22:55:00,Estella E 1106,0.0,0.0,0.12361,0.0,0.03871,0.0,0.0,0.0,,,,,,0.0,4e-05,0.0
2025-09-17 23:00:00,Estella E 1106,0.0,0.0,0.1235,0.0,0.03822,0.0,0.0,0.0,0.0,0.0,0.0,0.0,0.16691999999999999,0.0,4e-05,0.0
2025-09-17 23:05:00,Estella E 1106,0.0,0.0,0.12348,0.0,0.037950000000000005,0.0,0.0,0.0,,,,,,0.0,2e-05,0.0
2025-09-17 23:10:00,Estella E 1106,0.0,0.0,0.12381,0.0,0.03764,0.0,0.0,0.0,0.00958,0.0,0.0353,0.0,0.21228999999999998,0.0,0.0,0.0
2025-09-17 23:15:00,Estella E 1106,0.0,0.0,,0.0,0.03714,,,,0.0,0.0,0.051,0.0,0.13509000000000002,,0.0,0.0
2025-09-17 23:20:00,Estella E 1106,0.0,0.0,,0.0,0.036840000000000005,,,,,,,,,,0.0,0.0
2025-09-17 23:25:00,Estella E 1106,0.0,0.0,,0.0,0.03662,,,,,,,,,,0.0,0.0
2025-09-17 23:30:00,Estella E 1106,0.0,0.0,,0.0,0.03622,,,,,,,,,,0.0,0.0
2025-09-17 23:35:00,Estella E 1106,0.0,0.0,,0.0,8.999999999999999e-05,,,,0.0,0.0,0.039689999999999996,0.0,0.12401999999999999,,0.0,0.0
2025-09-17 23:40:00,Estella E 1106,0.0,0.0,0.04219,0.0,0.00016,0.0,0.0,-1e-05,,,,,,0.0,0.0,0.0
2025-09-17 23:45:00,Estella E 1106,0.0,0.0,,0.0,0.00014000000000000001,,,,0.0,0.0,0.03939,0.0,0.08811,,0.0,0.0
2025-09-17 23:50:00,Estella E 1106,0.0,0.0,,0.0,0.00019,,,,,,,,,,0.0,0.0
2025-09-17 23:55:00,Estella E 1106,0.0,0.0,0.04213,0.0,0.03646,0.0,0.0,0.0,,,,,,0.0,0.0,0.0
2025-09-18 00:00:00,Estella E 1106,0.0,0.0,,0.0,0.038560000000000004,,,,,,,,,,0.0,0.0
2025-09-18 00:05:00,Estella E 1106,0.0,0.0,,0.0,0.037270000000000005,,,,0.0,0.0,0.039520000000000007,0.0,0.12492,,0.0,0.0
2025-09-18 00:10:00,Estella E 1106,0.0,0.0,,0.0,0.03675,,,,,,,,,,0.0,0.0
2025-09-18 00:15:00,Estella E 1106,0.0,0.0,,0.0,0.03682,,,,,,,,,,0.0,0.0
2025-09-18 00:20:00,Estella E 1106,0.0,0.0,,0.0,0.03649,,,,,,,,,,0.0,0.0
2025-09-18 00:30:00,Estella E 1106,0.0,0.0,,0.0,0.07189999999999999,,,,,,,,,,0.0,0.0
2025-09-18 00:35:00,Estella E 1106,0.0,0.0,,0.0,0.00014000000000000001,,,,,,,,,,0.0,0.0
2025-09-18 00:40:00,Estella E 1106,0.0,0.0,,0.0,8.999999999999999e-05,,,,0.0,0.0,0.02156,0.0,0.06901,,0.0,0.0
2025-09-18 00:45:00,Estella E 1106,0.0,0.0,,0.0,0.00023999999999999998,,,,0.0,0.0,0.02156,0.0,0.06877,,0.0,0.0
2025-09-18 00:50:00,Estella E 1106,0.0,0.0,,0.0,0.045090000000000005,,,,0.0,0.0,0.02163,0.0,0.06914000000000001,,0.0,0.0
2025-09-18 00:55:00,Estella E 1106,0.0,0.00872,,0.0,0.037630000000000004,,,,,,,,,,0.0,0.0
2025-09-18 01:00:00,Estella E 1106,0.0,0.0,0.0,0.0,0.03757,0.0,0.0,0.0,,,,,,0.0,0.0,0.0
2025-09-18 01:05:00,Estella E 1106,0.0,0.0,,0.0,0.03731,,,,,,,,,,0.0,0.0
2025-09-18 01:10:00,Estella E 1106,0.0,0.0,,0.0,0.03674,,,,0.0,0.0,0.02178,0.0,0.06345,,0.0,0.0
2025-09-18 01:15:00,Estella E 1106,0.0,0.0,0.0,0.0,0.0364,0.0,0.0,0.0,,,,,,0.0,1e-05,0.0
2025-09-18 01:20:00,Estella E 1106,0.0,0.0,0.0,0.0,0.03612,0.0,0.0,0.0,,,,,,0.0,1e-05,0.0
2025-09-18 01:25:00,Estella E 1106,0.0,0.0,0.0,0.0,0.00013000000000000002,0.0,0.0,0.0,,,,,,0.0,0.0,0.0
2025-09-18 01:30:00,Estella E 1106,0.0,0.0,0.0,0.0,0.00020999999999999998,0.0,0.0,0.0,,,,,,0.0,0.0,0.0
2025-09-18 01:35:00,Estella E 1106,0.0,0.0,0.0,0.0,0.00019,0.0,0.0,-1e-05,,,,,,0.0,0.0,0.0
2025-09-18 01:40:00,Estella E 1106,0.0,0.0,0.0,0.0,0.00015,0.0,0.0,0.01849,0.0,0.0,0.02197,0.0,0.04771,0.0,0.0,0.0
2025-09-18 01:45:00,Estella E 1106,0.0,0.0,0.0,0.0,0.0014199999999999998,0.0,0.0,0.0,0.0,0.0,0.02188,0.0,0.02789,0.0,0.0,0.0
2025-09-18 01:50:00,Estella E 1106,0.0,0.0,0.0,0.0,0.04975,0.0,0.0,0.0,,,,,,0.0,8e-05,0.0
2025-09-18 01:55:00,Estella E 1106,0.0,0.00887,0.0,0.0,0.040780000000000004,0.0,0.0,-1e-05,0.0,0.0,0.02183,0.0,0.07671,0.0,0.0,0.0
2025-09-18 02:00:00,Estella E 1106,0.0,0.0,0.0,0.0,0.03814,0.0,0.0,0.0,,,,,,0.0,0.0,0.0
2025-09-18 02:05:00,Estella E 1106,0.0,0.0,0.0,0.0,0.03761,0.0,0.0,0.0,,,,,,0.0,0.0,0.0
2025-09-18 02:10:00,Estella E 1106,0.0,0.0,,0.0,0.0371,,,,0.0,0.0,0.02218,0.0,0.06385,,0.0,0.0
2025-09-18 02:15:00,Estella E 1106,0.0,0.0,,0.0,0.0365,,,,,,,,,,0.0,0.0
2025-09-18 02:20:00,Estella E 1106,0.0,0.0,,0.0,0.03637,,,,,,,,,,0.0,0.0
2025-09-18 02:25:00,Estella E 1106,0.0,0.0,,0.0,0.03594,,,,0.0,0.0,0.02209,0.0,0.06258,,0.0,0.0
2025-09-18 02:30:00,Estella E 1106,0.0,0.0,0.0,0.0,0.00013000000000000002,0.0,0.0,-1e-05,0.0,0.0,0.02215,0.0,0.02797,0.0,2e-05,0.0
2025-09-18 02:35:00,Estella E 1106,0.0,0.00884,0.0,0.0,0.00011999999999999999,0.0,0.0,-1e-05,0.0,0.0,0.02212,0.0,0.038549999999999994,0.0,0.0,0.0
2025-09-18 02:40:00,Estella E 1106,0.0,0.0,,0.0,0.00016,,,,,,,,,,0.0,0.0
2025-09-18 02:45:00,Estella E 1106,0.0,0.0,,0.0,0.00017999999999999998,,,,,,,,,,0.0,0.0
2025-09-18 02:50:00,Estella E 1106,0.0,0.0,,0.0,0.03719,,,,,,,,,,0.0,0.0
2025-09-18 02:55:00,Estella E 1106,0.0,0.0,0.0,0.0,0.07438,0.0,0.0,-8e-05,0.0,0.0,0.04418,0.0,0.12984,0.0,0.0,0.0
2025-09-18 03:00:00,Estella E 1106,0.0,0.0,,0.0,0.03683,,,,,,,,,,0.0,0.0
2025-09-18 03:05:00,Estella E 1106,0.0,0.0,,0.0,0.03673,,,,,,,,,,0.0,0.0
2025-09-18 03:10:00,Estella E 1106,0.0,0.0,,0.0,0.03646,,,,,,,,,,0.0,0.0
2025-09-18 03:15:00,Estella E 1106,0.0,0.0,,0.0,0.0359,,,,,,,,,,0.0,0.0
2025-09-18 03:20:00,Estella E 1106,0.0,0.0,0.0,0.0,0.00015,0.0,0.0,0.0,,,,,,0.0,0.0,0.0
2025-09-18 03:25:00,Estella E 1106,0.0,0.0,,0.0,0.00015,,,,,,,,,,0.0,0.0
2025-09-18 03:30:00,Estella E 1106,0.0,0.0,,0.0,8.999999999999999e-05,,,,0.0,0.0,0.02209,0.0,0.028050000000000002,,0.0,0.0
2025-09-18 03:35:00,Estella E 1106,0.0,0.0,0.0,0.0,7.000000000000001e-05,0.0,0.0,0.0,0.0,0.0,0.02215,0.0,0.02798,0.0,0.0,0.0
2025-09-18 03:40:00,Estella E 1106,0.0,0.0,,0.0,0.00136,,,,,,,,,,0.0,0.0
2025-09-18 03:45:00,Estella E 1106,0.0,0.0,0.0,0.0,0.038880000000000005,0.0,0.0,0.0,0.0,0.0,0.02222,0.0,0.08191,0.0,0.0,0.0
2025-09-18 03:50:00,Estella E 1106,0.0,0.0,0.0,0.0,0.038810000000000004,0.0,0.0,0.0,0.0,0.0,0.0221,0.0,0.06720999999999999,0.0,1e-05,0.0
2025-09-18 03:55:00,Estella E 1106,,,0.0,,,0.0,0.0,0.0,0.0,0.0,0.04446,0.0,0.12968000000000002,0.0,0.0,
2025-09-18 04:00:00,Estella E 1106,0.0,0.0,,0.0,0.037689999999999994,,,,,,,,,,0.0,0.0
2025-09-18 04:05:00,Estella E 1106,0.0,0.0,,0.0,0.03748,,,,,,,,,,0.0,0.0
2025-09-18 04:10:00,Estella E 1106,0.0,0.03552,,0.0,0.14704,,,,0.0,0.0,0.08876,0.0,0.25536000000000003,,0.0,0.0
2025-09-18 04:15:00,Estella E 1106,0.0,0.0,,0.0,0.03592,,,,,,,,,,0.0,0.0
2025-09-18 04:20:00,Estella E 1106,0.0,0.0,0.0,0.0,0.00011999999999999999,0.0,0.0,0.0,0.0,0.0,0.02215,0.0,0.06336,0.0,4e-05,0.0
2025-09-18 04:25:00,Estella E 1106,0.0,0.0,,0.0,8e-05,,,,0.0,0.0,0.02219,0.0,0.0292,,0.0,0.0
2025-09-18 04:30:00,Estella E 1106,0.0,0.0,,0.0,8e-05,,,,,,,,,,0.0,0.0
2025-09-18 04:35:00,Estella E 1106,0.0,0.0,,0.0,0.00013000000000000002,,,,,,,,,,0.0,0.0
2025-09-18 04:40:00,Estella E 1106,0.0,0.0,0.0,0.0,0.04864,0.0,0.0,-2e-05,0.0,0.0,0.02215,0.0,0.02916,0.0,1e-05,0.0
2025-09-18 04:45:00,Estella E 1106,0.0,0.0,,0.0,0.03756,,,,,,,,,,0.0,0.0
2025-09-18 04:50:00,Estella E 1106,0.0,0.0,0.0,0.0,0.037020000000000004,0.0,0.0,-1e-05,0.0,0.0,0.02215,0.0,0.06503,0.0,1e-05,0.0
2025-09-18 04:55:00,Estella E 1106,0.0,0.0,0.0,0.0,0.03689,0.0,0.0,-1e-05,0.0,0.0,0.02206,0.0,0.06462000000000001,0.0,0.0,0.0
2025-09-18 05:00:00,Estella E 1106,0.0,0.0,0.0,0.0,0.03632,0.0,0.0,-1e-05,0.0,0.0,0.02216,0.0,0.06434999999999999,0.0,0.0,0.0
2025-09-18 05:05:00,Estella E 1106,,,0.0,,,0.0,0.0,-2e-05,0.0,0.0,0.02189,0.0,0.06365,0.0,2e-05,
2025-09-18 05:10:00,Estella E 1106,0.0,0.0,0.0,0.0,0.03622,0.0,0.0,0.0,0.0,0.0,0.0436,0.0,0.12608,0.0,8e-05,0.0
2025-09-18 05:15:00,Estella E 1106,0.0,0.0,,0.0,0.00014000000000000001,,,,0.0,0.0,0.0219,0.0,0.02853,,0.0,0.0
2025-09-18 05:20:00,Estella E 1106,0.0,0.0,0.0,0.0,0.00023999999999999998,0.0,0.0,0.0,,,,,,0.0,0.0,0.0
2025-09-18 05:25:00,Estella E 1106,0.0,0.0,0.0,0.0,0.00015,0.0,0.0,0.0,0.0,0.0,0.02179,0.0,0.02852,0.0,0.0,0.0
2025-09-18 05:30:00,Estella E 1106,0.0,0.0,,0.0,0.05145,,,,,,,,,,0.0,0.0
2025-09-18 05:35:00,Estella E 1106,0.0,0.0,,0.0,0.03754,,,,,,,,,,0.0,0.0
2025-09-18 05:40:00,Estella E 1106,0.0,0.0,,0.0,0.03723,,,,,,,,,,0.0,0.0
2025-09-18 05:45:00,Estella E 1106,0.0,0.0,,0.0,0.03667,,,,,,,,,,0.0,0.0
2025-09-18 05:50:00,Estella E 1106,0.0,0.0,,0.0,0.03643,,,,,,,,,,0.0,0.0
2025-09-18 05:55:00,Estella E 1106,0.0,0.0,,0.0,0.03606,,,,,,,,,,0.0,0.0
2025-09-18 06:00:00,Estella E 1106,0.0,0.0,,0.0,0.03572,,,,,,,,,,0.0,0.0
2025-09-18 06:05:00,Estella E 1106,0.0,0.00888,,0.0,0.00015,,,,,,,,,,0.0,0.0
2025-09-18 06:10:00,Estella E 1106,0.0,0.0,0.0,0.0,0.00011,0.0,0.0,0.0,0.0,0.0,0.02116,0.0,0.02678,0.0,0.0,0.0
2025-09-18 06:15:00,Estella E 1106,0.0,0.0,0.0,0.0,0.00014000000000000001,0.0,0.0,0.0,0.0,0.0,0.02104,0.0,0.02662,0.0,0.0,0.0
2025-09-18 06:20:00,Estella E 1106,0.0,0.0,0.0,0.0,8e-05,0.0,0.0,0.0,0.0,0.0,0.020640000000000002,0.0,0.026420000000000003,0.0,0.0,0.0
2025-09-18 06:25:00,Estella E 1106,0.0,0.0,0.0,0.0,0.037020000000000004,0.0,0.0,-1e-05,0.0,0.0,0.02077,0.0,0.06236,0.0,0.0,0.0
2025-09-18 06:30:00,Estella E 1106,0.0,0.0,0.0,0.0,0.037079999999999995,0.0,0.0,0.0,0.0,0.0,0.02067,0.0,0.062490000000000004,0.0,0.0,0.0
2025-09-18 06:35:00,Estella E 1106,0.0,0.0,,0.0,0.03682,,,,,,,,,,0.0,0.0
2025-09-18 06:40:00,Estella E 1106,0.0,0.0,,0.0,0.037509999999999995,,,,0.0,0.0,0.02051,0.0,0.06256,,0.0,0.0
2025-09-18 06:45:00,Estella E 1106,0.0,0.0,,0.0,0.037469999999999996,,,,0.0,0.0,0.02077,0.0,0.06268,,0.0,0.0
2025-09-18 06:50:00,Estella E 1106,0.0,0.0,,0.0,0.03761,,,,0.0,0.0,0.0209,0.0,0.06337,,0.0,0.0
2025-09-18 06:55:00,Estella E 1106,0.0,0.0,0.0,0.0,0.03703,0.0,0.0,0.0,0.0,0.0,0.02038,0.0,0.06193,0.0,0.0,0.0
2025-09-18 07:00:00,Estella E 1106,0.0,0.0,,0.0,0.03663,,,,0.0,0.0,0.020640000000000002,0.0,0.09403,,0.0,0.0
2025-09-18 07:05:00,Estella E 1106,0.0,0.0,0.0,0.0,0.03625,0.03077,0.0,0.0,0.0,0.0,0.0205,0.0,0.09295999999999999,0.0,0.0,0.0
2025-09-18 07:10:00,Estella E 1106,0.0,0.00879,0.0,0.0,0.00016,0.03055,0.0,0.0,0.0,0.0,0.020030000000000003,0.0,0.06694,0.0,0.0,0.0
2025-09-18 07:15:00,Estella E 1106,0.0,0.00881,,0.0,0.00019,,,,,,,,,,0.0,0.0
2025-09-18 07:20:00,Estella E 1106,0.0,0.00877,,0.0,0.00014000000000000001,,,,,,,,,,0.0,0.0
2025-09-18 07:25:00,Estella E 1106,0.0,0.0087,,0.0,0.19536,,,,0.0,0.0,0.0202,0.0,0.03566,,0.0,0.0
2025-09-18 07:30:00,Estella E 1106,0.0,0.00884,,0.0,0.038939999999999995,,,,,,,,,,0.0,0.0
2025-09-18 07:35:00,Estella E 1106,0.0,0.00871,,0.0,0.039689999999999996,,,,,,,,,,0.0,0.0
2025-09-18 07:40:00,Estella E 1106,0.0,0.00871,,0.0,0.03907,,,,,,,,,,0.0,0.0
2025-09-18 07:45:00,Estella E 1106,0.0,0.00878,,0.0,0.038869999999999995,,,,,,,,,,0.0,0.0
2025-09-18 07:50:00,Estella E 1106,0.0,0.00871,0.0,0.0,0.037840000000000006,0.0,0.0,0.0,0.0,0.0,0.02028,0.0,0.07251,0.0,0.0,0.0
2025-09-18 07:55:00,Estella E 1106,0.0,0.00874,0.0,0.0,0.03724,0.0,0.0,0.0,,,,,,0.0,0.0,0.0
2025-09-18 08:00:00,Estella E 1106,0.0,0.00871,,0.0,0.037509999999999995,,,,0.0,0.0,0.019940000000000003,0.0,0.07164,,0.0,0.0
2025-09-18 08:05:00,Estella E 1106,0.0,0.0,0.0,0.0,0.037700000000000004,0.0,0.0,-1e-05,0.0,0.0,0.020239999999999998,0.0,0.07127,0.0,0.0,0.0
2025-09-18 08:10:00,Estella E 1106,0.0,0.0,,0.0,0.037509999999999995,,,,0.0,0.0,0.02052,0.0,0.06235,,0.0,0.0
2025-09-18 08:15:00,Estella E 1106,0.0,0.0,,0.0,0.03668,,,,0.0,0.0,0.02041,0.0,0.10049,,0.0,0.0
2025-09-18 08:20:00,Estella E 1106,0.0,0.00887,0.0,0.0,0.00013000000000000002,0.0,0.0,0.037630000000000004,0.0,0.0,0.02022,0.0,0.09903,0.0,0.0,0.0
2025-09-18 08:25:00,Estella E 1106,0.0,0.0,0.0,0.0,0.00016,0.0,0.0,0.03718,0.0,0.0,0.02034,0.0,0.06401000000000001,0.0,0.0,0.0
2025-09-18 08:30:00,Estella E 1106,0.0,0.0,0.0,0.0,0.00016,0.0,0.0,0.0,0.0,0.0,0.02014,0.0,0.025670000000000002,0.0,0.0,0.0
2025-09-18 08:35:00,Estella E 1106,0.0,0.0,0.0,0.0,0.00014000000000000001,0.0,0.0,0.0,0.0,0.0,0.01989,0.0,0.0255,0.0,0.0,0.0
2025-09-18 08:40:00,Estella E 1106,0.0,0.00884,,0.0,0.03726,,,,0.0,0.0,0.019960000000000002,0.0,0.0752,,0.0,0.0
2025-09-18 08:45:00,Estella E 1106,0.0,0.00883,0.0,0.0,0.038619999999999995,0.0,0.0,0.0,0.0,0.0,0.019969999999999998,0.0,0.07238,0.0,0.0,0.0
2025-09-18 08:50:00,Estella E 1106,0.0,0.03842,,0.0,0.03868,,,,0.0,0.0,0.01995,0.0,0.10279,,0.0,0.0
2025-09-18 08:55:00,Estella E 1106,0.0,0.03914,,0.0,0.03739,,,,,,,,,,0.0,0.0
2025-09-18 09:00:00,Estella E 1106,0.0,0.03875,,0.0,0.036770000000000004,,,,0.0,0.0,0.02117,0.0,0.10252,,0.0,0.0
2025-09-18 09:05:00,Estella E 1106,0.0,0.038310000000000004,,0.0,0.03643,,,,0.0,0.0,0.02056,0.0,0.10078,,0.0,0.0
2025-09-18 09:10:00,Estella E 1106,0.0,0.038090000000000006,,0.0,0.03589,,,,0.0,0.0,0.02034,0.0,0.09974,,0.0,0.0
2025-09-18 09:15:00,Estella E 1106,0.0,0.038149999999999996,0.0,0.0,0.00017999999999999998,0.0,0.0,0.0,,,,,,0.0,0.0,0.0
2025-09-18 09:20:00,Estella E 1106,2.61403,0.03735,0.040240000000000005,0.0,7.000000000000001e-05,0.0,0.0,0.0,,,,,,0.0,0.0,0.0
2025-09-18 09:25:00,Estella E 1106,2.60887,0.037340000000000005,,0.0,5.9999999999999995e-05,,,,0.0,0.0,0.0353,0.0,2.73637,,0.0,0.0
2025-09-18 09:30:00,Estella E 1106,0.0,0.038200000000000005,,0.0,0.00011999999999999999,,,,0.0,0.0,0.03572,0.0,0.11978,,0.0,0.0
2025-09-18 09:35:00,Estella E 1106,0.0,0.03804,,0.0,0.03793,,,,,,,,,,0.0,0.0
2025-09-18 09:40:00,Estella E 1106,0.0,0.038380000000000004,0.038700000000000005,0.0,0.038549999999999994,0.0,0.0,0.0,0.0,0.0,0.03581,0.0,0.15738999999999997,0.0,0.0,0.0
2025-09-18 09:45:00,Estella E 1106,0.0,0.0,0.03909000000000001,0.0,0.179,0.0,0.0,0.0,0.0,0.0,0.03606,0.0,0.29738,0.0,0.0,0.0
2025-09-18 09:50:00,Estella E 1106,0.0,0.0,,0.0,0.18037,,,,0.0,0.0,0.03686,0.0,0.2642,,0.0,0.0
2025-09-18 09:55:00,Estella E 1106,0.0,0.0,0.03964,0.0,0.18266,0.0,0.0,0.0,0.0,0.0,0.03676,0.0,0.26333999999999996,0.0,0.0,0.0
2025-09-18 10:00:00,Estella E 1106,0.0,0.0,,0.0,0.00025,,,,0.0,0.0,0.03645,0.0,0.26147000000000004,,0.0,0.0
2025-09-18 10:05:00,Estella E 1106,0.0,0.0,0.039200000000000006,0.0,0.00022,0.0,0.0,0.0,0.0,0.0,0.036469999999999995,0.0,0.08192,0.0,0.0,0.0
2025-09-18 10:10:00,Estella E 1106,0.0,0.0,0.03915999999999999,0.0,0.053219999999999996,0.0,0.0,0.0,0.0,0.0,0.0,0.0,0.09849,0.0,0.0,0.0
2025-09-18 10:15:00,Estella E 1106,0.0,0.0,0.039119999999999995,0.0,0.05258,0.0,0.0,0.03890999999999999,0.0,0.0,0.0,0.0,0.13612,0.0,0.0,0.0
2025-09-18 10:20:00,Estella E 1106,0.0,0.0,,0.0,0.05049,,,,0.0,0.0,0.0,0.0,0.13468,,0.0,0.0
2025-09-18 10:25:00,Estella E 1106,0.0,0.0,,0.0,0.049479999999999996,,,,0.0,0.0,0.0,0.0,0.13166999999999998,,0.0,0.0
2025-09-18 10:30:00,Estella E 1106,0.0,0.0,0.03890999999999999,0.0,0.048,0.0,0.0,0.037590000000000005,0.0,0.0,0.0,0.0,0.13051,0.0,0.0,0.0
2025-09-18 10:35:00,Estella E 1106,0.0,0.0,,0.0,0.046939999999999996,,,,0.0,0.0,0.0,0.0,0.12882,,0.0,0.0
2025-09-18 10:40:00,Estella E 1106,0.0,0.0,,0.0,0.04317,,,,0.0,0.0,0.0,0.0,0.12455,,0.0,0.0
2025-09-18 10:45:00,Estella E 1106,0.0,0.0,,0.0,0.04444,,,,0.0,0.0,0.0,0.0,0.12671,,0.0,0.0
2025-09-18 10:50:00,Estella E 1106,0.0,0.0,,0.0,0.04285,,,,0.0,0.0,0.0,0.0,0.1243,,0.0,0.0
2025-09-18 10:55:00,Estella E 1106,0.0,0.0,,0.0,0.04165,,,,0.0,0.0,0.0,0.0,0.12465000000000001,,0.0,0.0
2025-09-18 11:00:00,Estella E 1106,0.0,0.0,,0.0,0.04292,,,,0.0,0.0,0.0,0.0,0.1251,,0.0,0.0
2025-09-18 11:05:00,Estella E 1106,0.0,0.0,,0.0,0.0422,,,,0.0,0.0,0.0,0.0,0.12428,,0.0,0.0
2025-09-18 11:10:00,Estella E 1106,0.0,0.0,,0.0,0.0417,,,,0.0,0.0,0.0,0.0,0.12329999999999999,,0.0,0.0
2025-09-18 11:15:00,Estella E 1106,0.0,0.0,,0.0,0.04095,,,,0.0,0.0,0.0,0.0,0.12256,,0.0,0.0
2025-09-18 11:20:00,Estella E 1106,0.0,0.0,0.03890999999999999,0.0,0.04036,0.11541,0.0,0.03687,0.0,0.0,0.0,0.0,0.23638,0.0,0.0,0.0
2025-09-18 11:25:00,Estella E 1106,0.0,0.0,,0.0,0.039689999999999996,,,,0.0,0.0,0.0,0.0,0.23321,,0.0,0.0
2025-09-18 11:30:00,Estella E 1106,0.0,0.0,,0.0,0.03929,,,,0.0,0.0,0.0,0.0,0.23138999999999998,,0.0,0.0
2025-09-18 11:35:00,Estella E 1106,,,,,,,,,0.0,0.0,0.0,0.0,0.12054000000000001,,0.0,
2025-09-18 11:40:00,Estella E 1106,0.0,0.0,,0.0,0.07706,,,,0.0,0.0,0.0,0.0,0.16588,,0.0,0.0
2025-09-18 11:45:00,Estella E 1106,0.0,0.0,,0.0,0.03804,,,,0.0,0.0,0.0,0.0,0.08056999999999999,,0.0,0.0
2025-09-18 11:50:00,Estella E 1106,0.0,0.0,,0.0,0.03767,,,,0.0,0.0,0.0,0.0,0.07969,,0.0,0.0
2025-09-18 11:55:00,Estella E 1106,0.0,0.0,,0.0,0.03741,,,,0.0,0.0,0.0,0.0,0.08012999999999999,,0.0,0.0
2025-09-18 12:00:00,Estella E 1106,0.0,0.0,,0.0,0.037149999999999996,,,,0.0,0.0,0.0,0.0,0.05082,,0.0,0.0
2025-09-18 12:05:00,Estella E 1106,0.0,0.0,,0.0,0.036719999999999996,,,,0.0,0.0,0.0,0.0,0.05062,,0.0,0.0
2025-09-18 12:10:00,Estella E 1106,0.0,0.0,,0.0,0.00015,,,,0.0,0.0,0.0,0.0,0.05037,,0.0,0.0
2025-09-18 12:15:00,Estella E 1106,0.0,0.0,,0.0,0.00011,,,,0.0,0.0,0.0,0.0,0.01499,,0.0,0.0
2025-09-18 12:20:00,Estella E 1106,0.0,0.0,,0.0,0.00011,,,,0.0,0.0,0.0,0.0,0.01515,,0.0,0.0
2025-09-18 12:25:00,Estella E 1106,0.0,0.0,0.0,0.0,7.000000000000001e-05,0.0,0.0,0.00881,0.0,0.0,0.0,0.0,0.02539,0.0,1e-05,0.0
2025-09-18 12:30:00,Estella E 1106,0.0,0.0,,0.0,0.04038,,,,0.0,0.0,0.0,0.0,0.05199,,0.0,0.0
2025-09-18 12:35:00,Estella E 1106,0.0,0.0,,0.0,0.04117,,,,0.0,0.0,0.0,0.0,0.055420000000000004,,0.0,0.0
2025-09-18 12:40:00,Estella E 1106,0.0,0.0,,0.0,0.0417,,,,0.0,0.0,0.0,0.0,0.05597,,0.0,0.0
2025-09-18 12:45:00,Estella E 1106,0.0,0.0,,0.0,0.04164,,,,0.0,0.0,0.0,0.0,0.05614,,0.0,0.0
2025-09-18 12:50:00,Estella E 1106,0.0,0.0,,0.0,0.0416,,,,0.0,0.0,0.0,0.0,0.05594,,0.0,0.0
2025-09-18 12:55:00,Estella E 1106,0.0,0.0,,0.0,0.03982,,,,0.0,0.0,0.0,0.0,0.055020000000000006,,0.0,0.0
2025-09-18 13:00:00,Estella E 1106,0.0,0.0,0.0,0.0,0.038340000000000006,0.0,0.0,0.00936,0.0,0.0,0.0,0.0,0.05323,0.0,0.0,0.0
2025-09-18 13:05:00,Estella E 1106,0.0,0.0,,0.0,0.03773,,,,0.0,0.0,0.0,0.0,0.05271,,0.0,0.0
2025-09-18 13:10:00,Estella E 1106,0.0,0.0,,0.0,0.03724,,,,0.0,0.0,0.0,0.0,0.05215,,0.0,0.0
2025-09-18 13:15:00,Estella E 1106,0.0,0.0,,0.0,0.03756,,,,0.0,0.0,0.0,0.0,0.05242,,0.0,0.0
2025-09-18 13:20:00,Estella E 1106,0.0,0.0,,0.0,0.03693,,,,0.0,0.0,0.0,0.0,0.05189,,0.0,0.0
2025-09-18 13:25:00,Estella E 1106,0.0,0.0,,0.0,0.0373,,,,0.0,0.0,0.0,0.0,0.05228,,0.0,0.0
2025-09-18 13:30:00,Estella E 1106,0.0,0.0,,0.0,0.037689999999999994,,,,0.0,0.0,0.0,0.0,0.08585,,0.0,0.0
2025-09-18 13:35:00,Estella E 1106,0.0,0.0,,0.0,0.03756,,,,0.0,0.0,0.0,0.0,0.08426,,0.0,0.0
2025-09-18 13:40:00,Estella E 1106,0.0,0.0,,0.0,0.03696,,,,0.0,0.0,0.0,0.0,0.08304,,0.0,0.0
2025-09-18 13:45:00,Estella E 1106,0.0,0.0,,0.0,0.00017999999999999998,,,,0.0,0.0,0.02271,0.0,0.038700000000000005,,0.0,0.0
2025-09-18 13:50:00,Estella E 1106,0.0,0.0,,0.0,0.00026000000000000003,,,,0.0,0.0,0.02233,0.0,0.03864,,0.0,0.0
2025-09-18 13:55:00,Estella E 1106,0.0,0.0,,0.0,0.03798,,,,0.0,0.0,0.02209,0.0,0.15935,,0.0,0.0
2025-09-18 14:00:00,Estella E 1106,0.0,0.0,,0.0,0.03853,,,,0.0,0.0,0.022019999999999998,0.0,0.15552000000000002,,0.0,0.0
2025-09-18 14:05:00,Estella E 1106,0.0,0.0,,0.0,0.038799999999999994,,,,0.0,0.0,0.038869999999999995,0.0,0.17693,,0.0,0.0
2025-09-18 14:10:00,Estella E 1106,0.0,0.0,,0.0,0.00013000000000000002,,,,0.0,0.0,0.03842,0.0,0.17628,,0.0,0.0
2025-09-18 14:15:00,Estella E 1106,0.0,0.0,,0.0,0.037759999999999995,,,,0.0,0.0,0.037899999999999996,0.0,0.10790000000000001,,0.0,0.0
2025-09-18 14:20:00,Estella E 1106,0.0,0.0,,0.0,0.038200000000000005,,,,0.0,0.0,0.037689999999999994,0.0,0.09173999999999999,,0.0,0.0
2025-09-18 14:25:00,Estella E 1106,0.0,0.0,,0.0,0.036770000000000004,,,,0.0,0.0,0.03748,0.0,0.08971,,0.0,0.0
2025-09-18 14:30:00,Estella E 1106,0.0,0.0,,0.0,0.03641,,,,0.0,0.0,0.03754,0.0,0.08907,,0.0,0.0
2025-09-18 14:35:00,Estella E 1106,0.0,0.0,,0.0,0.03596,,,,0.0,0.0,0.037270000000000005,0.0,0.08572,,0.0,0.0
2025-09-18 14:40:00,Estella E 1106,0.0,0.0,,0.0,0.00011,,,,0.0,0.0,0.037090000000000005,0.0,0.0864,,0.0,0.0
2025-09-18 14:45:00,Estella E 1106,0.0,0.0,,0.0,8.999999999999999e-05,,,,0.0,0.0,0.03725,0.0,0.05192,,0.0,0.0
2025-09-18 14:50:00,Estella E 1106,0.0,0.0,,0.0,0.00013000000000000002,,,,0.0,0.0,0.03694,0.0,0.051590000000000004,,0.0,0.0
2025-09-18 14:55:00,Estella E 1106,0.0,0.0,,0.0,0.00017999999999999998,,,,0.0,0.0,0.03686,0.0,0.05116,,0.0,0.0
2025-09-18 15:00:00,Estella E 1106,0.0,0.0,,0.0,0.03811,,,,0.0,0.0,0.036950000000000004,0.0,0.09866,,0.0,0.0
2025-09-18 15:05:00,Estella E 1106,0.0,0.0,,0.0,0.03867,,,,0.0,0.0,0.037270000000000005,0.0,0.08832999999999999,,0.0,0.0
2025-09-18 15:10:00,Estella E 1106,0.0,0.0,,0.0,0.03875,,,,0.0,0.0,0.03665,0.0,0.08738,,0.0,0.0
2025-09-18 15:15:00,Estella E 1106,,,,,,,,,0.0,0.0,0.03685,0.0,0.09276999999999999,,0.0,
2025-09-18 15:20:00,Estella E 1106,0.0,0.0,,0.0,0.07618,,,,0.0,0.0,0.07374,0.0,0.15708000000000003,,0.0,0.0
2025-09-18 15:25:00,Estella E 1106,0.0,0.0,,0.0,0.03603,,,,0.0,0.0,0.03673,0.0,0.07740999999999999,,0.0,0.0
2025-09-18 15:30:00,Estella E 1106,0.0,0.0,,0.0,0.03696,,,,0.0,0.0,0.0368,0.0,0.07717,,0.0,0.0
2025-09-18 15:35:00,Estella E 1106,0.0,0.0,,0.0,0.03592,,,,0.0,0.0,0.03681,0.0,0.07756,,0.0,0.0
2025-09-18 15:40:00,Estella E 1106,,,,,,,,,0.0,0.0,0.036789999999999996,0.0,0.052,,0.0,
2025-09-18 15:45:00,Estella E 1106,0.0,0.05958,0.0,0.0,0.00026000000000000003,0.0,0.0,0.0,0.0,0.0,0.07324,0.0,0.148,0.0,0.0,0.0
2025-09-18 15:50:00,Estella E 1106,0.0,0.0,0.0,0.0,0.00013000000000000002,0.0,0.0,0.0,0.0,0.0,0.03656,0.0,0.07219,0.0,0.0,0.0
2025-09-18 15:55:00,Estella E 1106,0.0,0.0,,0.0,8.999999999999999e-05,,,,0.0,0.0,0.0,0.0,0.00613,,0.0,0.0
2025-09-18 16:00:00,Estella E 1106,,,,,,,,,0.0,0.0,0.0,0.0,0.04226,,0.0,
2025-09-18 16:05:00,Estella E 1106,0.0,0.0,,0.0,0.038009999999999995,,,,0.0,0.0,0.0,0.0,0.07740999999999999,,0.0,0.0
2025-09-18 16:10:00,Estella E 1106,0.0,0.0,,0.0,0.08055000000000001,,,,0.0,0.0,0.0,0.0,0.15586000000000003,,0.0,0.0
2025-09-18 16:15:00,Estella E 1106,0.0,0.0,,0.0,0.04033,,,,0.0,0.0,0.0,0.0,0.07814,,0.0,0.0
2025-09-18 16:20:00,Estella E 1106,0.0,0.0,,0.0,0.04009,,,,0.0,0.0,0.0,0.0,0.0783,,0.0,0.0
2025-09-18 16:25:00,Estella E 1106,0.0,0.0,,0.0,0.07483000000000001,,,,0.0,0.0,0.0,0.0,0.1507,,0.0,0.0
2025-09-18 16:30:00,Estella E 1106,,,,,,,,,0.0,0.0,0.0,0.0,0.15162,,0.0,
2025-09-18 16:35:00,Estella E 1106,0.0,0.0,,0.0,0.07225000000000001,,,,0.0,0.0,0.0,0.0,0.14830000000000002,,0.0,0.0
2025-09-18 16:40:00,Estella E 1106,0.0,0.0,,0.0,0.03561,,,,0.0,0.0,0.0,0.0,0.07318000000000001,,0.0,0.0
2025-09-18 16:45:00,Estella E 1106,0.0,0.0,,0.0,0.00016,,,,0.0,0.0,0.0,0.0,0.07934999999999999,,0.0,0.0
2025-09-18 16:50:00,Estella E 1106,0.0,0.0,0.07478,0.0,0.00013000000000000002,0.0,0.0,0.03897,0.0,0.0,0.0,0.0,0.12064,0.0,0.0,0.0
2025-09-18 16:55:00,Estella E 1106,0.0,0.0,0.07289,0.0,0.00013000000000000002,0.0,0.0,0.08399,0.0,0.0,0.0,0.0,0.16069999999999998,0.0,1e-05,0.0
2025-09-18 17:00:00,Estella E 1106,0.0,0.0,,0.0,0.03662,,,,0.0,0.0,0.03574,0.0,0.25229,,0.0,0.0
2025-09-18 17:05:00,Estella E 1106,0.0,0.0,0.033710000000000004,0.0,0.037899999999999996,0.05101,0.0,0.08236,0.0,0.0,0.03534,0.0,0.24703999999999998,0.0,0.0,0.0
2025-09-18 17:10:00,Estella E 1106,0.0,0.0,0.03358,0.0,0.03964,0.04992,0.0,0.08208,0.0,0.0,0.03508,0.0,0.24677000000000002,0.0,0.0,0.0
2025-09-18 17:15:00,Estella E 1106,0.0,0.0,,0.0,0.041350000000000005,,,,0.0,0.0,0.0,0.0,0.16291999999999998,,0.0,0.0
2025-09-18 17:20:00,Estella E 1106,0.0,0.0,0.033030000000000004,0.0,0.04131,0.0,0.0,0.038020000000000005,0.0,0.0,0.0,0.0,0.11837,0.0,0.0,0.0
2025-09-18 17:25:00,Estella E 1106,0.0,0.0,0.03357,0.0,0.041030000000000004,0.0,0.0,0.037829999999999996,0.0,0.0,0.0,0.0,0.11807,0.0,0.0,0.0
2025-09-18 17:30:00,Estella E 1106,0.0,0.0,,0.0,0.040420000000000005,,,,0.0,0.0,0.0,0.0,0.11803,,0.0,0.0
2025-09-18 17:35:00,Estella E 1106,0.0,0.0,,0.0,0.0384,,,,0.0,0.0,0.039020000000000006,0.0,0.16522,,0.0,0.0
2025-09-18 17:40:00,Estella E 1106,0.0,0.0,,0.0,0.0371,,,,0.0,0.0,0.03782,0.0,0.13028,,0.0,0.0
2025-09-18 17:45:00,Estella E 1106,0.0,0.0,,0.0,0.036340000000000004,,,,0.00956,0.0,0.08626,0.0,0.18821000000000002,,0.0,0.0
2025-09-18 17:50:00,Estella E 1106,0.0,0.0,0.03295,0.0,0.03563,0.016190000000000003,0.0,0.0,0.0,0.0,0.037399999999999996,0.0,0.12825999999999999,0.0,0.0,0.0
2025-09-18 17:55:00,Estella E 1106,0.0,0.0,,0.0,0.03529,,,,0.0,0.0,0.0375,0.0,0.12871000000000002,,0.0,0.0
2025-09-18 18:00:00,Estella E 1106,0.0,0.0,,0.0,8.999999999999999e-05,,,,0.0,0.0,0.03726,0.0,0.09441,,0.0,0.0
2025-09-18 18:05:00,Estella E 1106,0.0,0.0,,0.0,0.00011,,,,0.0,0.0,0.0,0.0,0.1009,,0.0,0.0
2025-09-18 18:10:00,Estella E 1106,0.0,0.0,,0.0,0.05054,,,,0.0,0.0,0.03555,0.0,0.13116,,0.0,0.0
2025-09-18 18:15:00,Estella E 1106,0.0,0.0,,0.0,0.038200000000000005,,,,0.0,0.0,0.0,0.0,0.13143000000000002,,0.0,0.0
2025-09-18 18:20:00,Estella E 1106,0.0,0.0,,0.0,0.038939999999999995,,,,0.00949,0.0,0.0,0.0,0.13097999999999999,,0.0,0.0
2025-09-18 18:25:00,Estella E 1106,0.0,0.0,0.03311,0.0,0.03914,0.00419,0.0,0.04296,0.00942,0.0,0.0,0.0,0.13588,0.0,0.0,0.0
2025-09-18 18:30:00,Estella E 1106,0.0,0.01775,0.03312,0.0,0.039409999999999994,0.0,0.0,0.0429,0.00939,0.0,0.0,0.0,0.13058,0.0,0.0,0.0
2025-09-18 18:35:00,Estella E 1106,0.0,0.0,0.033030000000000004,0.0,0.038939999999999995,0.0,0.0,0.04295,0.0,0.0,0.0,0.0,0.13713,0.0,0.0,0.0
2025-09-18 18:40:00,Estella E 1106,0.0,0.00885,,0.0,0.03657,,,,0.0,0.0,0.0,0.0,0.12849000000000002,,0.0,0.0
2025-09-18 18:45:00,Estella E 1106,0.0,0.00873,,0.0,0.03553,,,,0.0,0.0,0.0,0.0,0.12741,,0.0,0.0
2025-09-18 18:50:00,Estella E 1106,0.0,0.0,,0.0,0.03498,,,,0.0,0.0,0.0,0.0,0.12659,,0.0,0.0
2025-09-18 18:55:00,Estella E 1106,0.0,0.0,,0.0,8.999999999999999e-05,,,,0.0,0.0,0.0,0.0,0.08284,,0.0,0.0
2025-09-18 19:00:00,Estella E 1106,0.0,0.0,,0.0,7.000000000000001e-05,,,,0.0,0.0,0.0,0.0,0.08306000000000001,,0.0,0.0
2025-09-18 19:05:00,Estella E 1106,0.0,0.0,,0.0,8e-05,,,,0.0,0.0,0.0,0.0,0.08278,,0.0,0.0
2025-09-18 19:10:00,Estella E 1106,0.0,0.0,,0.0,0.03753,,,,0.0,0.0,0.0,0.0,0.11866,,0.0,0.0
2025-09-18 19:15:00,Estella E 1106,0.0,0.0088,,0.0,0.0381,,,,0.0,0.0,0.0,0.0,0.13028,,0.0,0.0
2025-09-18 19:20:00,Estella E 1106,0.0,0.00876,,0.0,0.03835,,,,0.0,0.0,0.0,0.0,0.1399,,0.0,0.0
2025-09-18 19:25:00,Estella E 1106,,,0.03311,,,0.00889,0.0,0.04284,0.0,0.0,0.0,0.0,0.13043000000000002,0.0,0.0,
2025-09-18 19:30:00,Estella E 1106,0.0,0.0,0.03312,0.0,0.038630000000000005,0.00875,0.0,0.04291,0.0,0.0,0.0,0.0,0.12991,0.0,0.0,0.0
2025-09-18 19:35:00,Estella E 1106,0.0,0.0,,0.0,0.07300999999999999,,,,0.0,0.0,0.0,0.0,0.25458000000000003,,0.0,0.0
2025-09-18 19:40:00,Estella E 1106,0.0,0.0,,0.0,0.03499,,,,0.0,0.0,0.0,0.0,0.1267,,0.0,0.0
2025-09-18 19:45:00,Estella E 1106,,,,,,,,,0.0,0.0,0.0,0.0,0.19488,,0.0,
2025-09-18 19:50:00,Estella E 1106,0.0,0.0,,0.0,0.00014,,,,0.0,0.0,0.0,0.0,0.49194,,0.0,0.0
2025-09-18 19:55:00,Estella E 1106,0.0,0.0,0.13631000000000001,0.0,0.00013000000000000002,0.06124,0.0,0.039850000000000003,0.0,0.0,0.0,0.0,0.24605000000000002,0.0,0.0,0.0
2025-09-18 20:05:00,Estella E 1106,0.0,0.0,,0.0,0.15594000000000002,,,,0.0,0.0,0.0,0.0,1.12214,,0.0,0.0
2025-09-18 20:10:00,Estella E 1106,0.0,0.0,0.13519,0.0,0.040159999999999994,0.09276999999999999,0.0,0.03886,0.0,0.0,0.0,0.0,0.31383,0.0,0.0,0.0
2025-09-18 20:15:00,Estella E 1106,,,0.13503,,,0.09101999999999999,0.0,0.03878,0.0,0.0,0.0,0.0,0.28144,0.0,0.0,
2025-09-18 20:20:00,Estella E 1106,0.0,0.0,0.1351,0.0,0.18766999999999998,0.059609999999999996,0.0,0.038869999999999995,0.0,0.0,0.0,0.0,0.42966000000000004,0.0,0.0,0.0
2025-09-18 20:25:00,Estella E 1106,0.0,0.0,,0.0,0.18888999999999997,,,,0.0,0.0,0.0,0.0,0.42927,,0.0,0.0
2025-09-18 20:30:00,Estella E 1106,0.0,0.0,0.13526,0.0,0.18980000000000002,0.05966,0.0,0.03889,,,,,,0.0,1e-05,0.0
2025-09-18 20:35:00,Estella E 1106,0.0,0.0,0.5405599999999999,0.0,0.38196,0.23972,0.0,0.15656,0.0,0.0,0.0,0.0,1.34846,0.0,0.0002,0.0
2025-09-18 20:40:00,Estella E 1106,,,0.13577,,,0.06025,0.0,0.03932,0.0,0.0,0.0,0.0,0.24275,0.0,0.0,
2025-09-18 20:45:00,Estella E 1106,0.0,0.0,0.27152,0.0,0.10666999999999999,0.0173,0.0,0.07862000000000001,0.0,0.0,0.0,0.0,0.74224,0.0,0.0,0.0
2025-09-18 20:50:00,Estella E 1106,0.0,0.0,0.13593,0.0,0.05693,0.1288,0.0,0.03929,0.0,0.0,0.0,0.0,0.36638,0.0,0.0,0.0
2025-09-18 20:55:00,Estella E 1106,0.0,0.0,0.10178,0.0,0.054329999999999996,0.0087,0.0,0.039240000000000004,0.0,0.0,0.0,0.0,0.21248,0.0,0.0,0.0
2025-09-18 21:05:00,Estella E 1106,0.0,0.0,0.20498,0.0,0.10452,0.01748,0.0,0.079,0.0,0.0,0.0,0.0,0.42282,0.0,0.0,0.0
2025-09-18 21:10:00,Estella E 1106,0.0,0.0,0.10177,0.0,0.052039999999999996,0.00868,0.0,0.039560000000000005,0.0,0.0,0.0,0.0,0.20908000000000002,0.0,1e-05,0.0
2025-09-18 21:15:00,Estella E 1106,0.0,0.0,0.30516,0.0,0.15546,0.026070000000000003,0.0,0.11843000000000001,0.0,0.0,0.0,0.0,0.62166,0.0,2e-05,0.0
2025-09-18 21:20:00,Estella E 1106,0.0,0.0,0.73724,0.0,0.38672,0.06956000000000001,0.0,0.15724000000000002,0.0,0.0,0.0,0.0,1.33108,0.0,0.0,0.0
2025-09-18 21:25:00,Estella E 1106,0.0,0.0,0.08125,0.0,0.046880000000000005,0.00857,0.0,0.0,0.0,0.0,0.03564,0.0,0.25604000000000005,0.0,0.0,0.0
2025-09-18 21:30:00,Estella E 1106,0.0,0.0,0.11553000000000001,0.0,0.04621,0.00869,0.0,0.04026,0.009529999999999999,0.0,0.03514,0.0,0.26438,0.0,2e-05,0.0
2025-09-18 21:35:00,Estella E 1106,,,0.11526,,,0.00868,0.0,0.04034,0.0,0.0,0.0,0.0,0.21672999999999998,0.0,1e-05,
2025-09-18 21:40:00,Estella E 1106,0.0,0.0,0.23056000000000001,0.0,0.09105,0.01728,0.0,0.08036,0.0,0.0,0.0,0.0,0.43406,0.0,0.0,0.0
2025-09-18 21:45:00,Estella E 1106,0.0,0.0,0.11526,0.0,0.04475,0.0,0.0,0.03986,0.0,0.0,0.0,0.0,0.20593,0.0,5e-05,0.0
2025-09-18 21:50:00,Estella E 1106,0.0,0.0,0.08125,0.0,0.04435,0.0,0.0,0.039909999999999994,0.0,0.0,0.0,0.0,0.20607,0.0,0.0,0.0
2025-09-18 21:55:00,Estella E 1106,0.0,0.0,0.1157,0.0,0.04401,0.0,0.0,0.040119999999999996,0.0,0.0,0.0,0.0,0.20608,0.0,2e-05,0.0
2025-09-18 22:00:00,Estella E 1106,0.0,0.0,0.08145999999999999,0.0,0.04328,0.0,0.0,0.040119999999999996,0.03379,0.0,0.0,0.0,0.20668999999999998,0.0,5e-05,0.0
2025-09-18 22:05:00,Estella E 1106,0.0,0.0,,0.0,0.04108,,,,0.0,0.0,0.0,0.0,0.17065,,0.0,0.0
2025-09-18 22:10:00,Estella E 1106,0.0,0.00886,,0.0,0.04018,,,,0.0,0.0,0.04117,0.0,0.21006,,0.0,0.0
2025-09-18 22:15:00,Estella E 1106,0.0,0.0,0.08131000000000001,0.0,0.03971,0.0,0.0,0.04008,0.0,0.0,0.0402,0.0,0.12958,0.0,5.9999999999999995e-05,0.0
2025-09-18 22:20:00,Estella E 1106,0.0,0.0,0.04369,0.0,0.038979999999999994,0.00903,0.0,0.0,0.0,0.0,0.04019,0.0,0.13934,0.0,0.0,0.0
2025-09-18 22:25:00,Estella E 1106,0.0,0.0,,0.0,0.038560000000000004,,,,0.0,0.0,0.039850000000000003,0.0,0.13685,,0.0,0.0
2025-09-18 22:30:00,Estella E 1106,0.0,0.0,,0.0,0.03823,,,,0.0,0.0,0.03975,0.0,0.13578,,0.0,0.0
2025-09-18 22:35:00,Estella E 1106,0.0,0.0,0.04293,0.0,0.03778,0.00862,0.0,0.0,0.0,0.0,0.039509999999999997,0.0,0.13608,0.0,8.999999999999999e-05,0.0
2025-09-18 22:40:00,Estella E 1106,0.0,0.0,,0.0,0.037509999999999995,,,,0.0,0.0,0.03975,0.0,0.13491,,0.0,0.0
2025-09-18 22:45:00,Estella E 1106,0.0,0.0,,0.0,0.03723,,,,0.0,0.0,0.03964,0.0,0.13447,,0.0,0.0
2025-09-18 22:50:00,Estella E 1106,0.0,0.0,,0.0,0.03723,,,,0.0,0.0,0.03968,0.0,0.09215999999999999,,0.0,0.0
2025-09-18 22:55:00,Estella E 1106,,,0.0,,,0.00871,0.0,0.0,,,,,,0.0,5e-05,
2025-09-18 23:00:00,Estella E 1106,0.0,0.0,0.0,0.0,0.14948,0.03452,0.0,0.0,0.0,0.0,0.1595,0.0,0.36482000000000003,0.0,0.0,0.0
2025-09-18 23:05:00,Estella E 1106,0.0,0.0,,0.0,0.03823,,,,0.00962,0.0,0.03968,0.0,0.10153,,0.0,0.0
2025-09-18 23:10:00,Estella E 1106,0.0,0.0,,0.0,0.03835,,,,0.0,0.0,0.039659999999999994,0.0,0.09381,,0.0,0.0
2025-09-18 23:15:00,Estella E 1106,0.0,0.0,,0.0,0.0378,,,,0.0,0.0,0.03977,0.0,0.09182,,0.0,0.0
2025-09-18 23:20:00,Estella E 1106,0.0,0.0,,0.0,0.037829999999999996,,,,0.0,0.0,0.039990000000000005,0.0,0.09185,,0.0,0.0
2025-09-18 23:25:00,Estella E 1106,0.0,0.0,0.0,0.0,0.0375,0.00866,0.0,0.0,0.0,0.0,0.039479999999999994,0.0,0.09109,0.0,0.0,0.0
2025-09-18 23:30:00,Estella E 1106,0.0,0.0,0.046560000000000004,0.0,0.036969999999999996,0.0,0.0,0.0,0.00949,0.0,0.0511,0.0,0.12455,0.0,2e-05,0.0
2025-09-18 23:35:00,Estella E 1106,,,0.02022,,,0.0,0.0,0.0,,,,,,0.0,0.0,
2025-09-18 23:40:00,Estella E 1106,,,,,,,,,0.0,0.0,0.09354000000000001,0.0,0.15394,,0.0,
2025-09-18 23:45:00,Estella E 1106,,,0.02025,,,0.0,0.0,0.0,0.0,0.0,0.09315999999999999,0.0,0.11978,0.0,0.00011,
2025-09-18 23:50:00,Estella E 1106,0.0,0.0,0.08084000000000001,0.0,0.18012,0.0,0.0,0.0,0.0,0.0,0.37157999999999997,0.0,0.62354,0.0,0.00016,0.0
2025-09-18 23:55:00,Estella E 1106,0.0,0.0,,0.0,0.039490000000000004,,,,0.0,0.0,0.09187000000000001,0.0,0.15559,,0.0,0.0
2025-09-19 00:00:00,Estella E 1106,,,0.02136,,,0.0,0.0,0.0,0.0,0.0,0.04815,0.0,0.11270000000000001,0.0,0.0,
2025-09-19 00:05:00,Estella E 1106,0.0,0.0,,0.0,0.05325,,,,0.0,0.0,0.048490000000000005,0.0,0.07501999999999999,,0.0,0.0
2025-09-19 00:10:00,Estella E 1106,,,,,,,,,0.0,0.0,0.049030000000000004,0.0,0.11364,,0.0,
2025-09-19 00:15:00,Estella E 1106,0.0,0.0,,0.0,0.039229999999999994,,,,0.0,0.0,0.049210000000000004,0.0,0.11553000000000001,,0.0,0.0
2025-09-19 00:20:00,Estella E 1106,0.0,0.0,0.020390000000000002,0.0,0.03743,0.0,0.0,0.0,0.0,0.0,0.04925,0.0,0.11258,0.0,5.9999999999999995e-05,0.0
2025-09-19 00:25:00,Estella E 1106,0.0,0.0,,0.0,0.0368,,,,0.0,0.0,0.04967,0.0,0.11399,,0.0,0.0
2025-09-19 00:30:00,Estella E 1106,0.0,0.0,,0.0,0.036340000000000004,,,,0.0,0.0,0.0495,0.0,0.11145000000000001,,0.0,0.0
2025-09-19 00:35:00,Estella E 1106,0.0,0.00876,0.02056,0.0,0.03597,0.0,0.0,0.01819,0.0,0.0,0.04952,0.0,0.14084,0.0,8e-05,0.0
2025-09-19 00:40:00,Estella E 1106,0.0,0.0,,0.0,0.00016,,,,0.0,0.0,0.04986,0.0,0.16187,,0.0,0.0
2025-09-19 00:45:00,Estella E 1106,0.0,0.0,,0.0,0.00013000000000000002,,,,0.0,0.0,0.0499,0.0,0.0843,,0.0,0.0
2025-09-19 00:50:00,Estella E 1106,0.0,0.0,,0.0,0.03868,,,,0.00949,0.0,0.04997,0.0,0.1252,,0.0,0.0
2025-09-19 00:55:00,Estella E 1106,0.0,0.0,0.0,0.0,0.04021,0.0,0.0,-5e-05,0.0,0.0,0.04982,0.0,0.09434999999999999,0.0,5e-05,0.0
2025-09-19 01:00:00,Estella E 1106,0.0,0.0,,0.0,0.04071,,,,,,,,,,0.0,0.0
2025-09-19 01:05:00,Estella E 1106,0.0,0.0,,0.0,0.04039,,,,0.0,0.0,0.05006,0.0,0.09473000000000001,,0.0,0.0
2025-09-19 01:10:00,Estella E 1106,0.0,0.0,0.0,0.0,0.04044,0.0,0.0,-1e-05,0.0,0.0,0.04994,0.0,0.09459000000000001,0.0,4e-05,0.0
2025-09-19 01:15:00,Estella E 1106,0.0,0.0,,0.0,0.03872,,,,0.0,0.0,0.05708,0.0,0.10093,,0.0,0.0
2025-09-19 01:20:00,Estella E 1106,0.0,0.0,,0.0,0.03716,,,,0.0,0.0,0.05654,0.0,0.0986,,0.0,0.0
2025-09-19 01:25:00,Estella E 1106,0.0,0.0,0.0,0.0,0.036469999999999995,0.0,0.0,-1e-05,0.0,0.0,0.05435,0.0,0.09556,0.0,0.0,0.0
2025-09-19 01:30:00,Estella E 1106,0.0,0.0,0.0,0.0,0.03589,0.0,0.0,0.0,0.0,0.0,0.03915,0.0,0.08006999999999999,0.0,0.0,0.0
2025-09-19 01:35:00,Estella E 1106,0.0,0.0,,0.0,0.00017999999999999998,,,,,,,,,,0.0,0.0
2025-09-19 01:40:00,Estella E 1106,0.0,0.0,,0.0,8.999999999999999e-05,,,,,,,,,,0.0,0.0
2025-09-19 01:45:00,Estella E 1106,0.0,0.0,,0.0,8e-05,,,,,,,,,,0.0,0.0
2025-09-19 01:50:00,Estella E 1106,0.0,0.0,,0.0,0.03805,,,,,,,,,,0.0,0.0
2025-09-19 01:55:00,Estella E 1106,0.0,0.0,,0.0,0.038079999999999996,,,,,,,,,,0.0,0.0
2025-09-19 02:00:00,Estella E 1106,0.0,0.0,,0.0,0.03904,,,,,,,,,,0.0,0.0
2025-09-19 02:05:00,Estella E 1106,0.0,0.0,,0.0,0.03915999999999999,,,,,,,,,,0.0,0.0
2025-09-19 02:10:00,Estella E 1106,0.0,0.0,,0.0,0.039240000000000004,,,,,,,,,,0.0,0.0
2025-09-19 02:15:00,Estella E 1106,0.0,0.0,,0.0,0.03719,,,,0.0,0.0,0.03939,0.0,0.08169,,0.0,0.0
2025-09-19 02:20:00,Estella E 1106,0.0,0.0,,0.0,0.03622,,,,0.0,0.0,0.03943,0.0,0.08048000000000001,,0.0,0.0
2025-09-19 02:25:00,Estella E 1106,0.0,0.0,,0.0,0.03558,,,,0.0,0.0,0.039380000000000005,0.0,0.07981999999999999,,0.0,0.0
2025-09-19 02:30:00,Estella E 1106,0.0,0.0,,0.0,8.999999999999999e-05,,,,0.0,0.0,0.039240000000000004,0.0,0.04557,,0.0,0.0
2025-09-19 02:35:00,Estella E 1106,0.0,0.0,,0.0,0.00017999999999999998,,,,0.0,0.0,0.03935,0.0,0.04599,,0.0,0.0
2025-09-19 02:40:00,Estella E 1106,0.0,0.0,,0.0,8e-05,,,,0.0,0.0,0.039409999999999994,0.0,0.045689999999999995,,0.0,0.0
2025-09-19 02:45:00,Estella E 1106,0.0,0.0,,0.0,0.05152,,,,0.0,0.0,0.039310000000000005,0.0,0.04566,,0.0,0.0
2025-09-19 02:50:00,Estella E 1106,0.0,0.0,,0.0,0.03787,,,,0.0,0.0,0.039520000000000007,0.0,0.08251,,0.0,0.0
2025-09-19 02:55:00,Estella E 1106,0.0,0.0,,0.0,0.03878,,,,0.0,0.0,0.039689999999999996,0.0,0.08314,,0.0,0.0
2025-09-19 03:00:00,Estella E 1106,0.0,0.0,,0.0,0.038799999999999994,,,,0.0,0.0,0.039509999999999997,0.0,0.08283,,0.0,0.0
2025-09-19 03:05:00,Estella E 1106,0.0,0.008960000000000001,,0.0,0.038509999999999996,,,,0.0,0.0,0.039439999999999996,0.0,0.09304000000000001,,0.0,0.0
2025-09-19 03:10:00,Estella E 1106,0.0,0.0,,0.0,0.03663,,,,0.0,0.0,0.039729999999999994,0.0,0.10248,,0.0,0.0
2025-09-19 03:15:00,Estella E 1106,0.0,0.0,,0.0,0.03581,,,,0.0,0.0,0.039880000000000006,0.0,0.10173,,0.0,0.0
2025-09-19 03:20:00,Estella E 1106,0.0,0.0,0.02045,0.0,0.00011999999999999999,0.0,0.0,0.0,0.0,0.0,0.03979,0.0,0.10075,0.0,2e-05,0.0
2025-09-19 03:25:00,Estella E 1106,0.0,0.0,,0.0,0.00011,,,,0.0,0.0,0.039689999999999996,0.0,0.06654,,0.0,0.0
2025-09-19 03:30:00,Estella E 1106,0.0,0.0,,0.0,0.00014000000000000001,,,,0.0,0.0,0.039689999999999996,0.0,0.06651,,0.0,0.0
2025-09-19 03:35:00,Estella E 1106,0.0,0.0,0.02026,0.0,0.00011,0.0,0.0,0.0,0.0,0.0,0.03984,0.0,0.06678,0.0,0.0,0.0
2025-09-19 03:40:00,Estella E 1106,0.0,0.0,,0.0,0.00146,,,,0.0,0.0,0.03979,0.0,0.06719,,0.0,0.0
2025-09-19 03:45:00,Estella E 1106,0.0,0.0,,0.0,0.039630000000000006,,,,0.0,0.0,0.03965,0.0,0.10367,,0.0,0.0
2025-09-19 03:50:00,Estella E 1106,0.0,0.0,,0.0,0.038869999999999995,,,,0.0,0.0,0.039700000000000006,0.0,0.10406,,0.0,0.0
2025-09-19 03:55:00,Estella E 1106,0.0,0.0,0.020309999999999998,0.0,0.03909000000000001,0.0,0.0,0.0,0.0,0.0,0.03977,0.0,0.10441,0.0,0.0,0.0
2025-09-19 04:00:00,Estella E 1106,0.0,0.0,0.020239999999999998,0.0,0.03909000000000001,0.0,0.0,0.0,0.0,0.0,0.039979999999999995,0.0,0.10447,0.0,0.0,0.0
2025-09-19 04:05:00,Estella E 1106,0.0,0.0,0.02018,0.0,0.037759999999999995,0.0,0.0,0.0,0.0,0.0,0.02225,0.0,0.086,0.0,2e-05,0.0
2025-09-19 04:10:00,Estella E 1106,0.0,0.0,0.02002,0.0,0.03643,0.0,0.0,0.0,0.0,0.0,0.02225,0.0,0.08425,0.0,1e-05,0.0
2025-09-19 04:15:00,Estella E 1106,0.0,0.0,,0.0,0.03573,,,,0.0,0.0,0.02234,0.0,0.08338,,0.0,0.0
2025-09-19 04:20:00,Estella E 1106,0.0,0.0,,0.0,0.00014000000000000001,,,,0.0,0.0,0.02244,0.0,0.0831,,0.0,0.0
2025-09-19 04:25:00,Estella E 1106,0.0,0.0,0.019989999999999997,0.0,0.00011999999999999999,0.0,0.0,0.0,0.0,0.0,0.02237,0.0,0.04874,0.0,5.9999999999999995e-05,0.0
2025-09-19 04:30:00,Estella E 1106,0.0,0.0,0.0201,0.0,0.00015,0.0,0.0,0.0,0.0,0.0,0.022449999999999998,0.0,0.049159999999999995,0.0,2e-05,0.0
2025-09-19 04:35:00,Estella E 1106,0.0,0.0,0.020210000000000002,0.0,0.00011,0.0,0.0,0.0,0.0,0.0,0.02258,0.0,0.049100000000000005,0.0,1e-05,0.0
2025-09-19 04:40:00,Estella E 1106,0.0,0.0,0.02016,0.0,0.037399999999999996,0.0,0.0,0.0,0.0,0.0,0.0225,0.0,0.08394,0.0,0.0,0.0
2025-09-19 04:45:00,Estella E 1106,0.0,0.0,0.02014,0.0,0.03803,0.0,0.0,0.0,0.0,0.0,0.022670000000000003,0.0,0.0859,0.0,0.0,0.0
2025-09-19 04:50:00,Estella E 1106,0.0,0.0,,0.0,0.038329999999999996,,,,0.0,0.0,0.02266,0.0,0.0865,,0.0,0.0
2025-09-19 04:55:00,Estella E 1106,0.0,0.0,,0.0,0.038619999999999995,,,,0.0,0.0,0.022600000000000002,0.0,0.08694,,0.0,0.0
2025-09-19 05:00:00,Estella E 1106,0.0,0.0,,0.0,0.0366,,,,0.0,0.0,0.02244,0.0,0.08489000000000001,,0.0,0.0
2025-09-19 05:05:00,Estella E 1106,0.0,0.0,,0.0,0.03565,,,,0.0,0.0,0.022420000000000002,0.0,0.08372,,0.0,0.0
2025-09-19 05:10:00,Estella E 1106,0.0,0.0,,0.0,0.00011999999999999999,,,,0.0,0.0,0.022359999999999998,0.0,0.08302,,0.0,0.0
2025-09-19 05:15:00,Estella E 1106,0.0,0.0,,0.0,7.000000000000001e-05,,,,0.0,0.0,0.02215,0.0,0.04822,,0.0,0.0
2025-09-19 05:20:00,Estella E 1106,0.0,0.0,,0.0,0.00013000000000000002,,,,0.0,0.0,0.02219,0.0,0.04836,,0.0,0.0
2025-09-19 05:25:00,Estella E 1106,0.0,0.0,,0.0,0.00017999999999999998,,,,0.0,0.0,0.02213,0.0,0.05842,,0.0,0.0
2025-09-19 05:30:00,Estella E 1106,0.0,0.0,,0.0,0.037399999999999996,,,,0.0,0.0,0.02213,0.0,0.09537000000000001,,0.0,0.0
2025-09-19 05:35:00,Estella E 1106,0.0,0.0,0.019710000000000002,0.0,0.037829999999999996,0.0,0.0,0.0,0.0,0.0,0.02197,0.0,0.0844,0.0,0.0,0.0
2025-09-19 05:40:00,Estella E 1106,0.0,0.0,,0.0,0.038310000000000004,,,,0.0,0.0,0.02165,0.0,0.08417,,0.0,0.0
2025-09-19 05:45:00,Estella E 1106,0.0,0.0,,0.0,0.03857,,,,,,,,,,0.0,0.0
2025-09-19 05:50:00,Estella E 1106,0.0,0.0,,0.0,0.0365,,,,0.0,0.0,0.02182,0.0,0.08275,,0.0,0.0
2025-09-19 05:55:00,Estella E 1106,0.0,0.0,,0.0,0.03572,,,,0.0,0.0,0.0217,0.0,0.08184000000000001,,0.0,0.0
2025-09-19 06:00:00,Estella E 1106,0.0,0.0,0.019309999999999997,0.0,0.00013000000000000002,0.0,0.0,0.0,0.0,0.0,0.02175,0.0,0.08120999999999999,0.0,0.0,0.0
2025-09-19 06:05:00,Estella E 1106,0.0,0.0,,0.0,0.00011,,,,0.0,0.0,0.02158,0.0,0.04684000000000001,,0.0,0.0
2025-09-19 06:10:00,Estella E 1106,0.0,0.0,,0.0,0.00014000000000000001,,,,,,,,,,0.0,0.0
2025-09-19 06:15:00,Estella E 1106,0.0,0.0,0.0,0.0,0.00011,0.0,0.0,0.0,0.0,0.0,0.02144,0.0,0.037950000000000005,0.0,0.0,0.0
2025-09-19 06:20:00,Estella E 1106,0.0,0.0,,0.0,0.0378,,,,0.0,0.0,0.02142,0.0,0.07301,,0.0,0.0
2025-09-19 06:25:00,Estella E 1106,0.0,0.00871,0.0,0.0,0.039310000000000005,0.12688,0.0,0.0,0.0,0.0,0.02158,0.0,0.20276,0.0,1e-05,0.0
2025-09-19 06:30:00,Estella E 1106,0.0,0.00869,,0.0,0.03961,,,,0.0,0.0,0.02144,0.0,0.108,,0.0,0.0
2025-09-19 06:35:00,Estella E 1106,0.0,0.0086,0.0,0.0,0.039630000000000006,0.030899999999999997,0.0,0.0,0.0,0.0,0.02142,0.0,0.10734,0.0,0.0,0.0
2025-09-19 06:40:00,Estella E 1106,0.0,0.00881,0.0,0.0,0.038009999999999995,0.030879999999999998,0.0,0.0,0.0,0.0,0.02136,0.0,0.10651000000000001,0.0,0.0,0.0
2025-09-19 06:45:00,Estella E 1106,0.0,0.00876,,0.0,0.03728,,,,0.0,0.0,0.02137,0.0,0.08466,,0.0,0.0
2025-09-19 06:50:00,Estella E 1106,0.0,0.00866,,0.0,0.18766999999999998,,,,0.0,0.0,0.02158,0.0,0.237,,0.0,0.0
2025-09-19 06:55:00,Estella E 1106,0.0,0.00869,,0.0,0.18813999999999997,,,,0.0,0.0,0.02155,0.0,0.23638,,0.0,0.0
2025-09-19 07:00:00,Estella E 1106,0.0,0.00872,,0.0,0.18580000000000002,,,,0.0,0.0,0.02148,0.0,0.23514,,0.0,0.0
2025-09-19 07:05:00,Estella E 1106,0.0,0.00871,0.0,0.0,0.18336000000000002,0.01005,0.0,0.0,0.0,0.0,0.02118,0.0,0.23101,0.0,0.0,0.0
2025-09-19 07:10:00,Estella E 1106,0.0,0.00872,0.0,0.0,0.00026000000000000003,0.01,0.0,-2e-05,0.0,0.0,0.02112,0.0,0.04747,0.0,0.0,0.0
2025-09-19 07:15:00,Estella E 1106,0.0,0.0,0.0,0.0,0.0709,0.01007,0.0,0.0,0.0,0.0,0.02124,0.0,0.047909999999999994,0.0,0.0,0.0
2025-09-19 07:20:00,Estella E 1106,0.0,0.0,,0.0,0.054270000000000006,,,,0.0,0.0,0.0,0.0,0.0583,,0.0,0.0
2025-09-19 07:25:00,Estella E 1106,0.0,0.00876,0.0,0.0,0.05158,0.0,0.0,0.0,0.0,0.0,0.0,0.0,0.1896,0.0,0.0,0.0
2025-09-19 07:30:00,Estella E 1106,0.0,0.00867,,0.0,0.05005,,,,0.0,0.0,0.0,0.0,0.06492,,0.0,0.0
2025-09-19 07:35:00,Estella E 1106,0.0,0.00873,,0.0,0.0487,,,,0.0,0.0,0.0,0.0,0.06302,,0.0,0.0
2025-09-19 07:40:00,Estella E 1106,0.0,0.00869,0.0,0.0,0.04782,0.0,0.0,-1e-05,0.0,0.0,0.0,0.0,0.06243,0.0,1e-05,0.0
2025-09-19 07:45:00,Estella E 1106,2.77669,0.00879,0.0,0.0,0.04646,0.0,0.0,0.0,0.0,0.0,0.0,0.0,2.84973,0.0,0.0,0.0
2025-09-19 07:50:00,Estella E 1106,0.0,0.00869,,0.0,0.046450000000000005,,,,0.0,0.0,0.0,0.0,0.09464,,0.0,0.0
2025-09-19 07:55:00,Estella E 1106,0.0,0.0087,0.03331,0.0,0.045340000000000005,0.0,0.0,0.0,0.0,0.0,0.0,0.0,0.09355,0.0,0.0,0.0
2025-09-19 08:00:00,Estella E 1106,0.0,0.05975,,0.0,0.04446,,,,0.03302,0.0,0.0,0.0,0.17727,,0.0,0.0
2025-09-19 08:05:00,Estella E 1106,0.0,0.03007,,0.0,0.04365,,,,0.03159,0.0,0.0,0.0,0.17311,,0.0,0.0
2025-09-19 08:10:00,Estella E 1106,0.0,0.00873,,0.0,0.041299999999999996,,,,0.0,0.0,0.0,0.0,0.09025,,0.0,0.0
2025-09-19 08:15:00,Estella E 1106,0.0,0.00883,,0.0,0.04109,,,,0.0,0.0,0.0,0.0,0.0886,,0.0,0.0
2025-09-19 08:20:00,Estella E 1106,0.0,0.0,0.033030000000000004,0.0,0.040530000000000004,0.0,0.0,0.0,0.0,0.0,0.02205,0.0,0.10156,0.0,0.0,0.0
2025-09-19 08:25:00,Estella E 1106,0.0,0.0,0.03385,0.0,0.039990000000000005,0.0,0.0,0.0,0.0,0.0,0.02189,0.0,0.10104,0.0,0.0,0.0
2025-09-19 08:30:00,Estella E 1106,0.0,0.0,0.03311,0.0,0.03907,0.0,0.0,0.040619999999999996,0.0,0.0,0.0,0.0,0.11876,0.0,0.0,0.0
2025-09-19 08:35:00,Estella E 1106,0.0,0.0,,0.0,0.03867,,,,0.0,0.0,0.0,0.0,0.07764,,0.0,0.0
2025-09-19 08:40:00,Estella E 1106,0.0,0.0,0.0,0.0,0.03818,0.0,0.0,0.0,0.0,0.0,0.07869,0.0,0.12053,0.0,0.0,0.0
2025-09-19 08:45:00,Estella E 1106,0.0,0.0,0.0,0.0,0.03804,0.0,0.0,0.0,0.0,0.0,0.0798,0.0,0.12182,0.0,0.0,0.0
2025-09-19 08:50:00,Estella E 1106,0.0,0.0,,0.0,0.03737,,,,0.0,0.0,0.07953,0.0,0.12179000000000001,,0.0,0.0
2025-09-19 08:55:00,Estella E 1106,0.0,0.0,,0.0,0.037329999999999995,,,,0.0,0.0,0.07881,0.0,0.12027,,0.0,0.0
2025-09-19 09:00:00,Estella E 1106,0.0,0.0,,0.0,0.037149999999999996,,,,0.0,0.0,0.07891,0.0,0.12014,,0.0,0.0
2025-09-19 09:05:00,Estella E 1106,0.0,0.0,,0.0,0.036840000000000005,,,,0.0,0.0,0.07684999999999999,0.0,0.11805,,0.0,0.0
2025-09-19 09:10:00,Estella E 1106,0.0,0.0,0.0,0.0,0.03657,0.0,0.0,-1e-05,0.0,0.0,0.07698,0.0,0.11764,0.0,0.0,0.0
2025-09-19 09:15:00,Estella E 1106,0.0,0.0,,0.0,0.00017999999999999998,,,,0.0,0.0,0.0773,0.0,0.08275,,0.0,0.0
2025-09-19 09:20:00,Estella E 1106,0.0,0.0,,0.0,0.00015,,,,0.0,0.0,0.07751000000000001,0.0,0.08276,,0.0,0.0
2025-09-19 09:25:00,Estella E 1106,0.0,0.0,,0.0,0.00019,,,,0.0,0.0,0.07770999999999999,0.0,0.08299,,0.0,0.0
2025-09-19 09:30:00,Estella E 1106,0.0,0.0,,0.0,0.05264,,,,0.0,0.0,0.036270000000000004,0.0,0.04247,,0.0,0.0
2025-09-19 09:35:00,Estella E 1106,0.0,0.008919999999999999,,0.0,0.03875,,,,0.0,0.0,0.036090000000000004,0.0,0.08873,,0.0,0.0
2025-09-19 09:40:00,Estella E 1106,0.0,0.0,,0.0,0.03935,,,,0.0,0.0,0.036,0.0,0.07948999999999999,,0.0,0.0
2025-09-19 09:45:00,Estella E 1106,0.0,0.0,,0.0,0.03896,,,,0.0,0.0,0.03655,0.0,0.08068,,0.0,0.0
2025-09-19 09:50:00,Estella E 1106,0.0,0.0,,0.0,0.039490000000000004,,,,0.0,0.0,0.036950000000000004,0.0,0.08093,,0.0,0.0
2025-09-19 09:55:00,Estella E 1106,0.0,0.0,0.0,0.0,0.038829999999999996,0.0,0.0,0.0,0.0,0.0,0.03696,0.0,0.08031,0.0,0.0,0.0
2025-09-19 10:05:00,Estella E 1106,0.0,0.0,,0.0,0.15180000000000002,,,,0.0,0.0,0.14806,0.0,0.3994,,0.0,0.0
2025-09-19 10:10:00,Estella E 1106,0.0,0.0,,0.0,0.22577999999999998,,,,0.0,0.0,0.22283999999999998,0.0,0.72186,,0.0,0.0
2025-09-19 10:15:00,Estella E 1106,0.0,0.0,,0.0,0.03791,,,,0.0,0.0,0.03683,0.0,0.11849,,0.0,0.0
2025-09-19 10:20:00,Estella E 1106,0.0,0.0,,0.0,0.037090000000000005,,,,0.0,0.0,0.037090000000000005,0.0,0.11829,,0.0,0.0
2025-09-19 10:25:00,Estella E 1106,0.0,0.0,,0.0,0.03669,,,,0.0,0.0,0.037079999999999995,0.0,0.11771,,0.0,0.0
2025-09-19 10:30:00,Estella E 1106,0.0,0.0,,0.0,0.00011999999999999999,,,,0.0,0.0,0.03678,0.0,0.11636,,0.0,0.0
2025-09-19 10:35:00,Estella E 1106,0.0,0.0,,0.0,0.00014000000000000001,,,,0.0,0.0,0.03701,0.0,0.08148999999999999,,0.0,0.0
2025-09-19 10:40:00,Estella E 1106,0.0,0.0,,0.0,0.00013000000000000002,,,,0.0,0.0,0.03693,0.0,0.08165,,0.0,0.0
2025-09-19 10:45:00,Estella E 1106,0.0,0.0,,0.0,0.00015,,,,0.0,0.0,0.03706,0.0,0.08183,,0.0,0.0
2025-09-19 10:50:00,Estella E 1106,0.0,0.0,0.0,0.0,0.037950000000000005,0.0,0.0,0.0,0.0,0.0,0.03696,0.0,0.09431,0.0,0.0,0.0
2025-09-19 10:55:00,Estella E 1106,0.0,0.0,,0.0,0.03892,,,,0.0,0.0,0.03699,0.0,0.07995999999999999,,0.0,0.0
2025-09-19 11:00:00,Estella E 1106,0.0,0.0,0.0,0.0,0.03947,0.0,0.0,0.0,0.0,0.0,0.03749,0.0,0.08123000000000001,0.0,0.0,0.0
2025-09-19 11:05:00,Estella E 1106,0.0,0.0,0.0,0.0,0.03842,0.0,0.0,0.0,0.0,0.0,0.03675,0.0,0.08053,0.0,0.0,0.0
2025-09-19 11:10:00,Estella E 1106,0.0,0.0,,0.0,0.03764,,,,0.0,0.0,0.036789999999999996,0.0,0.07887000000000001,,0.0,0.0
2025-09-19 11:15:00,Estella E 1106,0.0,0.0,0.0,0.0,0.03699,0.0,0.0,0.0,0.0,0.0,0.03716,0.0,0.07884999999999999,0.0,0.0,0.0
2025-09-19 11:20:00,Estella E 1106,0.0,0.0,0.0,0.0,0.036719999999999996,0.0,0.0,0.0,0.0,0.0,0.03713,0.0,0.08977,0.0,0.0,0.0
2025-09-19 11:25:00,Estella E 1106,0.0,0.0,,0.0,0.037340000000000005,,,,0.0,0.0,0.03742,0.0,0.08884,,0.0,0.0
2025-09-19 11:30:00,Estella E 1106,0.0,0.0,0.00862,0.0,0.03786,0.0,0.0,0.0,0.0,0.0,0.03742,0.0,0.08878,0.0,0.0,0.0
2025-09-19 11:35:00,Estella E 1106,0.0,0.0,0.00796,0.0,0.038450000000000005,0.0,0.0,0.0,0.0,0.0,0.03757,0.0,0.08968000000000001,0.0,0.0,0.0
2025-09-19 11:40:00,Estella E 1106,0.0,0.0,,0.0,0.03746,,,,0.0,0.0,0.0376,0.0,0.08759,,0.0,0.0
2025-09-19 11:45:00,Estella E 1106,0.0,0.0,0.00758,0.0,0.03741,0.0,0.0,0.0,0.0,0.0,0.03741,0.0,0.08713,0.0,0.0,0.0
2025-09-19 11:50:00,Estella E 1106,0.0,0.0,0.00764,0.0,0.03807,0.0,0.0,0.0,0.0,0.0,0.037469999999999996,0.0,0.08732,0.0,0.0,0.0
2025-09-19 11:55:00,Estella E 1106,0.0,0.0,0.00714,0.0,0.039490000000000004,0.0,0.0,0.0,0.0,0.0,0.03755,0.0,0.08931,0.0,0.0,0.0
2025-09-19 12:00:00,Estella E 1106,0.0,0.0,,0.0,0.03882,,,,0.0,0.0,0.0,0.0,0.08526,,0.0,0.0
2025-09-19 12:05:00,Estella E 1106,0.0,0.0,,0.0,0.038630000000000005,,,,0.0,0.0,0.0,0.0,0.084,,0.0,0.0
2025-09-19 12:10:00,Estella E 1106,0.0,0.0,,0.0,0.038009999999999995,,,,0.0,0.0,0.0,0.0,0.0834,,0.0,0.0
2025-09-19 12:15:00,Estella E 1106,0.0,0.0,0.04038,0.0,0.0375,0.0,0.0,0.0,0.0,0.0,0.0,0.0,0.08336,0.0,0.0,0.0
2025-09-19 12:20:00,Estella E 1106,0.0,0.0,,0.0,0.03714,,,,0.0,0.0,0.0,0.0,0.08294,,0.0,0.0
2025-09-19 12:25:00,Estella E 1106,0.0,0.0,,0.0,0.0002,,,,0.0,0.0,0.0,0.0,0.08256999999999999,,0.0,0.0
2025-09-19 12:30:00,Estella E 1106,0.0,0.0,,0.0,0.04911,,,,0.0,0.0,0.0,0.0,0.10169,,0.0,0.0
2025-09-19 12:35:00,Estella E 1106,0.0,0.0,,0.0,0.03907,,,,0.0,0.0,0.0,0.0,0.08343,,0.0,0.0
2025-09-19 12:40:00,Estella E 1106,0.0,0.0,,0.0,0.039630000000000006,,,,0.00951,0.0,0.0,0.0,0.09401000000000001,,0.0,0.0
2025-09-19 12:45:00,Estella E 1106,0.0,0.00874,,0.0,0.03971,,,,0.00951,0.0,0.0,0.0,0.10457,,0.0,0.0
2025-09-19 12:50:00,Estella E 1106,0.0,0.0,,0.0,8.999999999999999e-05,,,,0.00943,0.0,0.0,0.0,0.06624,,0.0,0.0
2025-09-19 12:55:00,Estella E 1106,0.0,0.0,,0.0,0.03915999999999999,,,,0.00941,0.0,0.0,0.0,0.0923,,0.0,0.0
2025-09-19 13:00:00,Estella E 1106,0.0,0.0,,0.0,0.039549999999999995,,,,0.00939,0.0,0.0,0.0,0.13745,,0.0,0.0
2025-09-19 13:05:00,Estella E 1106,0.0,0.0,,0.0,0.03756,,,,0.00939,0.0,0.0,0.0,0.13537000000000002,,0.0,0.0
2025-09-19 13:10:00,Estella E 1106,0.0,0.0,,0.0,0.03666,,,,0.009349999999999999,0.0,0.0,0.0,0.18852000000000002,,0.0,0.0
2025-09-19 13:15:00,Estella E 1106,0.0,0.0,,0.0,0.03575,,,,0.009380000000000001,0.0,0.0,0.0,0.18486000000000002,,0.0,0.0
2025-09-19 13:20:00,Estella E 1106,0.0,0.0,,0.0,0.03555,,,,0.009439999999999999,0.0,0.0,0.0,0.13091,,0.0,0.0
2025-09-19 13:25:00,Estella E 1106,0.0,0.0,,0.0,0.00013000000000000002,,,,0.00932,0.0,0.0,0.0,0.09927,,0.0,0.0
2025-09-19 13:30:00,Estella E 1106,0.0,0.0,,0.0,0.00013000000000000002,,,,0.009460000000000001,0.0,0.0,0.0,0.09828,,0.0,0.0
2025-09-19 13:35:00,Estella E 1106,0.0,0.0,,0.0,0.00013000000000000002,,,,0.0,0.0,0.0,0.0,0.04348,,0.0,0.0
2025-09-19 13:40:00,Estella E 1106,0.0,0.0,0.03762,0.0,0.05003,0.0,0.0,0.0,0.0,0.0,0.0,0.0,0.04366,0.0,0.0,0.0
2025-09-19 13:45:00,Estella E 1106,0.0,0.0,,0.0,0.03822,,,,0.0,0.0,0.0,0.0,0.08104,,0.0,0.0
2025-09-19 13:50:00,Estella E 1106,0.0,0.0,0.03682,0.0,0.0386,0.0,0.0,0.0,0.0,0.0,0.0,0.0,0.04292,0.0,0.0,0.0
2025-09-19 13:55:00,Estella E 1106,0.0,0.0,0.0,0.0,0.038939999999999995,0.0,0.0,0.0,0.0,0.0,0.0,0.0,0.04337,0.0,0.0,0.0
2025-09-19 14:00:00,Estella E 1106,0.0,0.0089,,0.0,0.03735,,,,0.0,0.0,0.041409999999999995,0.0,0.08368,,0.0,0.0
2025-09-19 14:05:00,Estella E 1106,0.0,0.0,,0.0,0.0362,,,,0.0,0.0,0.0,0.0,0.04089,,0.0,0.0
2025-09-19 14:10:00,Estella E 1106,0.0,0.0,0.0,0.0,0.03566,0.0,0.0,0.0,0.0,0.0,0.0,0.0,0.03979,0.0,0.0,0.0
2025-09-19 14:15:00,Estella E 1106,0.0,0.0,0.0,0.0,8e-05,0.0,0.0,0.0,0.0,0.0,0.0,0.0,0.0053,0.0,0.0,0.0
2025-09-19 14:20:00,Estella E 1106,0.0,0.0,,0.0,0.00013000000000000002,,,,0.0,0.0,0.0,0.0,0.00534,,0.0,0.0
2025-09-19 14:25:00,Estella E 1106,0.0,0.0,,0.0,0.0002,,,,0.0,0.0,0.0,0.0,0.00534,,0.0,0.0
2025-09-19 14:30:00,Estella E 1106,0.0,0.0,0.0,0.0,7.000000000000001e-05,0.0,0.0,0.0,0.0,0.0,0.0,0.0,0.00544,0.0,0.0,0.0
2025-09-19 14:35:00,Estella E 1106,0.0,0.0,,0.0,0.037200000000000004,,,,0.0,0.0,0.0,0.0,0.04117,,0.0,0.0
2025-09-19 14:40:00,Estella E 1106,0.0,0.0,,0.0,0.03814,,,,0.0,0.0,0.0,0.0,0.0424,,0.0,0.0
2025-09-19 14:45:00,Estella E 1106,0.0,0.0,,0.0,0.038450000000000005,,,,0.0,0.0,0.0,0.0,0.04282,,0.0,0.0
2025-09-19 14:50:00,Estella E 1106,0.0,0.0,0.0,0.0,0.03775,0.0,0.0,0.0,0.0,0.0,0.0,0.0,0.04261,0.0,0.0,0.0
2025-09-19 14:55:00,Estella E 1106,0.0,0.0,,0.0,0.03641,,,,0.0,0.0,0.0,0.0,0.041100000000000005,,0.0,0.0
2025-09-19 15:00:00,Estella E 1106,0.0,0.0,,0.0,0.03556,,,,0.0,0.0,0.0,0.0,0.04008,,0.0,0.0
2025-09-19 15:05:00,Estella E 1106,0.0,0.0,,0.0,0.00020999999999999998,,,,0.0,0.0,0.0,0.0,0.00537,,0.0,0.0
2025-09-19 15:10:00,Estella E 1106,0.0,0.0,,0.0,8.999999999999999e-05,,,,0.0,0.0,0.0,0.0,0.00539,,0.0,0.0
2025-09-19 15:15:00,Estella E 1106,0.0,0.0,,0.0,0.00027,,,,0.0,0.0,0.0,0.0,0.00567,,0.0,0.0
2025-09-19 15:20:00,Estella E 1106,0.0,0.0,,0.0,8.999999999999999e-05,,,,0.0,0.0,0.0,0.0,0.00526,,0.0,0.0
2025-09-19 15:25:00,Estella E 1106,0.0,0.0,,0.0,0.037579999999999995,,,,0.0,0.0,0.0,0.0,0.040130000000000006,,0.0,0.0
2025-09-19 15:30:00,Estella E 1106,0.0,0.0,,0.0,0.038299999999999994,,,,0.0,0.0,0.0,0.0,0.04205,,0.0,0.0
2025-09-19 15:35:00,Estella E 1106,0.0,0.0,,0.0,0.038369999999999994,,,,0.0,0.0,0.039810000000000005,0.0,0.08248,,0.0,0.0
2025-09-19 15:40:00,Estella E 1106,0.0,0.0,,0.0,0.038840000000000006,,,,0.0,0.0,0.039119999999999995,0.0,0.09268000000000001,,0.0,0.0
2025-09-19 15:45:00,Estella E 1106,0.0,0.0,0.05368,0.0,0.03742,0.0,0.0,0.0,0.0,0.0,0.03917,0.0,0.13521,0.0,0.0,0.0
2025-09-19 15:50:00,Estella E 1106,0.0,0.0,,0.0,0.03693,,,,0.0,0.0,0.0579,0.0,0.15337,,0.0,0.0
2025-09-19 15:55:00,Estella E 1106,0.0,0.0,,0.0,0.03633,,,,0.0,0.0,0.02159,0.0,0.1163,,0.0,0.0
2025-09-19 16:00:00,Estella E 1106,0.0,0.0,0.05307,0.0,0.03565,0.0,0.0,0.0,0.0,0.0,0.02159,0.0,0.11555,0.0,0.0,0.0
2025-09-19 16:05:00,Estella E 1106,0.0,0.0,,0.0,0.00016,,,,0.0,0.0,0.02178,0.0,0.08154,,0.0,0.0
2025-09-19 16:10:00,Estella E 1106,0.0,0.0,,0.0,0.00015,,,,0.0,0.0,0.02185,0.0,0.08219,,0.0,0.0
2025-09-19 16:15:00,Estella E 1106,0.0,0.0,0.05421,0.0,0.00013000000000000002,0.0,0.0,0.0,0.0,0.0,0.02183,0.0,0.08174,0.0,0.0,0.0
2025-09-19 16:20:00,Estella E 1106,0.0,0.0,,0.0,0.04934,,,,0.0,0.0,0.02177,0.0,0.060270000000000004,,0.0,0.0
2025-09-19 16:25:00,Estella E 1106,0.0,0.0,0.03934,0.0,0.07644000000000001,0.0,0.0,0.0,0.0,0.0,0.04364,0.0,0.16946,0.0,0.0,0.0
2025-09-19 16:30:00,Estella E 1106,0.0,0.0,0.039060000000000004,0.0,0.07682,0.0,0.0,0.0,0.0,0.0,0.0434,0.0,0.16838,0.0,0.0,0.0
2025-09-19 16:35:00,Estella E 1106,0.0,0.0,0.019600000000000003,0.0,0.03857,0.0,0.0,0.0,0.0,0.0,0.02165,0.0,0.08451,0.0,0.0,0.0
2025-09-19 16:40:00,Estella E 1106,0.0,0.0,0.019600000000000003,0.0,0.03657,0.0,0.0,0.0,0.0,0.0,0.02175,0.0,0.0831,0.0,0.0,0.0
2025-09-19 16:45:00,Estella E 1106,0.0,0.0,,0.0,0.03562,,,,0.0,0.0,0.02173,0.0,0.08224,,0.0,0.0
2025-09-19 16:50:00,Estella E 1106,0.0,0.0,,0.0,0.03498,,,,0.0,0.0,0.02179,0.0,0.08151,,0.0,0.0
2025-09-19 16:55:00,Estella E 1106,0.0,0.0,,0.0,0.00015,,,,0.0,0.0,0.02183,0.0,0.047310000000000005,,0.0,0.0
2025-09-19 17:00:00,Estella E 1106,0.0,0.0,0.019649999999999997,0.0,0.00011999999999999999,0.0,0.0,0.0,0.0,0.0,0.02171,0.0,0.047189999999999996,0.0,0.0,0.0
2025-09-19 17:05:00,Estella E 1106,0.0,0.0,0.019559999999999998,0.0,0.00016,0.0,0.0,0.0,0.0,0.0,0.02178,0.0,0.0469,0.0,0.0,0.0
2025-09-19 17:10:00,Estella E 1106,0.0,0.00897,0.019600000000000003,0.0,0.047549999999999995,0.0,0.0,0.0,0.0,0.0,0.0218,0.0,0.05781,0.0,0.0,0.0
2025-09-19 17:15:00,Estella E 1106,0.0,0.0088,0.019489999999999997,0.0,0.03741,0.0,0.0,0.0,0.0,0.0,0.02158,0.0,0.09284,0.0,0.0,0.0
2025-09-19 17:20:00,Estella E 1106,0.0,0.0,,0.0,0.037840000000000006,,,,0.0,0.0,0.0,0.0,0.07157,,0.0,0.0
2025-09-19 17:25:00,Estella E 1106,0.0,0.0,,0.0,0.03803,,,,0.0,0.0,0.0,0.0,0.06222,,0.0,0.0
2025-09-19 17:30:00,Estella E 1106,0.0,0.0,,0.0,0.03632,,,,0.0,0.0,0.0,0.0,0.06075,,0.0,0.0
2025-09-19 17:35:00,Estella E 1106,0.0,0.0,0.01964,0.0,0.18697,0.0,0.0,0.0,0.0,0.0,0.0,0.0,0.21378999999999998,0.0,0.0,0.0
2025-09-19 17:40:00,Estella E 1106,0.0,0.0,0.019289999999999998,0.0,0.18903999999999999,0.0,0.0,0.0,0.0,0.0,0.0,0.0,0.21003,0.0,0.0,0.0
2025-09-19 17:45:00,Estella E 1106,0.0,0.008960000000000001,0.01933,0.0,0.18724000000000002,0.0,0.0,0.0,0.0,0.0,0.0,0.0,0.21080000000000002,0.0,0.0,0.0
2025-09-19 17:50:00,Estella E 1106,0.0,0.0,0.019149999999999997,0.0,0.18503,0.0,0.0,0.0,0.0,0.0,0.0,0.0,0.23875,0.0,0.0,0.0
2025-09-19 17:55:00,Estella E 1106,0.0,0.0,0.019420000000000003,0.0,0.00026000000000000003,0.01995,0.0,0.0,0.0,0.0,0.0,0.0,0.046630000000000005,0.0,0.0,0.0
2025-09-19 18:00:00,Estella E 1106,0.0,0.0,,0.0,0.05183,,,,0.0,0.0,0.0,0.0,0.15571000000000002,,0.0,0.0
2025-09-19 18:05:00,Estella E 1106,0.0,0.0,,0.0,0.05199,,,,0.0,0.0,0.0,0.0,0.25218,,0.0,0.0
2025-09-19 18:10:00,Estella E 1106,0.0,0.0,,0.0,0.05111,,,,0.0,0.0,0.0,0.0,0.23514,,0.0,0.0
2025-09-19 18:15:00,Estella E 1106,0.0,0.0,,0.0,0.0555,,,,0.0,0.0,0.0,0.0,0.2317,,0.0,0.0
2025-09-19 18:20:00,Estella E 1106,0.0,0.0,0.0,0.0,0.052039999999999996,0.0428,0.0,0.10906999999999999,0.0,0.0,0.0,0.0,0.27272,0.0,0.0,0.0
2025-09-19 18:25:00,Estella E 1106,0.0,0.0,0.0,0.0,0.05004,0.06003,0.0,0.1097,0.0,0.0,0.0,0.0,0.2265,0.0,0.0,0.0
2025-09-19 18:30:00,Estella E 1106,0.0,0.0,0.03418,0.0,0.049909999999999996,0.05679,0.0,0.10654000000000001,0.0,0.0,0.0,0.0,0.25259,0.0,1e-05,0.0
2025-09-19 18:35:00,Estella E 1106,0.0,0.0,,0.0,0.05191,,,,0.0,0.0,0.0,0.0,0.28114999999999996,,0.0,0.0
2025-09-19 18:40:00,Estella E 1106,0.0,0.0,,0.0,0.04988,,,,0.0,0.0,0.0,0.0,0.26974000000000004,,0.0,0.0
2025-09-19 18:45:00,Estella E 1106,0.0,0.0,0.14011,0.0,0.04846,0.0474,0.0,0.10667,0.0,0.0,0.0,0.0,0.35411000000000004,0.0,0.0,0.0
2025-09-19 18:50:00,Estella E 1106,0.0,0.0,,0.0,0.0475,,,,0.0,0.0,0.0,0.0,0.34887999999999997,,0.0,0.0
2025-09-19 18:55:00,Estella E 1106,0.0,0.0,0.13891,0.0,0.046590000000000006,0.04672,0.0,0.10669,0.0,0.0,0.04836,0.0,0.39407,0.0,0.0,0.0
2025-09-19 19:00:00,Estella E 1106,0.0,0.0,,0.0,0.04589,,,,0.0,0.0,0.047729999999999995,0.0,0.26553,,0.0,0.0
2025-09-19 19:05:00,Estella E 1106,0.0,0.0,0.13798,0.0,0.04514,0.00923,0.0,0.02594,0.0,0.0,0.0,0.0,0.22549,0.0,0.0,0.0
2025-09-19 19:10:00,Estella E 1106,0.0,0.0,,0.0,0.04464,,,,0.0,0.0,0.0,0.0,0.22379,,0.0,0.0
2025-09-19 19:15:00,Estella E 1106,0.0,0.0,,0.0,0.04151,,,,0.0,0.0,0.0,0.0,0.2201,,0.0,0.0
2025-09-19 19:20:00,Estella E 1106,0.0,0.0,,0.0,0.039560000000000005,,,,,,,,,,0.0,0.0
2025-09-19 19:25:00,Estella E 1106,0.0,0.0,,0.0,0.03867,,,,0.0,0.0,0.0,0.0,0.2171,,0.0,0.0
2025-09-19 19:30:00,Estella E 1106,0.0,0.0,0.13726,0.0,0.03829,0.00876,0.0,0.02435,0.0,0.0,0.0,0.0,0.21585,0.0,0.0,0.0
2025-09-19 19:35:00,Estella E 1106,0.0,0.0,,0.0,0.03791,,,,0.0,0.0,0.0,0.0,0.21528999999999998,,0.0,0.0
2025-09-19 19:40:00,Estella E 1106,0.0,0.0,,0.0,0.037509999999999995,,,,0.0,0.0,0.0,0.0,0.21499000000000001,,0.0,0.0
2025-09-19 19:45:00,Estella E 1106,0.0,0.0,,0.0,0.03724,,,,0.0,0.0,0.0,0.0,0.21463,,0.0,0.0
2025-09-19 19:50:00,Estella E 1106,0.0,0.0,,0.0,0.03689,,,,0.0,0.0,0.0,0.0,0.17084,,0.0,0.0
2025-09-19 19:55:00,Estella E 1106,0.0,0.0,,0.0,0.03817,,,,0.0,0.0,0.0,0.0,0.1365,,0.0,0.0
2025-09-19 20:00:00,Estella E 1106,0.0,0.0,0.0,0.0,0.038090000000000006,0.00866,0.0,0.08335,0.0,0.0,0.0,0.0,0.13683,0.0,0.0,0.0
2025-09-19 20:05:00,Estella E 1106,0.0,0.0,,0.0,0.037219999999999996,,,,0.0,0.0,0.0,0.0,0.13584000000000002,,0.0,0.0
2025-09-19 20:10:00,Estella E 1106,0.0,0.0,0.00114,0.0,0.036950000000000004,0.00864,0.0,0.08261,0.0,0.0,0.0,0.0,0.13466999999999998,0.0,2e-05,0.0
2025-09-19 20:15:00,Estella E 1106,0.0,0.0,,0.0,0.03666,,,,,,,,,,0.0,0.0
2025-09-19 20:20:00,Estella E 1106,0.0,0.0,,0.0,0.03602,,,,0.0,0.0,0.0,0.0,0.2044,,0.0,0.0
2025-09-19 20:25:00,Estella E 1106,0.0,0.0,0.08365,0.0,0.00014000000000000001,0.00881,0.0,0.038509999999999996,0.0,0.0,0.0,0.0,0.13854,0.0,0.0,0.0
2025-09-19 20:30:00,Estella E 1106,0.0,0.0,0.08395999999999999,0.0,0.039689999999999996,0.00868,0.0,0.03864,0.0,0.0,0.0,0.0,0.17629,0.0,0.0,0.0
2025-09-19 20:35:00,Estella E 1106,0.0,0.0,,0.0,0.038939999999999995,,,,0.0,0.0,0.0,0.0,0.17665,,0.0,0.0
2025-09-19 20:40:00,Estella E 1106,0.0,0.0,,0.0,0.03824,,,,0.0,0.0,0.0,0.0,0.17463,,0.0,0.0
2025-09-19 20:45:00,Estella E 1106,0.0,0.0,0.08174,0.0,0.03843,0.00869,0.0,0.038549999999999994,0.0,0.0,0.0,0.0,0.17393,0.0,0.0,0.0
2025-09-19 20:50:00,Estella E 1106,0.0,0.0,,0.0,0.040060000000000005,,,,0.0,0.0,0.0,0.0,0.20339,,0.0,0.0
2025-09-19 20:55:00,Estella E 1106,0.0,0.0,0.0,0.0,0.039439999999999996,0.0087,0.0,0.14824,0.0,0.0,0.0,0.0,0.21309,0.0,0.0,0.0
2025-09-19 21:00:00,Estella E 1106,0.0,0.0,,0.0,0.03977,,,,,,,,,,0.0,0.0
2025-09-19 21:05:00,Estella E 1106,0.0,0.0,,0.0,0.040530000000000004,,,,0.0,0.0,0.0,0.0,0.30271,,0.0,0.0
2025-09-19 21:10:00,Estella E 1106,0.0,0.0,,0.0,0.04204,,,,0.0,0.0,0.0,0.0,0.34747,,0.0,0.0
2025-09-19 21:15:00,Estella E 1106,0.0,0.0,,0.0,0.04212,,,,0.0,0.0,0.03605,0.0,0.25921,,0.0,0.0
2025-09-19 21:20:00,Estella E 1106,0.0,0.0,,0.0,0.04244,,,,0.0,0.0,0.03539,0.0,0.25671,,0.0,0.0
2025-09-19 21:25:00,Estella E 1106,0.0,0.0,,0.0,0.04327,,,,0.0,0.0,0.03505,0.0,0.43622000000000005,,0.0,0.0
2025-09-19 21:30:00,Estella E 1106,0.0,0.0,,0.0,0.04378,,,,0.0,0.0,0.03489,0.0,0.33438999999999997,,0.0,0.0
2025-09-19 21:35:00,Estella E 1106,0.0,0.0,,0.0,0.04285,,,,0.0,0.0,0.03474,0.0,0.32750999999999997,,0.0,0.0
2025-09-19 21:40:00,Estella E 1106,0.0,0.0,0.03318,0.0,0.04258,0.12677,0.0,0.08823,0.0,0.0,0.03477,0.0,0.33288,0.0,0.0,0.0
2025-09-19 21:45:00,Estella E 1106,0.0,0.0,0.032990000000000005,0.0,0.041960000000000004,0.12649,0.0,0.08827,0.0,0.0,0.03478,0.0,0.33312,0.0,0.0,0.0
2025-09-19 21:50:00,Estella E 1106,0.0,0.0,0.032869999999999996,0.0,0.04202,0.00879,0.0,0.0881,0.0,0.0,0.0,0.0,0.17886000000000002,0.0,0.0,0.0
2025-09-19 21:55:00,Estella E 1106,0.0,0.0089,0.032799999999999996,0.0,0.04244,0.00874,0.0,0.12908,0.0,0.0,0.0,0.0,0.22933,0.0,0.0,0.0
2025-09-19 22:00:00,Estella E 1106,0.0,0.04046,0.03263,0.0,0.0421,0.00866,0.0,0.12933,0.0,0.0,0.0,0.0,0.26187,0.0,0.0,0.0
2025-09-19 22:05:00,Estella E 1106,0.0,0.039850000000000003,0.03293,0.0,0.04149,0.0087,0.0,0.12891999999999998,0.0,0.0,0.0,0.0,0.25989999999999996,0.0,1e-05,0.0
2025-09-19 22:10:00,Estella E 1106,0.0,0.0,0.03322,0.0,0.04247,0.00864,0.0,0.17169,0.0,0.0,0.0,0.0,0.30227,0.0,0.0,0.0
2025-09-19 22:15:00,Estella E 1106,0.0,0.0,0.03295,0.0,0.04292,0.0087,0.0,0.17313,0.0,0.0,0.0,0.0,0.2652,0.0,0.0,0.0
2025-09-19 22:20:00,Estella E 1106,0.0,0.00888,0.03312,0.0,0.04142,0.00869,0.0,0.17421,0.0,0.0,0.0,0.0,0.27438999999999997,0.0,0.0,0.0
2025-09-19 22:25:00,Estella E 1106,0.0,0.0,0.04543,0.0,0.04136,0.00874,0.0,0.08849,0.0,0.0,0.0,0.0,0.19099000000000002,0.0,0.0,0.0
2025-09-19 22:30:00,Estella E 1106,0.0,0.0,0.08852,0.0,0.04076,0.00876,0.0,0.08849,0.0,0.0,0.0,0.0,0.23338,0.0,0.0,0.0
2025-09-19 22:35:00,Estella E 1106,0.0,0.0,0.08823,0.0,0.04297,0.04108,0.0,0.0882,0.0,0.0,0.0,0.0,0.2661,0.0,0.0,0.0
2025-09-19 22:40:00,Estella E 1106,0.0,0.0,0.08771,0.0,0.04236,0.0404,0.0,0.08842,0.0,0.0,0.0,0.0,0.23663,0.0,0.0,0.0
2025-09-19 22:45:00,Estella E 1106,0.0,0.0,0.08685,0.0,0.04131,0.05464,0.0,0.08837,0.0,0.0,0.0,0.0,0.27774,0.0,0.0,0.0
2025-09-19 22:50:00,Estella E 1106,0.0,0.0,0.0869,0.0,0.04089,0.04874,0.0,0.08839,0.0,0.0,0.0,0.0,0.27222,0.0,0.0,0.0
2025-09-19 22:55:00,Estella E 1106,0.0,0.0,0.07458,0.0,0.040409999999999995,0.04639,0.0,0.08834,0.0,0.0,0.0,0.0,0.22918,0.0,0.0,0.0
2025-09-19 23:00:00,Estella E 1106,0.0,0.0,0.07481,0.0,0.040060000000000005,0.00886,0.0,0.08848,0.0,0.0,0.0,0.0,0.21883000000000002,0.0,0.0,0.0
2025-09-19 23:05:00,Estella E 1106,0.0,0.0,0.04133,0.0,0.037829999999999996,0.00884,0.0,0.08849,0.0,0.0,0.0,0.0,0.18424000000000001,0.0,0.0,0.0
2025-09-19 23:10:00,Estella E 1106,0.0,0.0,0.04302,0.0,0.03603,0.00869,0.0,0.08846,0.0,0.0,0.0,0.0,0.18174,0.0,0.0,0.0
2025-09-19 23:15:00,Estella E 1106,0.0,0.0,0.041479999999999996,0.0,0.03521,0.0,0.0,0.08839,0.0,0.0,0.0,0.0,0.17103,0.0,0.0,0.0
2025-09-19 23:20:00,Estella E 1106,0.0,0.0,0.12487000000000001,0.0,0.00019,0.0,0.0,0.10149,0.0,0.0,0.0,0.0,0.24931999999999999,0.0,0.0,0.0
2025-09-19 23:25:00,Estella E 1106,0.0,0.0,0.12406,0.0,0.00013000000000000002,0.0,0.0,0.0834,0.0,0.0,0.0,0.0,0.21644999999999998,0.0,0.0,0.0
2025-09-19 23:30:00,Estella E 1106,0.0,0.0,0.12364,0.0,0.00016,0.0,0.0,0.08451,0.0,0.0,0.0,0.0,0.2149,0.0,0.0,0.0
2025-09-19 23:35:00,Estella E 1106,0.0,0.0,,0.0,0.03749,,,,0.0,0.0,0.0,0.0,0.21377000000000002,,0.0,0.0
2025-09-19 23:40:00,Estella E 1106,0.0,0.0,0.12306,0.0,0.03936,0.00917,0.0,0.07956999999999999,0.0,0.0,0.0,0.0,0.2565,0.0,0.0,0.0
2025-09-19 23:45:00,Estella E 1106,0.0,0.0,0.12317,0.0,0.03929,0.00885,0.0,0.07887999999999999,0.0,0.0,0.0,0.0,0.26044,0.0,0.0,0.0
2025-09-19 23:50:00,Estella E 1106,0.0,0.0,0.12354000000000001,0.0,0.03897,0.00868,0.0,0.0,0.0,0.0,0.035859999999999996,0.0,0.21313,0.0,5e-05,0.0
2025-09-19 23:55:00,Estella E 1106,0.0,0.0,0.12339,0.0,0.03922,0.03565,0.0,0.0,0.0,0.0,0.03527,0.0,0.24961000000000003,0.0,0.0,0.0
2025-09-20 00:00:00,Estella E 1106,0.0,0.0,0.12348999999999999,0.0,0.03865,0.0,0.0,0.0,0.0,0.0,0.03498,0.0,0.20238,0.0,0.0,0.0
2025-09-20 00:05:00,Estella E 1106,0.0,0.0,0.12340999999999999,0.0,0.038549999999999994,0.0,0.0,0.0,0.0,0.0,0.11748,0.0,0.28493,0.0,0.0,0.0
2025-09-20 00:10:00,Estella E 1106,0.0,0.0,0.12353,0.0,0.038329999999999996,0.0,0.0,0.0,0.0,0.0,0.09545000000000001,0.0,0.27123,0.0,0.0,0.0
2025-09-20 00:15:00,Estella E 1106,0.0,0.0,,0.0,0.038090000000000006,,,,0.0,0.0,0.083,0.0,0.16718,,0.0,0.0
2025-09-20 00:20:00,Estella E 1106,0.0,0.0,,0.0,0.03572,,,,0.0,0.0,0.03889,0.0,0.12229000000000001,,0.0,0.0
2025-09-20 00:25:00,Estella E 1106,0.0,0.0,,0.0,0.03438,,,,0.0,0.0,0.03892,0.0,0.12043999999999999,,0.0,0.0
2025-09-20 00:30:00,Estella E 1106,0.0,0.0,,0.0,8.999999999999999e-05,,,,0.0,0.0,0.039049999999999994,0.0,0.08718000000000001,,0.0,0.0
2025-09-20 00:35:00,Estella E 1106,0.0,0.0,0.04179,0.0,0.00011999999999999999,0.0,0.0,0.0,0.0,0.0,0.039049999999999994,0.0,0.08717,0.0,0.0,0.0
2025-09-20 00:40:00,Estella E 1106,0.0,0.0,,0.0,8.999999999999999e-05,,,,0.0,0.0,0.02205,0.0,0.07056,,0.0,0.0
2025-09-20 00:45:00,Estella E 1106,0.0,0.0,,0.0,0.05042,,,,0.0,0.0,0.022019999999999998,0.0,0.07045,,0.0,0.0
2025-09-20 00:50:00,Estella E 1106,0.0,0.0,0.041890000000000004,0.0,0.0365,0.0,0.0,0.0,0.0,0.0,0.02207,0.0,0.10552,0.0,5e-05,0.0
2025-09-20 00:55:00,Estella E 1106,0.0,0.0,,0.0,0.03749,,,,0.0,0.0,0.039420000000000004,0.0,0.12390000000000001,,0.0,0.0
2025-09-20 01:00:00,Estella E 1106,0.0,0.0,,0.0,0.03775,,,,0.0,0.0,0.039409999999999994,0.0,0.12434999999999999,,0.0,0.0
2025-09-20 01:05:00,Estella E 1106,0.0,0.0,,0.0,0.037630000000000004,,,,0.0,0.0,0.039479999999999994,0.0,0.12445,,0.0,0.0
2025-09-20 01:10:00,Estella E 1106,0.0,0.0,0.04224,0.0,0.03767,0.0,0.0,0.0,0.0,0.0,0.039450000000000006,0.0,0.12468000000000001,0.0,0.0,0.0
2025-09-20 01:15:00,Estella E 1106,0.0,0.0,,0.0,0.03768,,,,0.0,0.0,0.03939,0.0,0.12473000000000001,,0.0,0.0
2025-09-20 01:20:00,Estella E 1106,0.0,0.0,0.04211,0.0,0.036090000000000004,0.0,0.0,0.0,0.0,0.0,0.039380000000000005,0.0,0.12390000000000001,0.0,2e-05,0.0
2025-09-20 01:25:00,Estella E 1106,0.0,0.0,,0.0,0.03427,,,,0.0,0.0,0.039409999999999994,0.0,0.12143000000000001,,0.0,0.0
2025-09-20 01:30:00,Estella E 1106,0.0,0.0,,0.0,0.00011999999999999999,,,,0.0,0.0,0.03972,0.0,0.08848,,0.0,0.0
2025-09-20 01:35:00,Estella E 1106,0.0,0.0,0.04227,0.0,0.00019,0.0,0.0,0.0,0.0,0.0,0.039479999999999994,0.0,0.08838,0.0,4e-05,0.0
2025-09-20 01:40:00,Estella E 1106,0.0,0.0,0.04244,0.0,0.00011999999999999999,0.0,0.0,0.0,0.0,0.0,0.039560000000000005,0.0,0.08836,0.0,2e-05,0.0
2025-09-20 01:45:00,Estella E 1106,0.0,0.0,,0.0,0.0041600000000000005,,,,0.0,0.0,0.039729999999999994,0.0,0.13891,,0.0,0.0
2025-09-20 01:50:00,Estella E 1106,0.0,0.0,0.04246,0.0,0.03602,0.0,0.0,0.02834,0.0,0.0,0.07639,0.0,0.1891,0.0,5e-05,0.0
2025-09-20 01:55:00,Estella E 1106,0.0,0.0,,0.0,0.03735,,,,0.0,0.0,0.039700000000000006,0.0,0.15253999999999998,,0.0,0.0
2025-09-20 02:00:00,Estella E 1106,0.0,0.0,,0.0,0.037200000000000004,,,,0.0,0.0,0.03977,0.0,0.152,,0.0,0.0
2025-09-20 02:05:00,Estella E 1106,0.0,0.0,0.04253,0.0,0.03756,0.0,0.0,0.02575,,,,,,0.0,0.0,0.0
2025-09-20 02:10:00,Estella E 1106,0.0,0.0,0.0,0.0,0.037939999999999995,0.0,0.0,0.02529,0.0,0.0,0.0399,0.0,0.10859,0.0,0.0,0.0
2025-09-20 02:15:00,Estella E 1106,0.0,0.0,0.0,0.0,0.037829999999999996,0.0,0.0,0.02494,0.0,0.0,0.03975,0.0,0.10757,0.0,0.0,0.0
2025-09-20 02:20:00,Estella E 1106,0.0,0.00891,0.0,0.0,0.03488,0.0,0.0,0.02471,0.0,0.0,0.039700000000000006,0.0,0.10524,0.0,0.0,0.0
2025-09-20 02:25:00,Estella E 1106,0.0,0.0,0.0,0.0,0.00013000000000000002,0.0,0.0,0.024460000000000003,0.0,0.0,0.03978,0.0,0.07151,0.0,0.0,0.0
2025-09-20 02:30:00,Estella E 1106,0.0,0.0,0.0,0.0,8e-05,0.013609999999999999,0.0,0.0,0.0,0.0,0.051840000000000004,0.0,0.0713,0.0,0.0,0.0
2025-09-20 02:35:00,Estella E 1106,0.0,0.0,0.0,0.0,0.00011999999999999999,0.01268,0.0,0.0,0.0,0.0,0.039509999999999997,0.0,0.05858,0.0,0.0,0.0
2025-09-20 02:40:00,Estella E 1106,0.0,0.0,0.0,0.0,0.00014000000000000001,0.011710000000000002,0.0,0.0,0.0,0.0,0.03977,0.0,0.05859,0.0,8.999999999999999e-05,0.0
2025-09-20 02:45:00,Estella E 1106,0.0,0.0,0.0,0.0,0.03693,0.011640000000000001,0.0,0.0,0.0,0.0,0.03954,0.0,0.10563,0.0,4e-05,0.0
2025-09-20 02:50:00,Estella E 1106,0.0,0.0,0.0,0.0,0.03703,0.011779999999999999,0.0,0.0,0.0,0.0,0.039560000000000005,0.0,0.09420999999999999,0.0,1e-05,0.0
2025-09-20 02:55:00,Estella E 1106,0.0,0.0,0.0,0.0,0.03789,0.01174,0.0,0.0,0.0,0.0,0.039810000000000005,0.0,0.09429000000000001,0.0,0.0,0.0
2025-09-20 03:00:00,Estella E 1106,0.0,0.0,0.0,0.0,0.03791,0.011720000000000001,0.0,0.0,0.0,0.0,0.039850000000000003,0.0,0.09516,0.0,0.0,0.0
2025-09-20 03:05:00,Estella E 1106,0.0,0.0,0.0,0.0,0.037899999999999996,0.01174,0.0,0.0,0.0,0.0,0.03976,0.0,0.09511,0.0,0.0,0.0
2025-09-20 03:10:00,Estella E 1106,0.0,0.0,0.0,0.0,0.07537999999999999,0.021580000000000002,0.0,0.0,0.0,0.0,0.07918,0.0,0.18574000000000002,0.0,2e-05,0.0
2025-09-20 03:15:00,Estella E 1106,0.0,0.0,0.0,0.0,0.19869,0.009890000000000001,0.0,0.0,0.0,0.0,0.03958,0.0,0.09179999999999999,0.0,0.0,0.0
2025-09-20 03:20:00,Estella E 1106,0.0,0.0,0.0,0.0,0.19704,0.0108,0.0,0.0,0.0,0.0,0.039549999999999995,0.0,0.25294,0.0,0.0,0.0
2025-09-20 03:25:00,Estella E 1106,0.0,0.0,0.0,0.0,0.1976,0.0108,0.0,0.0,0.0,0.0,0.03961,0.0,0.25285,0.0,2e-05,0.0
2025-09-20 03:30:00,Estella E 1106,0.0,0.0,0.0,0.0,0.19801,0.011609999999999999,0.0,0.0,0.0,0.0,0.0399,0.0,0.25427,0.0,1e-05,0.0
2025-09-20 03:35:00,Estella E 1106,0.0,0.0,,0.0,0.19805,,,,0.0,0.0,0.039909999999999994,0.0,0.25476,,0.0,0.0
2025-09-20 03:40:00,Estella E 1106,0.0,0.0,,0.0,0.00014000000000000001,,,,0.0,0.0,0.039990000000000005,0.0,0.05889,,0.0,0.0
2025-09-20 03:45:00,Estella E 1106,0.0,0.0,,0.0,0.053579999999999996,,,,,,,,,,0.0,0.0
2025-09-20 03:50:00,Estella E 1106,0.0,0.0,0.0,0.0,0.05217,0.008230000000000001,0.0,0.0,0.0,0.0,0.03996,0.0,0.10598,0.0,1e-05,0.0
2025-09-20 03:55:00,Estella E 1106,0.0,0.0,0.0,0.0,0.05061,0.0069500000000000004,0.0,0.0,0.0,0.0,0.04004,0.0,0.10308,0.0,1e-05,0.0
2025-09-20 04:00:00,Estella E 1106,0.0,0.0,0.0,0.0,0.04895,0.00562,0.0,0.0,0.0,0.0,0.04004,0.0,0.10098,0.0,7.000000000000001e-05,0.0
2025-09-20 04:05:00,Estella E 1106,0.0,0.0,0.0,0.0,0.04772,0.004849999999999999,0.0,0.0,0.0,0.0,0.039979999999999995,0.0,0.0986,0.0,4e-05,0.0
2025-09-20 04:10:00,Estella E 1106,0.0,0.0,0.0,0.0,0.04636,0.0039700000000000004,0.0,0.0,0.0,0.0,0.03995,0.0,0.09637000000000001,0.0,0.0,0.0
2025-09-20 04:15:00,Estella E 1106,0.0,0.0,0.0,0.0,0.04572,0.00332,0.0,-1e-05,0.0,0.0,0.04002,0.0,0.09453,0.0,1e-05,0.0
2025-09-20 04:20:00,Estella E 1106,0.0,0.0,0.0,0.0,0.04482,0.00321,0.0,-1e-05,0.0,0.0,0.04,0.0,0.09397,0.0,0.0,0.0
2025-09-20 04:25:00,Estella E 1106,0.0,0.0,0.0,0.0,0.04426,0.0024300000000000003,0.0,0.0,0.0,0.0,0.03996,0.0,0.09254000000000001,0.0,5.9999999999999995e-05,0.0
2025-09-20 04:30:00,Estella E 1106,0.0,0.0,,0.0,0.041350000000000005,,,,0.0,0.0,0.04011,0.0,0.08946,,0.0,0.0
2025-09-20 04:35:00,Estella E 1106,0.0,0.0,0.0,0.0,0.03984,0.00126,0.0,-1e-05,,,,,,0.0,5e-05,0.0
2025-09-20 04:40:00,Estella E 1106,0.0,0.0,0.0,0.0,0.038869999999999995,0.0005,0.0,0.0,,,,,,0.0,1e-05,0.0
2025-09-20 04:45:00,Estella E 1106,0.0,0.0,,0.0,0.038579999999999996,,,,0.0,0.0,0.03982,0.0,0.08563,,0.0,0.0
2025-09-20 04:50:00,Estella E 1106,0.0,0.0,0.0,0.0,0.037880000000000004,0.00088,0.0,-2e-05,,,,,,0.0,1e-05,0.0
2025-09-20 04:55:00,Estella E 1106,0.0,0.0,0.0,0.0,0.03762,4e-05,0.0,0.0,,,,,,0.0,2e-05,0.0
2025-09-20 05:00:00,Estella E 1106,0.0,0.0,0.0,0.0,0.03719,2e-05,0.0,0.0,0.0,0.0,0.039850000000000003,0.0,0.08431,0.0,1e-05,0.0
2025-09-20 05:05:00,Estella E 1106,0.0,0.0,0.0,0.0,0.03688,0.0,0.0,-1e-05,0.0,0.0,0.03979,0.0,0.08306999999999999,0.0,1e-05,0.0
2025-09-20 05:10:00,Estella E 1106,0.0,0.0,0.0,0.0,0.03696,0.0,0.0,0.0,0.0,0.0,0.03965,0.0,0.08283,0.0,1e-05,0.0
2025-09-20 05:15:00,Estella E 1106,0.0,0.0,0.10448,0.0,0.036520000000000004,0.0,0.0,0.0,0.0,0.0,0.03918,0.0,0.11195000000000001,0.0,0.0,0.0
2025-09-20 05:20:00,Estella E 1106,0.0,0.0,0.02028,0.0,0.03614,0.0,0.0,0.0,0.0,0.0,0.03929,0.0,0.10157,0.0,1e-05,0.0
2025-09-20 05:25:00,Estella E 1106,0.0,0.0,0.0201,0.0,8e-05,0.0,0.0,0.0,0.0,0.0,0.039009999999999996,0.0,0.06592,0.0,0.0,0.0
2025-09-20 05:30:00,Estella E 1106,0.0,0.0,0.019960000000000002,0.0,7.000000000000001e-05,0.0,0.0,0.0,0.0,0.0,0.039049999999999994,0.0,0.0664,0.0,1e-05,0.0
2025-09-20 05:35:00,Estella E 1106,0.0,0.0,0.019899999999999998,0.0,0.00011,0.0,0.0,0.0,0.0,0.0,0.03897,0.0,0.06581000000000001,0.0,0.0,0.0
2025-09-20 05:40:00,Estella E 1106,0.0,0.00883,0.10346999999999999,0.0,8e-05,0.009460000000000001,0.0,0.0,0.0,0.0,0.038829999999999996,0.0,0.16894,0.0,0.0,0.0
2025-09-20 05:45:00,Estella E 1106,0.0,0.00864,0.019719999999999998,0.0,0.03798,0.008960000000000001,0.0,0.0,0.0,0.0,0.038770000000000006,0.0,0.12092,0.0,0.0,0.0
2025-09-20 05:50:00,Estella E 1106,0.0,0.00878,0.019739999999999997,0.0,0.038700000000000005,0.00882,0.0,0.0,0.0,0.0,0.038549999999999994,0.0,0.12121,0.0,0.0,0.0
2025-09-20 05:55:00,Estella E 1106,0.0,0.00872,0.01954,0.0,0.039,0.00877,0.0,0.0,0.0,0.0,0.0386,0.0,0.12179999999999999,0.0,0.0,0.0
2025-09-20 06:00:00,Estella E 1106,0.0,0.00872,0.019559999999999998,0.0,0.037840000000000006,0.00863,0.0,0.0,0.0,0.0,0.03835,0.0,0.12075,0.0,0.0,0.0
2025-09-20 06:05:00,Estella E 1106,0.0,0.0087,0.019420000000000003,0.0,0.03739,0.00868,0.0,0.0,0.0,0.0,0.03817,0.0,0.11949,0.0,0.0,0.0
2025-09-20 06:10:00,Estella E 1106,0.0,0.00865,,0.0,0.03683,,,,0.0,0.0,0.03814,0.0,0.10912000000000001,,0.0,0.0
2025-09-20 06:15:00,Estella E 1106,0.0,0.00863,,0.0,0.03669,,,,0.0,0.0,0.038060000000000004,0.0,0.10884,,0.0,0.0
2025-09-20 06:20:00,Estella E 1106,0.0,0.00876,,0.0,0.036270000000000004,,,,0.0,0.0,0.03791,0.0,0.10833,,0.0,0.0
2025-09-20 06:25:00,Estella E 1106,0.0,0.00873,,0.0,0.00013000000000000002,,,,0.0,0.0,0.03822,0.0,0.07379999999999999,,0.0,0.0
2025-09-20 06:30:00,Estella E 1106,0.0,0.00881,0.01907,0.0,0.00011999999999999999,0.0,0.0,0.0,0.0,0.0,0.037770000000000005,0.0,0.07335,0.0,0.0,0.0
2025-09-20 06:35:00,Estella E 1106,0.0,0.00879,,0.0,0.00014000000000000001,,,,0.0,0.0,0.03756,0.0,0.07284,,0.0,0.0
2025-09-20 06:40:00,Estella E 1106,0.0,0.00876,0.01896,0.0,0.00016,0.0,0.0,0.0,0.0,0.0,0.03726,0.0,0.07238,0.0,0.0,0.0
2025-09-20 06:45:00,Estella E 1106,0.0,0.0088,,0.0,0.036899999999999995,,,,0.0,0.0,0.03725,0.0,0.12158,,0.0,0.0
2025-09-20 06:50:00,Estella E 1106,0.0,0.00873,,0.0,0.0434,,,,0.0,0.0,0.03748,0.0,0.11187000000000001,,0.0,0.0
2025-09-20 06:55:00,Estella E 1106,0.0,0.00869,,0.0,0.04446,,,,0.0,0.0,0.03742,0.0,0.09581,,0.0,0.0
2025-09-20 07:00:00,Estella E 1106,0.0,0.00872,0.0,0.0,0.04392,0.0,0.0,-2e-05,0.0,0.0,0.03701,0.0,0.09498999999999999,0.0,0.0,0.0
2025-09-20 07:05:00,Estella E 1106,0.0,0.00881,0.0,0.0,0.041710000000000004,0.0,0.0,0.0,0.0,0.0,0.03729,0.0,0.09490000000000001,0.0,0.0,0.0
2025-09-20 07:10:00,Estella E 1106,0.0,0.00866,,0.0,0.0405,,,,0.0,0.0,0.037399999999999996,0.0,0.09214,,0.0,0.0
2025-09-20 07:15:00,Estella E 1106,0.0,0.0087,,0.0,0.038509999999999996,,,,0.0,0.0,0.03741,0.0,0.09062,,0.0,0.0
2025-09-20 07:20:00,Estella E 1106,0.0,0.00866,0.0,0.0,0.037950000000000005,0.0,0.0,0.0,0.0,0.0,0.037219999999999996,0.0,0.08931,0.0,0.0,0.0
2025-09-20 07:25:00,Estella E 1106,0.0,0.00879,,0.0,0.03724,,,,0.0,0.0,0.037340000000000005,0.0,0.08871,,0.0,0.0
2025-09-20 07:30:00,Estella E 1106,0.0,0.00879,0.0,0.0,0.03675,0.0,0.0,0.0,0.0,0.0,0.03721,0.0,0.08796999999999999,0.0,0.0,0.0
2025-09-20 07:35:00,Estella E 1106,0.0,0.00881,0.0,0.0,0.03641,0.0,0.0,0.0,0.0,0.0,0.03742,0.0,0.08785,0.0,0.0,0.0
2025-09-20 07:40:00,Estella E 1106,0.0,0.00885,0.0,0.0,0.0362,0.0,0.0,-7.000000000000001e-05,0.0,0.0,0.037590000000000005,0.0,0.08801,0.0,0.0,0.0
2025-09-20 07:45:00,Estella E 1106,2.74111,0.00881,,0.0,0.00014000000000000001,,,,0.0,0.0,0.03667,0.0,2.8003299999999998,,0.0,0.0
2025-09-20 07:50:00,Estella E 1106,2.7104899999999996,0.0087,0.0,0.0,5e-05,0.0,0.0,-2e-05,0.0,0.0,0.03666,0.0,2.78959,0.0,0.0,0.0
2025-09-20 07:55:00,Estella E 1106,0.0,0.00886,,0.0,0.0002,,,,0.0,0.0,0.03779,0.0,0.053130000000000004,,0.0,0.0
2025-09-20 08:00:00,Estella E 1106,0.0,0.01748,,0.0,0.05074,,,,0.0,0.0,0.037829999999999996,0.0,0.05314,,0.0,0.0
2025-09-20 08:05:00,Estella E 1106,0.0,0.0,,0.0,0.03798,,,,0.0,0.0,0.037329999999999995,0.0,0.07967,,0.0,0.0
2025-09-20 08:10:00,Estella E 1106,0.0,0.0,,0.0,0.03848,,,,0.0,0.0,0.03725,0.0,0.08047,,0.0,0.0
2025-09-20 08:15:00,Estella E 1106,0.0,0.0,,0.0,0.03807,,,,0.0,0.0,0.037880000000000004,0.0,0.08114,,0.0,0.0
2025-09-20 08:20:00,Estella E 1106,0.0,0.0,0.0,0.0,0.03728,0.0,0.0,-1e-05,0.0,0.0,0.03754,0.0,0.07961,0.0,0.0,0.0
2025-09-20 08:25:00,Estella E 1106,0.0,0.0,0.0,0.0,0.03683,0.0,0.0,0.0,0.0,0.0,0.03772,0.0,0.07919,0.0,0.0,0.0
2025-09-20 08:30:00,Estella E 1106,0.0,0.0,0.0,0.0,0.0364,0.0,0.0,-1e-05,0.0,0.0,0.037399999999999996,0.0,0.07806999999999999,0.0,0.0,0.0
2025-09-20 08:35:00,Estella E 1106,0.0,0.0,0.0,0.0,0.036,0.0,0.0,0.0,0.0,0.0,0.03666,0.0,0.07719,0.0,0.0,0.0
2025-09-20 08:40:00,Estella E 1106,0.0,0.0,0.0,0.0,0.00016,0.0,0.0,0.0,0.0,0.0,0.03687,0.0,0.04321,0.0,0.0,0.0
2025-09-20 08:45:00,Estella E 1106,0.0,0.0,0.0,0.0,0.00015,0.0,0.0,0.0,0.0,0.0,0.0366,0.0,0.04285,0.0,0.0,0.0
2025-09-20 08:50:00,Estella E 1106,0.0,0.0,0.0,0.0,0.00013000000000000002,0.0,0.0,-1e-05,0.0,0.0,0.03638,0.0,0.04263,0.0,0.0,0.0
2025-09-20 08:55:00,Estella E 1106,0.0,0.0,,0.0,0.00013000000000000002,,,,0.0,0.0,0.03635,0.0,0.04267,,0.0,0.0
2025-09-20 09:00:00,Estella E 1106,0.0,0.0,0.0,0.0,0.0376,0.0,0.0,0.0,0.0,0.0,0.03612,0.0,0.07787999999999999,0.0,0.0,0.0
2025-09-20 09:05:00,Estella E 1106,0.0,0.0,0.0,0.0,0.038439999999999995,0.0,0.0,0.0,0.0,0.0,0.035859999999999996,0.0,0.07812000000000001,0.0,0.0,0.0
2025-09-20 09:10:00,Estella E 1106,0.0,0.0,0.0,0.0,0.03787,0.0,0.0,0.0,0.0,0.0,0.03604,0.0,0.07915000000000001,0.0,0.0,0.0
2025-09-20 09:15:00,Estella E 1106,0.0,0.0,0.0,0.0,0.03731,0.0,0.0,0.0,0.0,0.0,0.03567,0.0,0.07767,0.0,0.0,0.0
2025-09-20 09:20:00,Estella E 1106,0.0,0.0,0.0,0.0,0.03693,0.0,0.0,0.0,0.0,0.0,0.03639,0.0,0.07795,0.0,0.0,0.0
2025-09-20 09:25:00,Estella E 1106,0.0,0.0,0.0,0.0,0.036590000000000004,0.0,0.0,0.0,0.0,0.0,0.03675,0.0,0.07784999999999999,0.0,0.0,0.0
2025-09-20 09:30:00,Estella E 1106,0.0,0.0,0.0,0.0,0.0361,0.0,0.0,0.0,0.0,0.0,0.03687,0.0,0.07765999999999999,0.0,0.0,0.0
2025-09-20 09:35:00,Estella E 1106,0.0,0.0,0.0,0.0,0.03668,0.0,0.0,-1e-05,0.0,0.0,0.03622,0.0,0.07770999999999999,0.0,0.0,0.0
2025-09-20 09:40:00,Estella E 1106,0.0,0.0,0.0,0.0,0.00019,0.0,0.0,0.0,0.0,0.0,0.03638,0.0,0.07737999999999999,0.0,0.0,0.0
2025-09-20 09:45:00,Estella E 1106,0.0,0.0,0.0,0.0,0.00011,0.0,0.0,0.0,0.0,0.0,0.036520000000000004,0.0,0.04282,0.0,0.0,0.0
2025-09-20 09:50:00,Estella E 1106,0.0,0.0,0.0,0.0,0.00011999999999999999,0.0,0.0,0.0,0.0,0.0,0.03632,0.0,0.04242,0.0,0.0,0.0
2025-09-20 09:55:00,Estella E 1106,0.0,0.0,0.0,0.0,0.00017999999999999998,0.0,0.0,0.0,0.0,0.0,0.03615,0.0,0.042409999999999996,0.0,0.0,0.0
2025-09-20 10:00:00,Estella E 1106,0.0,0.0,0.0,0.0,0.037469999999999996,0.0,0.0,0.0,0.0,0.0,0.03598,0.0,0.04192,0.0,0.0,0.0
2025-09-20 10:05:00,Estella E 1106,0.0,0.0,0.0,0.0,0.04081,0.0,0.0,0.0,0.0,0.0,0.03638,0.0,0.0808,0.0,0.0,0.0
2025-09-20 10:10:00,Estella E 1106,0.0,0.0,0.0,0.0,0.04347,0.0,0.0,-1e-05,0.0,0.0,0.035590000000000004,0.0,0.08162,0.0,0.0,0.0
2025-09-20 10:15:00,Estella E 1106,0.0,0.0,0.0,0.0,0.04391,0.0,0.0,0.0,0.0,0.0,0.03562,0.0,0.08368,0.0,0.0,0.0
2025-09-20 10:20:00,Estella E 1106,0.0,0.0,0.0,0.0,0.04165,0.0,0.0,0.0,0.0,0.0,0.03614,0.0,0.08255,0.0,0.0,0.0
2025-09-20 10:25:00,Estella E 1106,0.0,0.0,0.0,0.0,0.041350000000000005,0.0,0.0,0.0,0.0,0.0,0.03773,0.0,0.08370999999999999,0.0,0.0,0.0
2025-09-20 10:30:00,Estella E 1106,0.0,0.0,0.0,0.0,0.04058,0.0,0.0,0.0,0.0,0.0,0.03768,0.0,0.08433,0.0,0.0,0.0
2025-09-20 10:35:00,Estella E 1106,0.0,0.0,0.0,0.0,0.038759999999999996,0.0,0.0,0.0,0.0,0.0,0.037200000000000004,0.0,0.08075,0.0,0.0,0.0
2025-09-20 10:40:00,Estella E 1106,0.0,0.0,0.0,0.0,0.03798,0.0,0.0,0.0,0.0,0.0,0.03756,0.0,0.08063,0.0,0.0,0.0
2025-09-20 10:45:00,Estella E 1106,0.0,0.00878,0.0,0.0,0.03729,0.0,0.0,0.0,0.0,0.0,0.03743,0.0,0.07966,0.0,0.0,0.0
2025-09-20 10:50:00,Estella E 1106,0.0,0.0,0.0,0.0,0.036969999999999996,0.0,0.0,0.0,0.0,0.0,0.0376,0.0,0.07916,0.0,1e-05,0.0
2025-09-20 10:55:00,Estella E 1106,0.0,0.03091,0.0,0.0,0.0365,0.0,0.0,0.0,0.0,0.0,0.03761,0.0,0.08843999999999999,0.0,0.0,0.0
2025-09-20 11:00:00,Estella E 1106,0.0,0.02966,0.0,0.0,0.038880000000000005,0.0,0.0,0.0,0.0,0.0,0.03775,0.0,0.10992,0.0,0.0,0.0
2025-09-20 11:05:00,Estella E 1106,0.0,0.02896,0.0,0.0,0.037939999999999995,0.0,0.0,0.0,0.0,0.0,0.03735,0.0,0.10998999999999999,0.0,0.0,0.0
2025-09-20 11:10:00,Estella E 1106,0.0,0.02896,0.0,0.0,0.03761,0.0,0.0,0.0,0.0,0.0,0.03686,0.0,0.10812999999999999,0.0,0.0,0.0
2025-09-20 11:15:00,Estella E 1106,0.0,0.0,0.0,0.0,0.03683,0.0,0.0,0.0,0.0,0.0,0.0376,0.0,0.10864,0.0,0.0,0.0
2025-09-20 11:20:00,Estella E 1106,0.0,0.0,0.019420000000000003,0.0,0.00019,0.0,0.0,0.0,0.0,0.0,0.037700000000000004,0.0,0.06322,0.0,0.0,0.0
2025-09-20 11:25:00,Estella E 1106,0.0,0.00884,0.019309999999999997,0.0,0.00011,0.0,0.0,0.0,,,,,,0.0,0.0,0.0
2025-09-20 11:30:00,Estella E 1106,0.0,0.0,,0.0,0.00013000000000000002,,,,0.0,0.0,0.0371,0.0,2.9026300000000003,,2.84015,0.0
2025-09-20 11:35:00,Estella E 1106,0.0,0.0,,0.0,0.04882,,,,0.0,0.0,0.03868,0.0,0.06469,,0.0,0.0
2025-09-20 11:40:00,Estella E 1106,0.0,0.0,0.019719999999999998,0.0,0.03915,0.0,0.0,0.0,0.0,0.0,0.037689999999999994,0.0,0.10038,0.0,0.0,0.0
2025-09-20 11:45:00,Estella E 1106,0.0,0.0,0.03888,0.0,0.07962000000000001,0.0,0.0,0.0,0.0,0.0,0.0,0.0,0.12886,0.0,0.0,0.0
2025-09-20 11:50:00,Estella E 1106,0.0,0.0,0.01967,0.0,0.03972,0.0,0.0,0.0,0.0,0.0,0.0,0.0,0.0644,0.0,0.0,0.0
2025-09-20 11:55:00,Estella E 1106,0.0,0.0,0.019100000000000002,0.0,0.03811,0.0,0.0,0.0,0.0,0.0,0.0,0.0,2.94298,0.0,2.88036,0.0
2025-09-20 12:00:00,Estella E 1106,0.0,0.0,0.01968,0.0,0.039700000000000006,0.0,0.0,0.0,0.0,0.0,0.0,0.0,0.06347,0.0,1e-05,0.0
2025-09-20 12:05:00,Estella E 1106,0.0,0.0,0.019690000000000003,0.0,0.038380000000000004,0.0,0.0,0.0,0.0,0.0,0.0,0.0,0.04302,0.0,0.0,0.0
2025-09-20 12:10:00,Estella E 1106,0.0,0.0,0.0,0.0,0.037689999999999994,0.0,0.0,0.0,0.0,0.0,0.0,0.0,0.04244,0.0,4e-05,0.0
2025-09-20 12:15:00,Estella E 1106,0.0,0.0,0.0,0.0,0.03701,0.0,0.0,0.0,0.0,0.0,0.0,0.0,0.04164,0.0,0.0,0.0
2025-09-20 12:20:00,Estella E 1106,0.0,0.0,,0.0,0.03764,,,,0.0,0.0,0.0,0.0,0.04077,,0.0,0.0
2025-09-20 12:25:00,Estella E 1106,0.0,0.0,,0.0,0.03728,,,,0.0,0.0,0.0,0.0,0.04168,,0.0,0.0
2025-09-20 12:30:00,Estella E 1106,0.0,0.0,,0.0,0.03739,,,,0.0,0.0,0.0,0.0,0.041729999999999996,,0.0,0.0
2025-09-20 12:35:00,Estella E 1106,0.0,0.0,,0.0,0.03655,,,,0.0,0.0,0.0,0.0,0.04154,,0.0,0.0
2025-09-20 12:40:00,Estella E 1106,0.0,0.0,,0.0,0.00011999999999999999,,,,0.0,0.0,0.0,0.0,0.04038,,0.0,0.0
2025-09-20 12:45:00,Estella E 1106,0.0,0.0,,0.0,0.00011999999999999999,,,,0.0,0.0,0.00735,0.0,0.01332,,0.0,0.0
2025-09-20 12:50:00,Estella E 1106,0.0,0.0,,0.0,0.00015,,,,0.0,0.0,0.040299999999999996,0.0,0.046689999999999995,,0.0,0.0
2025-09-20 12:55:00,Estella E 1106,0.0,0.0,0.0,0.0,0.00015,0.0,0.0,0.0,0.0,0.0,0.040369999999999996,0.0,0.046770000000000006,0.0,0.0,0.0
2025-09-20 13:00:00,Estella E 1106,0.0,0.0,,0.0,0.03756,,,,0.0,0.0,0.04084,0.0,0.09651,,0.0,0.0
2025-09-20 13:05:00,Estella E 1106,0.0,0.00877,0.0,0.0,0.0384,0.0,0.0,-5.9999999999999995e-05,0.0,0.0,0.04077,0.0,0.08364,0.0,4e-05,0.0
2025-09-20 13:10:00,Estella E 1106,0.0,0.0,,0.0,0.03915,,,,0.0,0.0,0.0,0.0,0.09720000000000001,,0.0,0.0
2025-09-20 13:15:00,Estella E 1106,0.0,0.0,0.0,0.0,0.03904,0.05006,0.0,0.0,0.0,0.0,0.0,0.0,0.09451999999999999,0.0,2e-05,0.0
2025-09-20 13:20:00,Estella E 1106,0.0,0.0,0.0,0.0,0.0378,0.047810000000000005,0.0,-1e-05,0.0,0.0,0.0,0.0,0.09146,0.0,0.0,0.0
2025-09-20 13:25:00,Estella E 1106,0.0,0.0,,0.0,0.03803,,,,0.0,0.0,0.0,0.0,0.08525,,0.0,0.0
2025-09-20 13:30:00,Estella E 1106,0.0,0.0,0.0,0.0,0.037340000000000005,0.011779999999999999,0.0,0.0,0.0,0.0,0.0,0.0,0.053579999999999996,0.0,2e-05,0.0
2025-09-20 13:35:00,Estella E 1106,0.0,0.0,0.0,0.0,0.03721,0.00398,0.0,0.0,0.0,0.0,0.0,0.0,0.046630000000000005,0.0,0.0,0.0
2025-09-20 13:40:00,Estella E 1106,0.0,0.0,0.0,0.0,0.03908,0.00414,0.0,0.0,0.0,0.0,0.0,0.0,0.04765,0.0,2e-05,0.0
2025-09-20 13:45:00,Estella E 1106,0.0,0.0,0.0,0.0,0.039509999999999997,0.00466,0.0,0.0,0.0,0.0,0.0,0.0,0.04942,0.0,0.0,0.0
2025-09-20 13:50:00,Estella E 1106,0.0,0.0,0.0,0.0,0.03757,0.00524,0.0,0.0,0.0,0.0,0.0,0.0,0.04765,0.0,0.0,0.0
2025-09-20 13:55:00,Estella E 1106,0.0,0.0,0.0,0.0,0.18921000000000002,0.0,0.0,0.0,0.0,0.0,0.0,0.0,0.19443000000000002,0.0,0.0,0.0
2025-09-20 14:00:00,Estella E 1106,0.0,0.0,0.0,0.0,0.19004,0.0,0.0,0.0,0.0,0.0,0.0,0.0,0.19536,0.0,0.0,0.0
2025-09-20 14:05:00,Estella E 1106,0.0,0.00885,,0.0,0.18928,,,,0.0,0.0,0.0,0.0,0.19434,,0.0,0.0
2025-09-20 14:10:00,Estella E 1106,0.0,0.0,0.0,0.0,0.18697,0.0,0.0,0.0,0.0,0.0,0.0,0.0,0.19259,0.0,1e-05,0.0
2025-09-20 14:15:00,Estella E 1106,0.0,0.0,0.033460000000000004,0.0,0.00014000000000000001,0.00547,0.0,0.03995,0.0,0.0,0.0,0.0,0.0862,0.0,0.0,0.0
2025-09-20 14:20:00,Estella E 1106,0.0,0.00898,,0.0,0.05012,,,,0.0,0.0,0.0,0.0,0.08273,,0.0,0.0
2025-09-20 14:25:00,Estella E 1106,0.0,0.0,0.09779,0.0,0.0519,0.00213,0.0,0.03890999999999999,0.0,0.0,0.0,0.0,0.20545,0.0,0.0,0.0
2025-09-20 14:30:00,Estella E 1106,0.0,0.0,0.09326999999999999,0.0,0.05058,0.0014,0.0,0.03853,0.0,0.0,0.0,0.0,0.19361,0.0,0.0,0.0
2025-09-20 14:35:00,Estella E 1106,0.0,0.0,0.09475,0.0,0.04994,0.00049,0.0,0.038509999999999996,0.0,0.0,0.0,0.0,0.19177000000000002,0.0,0.0,0.0
2025-09-20 14:40:00,Estella E 1106,0.0,0.0,0.09848,0.0,0.048350000000000004,5e-05,0.0,0.03823,0.0,0.0,0.0,0.0,0.19331,0.0,0.0,0.0
2025-09-20 14:45:00,Estella E 1106,0.0,0.0,0.09334,0.0,0.046990000000000004,0.0,0.0,0.03816,0.0,0.0,0.0,0.0,0.18397999999999998,0.0,0.0,0.0
2025-09-20 14:50:00,Estella E 1106,0.0,0.0,0.08231999999999999,0.0,0.04568,0.00027,0.0,0.038009999999999995,0.0,0.0,0.0,0.0,0.17203,0.0,0.0,0.0
2025-09-20 14:55:00,Estella E 1106,0.0,0.0,0.08118,0.0,0.04467,0.0030800000000000003,0.0,0.03796,0.0,0.0,0.0,0.0,0.17012,0.0,1e-05,0.0
2025-09-20 15:00:00,Estella E 1106,0.0,0.0,0.07647,0.0,0.04397,0.0,0.0,0.037649999999999996,0.0,0.0,0.0,0.0,0.16069,0.0,0.0,0.0
2025-09-20 15:05:00,Estella E 1106,0.0,0.0,,0.0,0.044789999999999996,,,,0.0,0.0,0.0,0.0,0.15732,,0.0,0.0
2025-09-20 15:10:00,Estella E 1106,0.0,0.0,,0.0,0.04217,,,,0.0,0.0,0.0,0.0,0.16358,,0.0,0.0
2025-09-20 15:15:00,Estella E 1106,0.0,0.0,0.02646,0.0,0.04155,0.0,0.0,0.03779,0.0,0.0,0.0,0.0,0.11464,0.0,0.0,0.0
2025-09-20 15:20:00,Estella E 1106,0.0,0.0,0.02541,0.0,0.04025,0.0,0.0,0.0381,0.0,0.0,0.0,0.0,0.11966,0.0,0.0,0.0
2025-09-20 15:25:00,Estella E 1106,0.0,0.0,0.019010000000000003,0.0,0.039509999999999997,0.0,0.0,0.037520000000000005,0.0,0.0,0.0,0.0,0.10407999999999999,0.0,0.0,0.0
2025-09-20 15:30:00,Estella E 1106,0.0,0.0,0.0,0.0,0.03911,0.0,0.0,0.03744,0.0,0.0,0.0,0.0,0.08233,0.0,0.0,0.0
2025-09-20 15:35:00,Estella E 1106,0.0,0.0,0.0,0.0,0.03929,0.0,0.0,0.03754,0.0,0.0,0.0,0.0,0.08147,0.0,0.0,0.0
2025-09-20 15:40:00,Estella E 1106,0.0,0.0,0.0,0.0,0.03954,0.0,0.0,0.03714,0.0,0.0,0.0,0.0,0.08188,0.0,0.0,0.0
2025-09-20 15:45:00,Estella E 1106,0.0,0.0,,0.0,0.03909000000000001,,,,0.0,0.0,0.0,0.0,0.08163,,0.0,0.0
2025-09-20 15:50:00,Estella E 1106,0.0,0.0,,0.0,0.03853,,,,0.0,0.0,0.0,0.0,0.0813,,0.0,0.0
2025-09-20 15:55:00,Estella E 1106,0.0,0.0,0.0,0.0,0.03817,0.0,0.0,0.03711,0.0,0.0,0.0,0.0,0.08028,0.0,0.0,0.0
2025-09-20 16:00:00,Estella E 1106,0.0,0.0,,0.0,0.03761,,,,0.0,0.0,0.0,0.0,0.07998999999999999,,0.0,0.0
2025-09-20 16:05:00,Estella E 1106,0.0,0.0,0.0,0.0,0.03726,0.0,0.0,0.03749,0.0,0.0,0.0,0.0,0.07986,0.0,0.0,0.0
2025-09-20 16:10:00,Estella E 1106,0.0,0.0,0.0,0.0,0.036950000000000004,0.0,0.0,0.037200000000000004,0.0,0.0,0.0,0.0,0.07981999999999999,0.0,0.0,0.0
2025-09-20 16:15:00,Estella E 1106,0.0,0.0,0.0,0.0,0.03666,0.0,0.0,0.03741,0.0,0.0,0.0,0.0,0.07926000000000001,0.0,0.0,0.0
2025-09-20 16:20:00,Estella E 1106,0.0,0.0,0.0,0.0,0.00011999999999999999,0.0,0.0,0.03748,0.0,0.0,0.0,0.0,0.04421,0.0,0.0,0.0
2025-09-20 16:25:00,Estella E 1106,0.0,0.0,0.0,0.0,0.00023,0.0,0.0,0.07432,0.0,0.0,0.0,0.0,0.08886,0.0,0.0,0.0
2025-09-20 16:30:00,Estella E 1106,0.0,0.0,0.0,0.0,0.00032,0.0,0.0,0.07443999999999999,0.0,0.0,0.0,0.0,0.08856,0.0,0.0,0.0
2025-09-20 16:35:00,Estella E 1106,0.0,0.0,0.0,0.0,0.03766,0.0,0.0,0.03693,0.0,0.0,0.0,0.0,0.04448,0.0,0.0,0.0
2025-09-20 16:40:00,Estella E 1106,0.0,0.0,0.0,0.0,0.03943,0.0,0.0,0.037380000000000004,0.0,0.0,0.0,0.0,0.08184999999999999,0.0,0.0,0.0
2025-09-20 16:45:00,Estella E 1106,0.0,0.0,0.0,0.0,0.03958,0.0,0.0,0.037090000000000005,0.0,0.0,0.0,0.0,0.08136,0.0,0.0,0.0
2025-09-20 16:50:00,Estella E 1106,0.0,0.0,0.0,0.0,0.038689999999999995,0.0,0.0,0.03721,0.0,0.0,0.0,0.0,0.08194,0.0,0.0,0.0
2025-09-20 16:55:00,Estella E 1106,0.0,0.0,0.0,0.0,0.037829999999999996,0.0,0.0,0.037,0.0,0.0,0.0,0.0,0.08014,0.0,0.0,0.0
2025-09-20 17:00:00,Estella E 1106,0.0,0.0,0.0,0.0,0.03768,0.0,0.0,0.03714,0.0,0.0,0.0,0.0,0.08004,0.0,0.0,0.0
2025-09-20 17:05:00,Estella E 1106,0.0,0.0,0.0,0.0,0.03701,0.0,0.0,0.03748,0.0,0.0,0.0,0.0,0.07984999999999999,0.0,0.0,0.0
2025-09-20 17:10:00,Estella E 1106,0.0,0.0,0.0,0.0,0.03682,0.0,0.0,0.03723,0.0,0.0,0.0,0.0,0.07905,0.0,0.0,0.0
2025-09-20 17:15:00,Estella E 1106,0.0,0.0,0.00022,0.0,0.00016,0.0,0.0,0.037200000000000004,0.0,0.0,0.0,0.0,0.07811,0.0,0.0,0.0
2025-09-20 17:20:00,Estella E 1106,0.0,0.0,,0.0,0.00017999999999999998,,,,0.0,0.0,0.0,0.0,0.043340000000000004,,0.0,0.0
2025-09-20 17:25:00,Estella E 1106,0.0,0.0,0.0,0.0,0.00014000000000000001,0.0,0.0,0.036969999999999996,0.0,0.0,0.0,0.0,0.04374,0.0,0.0,0.0
2025-09-20 17:30:00,Estella E 1106,0.0,0.0,,0.0,0.00011999999999999999,,,,0.0,0.0,0.0,0.0,0.044270000000000004,,0.0,0.0
2025-09-20 17:35:00,Estella E 1106,0.0,0.0,0.0,0.0,0.03699,0.0,0.0,0.03717,0.0,0.0,0.0,0.0,0.09422,0.0,0.0,0.0
2025-09-20 17:40:00,Estella E 1106,0.0,0.0,0.0,0.0,0.03875,0.0,0.0,0.03691,0.0,0.0,0.0,0.0,0.08066,0.0,0.0,0.0
2025-09-20 17:45:00,Estella E 1106,0.0,0.0,0.0,0.0,0.040350000000000004,0.0,0.0,0.03674,0.0,0.0,0.0,0.0,0.08195000000000001,0.0,0.0,0.0
2025-09-20 17:50:00,Estella E 1106,0.0,0.0,0.0,0.0,0.03857,0.0,0.0,0.03688,0.0,0.0,0.0,0.0,0.08061,0.0,0.0,0.0
2025-09-20 17:55:00,Estella E 1106,0.0,0.0,0.0,0.0,0.0386,0.0,0.0,0.0,0.0,0.0,0.0,0.0,0.04209,0.0,0.0,0.0
2025-09-20 18:00:00,Estella E 1106,0.0,0.0,0.0,0.0,0.03986,0.0,0.0,0.0,0.0,0.0,0.0,0.0,0.0445,0.0,0.0,0.0
2025-09-20 18:05:00,Estella E 1106,0.0,0.0,0.0,0.0,0.03939,0.0,0.0,0.0,0.0,0.0,0.0,0.0,0.04381,0.0,0.0,0.0
2025-09-20 18:10:00,Estella E 1106,0.0,0.0,0.0,0.0,0.0389,0.0,0.0,0.0,0.0,0.0,0.0,0.0,0.04321,0.0,0.0,0.0
2025-09-20 18:15:00,Estella E 1106,0.0,0.0,,0.0,0.03824,,,,0.0,0.0,0.0,0.0,0.04267,,0.0,0.0
2025-09-20 18:20:00,Estella E 1106,0.0,0.0,,0.0,0.037840000000000006,,,,0.0,0.0,0.02105,0.0,0.06339,,0.0,0.0
2025-09-20 18:25:00,Estella E 1106,0.0,0.0,,0.0,0.03737,,,,0.0,0.0,0.07790000000000001,0.0,0.11889,,0.0,0.0
2025-09-20 18:30:00,Estella E 1106,0.0,0.008919999999999999,,0.0,0.03689,,,,0.0,0.0,0.07684999999999999,0.0,0.12761,,0.0,0.0
2025-09-20 18:35:00,Estella E 1106,0.0,0.0,,0.0,0.00011,,,,0.0,0.0,0.07658,0.0,0.08169,,0.0,0.0
2025-09-20 18:40:00,Estella E 1106,0.0,0.0,,0.0,0.00013000000000000002,,,,0.0,0.0,0.07548,0.0,0.08084999999999999,,0.0,0.0
2025-09-20 18:45:00,Estella E 1106,0.0,0.0,0.0,0.0,0.00015,0.0,0.0,0.0,0.0,0.0,0.07515999999999999,0.0,0.08014,0.0,0.0,0.0
2025-09-20 18:50:00,Estella E 1106,0.0,0.0,,0.0,0.00013000000000000002,,,,0.009460000000000001,0.0,0.0,0.0,0.06122,,0.0,0.0
2025-09-20 18:55:00,Estella E 1106,0.0,0.0,0.04378,0.0,0.038689999999999995,0.00915,0.0,0.0,0.0,0.0,0.04822,0.0,0.18503999999999998,0.0,0.0,0.0
2025-09-20 19:00:00,Estella E 1106,0.0,0.0089,,0.0,0.03943,,,,0.0,0.0,0.04779,0.0,0.19526,,0.0,0.0
2025-09-20 19:05:00,Estella E 1106,,,,,,,,,0.0,0.0,0.01173,0.0,0.14909999999999998,,0.0,
2025-09-20 19:10:00,Estella E 1106,0.0,0.0,0.082,0.0,0.04003,0.008960000000000001,0.0,0.0,0.0,0.0,0.01,0.0,0.14817,0.0,0.0,0.0
2025-09-20 19:15:00,Estella E 1106,0.0,0.0,0.08176,0.0,0.03829,0.05916,0.0,0.0,0.0,0.0,0.00928,0.0,0.19371000000000002,0.0,0.0,0.0
2025-09-20 19:20:00,Estella E 1106,0.0,0.0,0.08165,0.0,0.03755,0.008919999999999999,0.0,0.0,0.009529999999999999,0.0,0.0091,0.0,0.16307,0.0,0.0,0.0
2025-09-20 19:25:00,Estella E 1106,0.0,0.0,0.08148000000000001,0.0,0.036840000000000005,0.008919999999999999,0.0,0.0,0.0,0.0,0.00903,0.0,0.14239,0.0,0.0,0.0
2025-09-20 19:30:00,Estella E 1106,0.0,0.0,0.08142,0.0,0.03699,0.00885,0.0,0.0,0.0,0.0,0.008919999999999999,0.0,0.14232,0.0,0.0,0.0
2025-09-20 19:35:00,Estella E 1106,0.0,0.0,0.12229000000000001,0.0,0.036359999999999996,0.00879,0.0,0.0,0.0,0.0,0.00887,0.0,0.18231999999999998,0.0,0.0,0.0
2025-09-20 19:40:00,Estella E 1106,0.0,0.0,0.12165999999999999,0.0,7.000000000000001e-05,0.04134,0.0,0.0,0.0,0.0,0.00887,0.0,0.17946,0.0,0.0,0.0
2025-09-20 19:45:00,Estella E 1106,,,0.12143999999999999,,,0.040409999999999995,0.0,0.0,0.0,0.0,0.0089,0.0,0.22626,0.0,0.0,
2025-09-20 19:50:00,Estella E 1106,0.0,0.0,0.24322,0.0,0.07715999999999999,0.21796000000000001,0.0,0.0,0.0,0.0,0.01782,0.0,0.5661,0.0,0.0,0.0
2025-09-20 19:55:00,Estella E 1106,0.0,0.0,0.12139,0.0,0.04019,0.00905,0.0,0.0,0.0,0.0,0.00888,0.0,0.18497,0.0,0.0,0.0
2025-09-20 20:00:00,Estella E 1106,0.0,0.0,0.13448,0.0,0.03915,0.00888,0.0,0.0,0.0,0.0,0.00888,0.0,0.19659000000000001,0.0,0.0,0.0
2025-09-20 20:05:00,Estella E 1106,0.0,0.0,,0.0,0.037840000000000006,,,,0.0,0.0,0.0,0.0,0.13713,,0.0,0.0
2025-09-20 20:10:00,Estella E 1106,0.0,0.0,,0.0,0.03704,,,,,,,,,,0.0,0.0
2025-09-20 20:15:00,Estella E 1106,0.0,0.0,,0.0,0.03666,,,,0.0,0.0,0.0,0.0,0.14578,,0.0,0.0
2025-09-20 20:20:00,Estella E 1106,,,,,,,,,0.0,0.0,0.0,0.0,0.13459000000000002,,0.0,
2025-09-20 20:25:00,Estella E 1106,0.0,0.0,,0.0,0.036379999999999996,,,,0.0,0.0,0.0,0.0,0.1984,,0.0,0.0
2025-09-20 20:30:00,Estella E 1106,0.0,0.0,,0.0,0.00011,,,,0.0,0.0,0.0,0.0,0.09952,,0.0,0.0
2025-09-20 20:35:00,Estella E 1106,0.0,0.0,,0.0,0.00011999999999999999,,,,0.0,0.0,0.0,0.0,0.09898,,0.0,0.0
2025-09-20 20:40:00,Estella E 1106,0.0,0.0,,0.0,0.037829999999999996,,,,0.0,0.0,0.0,0.0,0.14702,,0.0,0.0
2025-09-20 20:45:00,Estella E 1106,0.0,0.0,,0.0,0.038509999999999996,,,,0.0,0.0,0.0,0.0,0.13581000000000001,,0.0,0.0
2025-09-20 20:50:00,Estella E 1106,0.0,0.0,,0.0,0.039,,,,0.0,0.0,0.0,0.0,0.13476,,0.0,0.0
2025-09-20 20:55:00,Estella E 1106,0.0,0.0,,0.0,0.03904,,,,0.0,0.0,0.0,0.0,0.1346,,0.0,0.0
2025-09-20 21:00:00,Estella E 1106,0.0,0.0,,0.0,0.037200000000000004,,,,0.0,0.0,0.0,0.0,0.1325,,0.0,0.0
2025-09-20 21:05:00,Estella E 1106,0.0,0.0,,0.0,0.03635,,,,0.0,0.0,0.0,0.0,0.13321,,0.0,0.0
2025-09-20 21:10:00,Estella E 1106,0.0,0.0,0.12589,0.0,0.03583,0.00886,0.0,0.01923,0.0,0.0,0.0,0.0,0.19858,0.0,0.0,0.0
2025-09-20 21:15:00,Estella E 1106,0.0,0.0,0.12508,0.0,0.0024300000000000003,0.01018,0.0,0.019100000000000002,0.0,0.0,0.0,0.0,0.16351,0.0,0.0,0.0
2025-09-20 21:20:00,Estella E 1106,0.0,0.0,0.12326999999999999,0.0,0.00022,0.00874,0.0,0.018969999999999997,0.0,0.0,0.0,0.0,0.16129,0.0,0.0,0.0
2025-09-20 21:25:00,Estella E 1106,0.0,0.0,0.12312000000000001,0.0,0.05057,0.00885,0.0,0.01881,0.0,0.0,0.0,0.0,0.15854,0.0,0.0,0.0
2025-09-20 21:30:00,Estella E 1106,0.0,0.0,0.12334,0.0,0.03922,0.00872,0.0,0.019030000000000002,0.0,0.0,0.0,0.0,0.19745,0.0,0.0,0.0
2025-09-20 21:35:00,Estella E 1106,0.0,0.0,0.12362000000000001,0.0,0.040549999999999996,0.00868,0.0,0.018949999999999998,0.0,0.0,0.0,0.0,0.19877,0.0,0.0,0.0
2025-09-20 21:40:00,Estella E 1106,0.0,0.0,0.12290000000000001,0.0,0.04139,0.00872,0.0,0.01907,0.0,0.0,0.0,0.0,0.19932,0.0,0.0,0.0
2025-09-20 21:45:00,Estella E 1106,0.0,0.0,0.09042,0.0,0.04139,0.00883,0.0,0.019260000000000003,0.0,0.0,0.0,0.0,0.19856000000000001,0.0,0.0,0.0
2025-09-20 21:50:00,Estella E 1106,0.0,0.0,0.12251000000000001,0.0,0.04096,0.00869,0.0,0.019289999999999998,0.0,0.0,0.03561,0.0,0.23493,0.0,0.0,0.0
2025-09-20 21:55:00,Estella E 1106,0.0,0.0,0.12201999999999999,0.0,0.04129,0.00879,0.0,0.01927,0.0,0.0,0.0,0.0,0.20854,0.0,5e-05,0.0
2025-09-20 22:00:00,Estella E 1106,0.0,0.0,0.12462000000000001,0.0,0.038340000000000006,0.00857,0.0,0.039670000000000004,0.0,0.0,0.0,0.0,0.21886000000000003,0.0,2e-05,0.0
2025-09-20 22:05:00,Estella E 1106,0.0,0.0,,0.0,0.03744,,,,0.0,0.0,0.0,0.0,0.28197000000000005,,0.0,0.0
2025-09-20 22:10:00,Estella E 1106,0.0,0.0,0.18781,0.0,0.038950000000000005,0.00869,0.0,0.039049999999999994,0.0,0.0,0.0,0.0,0.28249,0.0,0.0,0.0
2025-09-20 22:15:00,Estella E 1106,0.0,0.0,0.18953,0.0,0.039409999999999994,0.00864,0.0,0.038939999999999995,0.0,0.0,0.0,0.0,0.28401,0.0,1e-05,0.0
2025-09-20 22:20:00,Estella E 1106,0.0,0.0,0.18136000000000002,0.0,0.03854,0.00876,0.0,0.038729999999999994,0.0,0.0,0.0,0.0,0.28113,0.0,0.0,0.0
2025-09-20 22:25:00,Estella E 1106,0.0,0.0,0.18783000000000002,0.0,0.036789999999999996,0.00866,0.0,0.03897,0.0,0.0,0.0,0.0,0.28161,0.0,0.0,0.0
2025-09-20 22:30:00,Estella E 1106,0.0,0.0,,0.0,0.0363,,,,0.0,0.0,0.0,0.0,0.28135000000000004,,0.0,0.0
2025-09-20 22:35:00,Estella E 1106,0.0,0.0,,0.0,0.00011999999999999999,,,,0.0,0.0,0.0,0.0,0.25538,,0.0,0.0
2025-09-20 22:40:00,Estella E 1106,0.0,0.0,,0.0,0.00011,,,,0.0,0.0,0.0,0.0,0.22035,,0.0,0.0
2025-09-20 22:45:00,Estella E 1106,0.0,0.0,0.11486,0.0,0.00017999999999999998,0.00879,0.0,0.038619999999999995,0.0,0.0,0.0,0.0,0.17036,0.0,0.0,0.0
2025-09-20 22:50:00,Estella E 1106,0.0,0.0,,0.0,0.03816,,,,0.0,0.0,0.0,0.0,0.25379,,0.0,0.0
2025-09-20 22:55:00,Estella E 1106,0.0,0.0,,0.0,0.038689999999999995,,,,0.0,0.0,0.0,0.0,0.24578,,0.0,0.0
2025-09-20 23:00:00,Estella E 1106,0.0,0.0,0.08119,0.0,0.03971,0.00865,0.0,0.038829999999999996,0.0,0.0,0.0,0.0,0.17518999999999998,0.0,0.0,0.0
2025-09-20 23:05:00,Estella E 1106,0.0,0.0,0.08131999999999999,0.0,0.03997,0.00868,0.0,0.03946,0.0,0.0,0.0,0.0,0.17632,0.0,0.0,0.0
2025-09-20 23:10:00,Estella E 1106,0.0,0.0,0.08133,0.0,0.038810000000000004,0.00862,0.0,0.03917,0.0,0.0,0.0359,0.0,0.21198,0.0,0.0,0.0
2025-09-20 23:15:00,Estella E 1106,0.0,0.0,0.08134000000000001,0.0,0.036469999999999995,0.00875,0.0,0.03885,0.0,0.0,0.03535,0.0,0.20882,0.0,0.0,0.0
2025-09-20 23:20:00,Estella E 1106,0.0,0.0,0.08134000000000001,0.0,0.03561,0.00875,0.0,0.039060000000000004,0.0,0.0,0.0,0.0,0.17169,0.0,0.0,0.0
2025-09-20 23:25:00,Estella E 1106,0.0,0.0,0.08137,0.0,0.00016,0.00866,0.0,0.0,0.0,0.0,0.05838,0.0,0.18972999999999998,0.0,0.0,0.0
2025-09-20 23:30:00,Estella E 1106,0.0,0.0,0.08134000000000001,0.0,0.00016,0.00861,0.0,0.0,0.0,0.0,0.05756,0.0,0.15502000000000002,0.0,0.0,0.0
2025-09-20 23:35:00,Estella E 1106,0.0,0.0,0.08129,0.0,0.00011999999999999999,0.0087,0.0,0.0,0.0,0.0,0.05669,0.0,0.15409,0.0,1e-05,0.0
2025-09-20 23:40:00,Estella E 1106,0.0,0.0,0.08122,0.0,0.00015,0.00872,0.0,0.0,0.0,0.0,0.05604,0.0,0.15371,0.0,0.0,0.0
2025-09-20 23:45:00,Estella E 1106,0.0,0.00897,0.08120999999999999,0.0,0.038299999999999994,0.0087,0.0,0.0,0.0,0.0,0.01678,0.0,0.15033000000000002,0.0,0.0,0.0
2025-09-20 23:50:00,Estella E 1106,0.0,0.0,0.08131999999999999,0.0,0.03875,0.00875,0.0,0.0,0.0,0.0,0.05515,0.0,0.18993000000000002,0.0,0.0,0.0
2025-09-20 23:55:00,Estella E 1106,0.0,0.0,0.08119,0.0,0.039119999999999995,0.00869,0.0,0.0,0.0,0.0,0.05421,0.0,0.19933,0.0,4e-05,0.0
2025-09-21 00:00:00,Estella E 1106,0.0,0.0,0.08131000000000001,0.0,0.03909000000000001,0.00858,0.0,0.0,0.0,0.0,0.054369999999999995,0.0,0.19923,0.0,2e-05,0.0
2025-09-21 00:05:00,Estella E 1106,0.0,0.0,0.02069,0.0,0.03892,0.0,0.0,0.0,0.0,0.0,0.05421,0.0,0.11835,0.0,0.0,0.0
2025-09-21 00:10:00,Estella E 1106,0.0,0.0,0.02078,0.0,0.03668,0.0,0.0,0.0,0.0,0.0,0.09541,0.0,0.15838,0.0,0.0,0.0
2025-09-21 00:15:00,Estella E 1106,0.0,0.0,0.02069,0.0,0.03558,0.0,0.0,-1e-05,0.0,0.0,0.0963,0.0,0.15788999999999997,0.0,0.0,0.0
2025-09-21 00:20:00,Estella E 1106,0.0,0.0,0.0198,0.0,0.19158,0.0,0.0,0.0,0.0,0.0,0.08120999999999999,0.0,0.29812,0.0,0.0,0.0
2025-09-21 00:25:00,Estella E 1106,0.0,0.0,0.019710000000000002,0.0,0.19193000000000002,0.0,0.0,0.0,0.0,0.0,0.081,0.0,0.29723,0.0,0.0,0.0
2025-09-21 00:30:00,Estella E 1106,0.0,0.0,0.019899999999999998,0.0,0.19257,0.0,0.0,0.0,0.0,0.0,0.08064,0.0,0.29718,0.0,2e-05,0.0
2025-09-21 00:35:00,Estella E 1106,0.0,0.0,0.019289999999999998,0.0,0.18777000000000002,0.0,0.0,0.0,0.0,0.0,0.037219999999999996,0.0,0.24953,0.0,0.0,0.0
2025-09-21 00:40:00,Estella E 1106,0.0,0.0,0.01943,0.0,0.00015,0.0,0.0,0.0,0.0,0.0,0.03742,0.0,0.06308,0.0,0.0,0.0
2025-09-21 00:45:00,Estella E 1106,0.0,0.0,0.019260000000000003,0.0,0.05923,0.0,0.0,0.040060000000000005,0.0,0.0,0.037399999999999996,0.0,0.10424,0.0,0.0,0.0
2025-09-21 00:50:00,Estella E 1106,0.0,0.0,0.019280000000000002,0.0,0.05248,0.0,0.0,0.039670000000000004,0.0,0.0,0.03767,0.0,0.15594,0.0,0.0,0.0
2025-09-21 00:55:00,Estella E 1106,0.0,0.0,0.0192,0.0,0.05168,0.0,0.0,0.03943,0.0,0.0,0.03772,0.0,0.15497,0.0,0.0,0.0
2025-09-21 01:00:00,Estella E 1106,0.0,0.0,0.019370000000000002,0.0,0.04969,0.0,0.0,0.039450000000000006,0.0,0.0,0.03774,0.0,0.15263,0.0,0.0,0.0
2025-09-21 01:05:00,Estella E 1106,0.0,0.0,0.01945,0.0,0.048229999999999995,0.0,0.0,0.03932,0.0,0.0,0.038,0.0,0.15167,0.0,0.0,0.0
2025-09-21 01:10:00,Estella E 1106,0.0,0.0,0.01948,0.0,0.046979999999999994,0.0,0.0,0.0395,0.0,0.0,0.03818,0.0,0.15056999999999998,0.0,0.0,0.0
2025-09-21 01:15:00,Estella E 1106,0.0,0.0,0.019469999999999998,0.0,0.0436,0.0,0.0,0.039509999999999997,0.0,0.0,0.03823,0.0,0.14757,0.0,0.0,0.0
2025-09-21 01:20:00,Estella E 1106,0.0,0.00883,0.01961,0.0,0.04298,0.0,0.0,0.039409999999999994,0.0,0.0,0.038560000000000004,0.0,0.14708000000000002,0.0,0.0,0.0
2025-09-21 01:25:00,Estella E 1106,0.0,0.0,0.019690000000000003,0.0,0.04222,0.0,0.0,0.0,0.0,0.0,0.03861,0.0,0.10592,0.0,0.0,0.0
2025-09-21 01:30:00,Estella E 1106,0.0,0.0,,0.0,0.04113,,,,0.0,0.0,0.03872,0.0,0.10582,,0.0,0.0
2025-09-21 01:35:00,Estella E 1106,0.0,0.0,,0.0,0.03997,,,,0.0,0.0,0.03890999999999999,0.0,0.10416,,0.0,0.0
2025-09-21 01:40:00,Estella E 1106,0.0,0.0,0.01982,0.0,0.039560000000000005,0.0,0.0,0.0,0.0,0.0,0.03896,0.0,0.10378,0.0,0.0,0.0
2025-09-21 01:45:00,Estella E 1106,0.0,0.0,0.01977,0.0,0.038799999999999994,0.0,0.0,0.0,0.0,0.0,0.0389,0.0,0.10308,0.0,0.0,0.0
2025-09-21 01:50:00,Estella E 1106,0.0,0.0,,0.0,0.03841,,,,0.0,0.0,0.039259999999999996,0.0,0.10287,,0.0,0.0
2025-09-21 01:55:00,Estella E 1106,0.0,0.0,0.01992,0.0,0.03807,0.0,0.0,0.0,0.0,0.0,0.03917,0.0,0.1023,0.0,0.0,0.0
2025-09-21 02:00:00,Estella E 1106,0.0,0.0,0.01984,0.0,0.037759999999999995,0.0,0.0,0.0,0.0,0.0,0.03911,0.0,0.10188,0.0,0.0,0.0
2025-09-21 02:05:00,Estella E 1106,0.0,0.0,,0.0,0.03756,,,,0.0,0.0,0.03928,0.0,0.10221,,0.0,0.0
2025-09-21 02:10:00,Estella E 1106,0.0,0.0,0.02004,0.0,0.03736,0.0,0.0,0.0,0.0,0.0,0.03943,0.0,0.10183,0.0,0.0,0.0
2025-09-21 02:15:00,Estella E 1106,0.0,0.0,,0.0,0.037,,,,0.0,0.0,0.03934,0.0,0.10147,,0.0,0.0
2025-09-21 02:20:00,Estella E 1106,0.0,0.0,0.02001,0.0,0.03687,0.0,0.0,-1e-05,0.0,0.0,0.039409999999999994,0.0,0.10169,0.0,0.0,0.0
2025-09-21 02:25:00,Estella E 1106,0.0,0.0,0.019989999999999997,0.0,0.03663,0.0,0.0,0.0,0.0,0.0,0.039240000000000004,0.0,0.10086,0.0,0.0,0.0
2025-09-21 02:30:00,Estella E 1106,0.0,0.0,0.019989999999999997,0.0,7.000000000000001e-05,0.0,0.0,0.0,0.0,0.0,0.03934,0.0,0.10093,0.0,5e-05,0.0
2025-09-21 02:35:00,Estella E 1106,0.0,0.0,0.020120000000000002,0.0,0.00011999999999999999,0.0,0.0,0.0,0.0,0.0,0.03946,0.0,0.06614,0.0,0.0,0.0
2025-09-21 02:40:00,Estella E 1106,0.0,0.0,,0.0,0.00015,,,,0.0,0.0,0.03965,0.0,0.06631999999999999,,0.0,0.0
2025-09-21 02:45:00,Estella E 1106,0.0,0.0,0.0201,0.0,0.00013000000000000002,0.0,0.0,0.0,0.0,0.0,0.039659999999999994,0.0,0.06633,0.0,0.0,0.0
2025-09-21 02:50:00,Estella E 1106,0.0,0.0,0.01995,0.0,0.03746,0.0,0.0,0.0,0.0,0.0,0.039299999999999995,0.0,0.11664,0.0,0.0,0.0
2025-09-21 02:55:00,Estella E 1106,0.0,0.0,,0.0,0.03871,,,,0.0,0.0,0.039299999999999995,0.0,0.10302,,0.0,0.0
2025-09-21 03:00:00,Estella E 1106,0.0,0.0,,0.0,0.039369999999999995,,,,0.0,0.0,0.03932,0.0,0.10352,,0.0,0.0
2025-09-21 03:05:00,Estella E 1106,0.0,0.0,0.02002,0.0,0.0385,0.0,0.0,0.0,0.0,0.0,0.03934,0.0,0.10355,0.0,0.0,0.0
2025-09-21 03:10:00,Estella E 1106,0.0,0.0,0.01998,0.0,0.037840000000000006,0.0,0.0,0.0,0.0,0.0,0.039380000000000005,0.0,0.10228,0.0,1e-05,0.0
2025-09-21 03:15:00,Estella E 1106,0.0,0.0,0.020149999999999998,0.0,0.037340000000000005,0.0,0.0,0.0,0.0,0.0,0.039560000000000005,0.0,0.10218,0.0,0.0,0.0
2025-09-21 03:20:00,Estella E 1106,0.0,0.0,0.10459,0.0,0.03704,0.0,0.0,0.0,0.0,0.0,0.03959,0.0,0.11176,0.0,4e-05,0.0
2025-09-21 03:25:00,Estella E 1106,0.0,0.0,0.02002,0.0,0.03657,0.0,0.0,0.0,0.0,0.0,0.03961,0.0,0.1017,0.0,0.0,0.0
2025-09-21 03:30:00,Estella E 1106,0.0,0.0,,0.0,0.03642,,,,0.0,0.0,0.039700000000000006,0.0,0.10171,,0.0,0.0
2025-09-21 03:35:00,Estella E 1106,0.0,0.0,,0.0,0.00019,,,,0.0,0.0,0.03972,0.0,0.06648,,0.0,0.0
2025-09-21 03:40:00,Estella E 1106,0.0,0.0,,0.0,0.00011999999999999999,,,,0.0,0.0,0.03975,0.0,0.06658,,0.0,0.0
2025-09-21 03:45:00,Estella E 1106,0.0,0.0,,0.0,0.00014000000000000001,,,,0.0,0.0,0.04011,0.0,0.06720000000000001,,0.0,0.0
2025-09-21 03:50:00,Estella E 1106,0.0,0.0,0.02014,0.0,0.00015,0.0,0.0,0.0,0.0,0.0,0.03976,0.0,0.06612,0.0,5e-05,0.0
2025-09-21 03:55:00,Estella E 1106,0.0,0.0,,0.0,0.03775,,,,0.0,0.0,0.03993,0.0,0.10246,,0.0,0.0
2025-09-21 04:00:00,Estella E 1106,0.0,0.0,,0.0,0.03889,,,,0.0,0.0,0.039880000000000006,0.0,0.10394,,0.0,0.0
2025-09-21 04:05:00,Estella E 1106,0.0,0.0,0.02017,0.0,0.03867,0.0,0.0,0.0,0.0,0.0,0.03976,0.0,0.10435,0.0,1e-05,0.0
2025-09-21 04:10:00,Estella E 1106,0.0,0.0,0.02016,0.0,0.03749,0.0,0.0,0.0,0.0,0.0,0.03954,0.0,0.10264,0.0,0.0,0.0
2025-09-21 04:15:00,Estella E 1106,0.0,0.0,0.02004,0.0,0.037200000000000004,0.0,0.0,0.0,0.0,0.0,0.039509999999999997,0.0,0.10266,0.0,0.0,0.0
2025-09-21 04:20:00,Estella E 1106,0.0,0.0,0.0201,0.0,0.03691,0.0,0.0,0.0,0.0,0.0,0.03965,0.0,0.10208,0.0,1e-05,0.0
2025-09-21 04:25:00,Estella E 1106,0.0,0.0,0.02017,0.0,0.03643,0.0,0.0,0.0,0.0,0.0,0.0399,0.0,0.10208,0.0,1e-05,0.0
2025-09-21 04:30:00,Estella E 1106,0.0,0.0,,0.0,0.0362,,,,0.0,0.0,0.03978,0.0,0.10147,,0.0,0.0
2025-09-21 04:35:00,Estella E 1106,0.0,0.0,0.020079999999999997,0.0,0.00011999999999999999,0.0,0.0,0.0,0.0,0.0,0.03968,0.0,0.06619,0.0,0.0,0.0
2025-09-21 04:40:00,Estella E 1106,0.0,0.0,0.020030000000000003,0.0,0.00011,0.0,0.0,0.0,0.0,0.0,0.03961,0.0,0.06594,0.0,0.0,0.0
2025-09-21 04:45:00,Estella E 1106,0.0,0.0,0.02001,0.0,0.00015,0.0,0.0,0.0,0.0,0.0,0.039450000000000006,0.0,0.06561,0.0,0.0,0.0
2025-09-21 04:50:00,Estella E 1106,0.0,0.0,0.01998,0.0,0.05139,0.0,0.0,0.0,0.0,0.0,0.03959,0.0,0.06606999999999999,0.0,0.0,0.0
2025-09-21 04:55:00,Estella E 1106,0.0,0.0,0.02001,0.0,0.03787,0.0,0.0,0.0,0.0,0.0,0.03954,0.0,0.10265,0.0,0.0,0.0
2025-09-21 05:00:00,Estella E 1106,0.0,0.0,0.020079999999999997,0.0,0.038579999999999996,0.0,0.0,0.0,0.0,0.0,0.039509999999999997,0.0,0.10299,0.0,1e-05,0.0
2025-09-21 05:05:00,Estella E 1106,0.0,0.0,0.01995,0.0,0.03793,0.0,0.0,-1e-05,0.0,0.0,0.0395,0.0,0.10286,0.0,0.0,0.0
2025-09-21 05:10:00,Estella E 1106,0.0,0.0,0.01991,0.0,0.03746,0.0,0.0,0.0,0.0,0.0,0.039369999999999995,0.0,0.10192,0.0,0.0,0.0
2025-09-21 05:15:00,Estella E 1106,0.0,0.0,0.019850000000000003,0.0,0.03706,0.0,0.0,0.0,0.0,0.0,0.03911,0.0,0.10091,0.0,0.0,0.0
2025-09-21 05:20:00,Estella E 1106,0.0,0.0,0.019899999999999998,0.0,0.03655,0.0,0.0,0.0,0.0,0.0,0.039369999999999995,0.0,0.10096,0.0,1e-05,0.0
2025-09-21 05:25:00,Estella E 1106,0.0,0.0,0.019760000000000003,0.0,0.03632,0.0,0.0,0.0,0.0,0.0,0.039009999999999996,0.0,0.10037,0.0,0.0,0.0
2025-09-21 05:30:00,Estella E 1106,0.0,0.0,0.01982,0.0,0.00011999999999999999,0.0,0.0,0.0,0.0,0.0,0.03892,0.0,0.06492,0.0,2e-05,0.0
2025-09-21 05:35:00,Estella E 1106,0.0,0.0,0.019620000000000002,0.0,0.00020999999999999998,0.0,0.0,0.0,0.0,0.0,0.038740000000000004,0.0,0.06448999999999999,0.0,0.0,0.0
2025-09-21 05:40:00,Estella E 1106,0.0,0.0,0.019690000000000003,0.0,8.999999999999999e-05,0.0,0.0,0.0,0.0,0.0,0.03890999999999999,0.0,0.06483,0.0,0.0,0.0
2025-09-21 05:45:00,Estella E 1106,0.0,0.0,0.01967,0.0,0.00015,0.0,0.0,0.0,0.0,0.0,0.038759999999999996,0.0,0.06492,0.0,0.0,0.0
2025-09-21 05:50:00,Estella E 1106,0.0,0.0,0.0197,0.0,0.037399999999999996,0.0,0.0,0.0,0.0,0.0,0.038810000000000004,0.0,0.10024,0.0,0.0,0.0
2025-09-21 05:55:00,Estella E 1106,0.0,0.0,0.01955,0.0,0.03829,0.0,0.0,0.0,0.0,0.0,0.038689999999999995,0.0,0.10127,0.0,0.0,0.0
2025-09-21 06:00:00,Estella E 1106,0.0,0.0,0.019489999999999997,0.0,0.03836,0.0,0.0,0.0,0.0,0.0,0.038549999999999994,0.0,0.10194,0.0,0.0,0.0
2025-09-21 06:05:00,Estella E 1106,0.0,0.0,0.019469999999999998,0.0,0.03735,0.0,0.0,0.0,0.0,0.0,0.03829,0.0,0.10037,0.0,0.0,0.0
2025-09-21 06:10:00,Estella E 1106,0.0,0.0,0.019420000000000003,0.0,0.037020000000000004,0.0,0.0,0.0,0.0,0.0,0.038259999999999995,0.0,0.09992,0.0,0.0,0.0
2025-09-21 06:15:00,Estella E 1106,0.0,0.0,0.01924,0.0,0.03656,0.0,0.0,0.0,0.0,0.0,0.038009999999999995,0.0,0.09884,0.0,0.0,0.0
2025-09-21 06:20:00,Estella E 1106,0.0,0.0,0.019289999999999998,0.0,0.036270000000000004,0.0,0.0,0.0,0.0,0.0,0.03799,0.0,0.09833,0.0,0.0,0.0
2025-09-21 06:25:00,Estella E 1106,0.0,0.0,0.019129999999999998,0.0,0.00016,0.0,0.0,0.0,0.0,0.0,0.037939999999999995,0.0,0.09854,0.0,0.0,0.0
2025-09-21 06:30:00,Estella E 1106,0.0,0.0,0.01908,0.0,8e-05,0.0,0.0,0.0,0.0,0.0,0.037939999999999995,0.0,0.06331,0.0,0.0,0.0
2025-09-21 06:35:00,Estella E 1106,0.0,0.0,,0.0,0.00014000000000000001,,,,0.0,0.0,0.0376,0.0,0.06342,,0.0,0.0
2025-09-21 06:40:00,Estella E 1106,0.0,0.0,0.01889,0.0,0.00019,0.0,0.0,0.0,0.0,0.0,0.03744,0.0,0.062439999999999996,0.0,0.0,0.0
2025-09-21 06:45:00,Estella E 1106,0.0,0.0,0.019,0.0,0.03703,0.0,0.0,0.0,0.0,0.0,0.03744,0.0,0.11127,0.0,0.0,0.0
2025-09-21 06:50:00,Estella E 1106,0.0,0.0,0.01889,0.0,0.03824,0.0,0.0,0.0,0.0,0.0,0.037270000000000005,0.0,0.09941,0.0,0.0,0.0
2025-09-21 06:55:00,Estella E 1106,0.0,0.0,0.01896,0.0,0.03848,0.0,0.0,0.0,0.0,0.0,0.03743,0.0,0.10014,0.0,0.0,0.0
2025-09-21 07:00:00,Estella E 1106,0.0,0.0,0.019149999999999997,0.0,0.03724,0.0,0.0,0.0,0.0,0.0,0.037590000000000005,0.0,0.09923,0.0,0.0,0.0
2025-09-21 07:05:00,Estella E 1106,0.0,0.0,0.01909,0.0,0.03688,0.0,0.0,0.0,0.0,0.0,0.03803,0.0,0.09958,0.0,0.0,0.0
2025-09-21 07:10:00,Estella E 1106,0.0,0.0,0.019059999999999997,0.0,0.03663,0.0,0.0,0.0,0.0,0.0,0.03744,0.0,0.098,0.0,0.0,0.0
2025-09-21 07:15:00,Estella E 1106,0.0,0.0,0.01896,0.0,0.03623,0.0,0.0,0.0,0.0,0.0,0.03773,0.0,0.09773,0.0,0.0,0.0
2025-09-21 07:20:00,Estella E 1106,0.0,0.0,0.01893,0.0,0.00011,0.0,0.0,0.0,0.0,0.0,0.03703,0.0,0.06175,0.0,0.0,0.0
2025-09-21 07:25:00,Estella E 1106,0.0,0.0,0.01891,0.0,0.00016,0.0,0.0,0.0,0.0,0.0,0.037270000000000005,0.0,0.062240000000000004,0.0,0.0,0.0
2025-09-21 07:30:00,Estella E 1106,0.0,0.0,0.01883,0.0,8.999999999999999e-05,0.0,0.0,0.0,0.0,0.0,0.03725,0.0,0.062270000000000006,0.0,0.0,0.0
2025-09-21 07:35:00,Estella E 1106,0.0,0.0,0.018969999999999997,0.0,0.00026000000000000003,0.0,0.0,0.0,0.0,0.0,0.03737,0.0,0.0628,0.0,0.0,0.0
2025-09-21 07:40:00,Estella E 1106,0.0,0.0,0.01902,0.0,0.037090000000000005,0.0,0.0,0.0,0.0,0.0,0.03748,0.0,0.10920999999999999,0.0,0.0,0.0
2025-09-21 07:45:00,Estella E 1106,,,0.01882,,,0.0,0.0,0.0,0.0,0.0,0.03735,0.0,0.10931,0.0,0.0,
2025-09-21 07:50:00,Estella E 1106,0.0,0.00879,,0.0,0.03817,,,,0.0,0.0,0.0376,0.0,0.11008,,0.0,0.0
2025-09-21 07:55:00,Estella E 1106,0.0,0.00876,0.01948,0.0,0.03713,0.0,0.0,0.0,0.0,0.0,0.038060000000000004,0.0,0.10943000000000001,0.0,0.0,0.0
2025-09-21 08:00:00,Estella E 1106,0.0,0.0,0.0,0.0,0.03711,0.0,0.0,0.0,0.0,0.0,0.03789,0.0,0.07977,0.0,1e-05,0.0
2025-09-21 08:05:00,Estella E 1106,0.0,0.0,0.0094,0.0,0.03656,0.0,0.0,0.0,0.0,0.0,0.037950000000000005,0.0,0.08565,0.0,0.0,0.0
2025-09-21 08:10:00,Estella E 1106,2.7558200000000004,0.00883,,0.0,0.036,,,,0.0,0.0,0.038090000000000006,0.0,0.09664,,0.0,0.0
2025-09-21 08:15:00,Estella E 1106,2.72155,0.00887,,0.0,0.00014000000000000001,,,,0.0,0.0,0.03649,0.0,2.7906,,0.0,0.0
2025-09-21 08:20:00,Estella E 1106,0.0,0.00874,,0.0,0.00020999999999999998,,,,0.0,0.0,0.037329999999999995,0.0,0.062060000000000004,,0.0,0.0
2025-09-21 08:25:00,Estella E 1106,0.0,0.00874,,0.0,0.0002,,,,0.0,0.0,0.03741,0.0,0.0613,,0.0,0.0
2025-09-21 08:30:00,Estella E 1106,0.0,0.00867,,0.0,0.00014000000000000001,,,,0.0,0.0,0.03739,0.0,0.06099,,0.0,0.0
2025-09-21 08:35:00,Estella E 1106,0.0,0.00869,,0.0,0.037579999999999995,,,,0.0,0.0,0.03663,0.0,0.09365000000000001,,0.0,0.0
2025-09-21 08:40:00,Estella E 1106,0.0,0.00869,0.00537,0.0,0.038380000000000004,0.0,0.0,0.0,0.0,0.0,0.03624,0.0,0.09484000000000001,0.0,0.0,0.0
2025-09-21 08:45:00,Estella E 1106,0.0,0.00864,0.00501,0.0,0.037899999999999996,0.0,0.0,0.0,0.0,0.0,0.03661,0.0,0.09403,0.0,1e-05,0.0
2025-09-21 08:50:00,Estella E 1106,0.0,0.0088,0.00445,0.0,0.03731,0.0,0.0,0.0,0.0,0.0,0.03655,0.0,0.09297,0.0,0.0,0.0
2025-09-21 08:55:00,Estella E 1106,0.0,0.00876,0.00362,0.0,0.03871,0.0,0.0,0.0,0.0,0.0,0.03651,0.0,0.09395,0.0,0.0,0.0
2025-09-21 09:00:00,Estella E 1106,0.0,0.00874,,0.0,0.038149999999999996,,,,0.0,0.0,0.036539999999999996,0.0,0.09264,,0.0,0.0
2025-09-21 09:05:00,Estella E 1106,0.0,0.00873,,0.0,0.03757,,,,0.0,0.0,0.03661,0.0,0.09181,,0.0,0.0
2025-09-21 09:10:00,Estella E 1106,0.0,0.0088,0.00261,0.0,0.037020000000000004,0.0,0.0,0.0,0.0,0.0,0.03621,0.0,0.09087,0.0,0.0,0.0
2025-09-21 09:15:00,Estella E 1106,0.0,0.0087,0.00263,0.0,0.03666,0.0,0.0,0.0,0.0,0.0,0.03593,0.0,0.08993999999999999,0.0,0.0,0.0
2025-09-21 09:20:00,Estella E 1106,0.0,0.00877,0.00195,0.0,0.036289999999999996,0.0,0.0,0.0,0.0,0.0,0.03552,0.0,0.08815,0.0,0.0,0.0
2025-09-21 09:25:00,Estella E 1106,0.0,0.00876,,0.0,0.00027,,,,0.0,0.0,0.035679999999999996,0.0,0.054009999999999996,,0.0,0.0
2025-09-21 09:30:00,Estella E 1106,0.0,0.00869,0.00267,0.0,0.00017999999999999998,0.0,0.0,0.0,0.0,0.0,0.03646,0.0,0.05478,0.0,0.0,0.0
2025-09-21 09:35:00,Estella E 1106,0.0,0.00877,0.00035999999999999997,0.0,0.00013000000000000002,0.0,0.0,0.0,0.0,0.0,0.03632,0.0,0.054479999999999994,0.0,0.0,0.0
2025-09-21 09:40:00,Estella E 1106,0.0,0.00863,0.0,0.0,0.04969,0.0,0.0,0.0,0.0,0.0,0.036090000000000004,0.0,0.051789999999999996,0.0,0.0,0.0
2025-09-21 09:45:00,Estella E 1106,0.0,0.0088,0.0,0.0,0.03797,0.0,0.0,0.0,0.0,0.0,0.03625,0.0,0.08821,0.0,0.0,0.0
2025-09-21 09:50:00,Estella E 1106,0.0,0.00872,0.0,0.0,0.03875,0.0,0.0,0.0,0.0,0.0,0.036109999999999996,0.0,0.08843999999999999,0.0,0.0,0.0
2025-09-21 09:55:00,Estella E 1106,0.0,0.00867,,0.0,0.03754,,,,0.0,0.0,0.0359,0.0,0.1423,,0.0,0.0
2025-09-21 10:00:00,Estella E 1106,0.0,0.0,0.033780000000000004,0.0,0.03704,0.0,0.0,0.01807,0.0,0.0,0.03535,0.0,0.13992,0.0,0.0,0.0
2025-09-21 10:05:00,Estella E 1106,0.0,0.0,0.03349,0.0,0.03667,0.0,0.0,0.018179999999999998,0.0,0.0,0.03519,0.0,0.12913999999999998,0.0,0.0,0.0
2025-09-21 10:10:00,Estella E 1106,0.0,0.0,0.03343,0.0,0.036359999999999996,0.0,0.0,0.01808,0.0,0.0,0.0,0.0,0.09367,0.0,0.0,0.0
2025-09-21 10:15:00,Estella E 1106,0.0,0.0,0.03343,0.0,0.00011999999999999999,0.0,0.0,0.017920000000000002,0.0,0.0,0.0,0.0,0.05858,0.0,0.0,0.0
2025-09-21 10:20:00,Estella E 1106,0.0,0.0,0.0334,0.0,0.00016,0.0,0.0,0.0178,0.0,0.0,0.0,0.0,0.0587,0.0,0.0,0.0
2025-09-21 10:25:00,Estella E 1106,0.0,0.0,0.03336,0.0,0.00016,0.0,0.0,0.01759,0.0,0.0,0.0,0.0,0.0588,0.0,0.0,0.0
2025-09-21 10:30:00,Estella E 1106,0.0,0.0,,0.0,0.00011,,,,0.0,0.0,0.0,0.0,0.16519999999999999,,0.0,0.0
2025-09-21 10:35:00,Estella E 1106,,,0.14492,,,0.06595999999999999,0.0,0.03533,0.0,0.0,0.0,0.0,0.28944,0.0,0.0,
2025-09-21 10:40:00,Estella E 1106,0.0,0.0,0.14418,0.0,0.07526,0.0,0.0,0.03522,0.0,0.0,0.0,0.0,0.26738,0.0,0.0,0.0
2025-09-21 10:45:00,Estella E 1106,0.0,0.0,,0.0,0.03774,,,,0.0,0.0,0.0,0.0,0.13744,,0.0,0.0
2025-09-21 10:50:00,Estella E 1106,0.0,0.0,0.07373,0.0,0.03836,0.0,0.0,0.01864,0.0,0.0,0.0,0.0,0.13663,0.0,0.0,0.0
2025-09-21 10:55:00,Estella E 1106,0.0,0.0,0.07386,0.0,0.038270000000000005,0.0,0.0,0.01864,0.0,0.0,0.0,0.0,0.1375,0.0,0.0,0.0
2025-09-21 11:00:00,Estella E 1106,0.0,0.0,,0.0,0.037950000000000005,,,,0.0,0.0,0.0,0.0,0.09608,,0.0,0.0
2025-09-21 11:05:00,Estella E 1106,0.0,0.0,,0.0,0.037399999999999996,,,,0.0,0.0,0.03903,0.0,0.13503,,0.0,0.0
2025-09-21 11:10:00,Estella E 1106,0.0,0.0,,0.0,0.03714,,,,0.0,0.0,0.0,0.0,0.09552,,0.0,0.0
2025-09-21 11:15:00,Estella E 1106,0.0,0.0,,0.0,0.03646,,,,0.0,0.0,0.03797,0.0,0.17351,,0.0,0.0
2025-09-21 11:20:00,Estella E 1106,0.0,0.0,0.07364,0.0,0.00025,0.0,0.0,0.01863,0.0,0.0,0.037700000000000004,0.0,0.13784,0.0,0.0,0.0
2025-09-21 11:25:00,Estella E 1106,0.0,0.0,,0.0,0.00011999999999999999,,,,0.0,0.0,0.03772,0.0,0.14565,,0.0,0.0
2025-09-21 11:30:00,Estella E 1106,0.0,0.0,,0.0,0.0004,,,,0.0,0.0,0.03775,0.0,0.18437,,0.0,0.0
2025-09-21 11:35:00,Estella E 1106,0.0,0.0,0.08778,0.0,0.00016,0.03049,0.0,0.018879999999999997,0.0,0.0,0.03807,0.0,0.18312,0.0,0.0,0.0
2025-09-21 11:40:00,Estella E 1106,0.0,0.0,0.08778,0.0,0.037899999999999996,0.03019,0.0,0.019030000000000002,0.0,0.0,0.038,0.0,0.21969999999999998,0.0,0.0,0.0
2025-09-21 11:45:00,Estella E 1106,0.0,0.0,0.08527,0.0,0.038700000000000005,0.0,0.0,0.01909,0.0,0.0,0.037899999999999996,0.0,0.18841,0.0,0.0,0.0
2025-09-21 11:50:00,Estella E 1106,0.0,0.008919999999999999,0.04846,0.0,0.03775,0.0,0.0,0.01914,0.0,0.0,0.03774,0.0,0.15027000000000001,0.0,0.0,0.0
2025-09-21 11:55:00,Estella E 1106,0.0,0.00871,0.045450000000000004,0.0,0.18139,0.0,0.0,0.0184,0.0,0.0,0.03781,0.0,0.30925,0.0,0.0,0.0
2025-09-21 12:00:00,Estella E 1106,0.0,0.0,0.04675,0.0,0.18762,0.0,0.0,0.01924,0.0,0.0,0.03696,0.0,3.1228800000000003,0.0,2.83087,0.0
2025-09-21 12:05:00,Estella E 1106,0.0,0.0,0.04664,0.0,0.18912,0.0,0.0,0.01911,0.0,0.0,0.0,0.0,0.25853,0.0,1e-05,0.0
2025-09-21 12:10:00,Estella E 1106,0.0,0.0,0.048530000000000004,0.0,0.00016,0.0,0.0,0.01907,0.0,0.0,0.0,0.0,0.26249,0.0,1e-05,0.0
2025-09-21 12:15:00,Estella E 1106,0.0,0.0,,0.0,0.00023999999999999998,,,,0.0,0.0,0.0,0.0,0.031059999999999997,,0.0,0.0
2025-09-21 12:20:00,Estella E 1106,0.0,0.0,,0.0,0.05515,,,,0.0,0.0,0.0,0.0,2.90958,,2.8242399999999996,0.0
2025-09-21 12:25:00,Estella E 1106,0.0,0.0,0.00447,0.0,0.05323,0.0,0.0,0.019350000000000003,0.0,0.0,0.0,0.0,0.08249,0.0,0.0,0.0
2025-09-21 12:30:00,Estella E 1106,0.0,0.0,,0.0,0.05172,,,,0.0,0.0,0.0,0.0,0.08172,,0.0,0.0
2025-09-21 12:35:00,Estella E 1106,,,0.0073,,,0.0,0.0,0.01941,0.0,0.0,0.0,0.0,0.08343,0.0,0.0,
2025-09-21 12:40:00,Estella E 1106,0.0,0.0,0.00898,0.0,0.09593,0.0,0.0,0.038020000000000005,0.0,0.0,0.0,0.0,0.15062,0.0,2e-05,0.0
2025-09-21 12:45:00,Estella E 1106,0.0,0.0,0.01115,0.0,0.046,0.0,0.0,0.01914,0.0,0.0,0.0,0.0,0.08120999999999999,0.0,0.0,0.0
2025-09-21 12:50:00,Estella E 1106,0.0,0.0,0.01114,0.0,0.04586,0.0,0.0,0.019399999999999997,0.0,0.0,0.0,0.0,0.0829,0.0,0.0,0.0
2025-09-21 12:55:00,Estella E 1106,0.0,0.0,,0.0,0.04471,,,,0.0,0.0,0.0,0.0,0.08217,,0.0,0.0
2025-09-21 13:00:00,Estella E 1106,0.0,0.0,0.01014,0.0,0.04388,0.0,0.0,0.01995,0.0,0.0,0.0,0.0,0.08120000000000001,0.0,4e-05,0.0
2025-09-21 13:05:00,Estella E 1106,0.0,0.0,,0.0,0.045020000000000004,,,,0.0,0.0,0.0,0.0,0.08242000000000001,,0.0,0.0
2025-09-21 13:10:00,Estella E 1106,0.0,0.0,0.011179999999999999,0.0,0.04292,0.0,0.0,-2e-05,0.0,0.0,0.0,0.0,0.08081999999999999,0.0,4e-05,0.0
2025-09-21 13:15:00,Estella E 1106,0.0,0.0,0.00539,0.0,0.04204,0.0,0.0,0.0,0.0,0.0,0.0,0.0,0.0581,0.0,7.000000000000001e-05,0.0
2025-09-21 13:20:00,Estella E 1106,0.0,0.0,0.03336,0.0,0.04147,0.0,0.0,0.0,0.0,0.0,0.0,0.0,0.08077,0.0,2e-05,0.0
2025-09-21 13:25:00,Estella E 1106,0.0,0.0,0.03408,0.0,0.04149,0.0,0.0,0.0,0.0,0.0,0.0,0.0,0.07271,0.0,0.0,0.0
2025-09-21 13:30:00,Estella E 1106,0.0,0.0,0.034390000000000004,0.0,0.0407,0.0,0.0,0.0,0.0,0.0,0.0,0.0,0.08073000000000001,0.0,0.0,0.0
2025-09-21 13:35:00,Estella E 1106,0.0,0.0,0.03437,0.0,0.04003,0.0339,0.0,0.0,0.0,0.0,0.0,0.0,0.11468,0.0,1e-05,0.0
2025-09-21 13:40:00,Estella E 1106,0.0,0.0,0.03393,0.0,0.039409999999999994,0.03295,0.0,0.0,0.0,0.0,0.0,0.0,0.11286,0.0,0.0,0.0
2025-09-21 13:45:00,Estella E 1106,0.0,0.0,0.03393,0.0,0.039020000000000006,0.0,0.0,0.0,0.0,0.0,0.0,0.0,0.11163,0.0,0.0,0.0
2025-09-21 13:50:00,Estella E 1106,0.0,0.0,0.03401,0.0,0.03849,0.0,0.0,0.0,0.0,0.0,0.0,0.0,0.07875,0.0,2e-05,0.0
2025-09-21 13:55:00,Estella E 1106,0.0,0.0,0.03467,0.0,0.037899999999999996,0.0,0.0,0.0,0.0,0.0,0.0,0.0,0.07737000000000001,0.0,2e-05,0.0
2025-09-21 14:00:00,Estella E 1106,0.0,0.0,0.03427,0.0,0.03764,0.0,0.0,0.0,0.0,0.0,0.0,0.0,0.07732,0.0,1e-05,0.0
2025-09-21 14:05:00,Estella E 1106,0.0,0.0,0.03432,0.0,0.0373,0.0,0.0,0.0,0.0,0.0,0.0,0.0,0.07481,0.0,2e-05,0.0
2025-09-21 14:10:00,Estella E 1106,0.0,0.0,0.03381,0.0,0.03716,0.0,0.0,0.0,0.0,0.0,0.0,0.0,0.07608,0.0,0.0,0.0
2025-09-21 14:15:00,Estella E 1106,0.0,0.0,0.0339,0.0,0.03682,0.0,0.0,0.0,0.0,0.0,0.0,0.0,0.07556,0.0,0.0,0.0
2025-09-21 14:20:00,Estella E 1106,0.0,0.0,0.03417,0.0,0.00020999999999999998,0.0,0.0,0.0,0.0,0.0,0.0,0.0,0.04056,0.0,5.9999999999999995e-05,0.0
2025-09-21 14:25:00,Estella E 1106,0.0,0.0,0.0,0.0,0.00011,0.0,0.0,0.0,0.0,0.0,0.0,0.0,0.00533,0.0,2e-05,0.0
2025-09-21 14:30:00,Estella E 1106,0.0,0.0,0.0,0.0,0.00011999999999999999,0.0,0.0,-1e-05,0.0,0.0,0.0,0.0,0.0052699999999999995,0.0,0.0,0.0
2025-09-21 14:35:00,Estella E 1106,0.0,0.0,0.0,0.0,0.037579999999999995,0.0,0.0,0.0,0.0,0.0,0.0,0.0,0.006889999999999999,0.0,0.0,0.0
2025-09-21 14:40:00,Estella E 1106,0.0,0.0,0.0,0.0,0.03918,0.0,0.0,0.0,0.0,0.0,0.0,0.0,0.04348,0.0,2e-05,0.0
2025-09-21 14:45:00,Estella E 1106,0.0,0.0,0.0,0.0,0.039689999999999996,0.0,0.0,0.0,0.0,0.0,0.0,0.0,0.044090000000000004,0.0,1e-05,0.0
2025-09-21 14:50:00,Estella E 1106,0.0,0.0,0.0,0.0,0.04008,0.0,0.0,0.0,0.0,0.0,0.0,0.0,0.0442,0.0,1e-05,0.0
2025-09-21 14:55:00,Estella E 1106,0.0,0.0,0.0,0.0,0.038079999999999996,0.0,0.0,-1e-05,0.0,0.0,0.0,0.0,0.04272,0.0,2e-05,0.0
2025-09-21 15:00:00,Estella E 1106,0.0,0.0,0.0,0.0,0.03749,0.0,0.0,-2e-05,0.0,0.0,0.0,0.0,0.04187,0.0,0.0,0.0
2025-09-21 15:05:00,Estella E 1106,0.0,0.0,0.04371,0.0,0.0371,0.0,0.0,0.0,0.0,0.0,0.0,0.0,0.09598000000000001,0.0,0.0,0.0
2025-09-21 15:10:00,Estella E 1106,0.0,0.0,0.043429999999999996,0.0,0.03686,0.0,0.0,0.0,0.0,0.0,0.0,0.0,0.08481999999999999,0.0,2e-05,0.0
2025-09-21 15:15:00,Estella E 1106,0.0,0.0,0.04298,0.0,0.0002,0.0,0.0,0.0,0.0,0.0,0.0,0.0,0.05,0.0,1e-05,0.0
2025-09-21 15:20:00,Estella E 1106,0.0,0.0,0.0428,0.0,0.00011,0.0,0.0,0.0,0.0,0.0,0.08399,0.0,0.13313,0.0,2e-05,0.0
2025-09-21 15:25:00,Estella E 1106,0.0,0.00894,0.04253,0.0,0.00011,0.0,0.0,0.0,0.0,0.0,0.04036,0.0,0.08988,0.0,0.0,0.0
2025-09-21 15:30:00,Estella E 1106,0.0,0.0,0.04201,0.0,0.0002,0.0,0.0,0.0,0.0,0.0,0.03989,0.0,0.08866,0.0,0.0,0.0
2025-09-21 15:35:00,Estella E 1106,0.0,0.0,0.0,0.0,0.03821,0.0,0.0,-5e-05,0.0,0.0,0.039880000000000006,0.0,0.0828,0.0,0.0,0.0
2025-09-21 15:40:00,Estella E 1106,0.0,0.0,0.0,0.0,0.038829999999999996,0.0,0.0,0.0,0.0,0.0,0.03961,0.0,0.08372,0.0,0.0,0.0
2025-09-21 15:45:00,Estella E 1106,0.0,0.0,0.044090000000000004,0.0,0.03959,0.0,0.0,0.0,0.0,0.0,1.02803,0.0,1.08255,0.0,1e-05,0.0
2025-09-21 15:50:00,Estella E 1106,0.0,0.0,0.04219,0.0,0.037579999999999995,0.0,0.0,0.0,0.0,0.0,0.04225,0.0,0.1288,0.0,0.0,0.0
2025-09-21 15:55:00,Estella E 1106,0.0,0.0,0.04206,0.0,0.037219999999999996,0.0,0.0,0.0,0.0,0.0,0.04192,0.0,0.12725,0.0,1e-05,0.0
2025-09-21 16:00:00,Estella E 1106,0.0,0.0,0.04276,0.0,0.036899999999999995,0.0,0.0,0.0,0.0,0.0,0.042,0.0,0.12675,0.0,0.0,0.0
2025-09-21 16:05:00,Estella E 1106,0.0,0.0,0.04234,0.0,0.03622,0.0,0.0,0.0,0.0,0.0,1.0404,0.0,1.12491,0.0,2e-05,0.0
2025-09-21 16:10:00,Estella E 1106,0.0,0.0,0.04207,0.0,0.00014000000000000001,0.0,0.0,0.0,0.0,0.0,1.04427,0.0,1.09349,0.0,2e-05,0.0
2025-09-21 16:15:00,Estella E 1106,0.0,0.0,0.04263,0.0,0.00016,0.0,0.0,0.0,0.0,0.0,0.04225,0.0,0.09173999999999999,0.0,0.0,0.0
2025-09-21 16:20:00,Estella E 1106,0.0,0.0,0.04251,0.0,8.999999999999999e-05,0.0,0.0,0.0,0.0,0.0,0.03964,0.0,0.08857999999999999,0.0,2e-05,0.0
2025-09-21 16:25:00,Estella E 1106,0.0,0.0,0.17492,0.0,0.10245,0.10812000000000001,0.0,0.0,0.0,0.0,0.07862000000000001,0.0,0.37882,0.0,8e-05,0.0
2025-09-21 16:30:00,Estella E 1106,0.0,0.0,0.2529,0.0,0.07614,0.10624,0.0,0.0,0.0,0.0,0.0784,0.0,0.44295,0.0,0.0,0.0
2025-09-21 16:35:00,Estella E 1106,0.0,0.00873,,0.0,0.037840000000000006,,,,0.0,0.0,0.03936,0.0,0.26148000000000005,,0.0,0.0
2025-09-21 16:40:00,Estella E 1106,0.0,0.0,0.12468000000000001,0.0,0.03736,0.05208,0.0,0.0,0.009699999999999999,0.0,0.03934,0.0,0.27029000000000003,0.0,0.0,0.0
2025-09-21 16:45:00,Estella E 1106,0.0,0.0,0.12448999999999999,0.0,0.03637,0.0519,0.0,0.0,0.0,0.0,0.03935,0.0,0.25883999999999996,0.0,2e-05,0.0
2025-09-21 16:50:00,Estella E 1106,0.0,0.0,0.12462000000000001,0.0,0.03602,0.052340000000000005,0.0,0.0,0.0,0.0,0.039560000000000005,0.0,0.2586,0.0,1e-05,0.0
2025-09-21 16:55:00,Estella E 1106,0.0,0.0,0.12454000000000001,0.0,0.03567,0.05175,0.0,0.0,0.0,0.0,0.039509999999999997,0.0,0.2575,0.0,2e-05,0.0
2025-09-21 17:00:00,Estella E 1106,0.0,0.0,0.15877000000000002,0.0,0.00017999999999999998,0.0,0.0,0.0,0.0,0.0,0.039619999999999995,0.0,0.20542,0.0,2e-05,0.0
2025-09-21 17:05:00,Estella E 1106,0.0,0.0,0.15787,0.0,0.00016,0.0,0.0,0.0,0.0,0.0,0.03959,0.0,0.21387,0.0,1e-05,0.0
2025-09-21 17:10:00,Estella E 1106,0.0,0.0,0.07522,0.0,0.00013000000000000002,0.0,0.0,0.0,0.0,0.0,0.0,0.0,0.08142,0.0,1e-05,0.0
2025-09-21 17:15:00,Estella E 1106,0.0,0.0,0.0751,0.0,0.00139,0.0,0.0,0.0,0.03343,0.0,0.0,0.0,0.11533,0.0,0.0,0.0
2025-09-21 17:20:00,Estella E 1106,0.0,0.0,0.07535,0.0,0.054329999999999996,0.0,0.0,0.0,0.0,0.0,0.0,0.0,0.08395,0.0,2e-05,0.0
2025-09-21 17:25:00,Estella E 1106,0.0,0.0,0.07529000000000001,0.0,0.040729999999999995,0.0,0.0,0.0,0.0,0.0,0.0,0.0,0.12075,0.0,0.0,0.0
2025-09-21 17:30:00,Estella E 1106,0.0,0.00886,0.07584,0.0,0.03907,0.0,0.0,0.0,0.0,0.0,0.0,0.0,0.12972,0.0,2e-05,0.0
2025-09-21 17:35:00,Estella E 1106,0.0,0.00872,0.07534,0.0,0.038450000000000005,0.0,0.0,0.0,0.0,0.0,0.0,0.0,0.13003,0.0,0.0,0.0
2025-09-21 17:40:00,Estella E 1106,0.0,0.0,0.07511,0.0,0.03717,0.0,0.0,0.0,0.0,0.0,0.0,0.0,0.11803,0.0,4e-05,0.0
2025-09-21 17:45:00,Estella E 1106,0.0,0.0,0.07590999999999999,0.0,0.038939999999999995,0.0,0.0,0.0,0.0,0.0,0.0,0.0,0.11776,0.0,1e-05,0.0
2025-09-21 17:50:00,Estella E 1106,0.0,0.0,0.076,0.0,0.04097,0.0,0.0,0.0,0.0,0.0,0.0,0.0,0.12254999999999999,0.0,0.0,0.0
2025-09-21 17:55:00,Estella E 1106,0.0,0.0,0.07618000000000001,0.0,0.03959,0.0,0.0,0.0,0.0,0.0,0.0,0.0,0.12034,0.0,0.0,0.0
2025-09-21 18:00:00,Estella E 1106,0.0,0.0,0.06881,0.0,0.04089,0.0,0.0,-1e-05,0.0,0.0,0.0,0.0,0.12242,0.0,0.0,0.0
2025-09-21 18:05:00,Estella E 1106,0.0,0.0,0.07611,0.0,0.039490000000000004,0.0,0.0,0.0,0.0,0.0,0.0,0.0,0.12034,0.0,0.0,0.0
2025-09-21 18:10:00,Estella E 1106,0.0,0.0,0.07513,0.0,0.03864,0.0,0.0,0.0,0.0,0.0,0.0,0.0,0.11785,0.0,0.0,0.0
2025-09-21 18:15:00,Estella E 1106,0.0,0.0,0.07501000000000001,0.0,0.03774,0.0,0.0,0.0,0.0,0.0,0.0,0.0,0.11885,0.0,0.0,0.0
2025-09-21 18:20:00,Estella E 1106,0.0,0.0,0.07459,0.0,0.038079999999999996,0.0,0.0,0.0,0.00951,0.0,0.0,0.0,0.1281,0.0,0.0,0.0
2025-09-21 18:25:00,Estella E 1106,0.0,0.0,0.0747,0.0,0.039740000000000004,0.008960000000000001,0.0,0.040850000000000004,0.00948,0.0,0.0,0.0,0.18145,0.0,0.0,0.0
2025-09-21 18:30:00,Estella E 1106,0.0,0.0,0.074,0.0,0.03848,0.00891,0.0,0.08484,0.00942,0.0,0.0,0.0,0.22554,0.0,1e-05,0.0
2025-09-21 18:35:00,Estella E 1106,0.0,0.0,0.07399,0.0,0.037899999999999996,0.00885,0.0,0.08362,0.00941,0.0,0.0,0.0,0.22163999999999998,0.0,0.0,0.0
2025-09-21 18:40:00,Estella E 1106,0.0,0.0,0.15782,0.0,0.039049999999999994,0.00886,0.0,0.039119999999999995,0.00941,0.0,0.0,0.0,0.26183999999999996,0.0,0.0,0.0
2025-09-21 18:45:00,Estella E 1106,0.0,0.0,0.15725999999999998,0.0,0.04045,0.00879,0.0,0.03892,0.00939,0.0,0.0,0.0,0.26302,0.0,0.0,0.0
2025-09-21 18:50:00,Estella E 1106,0.0,0.0,0.15753999999999999,0.0,0.03789,0.00875,0.0,0.039240000000000004,0.00943,0.0,0.0,0.0,0.2606,0.0,0.0,0.0
2025-09-21 18:55:00,Estella E 1106,0.0,0.0,0.11566,0.0,0.03714,0.00881,0.0,0.038869999999999995,0.00942,0.0,0.0,0.0,0.21703,0.0,0.0,0.0
2025-09-21 19:00:00,Estella E 1106,0.0,0.03082,0.11546,0.0,0.036359999999999996,0.04283,0.0,0.038520000000000006,0.00932,0.0,0.0,0.0,0.25095,0.0,0.0,0.0
2025-09-21 19:05:00,Estella E 1106,0.0,0.02972,0.11621,0.0,0.00011,0.042140000000000004,0.0,0.038119999999999994,0.009380000000000001,0.0,0.0,0.0,0.27873000000000003,0.0,0.0,0.0
2025-09-21 19:10:00,Estella E 1106,0.0,0.02897,0.1151,0.0,7.000000000000001e-05,0.010060000000000001,0.0,0.03774,0.0,0.0,0.0,0.0,0.20231,0.0,0.0,0.0
2025-09-21 19:15:00,Estella E 1106,0.0,0.0,0.11506999999999999,0.0,0.00013000000000000002,0.01014,0.0,0.037950000000000005,0.0,0.0,0.0,0.0,0.17169,0.0,0.0,0.0
2025-09-21 19:20:00,Estella E 1106,0.0,0.0,0.11493,0.0,0.03716,0.00866,0.0,0.038259999999999995,0.0,0.0,0.0,0.0,0.21949000000000002,0.0,0.0,0.0
2025-09-21 19:25:00,Estella E 1106,0.0,0.0,0.11513,0.0,0.03958,0.00882,0.0,0.03817,0.0,0.0,0.0,0.0,0.20807,0.0,0.0,0.0
2025-09-21 19:30:00,Estella E 1106,0.0,0.0,0.11389,0.0,0.03995,0.00872,0.0,0.0384,0.0,0.0,0.0,0.0,0.20764,0.0,0.0,0.0
2025-09-21 19:35:00,Estella E 1106,0.0,0.0,0.11481999999999999,0.0,0.039979999999999995,0.00869,0.0,0.03904,0.0,0.0,0.0,0.0,0.20890999999999998,0.0,0.0,0.0
2025-09-21 19:40:00,Estella E 1106,0.0,0.0,,0.0,0.03867,,,,0.0,0.0,0.0,0.0,0.20915,,0.0,0.0
2025-09-21 19:45:00,Estella E 1106,0.0,0.0,,0.0,0.037149999999999996,,,,0.0,0.0,0.08769,0.0,0.30173,,0.0,0.0
2025-09-21 19:50:00,Estella E 1106,0.0,0.0,,0.0,0.03643,,,,0.0,0.0,0.08681,0.0,0.32475,,0.0,0.0
2025-09-21 19:55:00,Estella E 1106,0.0,0.0,0.11492000000000001,0.0,0.03581,0.00875,0.0,0.039259999999999996,0.0,0.0,0.08684,0.0,0.2933,0.0,0.0,0.0
2025-09-21 20:00:00,Estella E 1106,0.0,0.0,,0.0,0.00011999999999999999,,,,0.0,0.0,0.08695,0.0,0.25812999999999997,,0.0,0.0
2025-09-21 20:05:00,Estella E 1106,0.0,0.0,,0.0,8.999999999999999e-05,,,,0.0,0.0,0.08666,0.0,0.25869,,0.0,0.0
2025-09-21 20:10:00,Estella E 1106,0.0,0.0,,0.0,0.00013000000000000002,,,,0.0,0.0,0.08654,0.0,0.25825,,0.0,0.0
2025-09-21 20:15:00,Estella E 1106,0.0,0.0,0.11528000000000001,0.0,0.038840000000000006,0.00874,0.0,0.03957,0.0,0.0,0.08631,0.0,0.29531999999999997,0.0,0.0,0.0
2025-09-21 20:20:00,Estella E 1106,0.0,0.0,0.11527,0.0,0.04234,0.00871,0.0,0.03934,0.0,0.0,0.086,0.0,0.29806,0.0,0.0,0.0
2025-09-21 20:25:00,Estella E 1106,0.0,0.0,0.11546,0.0,0.04273,0.00875,0.0,0.03943,0.0,0.0,0.08604,0.0,0.29893000000000003,0.0,0.0,0.0
2025-09-21 20:30:00,Estella E 1106,0.0,0.0,0.11523,0.0,0.04239,0.00864,0.0,0.039189999999999996,0.0,0.0,0.08581,0.0,0.29871,0.0,0.0,0.0
2025-09-21 20:35:00,Estella E 1106,0.0,0.0,0.11526,0.0,0.04183,0.00871,0.0,0.03934,0.0,0.0,0.08596,0.0,0.29712,0.0,0.0,0.0
2025-09-21 20:40:00,Estella E 1106,0.0,0.0,,0.0,0.04112,,,,0.0,0.0,0.0857,0.0,0.29754,,0.0,0.0
2025-09-21 20:45:00,Estella E 1106,0.0,0.0,,0.0,0.039689999999999996,,,,0.0,0.0,0.08597,0.0,0.29823,,0.0,0.0
2025-09-21 20:50:00,Estella E 1106,0.0,0.0,,0.0,0.03774,,,,0.0,0.0,0.08623,0.0,0.29575999999999997,,0.0,0.0
2025-09-21 20:55:00,Estella E 1106,0.0,0.0,0.12079000000000001,0.0,0.036969999999999996,0.00866,0.0,0.03972,0.0,0.0,0.08641,0.0,0.29420999999999997,0.0,2e-05,0.0
2025-09-21 21:00:00,Estella E 1106,0.0,0.0,0.25482000000000005,0.0,0.0731,0.01734,0.0,0.07972,0.0,0.0,0.0,0.0,0.4388,0.0,3.0000000000000004e-05,0.0
2025-09-21 21:05:00,Estella E 1106,0.0,0.0,0.12676,0.0,0.03592,0.0,0.0,0.039920000000000004,0.0,0.0,0.0,0.0,0.21,0.0,0.0,0.0
2025-09-21 21:10:00,Estella E 1106,0.0,0.0,,0.0,0.03554,,,,0.0,0.0,0.0,0.0,0.20917,,0.0,0.0
2025-09-21 21:15:00,Estella E 1106,0.0,0.0,,0.0,0.00011999999999999999,,,,0.0,0.0,0.0,0.0,0.17437,,0.0,0.0
2025-09-21 21:20:00,Estella E 1106,0.0,0.0,,0.0,8.999999999999999e-05,,,,0.0,0.0,0.0,0.0,0.17554,,0.0,0.0
2025-09-21 21:25:00,Estella E 1106,0.0,0.00877,0.09312000000000001,0.0,0.00133,0.0,0.0,0.04018,0.0,0.0,0.0,0.0,0.14149,0.0,0.0,0.0
2025-09-21 21:30:00,Estella E 1106,0.0,0.0,0.09414,0.0,0.038810000000000004,0.0,0.0,0.040600000000000004,0.0,0.0,0.0,0.0,0.18975,0.0,1e-05,0.0
2025-09-21 21:35:00,Estella E 1106,0.0,0.0,0.09394,0.0,0.03911,0.01988,0.0,0.04021,0.0,0.0,0.0,0.0,0.20068,0.0,0.0,0.0
2025-09-21 21:40:00,Estella E 1106,0.0,0.0,,0.0,0.039420000000000004,,,,0.0,0.0,0.0,0.0,0.1886,,0.0,0.0
2025-09-21 21:45:00,Estella E 1106,0.0,0.0,,0.0,0.03964,,,,0.0,0.0,0.0,0.0,0.20136,,0.0,0.0
2025-09-21 21:50:00,Estella E 1106,0.0,0.0,,0.0,0.03748,,,,0.0,0.0,0.0,0.0,0.17895,,0.0,0.0
2025-09-21 21:55:00,Estella E 1106,0.0,0.0,,0.0,0.03653,,,,0.0,0.0,0.0,0.0,0.06051,,0.0,0.0
2025-09-21 22:00:00,Estella E 1106,0.0,0.0,0.0,0.0,0.03587,0.0,0.0,0.01839,0.0,0.0,0.0,0.0,0.06013,0.0,0.0,0.0
2025-09-21 22:05:00,Estella E 1106,0.0,0.00879,,0.0,0.03528,,,,0.0,0.0,0.0,0.0,0.06944,,0.0,0.0
2025-09-21 22:10:00,Estella E 1106,0.0,0.0,0.0,0.0,0.00015,0.0,0.0,0.01835,0.0,0.0,0.0,0.0,0.0249,0.0,0.0,0.0
2025-09-21 22:15:00,Estella E 1106,0.0,0.0,,0.0,0.19552,,,,0.0,0.0,0.0,0.0,0.12863,,0.0,0.0
2025-09-21 22:20:00,Estella E 1106,0.0,0.00871,,0.0,0.19533,,,,0.0,0.0,0.11808,0.0,0.32827,,0.0,0.0
2025-09-21 22:25:00,Estella E 1106,0.0,0.0,0.1273,0.0,0.19513999999999998,0.0,0.0,0.0,0.0,0.0,0.11877,0.0,0.44906,0.0,0.0,0.0
2025-09-21 22:30:00,Estella E 1106,0.0,0.0,0.04419,0.0,0.19506,0.0,0.0,0.0,0.0,0.0,0.11659,0.0,0.36025,0.0,0.0,0.0
2025-09-21 22:35:00,Estella E 1106,0.0,0.0,,0.0,0.00016,,,,0.0,0.0,0.11711,0.0,0.16766999999999999,,0.0,0.0
2025-09-21 22:40:00,Estella E 1106,0.0,0.0,,0.0,0.0002,,,,0.0,0.0,0.11674,0.0,0.16674,,0.0,0.0
2025-09-21 22:45:00,Estella E 1106,0.0,0.0,,0.0,0.05391,,,,0.0,0.0,0.11583,0.0,0.22003999999999999,,0.0,0.0
2025-09-21 22:50:00,Estella E 1106,0.0,0.0,0.04311,0.0,0.05255,0.0,0.0,0.0,0.0,0.0,0.03865,0.0,0.14052,0.0,0.0,0.0
2025-09-21 22:55:00,Estella E 1106,0.0,0.0,0.04331,0.0,0.05072,0.0,0.0,0.0,0.0,0.0,0.038810000000000004,0.0,0.13826,0.0,0.0,0.0
2025-09-21 23:00:00,Estella E 1106,0.0,0.0,0.04305,0.0,0.048909999999999995,0.0,0.0,0.0,0.0,0.0,0.03889,0.0,0.13656000000000001,0.0,0.0,0.0
2025-09-21 23:05:00,Estella E 1106,0.0,0.0,,0.0,0.047670000000000004,,,,0.0,0.0,0.0389,0.0,0.13488,,0.0,0.0
2025-09-21 23:10:00,Estella E 1106,0.0,0.0,,0.0,0.04654,,,,0.0,0.0,0.03868,0.0,0.13328,,0.0,0.0
2025-09-21 23:15:00,Estella E 1106,0.0,0.0,,0.0,0.04321,,,,0.0,0.0,0.038840000000000006,0.0,0.13025,,0.0,0.0
2025-09-21 23:20:00,Estella E 1106,0.0,0.0,,0.0,0.04237,,,,0.0,0.0,0.038990000000000004,0.0,0.12927000000000002,,0.0,0.0
2025-09-21 23:25:00,Estella E 1106,0.0,0.0,0.04315,0.0,0.04182,0.0,0.0,0.0,0.0,0.0,0.03918,0.0,0.12940000000000002,0.0,0.0,0.0
2025-09-21 23:30:00,Estella E 1106,0.0,0.0,0.04344,0.0,0.04001,0.0,0.0,0.0,0.0,0.0,0.0222,0.0,0.11076000000000001,0.0,0.0,0.0
2025-09-21 23:35:00,Estella E 1106,0.0,0.0,,0.0,0.03929,,,,0.0,0.0,0.02238,0.0,0.11064,,0.0,0.0
2025-09-21 23:40:00,Estella E 1106,0.0,0.0,,0.0,0.03864,,,,0.0,0.0,0.022359999999999998,0.0,0.10994,,0.0,0.0
2025-09-21 23:45:00,Estella E 1106,0.0,0.0,,0.0,0.03824,,,,0.0,0.0,0.040159999999999994,0.0,0.12739,,0.0,0.0
2025-09-21 23:50:00,Estella E 1106,0.0,0.0,0.041729999999999996,0.0,0.03786,0.0,0.0,0.0,0.0,0.0,0.03824,0.0,0.12295,0.0,0.0,0.0
2025-09-21 23:55:00,Estella E 1106,0.0,0.0,,0.0,0.03764,,,,0.0,0.0,0.0381,0.0,0.12254000000000001,,0.0,0.0
2025-09-22 00:00:00,Estella E 1106,0.0,0.0,,0.0,0.03717,,,,0.0,0.0,0.038450000000000005,0.0,0.12269,,0.0,0.0
2025-09-22 00:05:00,Estella E 1106,0.0,0.0,,0.0,0.036840000000000005,,,,0.0,0.0,0.038439999999999995,0.0,0.12244,,0.0,0.0
2025-09-22 00:10:00,Estella E 1106,0.0,0.0,,0.0,0.036789999999999996,,,,0.0,0.0,0.0385,0.0,0.12236,,0.0,0.0
2025-09-22 00:15:00,Estella E 1106,0.0,0.0,,0.0,0.036539999999999996,,,,0.0,0.0,0.03829,0.0,0.12183,,0.0,0.0
2025-09-22 00:20:00,Estella E 1106,0.0,0.0,0.04206,0.0,0.00011,0.0,0.0,0.0,0.0,0.0,0.0385,0.0,0.08697,0.0,0.0,0.0
2025-09-22 00:25:00,Estella E 1106,0.0,0.0,,0.0,8e-05,,,,0.0,0.0,0.03861,0.0,0.08718000000000001,,0.0,0.0
2025-09-22 00:30:00,Estella E 1106,0.0,0.0,,0.0,0.00011999999999999999,,,,0.0,0.0,0.038799999999999994,0.0,0.08764,,0.0,0.0
2025-09-22 00:35:00,Estella E 1106,0.0,0.0,,0.0,0.00031,,,,0.0,0.0,0.03867,0.0,0.08741,,0.0,0.0
2025-09-22 00:40:00,Estella E 1106,0.0,0.0,,0.0,0.03748,,,,0.0,0.0,0.038740000000000004,0.0,0.12244,,0.0,0.0
2025-09-22 00:45:00,Estella E 1106,0.0,0.0,,0.0,0.03861,,,,0.0,0.0,0.038810000000000004,0.0,0.12464,,0.0,0.0
2025-09-22 00:50:00,Estella E 1106,0.0,0.0,0.04231,0.0,0.03786,0.0,0.0,0.0,0.0,0.0,0.038810000000000004,0.0,0.12434999999999999,0.0,0.0,0.0
2025-09-22 00:55:00,Estella E 1106,0.0,0.0,,0.0,0.03707,,,,0.0,0.0,0.03890999999999999,0.0,0.12395,,0.0,0.0
2025-09-22 01:00:00,Estella E 1106,0.0,0.0,,0.0,0.03676,,,,0.0,0.0,0.039119999999999995,0.0,0.12405,,0.0,0.0
2025-09-22 01:05:00,Estella E 1106,0.0,0.0,0.04297,0.0,0.036520000000000004,0.0,0.0,0.0,0.0,0.0,0.03896,0.0,0.12354000000000001,0.0,0.0,0.0
2025-09-22 01:10:00,Estella E 1106,0.0,0.0,0.04316,0.0,0.03641,0.0,0.0,0.0,0.0,0.0,0.03954,0.0,0.12405,0.0,0.0,0.0
2025-09-22 01:15:00,Estella E 1106,0.0,0.0,,0.0,0.00020999999999999998,,,,0.0,0.0,0.039659999999999994,0.0,0.12415999999999999,,0.0,0.0
2025-09-22 01:20:00,Estella E 1106,0.0,0.0,,0.0,8.999999999999999e-05,,,,0.0,0.0,0.03976,0.0,0.08949,,0.0,0.0
2025-09-22 01:25:00,Estella E 1106,0.0,0.0,,0.0,0.00020999999999999998,,,,0.0,0.0,0.03935,0.0,0.08882999999999999,,0.0,0.0
2025-09-22 01:30:00,Estella E 1106,0.0,0.0,0.0429,0.0,0.00014000000000000001,0.0,0.0,0.0,0.0,0.0,0.039420000000000004,0.0,0.08878,0.0,0.0,0.0
2025-09-22 01:35:00,Estella E 1106,0.0,0.0,0.04284,0.0,0.044469999999999996,0.0,0.0,0.0,0.0,0.0,0.039369999999999995,0.0,0.08886,0.0,0.0,0.0
2025-09-22 01:40:00,Estella E 1106,0.0,0.0,,0.0,0.038,,,,0.0,0.0,0.039240000000000004,0.0,0.1251,,0.0,0.0
2025-09-22 01:45:00,Estella E 1106,0.0,0.0,,0.0,0.03789,,,,0.0,0.0,0.039549999999999995,0.0,0.1265,,0.0,0.0
2025-09-22 01:50:00,Estella E 1106,0.0,0.0,0.04325,0.0,0.037020000000000004,0.0,0.0,0.0,0.0,0.0,0.03964,0.0,0.12531,0.0,0.0,0.0
2025-09-22 01:55:00,Estella E 1106,0.0,0.0,0.1265,0.0,0.03668,0.0,0.0,0.0,0.0,0.0,0.03964,0.0,0.21843,0.0,0.0,0.0
2025-09-22 02:00:00,Estella E 1106,0.0,0.0,,0.0,0.03663,,,,0.0,0.0,0.039810000000000005,0.0,0.08084000000000001,,0.0,0.0
2025-09-22 02:05:00,Estella E 1106,0.0,0.0,0.0,0.0,0.03626,0.0,0.0,-4e-05,0.0,0.0,0.039630000000000006,0.0,0.08073999999999999,0.0,0.0,0.0
2025-09-22 02:10:00,Estella E 1106,0.0,0.0,,0.0,0.00019,,,,0.0,0.0,0.03978,0.0,0.08087000000000001,,0.0,0.0
2025-09-22 02:15:00,Estella E 1106,0.0,0.0,,0.0,0.00019,,,,0.0,0.0,0.03986,0.0,0.04611,,0.0,0.0
2025-09-22 02:20:00,Estella E 1106,0.0,0.0,,0.0,5.9999999999999995e-05,,,,0.0,0.0,0.039880000000000006,0.0,0.04643,,0.0,0.0
2025-09-22 02:25:00,Estella E 1106,0.0,0.0,,0.0,0.00015,,,,0.0,0.0,0.03982,0.0,0.046020000000000005,,0.0,0.0
2025-09-22 02:30:00,Estella E 1106,0.0,0.0,,0.0,0.036539999999999996,,,,0.0,0.0,0.04009,0.0,0.046700000000000005,,0.0,0.0
2025-09-22 02:35:00,Estella E 1106,0.0,0.0,,0.0,0.03782,,,,0.0,0.0,0.039920000000000004,0.0,0.08245000000000001,,0.0,0.0
2025-09-22 02:40:00,Estella E 1106,0.0,0.0,,0.0,0.03774,,,,0.0,0.0,0.04003,0.0,0.08291,,0.0,0.0
2025-09-22 02:45:00,Estella E 1106,0.0,0.0,,0.0,0.037219999999999996,,,,0.0,0.0,0.03989,0.0,0.08184999999999999,,0.0,0.0
2025-09-22 02:50:00,Estella E 1106,0.0,0.0,,0.0,0.03699,,,,0.0,0.0,0.03997,0.0,0.08181000000000001,,0.0,0.0
2025-09-22 02:55:00,Estella E 1106,0.0,0.0,,0.0,0.036539999999999996,,,,0.0,0.0,0.03995,0.0,0.08122,,0.0,0.0
2025-09-22 03:00:00,Estella E 1106,0.0,0.0,,0.0,0.03588,,,,0.0,0.0,0.04027,0.0,0.08136,,0.0,0.0
2025-09-22 03:05:00,Estella E 1106,0.0,0.0,,0.0,0.00011999999999999999,,,,0.0,0.0,0.04022,0.0,0.04664,,0.0,0.0
2025-09-22 03:10:00,Estella E 1106,0.0,0.0,,0.0,0.00016,,,,0.0,0.0,0.04026,0.0,0.04672,,0.0,0.0
2025-09-22 03:15:00,Estella E 1106,0.0,0.0,0.0,0.0,0.00011999999999999999,0.0,0.0,-1e-05,0.0,0.0,0.04008,0.0,0.04617,0.0,0.0,0.0
2025-09-22 03:20:00,Estella E 1106,0.0,0.0,,0.0,0.00019,,,,0.0,0.0,0.0402,0.0,0.046270000000000006,,0.0,0.0
2025-09-22 03:25:00,Estella E 1106,0.0,0.0,,0.0,0.03707,,,,0.0,0.0,0.04002,0.0,0.08075,,0.0,0.0
2025-09-22 03:30:00,Estella E 1106,0.0,0.0,0.0,0.0,0.0384,0.0,0.0,-0.00015,0.0,0.0,0.04011,0.0,0.08231000000000001,0.0,0.0,0.0
2025-09-22 03:35:00,Estella E 1106,0.0,0.0,0.0,0.0,0.03728,0.0,0.0,-1e-05,0.0,0.0,0.039880000000000006,0.0,0.08237,0.0,4e-05,0.0
2025-09-22 03:40:00,Estella E 1106,0.0,0.0,,0.0,0.03681,,,,0.0,0.0,0.040299999999999996,0.0,0.08223,,0.0,0.0
2025-09-22 03:45:00,Estella E 1106,0.0,0.0,,0.0,0.03664,,,,0.0,0.0,0.040600000000000004,0.0,0.08194,,0.0,0.0
2025-09-22 03:50:00,Estella E 1106,0.0,0.0,,0.0,0.03606,,,,0.0,0.0,0.040420000000000005,0.0,0.08147,,0.0,0.0
2025-09-22 03:55:00,Estella E 1106,,,,,,,,,0.0,0.0,0.040229999999999995,0.0,0.0809,,0.0,
2025-09-22 04:00:00,Estella E 1106,0.0,0.0,,0.0,0.00046,,,,0.0,0.0,0.16236,0.0,0.18688,,0.0,0.0
2025-09-22 04:05:00,Estella E 1106,0.0,0.0,,0.0,0.00019,,,,0.0,0.0,0.08052,0.0,0.09384,,0.0,0.0
2025-09-22 04:10:00,Estella E 1106,0.0,0.0,,0.0,0.00011,,,,0.0,0.0,0.040240000000000005,0.0,0.046700000000000005,,0.0,0.0
2025-09-22 04:15:00,Estella E 1106,0.0,0.0,0.0,0.0,0.047009999999999996,0.0,0.0,0.0,0.0,0.0,0.04026,0.0,0.046689999999999995,0.0,0.0,0.0
2025-09-22 04:20:00,Estella E 1106,0.0,0.0,,0.0,0.03816,,,,0.0,0.0,0.04015,0.0,0.08220999999999999,,0.0,0.0
2025-09-22 04:25:00,Estella E 1106,0.0,0.0,0.0,0.0,0.037509999999999995,0.0,0.0,0.0,0.0,0.0,0.040100000000000004,0.0,0.08298,0.0,1e-05,0.0
2025-09-22 04:30:00,Estella E 1106,0.0,0.0,,0.0,0.036950000000000004,,,,0.0,0.0,0.04056,0.0,0.08269,,0.0,0.0
2025-09-22 04:35:00,Estella E 1106,0.0,0.0,0.0,0.0,0.036539999999999996,0.0,0.0,0.0,0.0,0.0,0.04022,0.0,0.0819,0.0,5e-05,0.0
2025-09-22 04:40:00,Estella E 1106,0.0,0.0,0.0,0.0,0.03621,0.0,0.0,0.0,0.0,0.0,0.040060000000000005,0.0,0.08139,0.0,0.0,0.0
2025-09-22 04:45:00,Estella E 1106,0.0,0.0,0.0,0.0,0.03587,0.0,0.0,0.0,0.0,0.0,0.04011,0.0,0.08097,0.0,1e-05,0.0
2025-09-22 04:50:00,Estella E 1106,0.0,0.0,0.0,0.0,0.00011,0.0,0.0,-2e-05,0.0,0.0,0.04022,0.0,0.046310000000000004,0.0,0.0,0.0
2025-09-22 04:55:00,Estella E 1106,0.0,0.0,0.0,0.0,0.00014000000000000001,0.0,0.0,-5.9999999999999995e-05,0.0,0.0,0.04025,0.0,0.04678,0.0,0.0,0.0
2025-09-22 05:00:00,Estella E 1106,0.0,0.0,0.1298,0.0,0.00017999999999999998,0.0,0.0,0.0,0.0,0.0,0.040350000000000004,0.0,0.09215000000000001,0.0,0.0,0.0
2025-09-22 05:05:00,Estella E 1106,0.0,0.0,,0.0,0.00013000000000000002,,,,0.0,0.0,0.04032,0.0,0.09112999999999999,,0.0,0.0
2025-09-22 05:10:00,Estella E 1106,0.0,0.0,,0.0,0.03694,,,,0.0,0.0,0.03983,0.0,0.12566,,0.0,0.0
2025-09-22 05:15:00,Estella E 1106,0.0,0.0,,0.0,0.03789,,,,0.0,0.0,0.039700000000000006,0.0,0.12589,,0.0,0.0
2025-09-22 05:20:00,Estella E 1106,0.0,0.0,,0.0,0.03644,,,,0.0,0.0,0.03934,0.0,0.12412000000000001,,0.0,0.0
2025-09-22 05:25:00,Estella E 1106,0.0,0.0,0.04243,0.0,0.03632,0.0,0.0,0.0,0.0,0.0,0.039439999999999996,0.0,0.12331,0.0,0.0,0.0
2025-09-22 05:30:00,Estella E 1106,0.0,0.0,,0.0,0.03592,,,,0.0,0.0,0.03922,0.0,0.12294,,0.0,0.0
2025-09-22 05:35:00,Estella E 1106,0.0,0.0,,0.0,0.03572,,,,0.0,0.0,0.039240000000000004,0.0,0.12233,,0.0,0.0
2025-09-22 05:40:00,Estella E 1106,0.0,0.0,,0.0,0.00015,,,,0.0,0.0,0.038810000000000004,0.0,0.08673,,0.0,0.0
2025-09-22 05:45:00,Estella E 1106,0.0,0.0,,0.0,0.00013000000000000002,,,,0.0,0.0,0.03878,0.0,0.08684,,0.0,0.0
2025-09-22 05:50:00,Estella E 1106,0.0,0.0,,0.0,0.00016,,,,0.0,0.0,0.038799999999999994,0.0,0.08676,,0.0,0.0
2025-09-22 05:55:00,Estella E 1106,0.0,0.0,,0.0,0.00019,,,,0.0,0.0,0.03867,0.0,0.08654,,0.0,0.0
2025-09-22 06:00:00,Estella E 1106,0.0,0.0,,0.0,0.03683,,,,0.0,0.0,0.038740000000000004,0.0,0.12207,,0.0,0.0
2025-09-22 06:05:00,Estella E 1106,0.0,0.0,0.04057,0.0,0.037700000000000004,0.0,0.0,0.0,0.0,0.0,0.038270000000000005,0.0,0.1222,0.0,0.0,0.0
2025-09-22 06:10:00,Estella E 1106,0.0,0.0,,0.0,0.036359999999999996,,,,0.0,0.0,0.037520000000000005,0.0,0.11956,,0.0,0.0
2025-09-22 06:15:00,Estella E 1106,0.0,0.0,,0.0,0.03621,,,,0.0,0.0,0.03753,0.0,0.11936,,0.0,0.0
2025-09-22 06:20:00,Estella E 1106,0.0,0.0,,0.0,0.03592,,,,0.0,0.0,0.03737,0.0,0.11842,,0.0,0.0
2025-09-22 06:25:00,Estella E 1106,0.0,0.0,,0.0,0.0357,,,,0.0,0.0,0.03685,0.0,0.11713,,0.0,0.0
2025-09-22 06:30:00,Estella E 1106,0.0,0.0,,0.0,0.00020999999999999998,,,,0.0,0.0,0.037329999999999995,0.0,0.06215,,0.0,0.0
2025-09-22 06:35:00,Estella E 1106,0.0,0.0,0.018539999999999997,0.0,0.00011999999999999999,0.0,0.0,0.0,0.0,0.0,0.037090000000000005,0.0,0.06197,0.0,0.0,0.0
2025-09-22 06:40:00,Estella E 1106,0.0,0.0,0.01849,0.0,0.00013000000000000002,0.02029,0.0,0.0,0.0,0.0,0.03687,0.0,0.08245000000000001,0.0,0.0,0.0
2025-09-22 06:45:00,Estella E 1106,0.0,0.0,,0.0,0.00011999999999999999,,,,0.0,0.0,0.03665,0.0,0.08932,,0.0,0.0
2025-09-22 06:50:00,Estella E 1106,0.0,0.00887,,0.0,0.03849,,,,0.0,0.0,0.03675,0.0,0.15209,,0.0,0.0
2025-09-22 06:55:00,Estella E 1106,0.0,0.00886,,0.0,0.039270000000000006,,,,0.0,0.0,0.03693,0.0,0.1586,,0.0,0.0
2025-09-22 07:00:00,Estella E 1106,0.0,0.00872,,0.0,0.038700000000000005,,,,0.0,0.0,0.03655,0.0,0.12677,,0.0,0.0
2025-09-22 07:05:00,Estella E 1106,0.0,0.00884,,0.0,0.037770000000000005,,,,0.0,0.0,0.036539999999999996,0.0,0.12523,,0.0,0.0
2025-09-22 07:10:00,Estella E 1106,0.0,0.0086,,0.0,0.0373,,,,0.0,0.0,0.03665,0.0,0.11898,,0.0,0.0
2025-09-22 07:15:00,Estella E 1106,0.0,0.00881,0.01786,0.0,0.0367,0.01074,0.0,0.0,0.0,0.0,0.03588,0.0,0.11708,0.0,0.0,0.0
2025-09-22 07:20:00,Estella E 1106,0.0,0.00864,,0.0,0.03632,,,,0.0,0.0,0.03658,0.0,0.11392000000000001,,0.0,0.0
2025-09-22 07:25:00,Estella E 1106,0.0,0.00866,,0.0,0.00235,,,,0.0,0.0,0.03685,0.0,0.11167,,0.0,0.0
2025-09-22 07:30:00,Estella E 1106,0.0,0.00866,,0.0,0.00015,,,,0.0,0.0,0.036289999999999996,0.0,0.07525,,0.0,0.0
2025-09-22 07:35:00,Estella E 1106,0.0,0.00872,,0.0,0.00016,,,,0.0,0.0,0.036539999999999996,0.0,0.07524,,0.0,0.0
2025-09-22 07:40:00,Estella E 1106,0.0,0.0088,,0.0,0.00022,,,,0.0,0.0,0.036539999999999996,0.0,0.07488,,0.0,0.0
2025-09-22 07:45:00,Estella E 1106,0.0,0.00867,0.01863,0.0,0.03633,0.0,0.0,0.0,0.0,0.0,0.036539999999999996,0.0,0.07132,0.0,0.0,0.0
2025-09-22 07:50:00,Estella E 1106,2.6248,0.00886,,0.0,0.038439999999999995,,,,0.0,0.0,0.03514,0.0,2.7383800000000003,,0.0,0.0
2025-09-22 07:55:00,Estella E 1106,2.63224,0.00876,0.0,0.0,0.03814,0.0,0.0,0.0,0.0,0.0,0.03518,0.0,2.71737,0.0,0.0,0.0
2025-09-22 08:00:00,Estella E 1106,0.0,0.00878,,0.0,0.037329999999999995,,,,0.0,0.0,0.03661,0.0,0.08796999999999999,,0.0,0.0
2025-09-22 08:05:00,Estella E 1106,0.0,0.041280000000000004,,0.0,0.03673,,,,0.0,0.0,0.020399999999999998,0.0,0.07137,,0.0,0.0
2025-09-22 08:10:00,Estella E 1106,0.0,0.0,,0.0,0.036520000000000004,,,,0.0,0.0,0.02048,0.0,0.07125,,0.0,0.0
2025-09-22 08:15:00,Estella E 1106,0.0,0.0,0.0,0.0,0.03593,0.0,0.0,0.0,0.0,0.0,0.02016,0.0,0.06066,0.0,0.0,0.0
2025-09-22 08:20:00,Estella E 1106,0.0,0.0,0.0,0.0,0.00011,0.0,0.0,0.0,0.0,0.0,0.02,0.0,0.02553,0.0,0.0,0.0
2025-09-22 08:25:00,Estella E 1106,0.0,0.0,,0.0,0.0002,,,,0.0,0.0,0.01995,0.0,0.02576,,0.0,0.0
2025-09-22 08:30:00,Estella E 1106,0.0,0.0,,0.0,0.00014000000000000001,,,,0.0,0.0,0.020210000000000002,0.0,0.02618,,0.0,0.0
2025-09-22 08:35:00,Estella E 1106,0.0,0.0,,0.0,0.00016,,,,0.0,0.0,0.02018,0.0,0.02581,,0.0,0.0
2025-09-22 08:40:00,Estella E 1106,0.0,0.0,,0.0,0.03673,,,,0.0,0.0,0.02011,0.0,0.06118,,0.0,0.0
2025-09-22 08:45:00,Estella E 1106,0.0,0.0,,0.0,0.037950000000000005,,,,0.0,0.0,0.02057,0.0,0.10241,,0.0,0.0
2025-09-22 08:50:00,Estella E 1106,0.0,0.0,,0.0,0.03686,,,,0.0,0.0,0.020579999999999998,0.0,0.062439999999999996,,0.0,0.0
2025-09-22 08:55:00,Estella E 1106,0.0,0.0,0.0,0.0,0.03673,0.0,0.0,-2e-05,0.0,0.0,0.020399999999999998,0.0,0.06173,0.0,0.0,0.0
2025-09-22 09:00:00,Estella E 1106,0.0,0.0,0.0,0.0,0.03632,0.0,0.0,0.0,0.0,0.0,0.02044,0.0,0.061020000000000005,0.0,0.0,0.0
2025-09-22 09:05:00,Estella E 1106,0.0,0.0,,0.0,0.03581,,,,0.0,0.0,0.02001,0.0,0.06051,,0.0,0.0
2025-09-22 09:10:00,Estella E 1106,0.0,0.0,0.0,0.0,0.00017999999999999998,0.0,0.0,0.0,0.0,0.0,0.02089,0.0,0.02655,0.0,0.0,0.0
2025-09-22 09:15:00,Estella E 1106,0.0,0.0,,0.0,0.00016,,,,0.0,0.0,0.02088,0.0,0.02682,,0.0,0.0
2025-09-22 09:20:00,Estella E 1106,0.0,0.0,,0.0,0.00016,,,,0.0,0.0,0.02071,0.0,0.02649,,0.0,0.0
2025-09-22 09:25:00,Estella E 1106,0.0,0.0,,0.0,0.00014000000000000001,,,,0.0,0.0,0.0205,0.0,0.02616,,0.0,0.0
2025-09-22 09:30:00,Estella E 1106,0.0,0.0,0.0,0.0,0.037469999999999996,0.0,0.0,0.0,0.0,0.0,0.0,0.0,0.04147,0.0,0.0,0.0
2025-09-22 09:35:00,Estella E 1106,0.0,0.0,,0.0,0.07654000000000001,,,,0.0,0.0,0.0,0.0,0.08422,,0.0,0.0
2025-09-22 09:40:00,Estella E 1106,0.0,0.0,0.0,0.0,0.037399999999999996,0.0,0.0,-1e-05,0.0,0.0,0.0,0.0,0.04165,0.0,0.0,0.0
2025-09-22 09:45:00,Estella E 1106,0.0,0.0,,0.0,0.037079999999999995,,,,0.0,0.0,0.0,0.0,0.04119,,0.0,0.0
2025-09-22 09:50:00,Estella E 1106,0.0,0.0,,0.0,0.036270000000000004,,,,0.0,0.0,0.0,0.0,0.04081,,0.0,0.0
2025-09-22 09:55:00,Estella E 1106,0.0,0.0,0.0,0.0,0.037399999999999996,0.0,0.0,0.0,0.0,0.0,0.0,0.0,0.04093,0.0,0.0,0.0
2025-09-22 10:00:00,Estella E 1106,0.0,0.0,0.0,0.0,0.07422,0.0,0.0,0.0,0.0,0.0,0.0,0.0,0.08268,0.0,0.0,0.0
2025-09-22 10:05:00,Estella E 1106,0.0,0.0,0.0,0.0,0.037509999999999995,0.0,0.0,0.0,0.0,0.0,0.0,0.0,0.04175,0.0,0.0,0.0
2025-09-22 10:10:00,Estella E 1106,0.0,0.0,0.0,0.0,0.07402,0.0,0.0,-1e-05,0.019039999999999998,0.0,0.0,0.0,0.10176,0.0,0.0,0.0
2025-09-22 10:15:00,Estella E 1106,0.0,0.0,0.0,0.0,0.00017999999999999998,0.0,0.0,0.0,0.0,0.0,0.0,0.0,0.040740000000000005,0.0,0.0,0.0
2025-09-22 10:20:00,Estella E 1106,0.0,0.0,0.0,0.0,0.00016,0.0,0.0,0.0,0.0,0.0,0.0,0.0,0.00561,0.0,0.0,0.0
2025-09-22 10:25:00,Estella E 1106,0.0,0.0,0.0,0.0,0.18016,0.0,0.0,0.0,0.0,0.0,0.0,0.0,0.18456999999999998,0.0,0.0,0.0
2025-09-22 10:30:00,Estella E 1106,0.0,0.0,,0.0,0.17859999999999998,,,,0.0,0.0,0.0,0.0,0.18496,,0.0,0.0
2025-09-22 10:35:00,Estella E 1106,0.0,0.0,,0.0,0.17828,,,,0.0,0.0,0.0,0.0,0.18312,,0.0,0.0
2025-09-22 10:40:00,Estella E 1106,0.0,0.0,,0.0,0.00015,,,,0.0,0.0,0.0,0.0,0.18223,,0.0,0.0
2025-09-22 10:45:00,Estella E 1106,0.0,0.0,,0.0,0.00017999999999999998,,,,0.0,0.0,0.0,0.0,0.00538,,0.0,0.0
2025-09-22 10:50:00,Estella E 1106,0.0,0.0,0.0,0.0,0.05515,0.00514,0.0,0.0,0.0,0.0,0.0,0.0,0.07227,0.0,0.0,0.0
2025-09-22 10:55:00,Estella E 1106,0.0,0.0,,0.0,0.053200000000000004,,,,0.0,0.0,0.0,0.0,0.06305,,0.0,0.0
2025-09-22 11:00:00,Estella E 1106,0.0,0.0,0.0,0.0,0.0511,0.01098,0.0,0.0,0.0,0.0,0.0,0.0,0.06797,0.0,0.0,0.0
2025-09-22 11:05:00,Estella E 1106,0.0,0.0,,0.0,0.049210000000000004,,,,0.0,0.0,0.0,0.0,0.06487000000000001,,0.0,0.0
2025-09-22 11:10:00,Estella E 1106,0.0,0.0,,0.0,0.04783,,,,0.0,0.0,0.0,0.0,0.06431,,0.0,0.0
2025-09-22 11:15:00,Estella E 1106,0.0,0.0,,0.0,0.046700000000000005,,,,0.0,0.0,0.0,0.0,0.062079999999999996,,0.0,0.0
2025-09-22 11:20:00,Estella E 1106,0.0,0.0,0.0,0.0,0.04546,0.01102,0.0,0.0,0.0,0.0,0.0,0.0,0.061799999999999994,0.0,0.0,0.0
2025-09-22 11:25:00,Estella E 1106,0.0,0.0,0.0,0.0,0.046,0.01091,0.0,0.0,0.0,0.0,0.0,0.0,0.06273,0.0,0.0,0.0
2025-09-22 11:30:00,Estella E 1106,0.0,0.0,0.0,0.0,0.047060000000000005,0.011009999999999999,0.0,0.0,0.0,0.0,0.0,0.0,0.0629,0.0,0.0,0.0
2025-09-22 11:35:00,Estella E 1106,0.0,0.0,0.0,0.0,0.04635,0.01,0.0,0.0,0.0,0.0,0.0,0.0,0.06136,0.0,0.0,0.0
2025-09-22 11:40:00,Estella E 1106,0.0,0.0,,0.0,0.04372,,,,0.0,0.0,0.0,0.0,0.05886,,0.0,0.0
2025-09-22 11:45:00,Estella E 1106,0.0,0.0,0.0,0.0,0.04316,0.00984,0.0,0.0,0.0,0.0,0.0,0.0,0.05872,0.0,0.0,0.0
2025-09-22 11:50:00,Estella E 1106,0.0,0.0,,0.0,0.04192,,,,0.0,0.0,0.0,0.0,0.05752,,0.0,0.0
2025-09-22 11:55:00,Estella E 1106,0.0,0.0,,0.0,0.04202,,,,0.0,0.0,0.0,0.0,0.05717,,0.0,0.0
2025-09-22 12:00:00,Estella E 1106,0.0,0.0,,0.0,0.041350000000000005,,,,0.0,0.0,0.0,0.0,0.05631,,0.0,0.0
2025-09-22 12:05:00,Estella E 1106,0.0,0.0,,0.0,0.04088,,,,0.0,0.0,0.0,0.0,0.09087999999999999,,0.0,0.0
2025-09-22 12:10:00,Estella E 1106,0.0,0.0,,0.0,0.040119999999999996,,,,0.0,0.0,0.0,0.0,0.09115999999999999,,0.0,0.0
2025-09-22 12:15:00,Estella E 1106,0.0,0.0,,0.0,0.039560000000000005,,,,0.0,0.0,0.0,0.0,0.08917,,0.0,0.0
2025-09-22 12:20:00,Estella E 1106,0.0,0.0,,0.0,0.0389,,,,0.0,0.0,0.0,0.0,0.08771999999999999,,0.0,0.0
2025-09-22 12:25:00,Estella E 1106,0.0,0.0,0.03394,0.0,0.038689999999999995,0.00808,0.0,0.0,0.0,0.0,0.0,0.0,0.08597,0.0,0.0,0.0
2025-09-22 12:30:00,Estella E 1106,0.0,0.00884,,0.0,0.03882,,,,0.0,0.0,0.0,0.0,0.09526000000000001,,0.0,0.0
2025-09-22 12:35:00,Estella E 1106,0.0,0.00871,,0.0,0.038009999999999995,,,,0.0,0.0,0.0,0.0,0.09375,,0.0,0.0
2025-09-22 12:40:00,Estella E 1106,0.0,0.0,,0.0,0.0378,,,,0.0,0.0,0.0,0.0,0.08277,,0.0,0.0
2025-09-22 12:45:00,Estella E 1106,0.0,0.0,,0.0,0.03731,,,,0.0,0.0,0.0,0.0,0.09106,,0.0,0.0
2025-09-22 12:50:00,Estella E 1106,0.0,0.0,0.0,0.0,0.037020000000000004,0.00359,0.0,0.0,0.0,0.0,0.0,0.0,0.04625,0.0,1e-05,0.0
2025-09-22 12:55:00,Estella E 1106,0.0,0.0,,0.0,0.0002,,,,0.0,0.0,0.0,0.0,0.04482,,0.0,0.0
2025-09-22 13:00:00,Estella E 1106,0.0,0.0,,0.0,0.00022,,,,0.0,0.0,0.0,0.0,0.00533,,0.0,0.0
2025-09-22 13:05:00,Estella E 1106,0.0,0.00876,,0.0,0.00014000000000000001,,,,0.0,0.0,0.0,0.0,0.01517,,0.0,0.0
2025-09-22 13:10:00,Estella E 1106,0.0,0.0,0.0,0.0,0.051179999999999996,0.0,0.0,0.0,0.0,0.0,0.0,0.0,0.00557,0.0,2e-05,0.0
2025-09-22 13:15:00,Estella E 1106,0.0,0.00874,,0.0,0.03954,,,,0.0,0.0,0.0,0.0,0.08588,,0.0,0.0
2025-09-22 13:20:00,Estella E 1106,0.0,0.0,0.04436,0.0,0.039549999999999995,0.030510000000000002,0.0,0.0,0.0,0.0,0.0,0.0,0.12047,0.0,0.0,0.0
2025-09-22 13:25:00,Estella E 1106,0.0,0.0,0.04408,0.0,0.040100000000000004,0.0,0.0,0.0,0.0,0.0,0.0,0.0,0.08992,0.0,0.0,0.0
2025-09-22 13:30:00,Estella E 1106,0.0,0.0,0.0432,0.0,0.03943,0.0,0.0,0.0,0.0,0.0,0.0,0.0,0.08965999999999999,0.0,1e-05,0.0
2025-09-22 13:35:00,Estella E 1106,0.0,0.0,0.04314,0.0,0.0375,0.0,0.0,0.0,0.0,0.0,0.0,0.0,0.08543,0.0,0.0,0.0
2025-09-22 13:40:00,Estella E 1106,0.0,0.0,0.04229,0.0,0.03674,0.0,0.0,0.0,0.0,0.0,0.0,0.0,0.08458,0.0,0.0,0.0
2025-09-22 13:45:00,Estella E 1106,0.0,0.0,0.04222,0.0,0.03635,0.0,0.0,0.08628,0.0,0.0,0.0,0.0,0.17008,0.0,0.0,0.0
2025-09-22 13:50:00,Estella E 1106,0.0,0.0,0.041729999999999996,0.0,0.00014000000000000001,0.0,0.0,0.08465,0.0,0.0,0.0,0.0,0.13441,0.0,0.0,0.0
2025-09-22 13:55:00,Estella E 1106,0.0,0.0,,0.0,0.00011999999999999999,,,,0.0,0.0,0.0,0.0,0.13336,,0.0,0.0
2025-09-22 14:00:00,Estella E 1106,0.0,0.0,,0.0,0.00013000000000000002,,,,0.0,0.0,0.0,0.0,0.13437000000000002,,0.0,0.0
2025-09-22 14:05:00,Estella E 1106,0.0,0.0,0.0419,0.0,0.00015,0.0,0.0,0.08554,0.0,0.0,0.0,0.0,0.1338,0.0,0.0,0.0
2025-09-22 14:10:00,Estella E 1106,0.0,0.0,,0.0,0.0385,,,,0.0,0.0,0.0,0.0,0.1691,,0.0,0.0
2025-09-22 14:15:00,Estella E 1106,0.0,0.0,0.041350000000000005,0.0,0.03907,0.0,0.0,0.0,0.0,0.0,0.0,0.0,0.08439,0.0,0.0,0.0
2025-09-22 14:20:00,Estella E 1106,0.0,0.0,0.04119,0.0,0.03917,0.0,0.0,0.0,0.0,0.0,0.0,0.0,0.08488,0.0,0.0,0.0
2025-09-22 14:25:00,Estella E 1106,0.0,0.0,0.0412,0.0,0.03939,0.0,0.0,0.0,0.0,0.0,0.0,0.0,0.08514000000000001,0.0,0.0,0.0
2025-09-22 14:30:00,Estella E 1106,0.0,0.0,0.04122,0.0,0.03723,0.0,0.0,0.0,0.0,0.0,0.0,0.0,0.0837,0.0,0.0,0.0
2025-09-22 14:35:00,Estella E 1106,0.0,0.0,0.04068,0.0,0.037829999999999996,0.0,0.0,0.0,0.0,0.0,0.0,0.0,0.12849000000000002,0.0,0.0,0.0
2025-09-22 14:40:00,Estella E 1106,0.0,0.0,0.04075,0.0,0.03797,0.0,0.0,0.0,0.0,0.0,0.0,0.0,0.08312,0.0,0.0,0.0
2025-09-22 14:45:00,Estella E 1106,0.0,0.0,0.040490000000000005,0.0,0.03741,0.0,0.0,0.0,0.0,0.0,0.0,0.0,0.08225,0.0,0.0,0.0
2025-09-22 14:50:00,Estella E 1106,0.0,0.0,0.04079,0.0,0.03682,0.0,0.0,0.0,0.0,0.0,0.0,0.0,0.08209000000000001,0.0,0.0,0.0
2025-09-22 14:55:00,Estella E 1106,0.0,0.0,0.04069,0.0,0.03633,0.0,0.0,0.0,0.0,0.0,0.0,0.0,0.08158,0.0,0.0,0.0
2025-09-22 15:00:00,Estella E 1106,0.0,0.0,0.041,0.0,0.00015,0.0,0.0,0.0,0.0,0.0,0.0,0.0,0.047159999999999994,0.0,0.0,0.0
2025-09-22 15:05:00,Estella E 1106,0.0,0.0,0.041,0.0,0.05102,0.0,0.0,0.0,0.0,0.0,0.0,0.0,0.046939999999999996,0.0,0.0,0.0
2025-09-22 15:10:00,Estella E 1106,0.0,0.0,,0.0,0.03868,,,,0.0,0.0,0.0,0.0,0.12495999999999999,,0.0,0.0
2025-09-22 15:15:00,Estella E 1106,0.0,0.0,0.040979999999999996,0.0,0.038950000000000005,0.0,0.0,0.0402,0.0,0.0,0.0,0.0,0.12628,0.0,0.0,0.0
2025-09-22 15:20:00,Estella E 1106,0.0,0.0,0.040799999999999996,0.0,0.039270000000000006,0.0,0.0,0.0,0.0,0.0,0.0,0.0,0.08419,0.0,0.0,0.0
2025-09-22 15:25:00,Estella E 1106,0.0,0.0,0.0,0.0,0.00014000000000000001,0.0,0.0,0.0,0.0,0.0,0.0,0.0,0.00537,0.0,1e-05,0.0
2025-09-22 15:30:00,Estella E 1106,0.0,0.0,0.0,0.0,0.03728,0.0,0.0,0.0,0.0,0.0,0.0,0.0,0.20175,0.0,0.0,0.0
2025-09-22 15:35:00,Estella E 1106,,,0.04188,,,0.0,0.0,0.04045,0.0,0.0,0.0,0.0,0.05246,0.0,0.0,
2025-09-22 15:40:00,Estella E 1106,0.0,0.0,0.041210000000000004,0.0,0.03699,0.0,0.0,0.039700000000000006,0.0,0.0,0.0,0.0,0.12458,0.0,0.0,0.0
2025-09-22 15:45:00,Estella E 1106,0.0,0.0,0.04118,0.0,0.0362,0.0,0.0,0.03954,0.0,0.0,0.0,0.0,0.12243000000000001,0.0,0.0,0.0
2025-09-22 15:50:00,Estella E 1106,0.0,0.0,0.04094,0.0,0.035590000000000004,0.0,0.0,0.03917,0.0,0.0,0.0,0.0,0.12179999999999999,0.0,0.0,0.0
2025-09-22 15:55:00,Estella E 1106,0.0,0.0,0.04186,0.0,0.00016,0.0,0.0,0.03995,0.0,0.0,0.0,0.0,0.08759,0.0,0.0,0.0
2025-09-22 16:00:00,Estella E 1106,0.0,0.0088,0.0,0.0,0.0002,0.0,0.0,-1e-05,0.0,0.0,0.0,0.0,0.08882,0.0,0.0,0.0
2025-09-22 16:05:00,Estella E 1106,0.0,0.0,,0.0,0.00017999999999999998,,,,0.0,0.0,0.0,0.0,0.005679999999999999,,0.0,0.0
2025-09-22 16:10:00,Estella E 1106,0.0,0.0,,0.0,0.00011999999999999999,,,,0.0,0.0,0.007030000000000001,0.0,0.013009999999999999,,0.0,0.0
2025-09-22 16:15:00,Estella E 1106,0.0,0.0,,0.0,0.03726,,,,0.0,0.0,0.007030000000000001,0.0,0.048420000000000005,,0.0,0.0
2025-09-22 16:20:00,Estella E 1106,0.0,0.0,,0.0,0.038079999999999996,,,,0.0,0.0,0.0069900000000000006,0.0,0.049640000000000004,,0.0,0.0
2025-09-22 16:25:00,Estella E 1106,0.0,0.0,0.0,0.0,0.07693,0.0,0.0,0.0,0.0,0.0,0.014199999999999999,0.0,0.09978000000000001,0.0,0.0,0.0
2025-09-22 16:30:00,Estella E 1106,0.0,0.0,0.0,0.0,0.0761,0.0,0.0,-0.00014000000000000001,0.0,0.0,0.0143,0.0,0.10091,0.0,0.0,0.0
2025-09-22 16:35:00,Estella E 1106,0.0,0.0,,0.0,0.0363,,,,0.0,0.0,0.00722,0.0,0.04833,,0.0,0.0
2025-09-22 16:40:00,Estella E 1106,0.0,0.0,0.0,0.0,0.03558,0.0,0.0,0.0,0.0,0.0,0.0070999999999999995,0.0,0.047240000000000004,0.0,0.0,0.0
2025-09-22 16:45:00,Estella E 1106,0.0,0.0,,0.0,0.00011999999999999999,,,,0.0,0.0,0.0072,0.0,0.01329,,0.0,0.0
2025-09-22 16:50:00,Estella E 1106,0.0,0.0,0.0,0.0,0.00011999999999999999,0.0,0.0,-0.00011999999999999999,0.0,0.0,0.02185,0.0,0.02775,0.0,0.0,0.0
2025-09-22 16:55:00,Estella E 1106,0.0,0.0,0.0,0.0,0.00011999999999999999,0.0,0.0,-1e-05,0.0,0.0,0.02179,0.0,0.02763,0.0,0.0,0.0
2025-09-22 17:00:00,Estella E 1106,0.0,0.0,,0.0,0.00016,,,,0.0,0.0,0.02188,0.0,0.02795,,0.0,0.0
2025-09-22 17:05:00,Estella E 1106,0.0,0.0,0.0,0.0,0.037759999999999995,0.0,0.0,-5.9999999999999995e-05,0.0,0.0,0.02183,0.0,0.06415000000000001,0.0,1e-05,0.0
2025-09-22 17:10:00,Estella E 1106,0.0,0.0,0.0,0.0,0.039009999999999996,0.0,0.0,0.0,0.0,0.0,0.02185,0.0,0.065,0.0,1e-05,0.0
2025-09-22 17:15:00,Estella E 1106,0.0,0.0,,0.0,0.03871,,,,0.0,0.0,0.0215,0.0,0.06544,,0.0,0.0
2025-09-22 17:20:00,Estella E 1106,0.0,0.0,,0.0,0.038700000000000005,,,,0.0,0.0,0.02197,0.0,0.06541,,0.0,0.0
2025-09-22 17:25:00,Estella E 1106,0.0,0.0089,,0.0,0.03644,,,,0.0,0.0,0.02163,0.0,0.06321,,0.0,0.0
2025-09-22 17:30:00,Estella E 1106,0.0,0.0,0.0,0.0,0.03552,0.0,0.0,-4e-05,0.0,0.0,0.02161,0.0,0.061950000000000005,0.0,0.0,0.0
2025-09-22 17:35:00,Estella E 1106,0.0,0.00883,0.0,0.0,0.00015,0.0,0.0,-5e-05,0.0,0.0,0.02144,0.0,0.05697,0.0,0.0,0.0
2025-09-22 17:40:00,Estella E 1106,0.0,0.0,,0.0,0.00014000000000000001,,,,0.0,0.0,0.02144,0.0,0.027350000000000003,,0.0,0.0
2025-09-22 17:45:00,Estella E 1106,0.0,0.0,0.0,0.0,0.00013000000000000002,0.0,0.0,-4e-05,,,,,,0.0,0.0,0.0
2025-09-22 17:50:00,Estella E 1106,0.0,0.0,,0.0,0.0035099999999999997,,,,,,,,,,0.0,0.0
2025-09-22 17:55:00,Estella E 1106,0.0,0.0,,0.0,0.041729999999999996,,,,0.0,0.0,0.02129,0.0,0.06642,,0.0,0.0
2025-09-22 18:00:00,Estella E 1106,0.0,0.0,,0.0,0.04222,,,,0.0,0.0,0.02139,0.0,0.06838,,0.0,0.0
2025-09-22 18:05:00,Estella E 1106,0.0,0.0,,0.0,0.04039,,,,0.0,0.0,0.05736,0.0,0.11245000000000001,,0.0,0.0
2025-09-22 18:10:00,Estella E 1106,0.0,0.0,,0.0,0.04029,,,,0.0,0.0,0.056960000000000004,0.0,0.13207,,0.0,0.0
2025-09-22 18:15:00,Estella E 1106,0.0,0.0,,0.0,0.04036,,,,0.0,0.0,0.02126,0.0,0.09592,,0.0,0.0
2025-09-22 18:20:00,Estella E 1106,0.0,0.0,,0.0,0.040049999999999995,,,,0.0,0.0,0.02119,0.0,0.09493,,0.0,0.0
2025-09-22 18:25:00,Estella E 1106,0.0,0.03016,,0.0,0.03843,,,,0.0,0.0,0.020989999999999998,0.0,0.1258,,0.0,0.0
2025-09-22 18:30:00,Estella E 1106,0.0,0.02953,0.0,0.0,0.03641,0.00903,0.0,0.01843,0.0,0.0,0.021079999999999998,0.0,0.12243000000000001,0.0,0.0,0.0
2025-09-22 18:35:00,Estella E 1106,0.0,0.0,,0.0,0.03569,,,,0.0,0.0,0.03699,0.0,0.10654999999999999,,0.0,0.0
2025-09-22 18:40:00,Estella E 1106,0.0,0.0,,0.0,0.03532,,,,0.0,0.0,0.036520000000000004,0.0,0.10545,,0.0,0.0
2025-09-22 18:45:00,Estella E 1106,0.0,0.0,,0.0,0.0002,,,,0.0,0.0,0.03638,0.0,0.07116,,0.0,0.0
2025-09-22 18:50:00,Estella E 1106,0.0,0.0,,0.0,0.00011999999999999999,,,,0.0,0.0,0.0364,0.0,0.07179,,0.0,0.0
2025-09-22 18:55:00,Estella E 1106,0.0,0.0,,0.0,0.03811,,,,0.0,0.0,0.036359999999999996,0.0,0.10672,,0.0,0.0
2025-09-22 19:00:00,Estella E 1106,0.0,0.0,,0.0,0.03958,,,,0.0,0.0,0.0,0.0,0.07282,,0.0,0.0
2025-09-22 19:05:00,Estella E 1106,0.0,0.0,0.0,0.0,0.04026,0.00889,0.0,0.06008,0.0,0.0,0.0,0.0,0.11553000000000001,0.0,0.0,0.0
2025-09-22 19:10:00,Estella E 1106,0.0,0.0,,0.0,0.040729999999999995,,,,0.0,0.0,0.0,0.0,0.11524,,0.0,0.0
2025-09-22 19:15:00,Estella E 1106,0.0,0.0,,0.0,0.04022,,,,0.0,0.0,0.0,0.0,0.11501,,0.0,0.0
2025-09-22 19:20:00,Estella E 1106,0.0,0.0,,0.0,0.03995,,,,0.0,0.0,0.0,0.0,0.14892,,0.0,0.0
2025-09-22 19:25:00,Estella E 1106,0.0,0.0,,0.0,0.039810000000000005,,,,0.0,0.0,0.0,0.0,0.14768,,0.0,0.0
2025-09-22 19:30:00,Estella E 1106,0.0,0.0,0.03365,0.0,0.036719999999999996,0.13171000000000002,0.0,0.05937,0.0,0.0,0.0,0.0,0.27159,0.0,0.0,0.0
2025-09-22 19:35:00,Estella E 1106,0.0,0.0,0.03351,0.0,0.03546,0.00871,0.0,0.05942,0.0,0.0,0.0,0.0,0.14436000000000002,0.0,0.0,0.0
2025-09-22 19:40:00,Estella E 1106,0.0,0.0,,0.0,0.03471,,,,0.0,0.0,0.0,0.0,0.14284,,0.0,0.0
2025-09-22 19:45:00,Estella E 1106,0.0,0.0,,0.0,0.00016,,,,,,,,,,0.0,0.0
2025-09-22 19:50:00,Estella E 1106,0.0,0.0,,0.0,0.00013000000000000002,,,,0.0,0.0,0.0,0.0,0.11095999999999999,,0.0,0.0
2025-09-22 19:55:00,Estella E 1106,0.0,0.0,,0.0,0.05015,,,,0.0,0.0,0.0,0.0,0.1123,,0.0,0.0
2025-09-22 20:00:00,Estella E 1106,0.0,0.0,,0.0,0.03811,,,,0.0,0.0,0.0,0.0,0.14759999999999998,,0.0,0.0
2025-09-22 20:05:00,Estella E 1106,0.0,0.0,0.032920000000000005,0.0,0.03922,0.0087,0.0,0.05962,0.0,0.0,0.0,0.0,0.14679,0.0,0.0,0.0
2025-09-22 20:10:00,Estella E 1106,0.0,0.0,,0.0,0.03925,,,,0.0,0.0,0.0,0.0,0.14818,,0.0,0.0
2025-09-22 20:15:00,Estella E 1106,0.0,0.0,,0.0,0.03904,,,,0.00949,0.0,0.0,0.0,0.15797999999999998,,0.0,0.0
2025-09-22 20:20:00,Estella E 1106,0.0,0.0,,0.0,0.03892,,,,0.0,0.0,0.04813,0.0,0.26014,,0.0,0.0
2025-09-22 20:25:00,Estella E 1106,0.0,0.0,,0.0,0.03641,,,,0.0,0.0,0.03587,0.0,0.23641,,0.0,0.0
2025-09-22 20:30:00,Estella E 1106,0.0,0.0,,0.0,0.03485,,,,0.0,0.0,0.0,0.0,0.19738999999999998,,0.0,0.0
2025-09-22 20:35:00,Estella E 1106,0.0,0.0,,0.0,0.0002,,,,0.0,0.0,0.0,0.0,0.19732,,0.0,0.0
2025-09-22 20:40:00,Estella E 1106,0.0,0.0,,0.0,0.0002,,,,0.0,0.0,0.0,0.0,0.16349,,0.0,0.0
2025-09-22 20:45:00,Estella E 1106,0.0,0.0,,0.0,0.00013000000000000002,,,,0.0,0.0,0.0,0.0,0.16346,,0.0,0.0
2025-09-22 20:50:00,Estella E 1106,0.0,0.0,,0.0,0.03626,,,,0.00966,0.0,0.03602,0.0,0.25766,,0.0,0.0
2025-09-22 20:55:00,Estella E 1106,0.0,0.0,,0.0,0.03749,,,,0.0,0.0,0.03535,0.0,0.24561000000000002,,0.0,0.0
2025-09-22 21:00:00,Estella E 1106,0.0,0.0,,0.0,0.19459,,,,0.0,0.0,0.0,0.0,0.36160000000000003,,0.0,0.0
2025-09-22 21:05:00,Estella E 1106,0.0,0.0,,0.0,0.18949000000000002,,,,0.0,0.0,0.0,0.0,0.34947,,0.0,0.0
2025-09-22 21:10:00,Estella E 1106,0.0,0.0,,0.0,0.18843000000000001,,,,0.0,0.0,0.0,0.0,0.34758,,0.0,0.0
2025-09-22 21:15:00,Estella E 1106,0.0,0.0,,0.0,0.18709,,,,0.0,0.0,0.0,0.0,0.32445999999999997,,0.0,0.0
2025-09-22 21:20:00,Estella E 1106,0.0,0.0,,0.0,0.00023999999999999998,,,,0.0,0.0,0.0,0.0,0.13686,,0.0,0.0
2025-09-22 21:25:00,Estella E 1106,0.0,0.0,,0.0,0.0068200000000000005,,,,0.0,0.0,0.0,0.0,0.16971,,0.0,0.0
2025-09-22 21:30:00,Estella E 1106,0.0,0.0,,0.0,0.053619999999999994,,,,0.0,0.0,0.0,0.0,0.19072,,0.0,0.0
2025-09-22 21:35:00,Estella E 1106,0.0,0.0,,0.0,0.05307,,,,0.0,0.0,0.0,0.0,0.18935,,0.0,0.0
2025-09-22 21:40:00,Estella E 1106,0.0,0.0,,0.0,0.05123,,,,0.0,0.0,0.0,0.0,0.18803999999999998,,0.0,0.0
2025-09-22 21:45:00,Estella E 1106,0.0,0.0,,0.0,0.04945,,,,0.0,0.0,0.0,0.0,0.17667,,0.0,0.0
2025-09-22 21:50:00,Estella E 1106,0.0,0.0,,0.0,0.0479,,,,0.0,0.0,0.0,0.0,0.17511000000000002,,0.0,0.0
2025-09-22 21:55:00,Estella E 1106,0.0,0.0,,0.0,0.047020000000000006,,,,0.0,0.0,0.0,0.0,0.174,,0.0,0.0
2025-09-22 22:00:00,Estella E 1106,0.0,0.0,,0.0,0.046479999999999994,,,,,,,,,,0.0,0.0
2025-09-22 22:05:00,Estella E 1106,0.0,0.0,,0.0,0.04598,,,,0.0,0.0,0.0,0.0,0.19946,,0.0,0.0
2025-09-22 22:10:00,Estella E 1106,0.0,0.0,,0.0,0.04488,,,,0.0,0.0,0.0,0.0,0.20653,,0.0,0.0
2025-09-22 22:15:00,Estella E 1106,0.0,0.0,,0.0,0.04461,,,,0.0,0.0,0.0,0.0,0.20473,,0.0,0.0
2025-09-22 22:20:00,Estella E 1106,0.0,0.0,,0.0,0.04158,,,,0.0,0.0,0.0,0.0,0.21175,,0.0,0.0
2025-09-22 22:25:00,Estella E 1106,0.0,0.0,,0.0,0.03996,,,,0.0,0.0,0.0,0.0,0.21105000000000002,,0.0,0.0
2025-09-22 22:30:00,Estella E 1106,0.0,0.0,,0.0,0.039,,,,0.0,0.0,0.0,0.0,0.17983000000000002,,0.0,0.0
2025-09-22 22:35:00,Estella E 1106,0.0,0.0,,0.0,0.038509999999999996,,,,0.0,0.0,0.0,0.0,0.17955000000000002,,0.0,0.0
2025-09-22 22:40:00,Estella E 1106,0.0,0.0,,0.0,0.03817,,,,0.0,0.0,0.0,0.0,0.17890999999999999,,0.0,0.0
2025-09-22 22:45:00,Estella E 1106,0.0,0.0,,0.0,0.03768,,,,0.0,0.0,0.0,0.0,0.17818,,0.0,0.0
2025-09-22 22:50:00,Estella E 1106,0.0,0.0,,0.0,0.03717,,,,0.0,0.0,0.0071200000000000005,0.0,0.18475,,0.0,0.0
2025-09-22 22:55:00,Estella E 1106,0.0,0.0,0.11449,0.0,0.037090000000000005,0.0,0.0,0.019379999999999998,0.0,0.0,0.0071200000000000005,0.0,0.18467,0.0,0.0,0.0
2025-09-22 23:00:00,Estella E 1106,0.0,0.0,,0.0,0.03681,,,,0.0,0.0,0.08914,0.0,0.1303,,0.0,0.0
2025-09-22 23:05:00,Estella E 1106,0.0,0.0,,0.0,0.0364,,,,0.0,0.0,0.03433,0.0,0.07543000000000001,,0.0,0.0
2025-09-22 23:10:00,Estella E 1106,0.0,0.0,,0.0,0.03614,,,,0.0,0.0,0.02218,0.0,0.06291,,0.0,0.0
2025-09-22 23:15:00,Estella E 1106,0.0,0.0,,0.0,0.00020999999999999998,,,,0.0,0.0,0.02213,0.0,0.02829,,0.0,0.0
2025-09-22 23:20:00,Estella E 1106,0.0,0.0,0.0,0.0,0.00019,0.0,0.0,-1e-05,0.0,0.0,0.02216,0.0,0.02798,0.0,0.0,0.0
2025-09-22 23:25:00,Estella E 1106,0.0,0.0,,0.0,0.00013000000000000002,,,,0.0,0.0,0.02188,0.0,0.027829999999999997,,0.0,0.0
2025-09-22 23:30:00,Estella E 1106,0.0,0.0,,0.0,0.00017999999999999998,,,,0.0,0.0,0.02222,0.0,0.0285,,0.0,0.0
2025-09-22 23:35:00,Estella E 1106,0.0,0.0,,0.0,0.0378,,,,0.0,0.0,0.022269999999999998,0.0,0.06431999999999999,,0.0,0.0
2025-09-22 23:40:00,Estella E 1106,0.0,0.0,,0.0,0.03871,,,,0.0,0.0,0.02219,0.0,0.06533,,0.0,0.0
2025-09-22 23:45:00,Estella E 1106,0.0,0.0,,0.0,0.03857,,,,0.0,0.0,0.02213,0.0,0.06593,,0.0,0.0
2025-09-22 23:50:00,Estella E 1106,0.0,0.0,,0.0,0.03737,,,,0.0,0.0,0.02223,0.0,0.06484000000000001,,0.0,0.0
2025-09-22 23:55:00,Estella E 1106,0.0,0.0,,0.0,0.036899999999999995,,,,0.0,0.0,0.022260000000000002,0.0,0.0644,,0.0,0.0
2025-09-23 00:00:00,Estella E 1106,0.0,0.0,,0.0,0.0366,,,,0.0,0.0,0.02238,0.0,0.06536,,0.0,0.0
2025-09-23 00:05:00,Estella E 1106,0.0,0.0,,0.0,0.03613,,,,0.0,0.0,0.02233,0.0,0.06332,,0.0,0.0
2025-09-23 00:10:00,Estella E 1106,0.0,0.0,,0.0,0.03592,,,,0.0,0.0,0.02237,0.0,0.06324,,0.0,0.0
2025-09-23 00:15:00,Estella E 1106,0.0,0.0,,0.0,0.00015,,,,0.0,0.0,0.022260000000000002,0.0,0.02867,,0.0,0.0
2025-09-23 00:20:00,Estella E 1106,0.0,0.0,,0.0,0.00017999999999999998,,,,0.0,0.0,0.02222,0.0,0.0286,,0.0,0.0
2025-09-23 00:25:00,Estella E 1106,0.0,0.0,,0.0,8.999999999999999e-05,,,,0.0,0.0,0.02224,0.0,0.02862,,0.0,0.0
2025-09-23 00:30:00,Estella E 1106,0.0,0.0,,0.0,0.0015,,,,0.0,0.0,0.02239,0.0,0.028829999999999998,,0.0,0.0
2025-09-23 00:35:00,Estella E 1106,0.0,0.0,,0.0,0.04988,,,,0.0,0.0,0.02234,0.0,0.02933,,0.0,0.0
2025-09-23 00:40:00,Estella E 1106,0.0,0.0,,0.0,0.039740000000000004,,,,0.0,0.0,0.02239,0.0,0.06726,,0.0,0.0
2025-09-23 00:45:00,Estella E 1106,0.0,0.0,,0.0,0.03853,,,,0.0,0.0,0.03446,0.0,0.07814,,0.0,0.0
2025-09-23 00:50:00,Estella E 1106,0.0,0.0,,0.0,0.03835,,,,0.0,0.0,0.03226,0.0,0.07632,,0.0,0.0
2025-09-23 00:55:00,Estella E 1106,0.0,0.0,,0.0,0.03753,,,,0.0,0.0,0.0318,0.0,0.0747,,0.0,0.0
2025-09-23 01:00:00,Estella E 1106,0.0,0.0,,0.0,0.03674,,,,0.0,0.0,0.031149999999999997,0.0,0.07342,,0.0,0.0
2025-09-23 01:05:00,Estella E 1106,0.0,0.0,,0.0,0.03648,,,,0.0,0.0,0.03143,0.0,0.07318000000000001,,0.0,0.0
2025-09-23 01:10:00,Estella E 1106,0.0,0.0,,0.0,0.03597,,,,0.0,0.0,0.0313,0.0,0.07232999999999999,,0.0,0.0
2025-09-23 01:15:00,Estella E 1106,0.0,0.0,,0.0,0.00013000000000000002,,,,0.0,0.0,0.0313,0.0,0.07215,,0.0,0.0
2025-09-23 01:20:00,Estella E 1106,0.0,0.0,,0.0,0.0002,,,,0.0,0.0,0.0313,0.0,0.03748,,0.0,0.0
2025-09-23 01:25:00,Estella E 1106,0.0,0.0,,0.0,0.00019,,,,0.0,0.0,0.03133,0.0,0.03772,,0.0,0.0
2025-09-23 01:30:00,Estella E 1106,0.0,0.0,,0.0,0.00022,,,,0.0,0.0,0.03125,0.0,0.037880000000000004,,0.0,0.0
2025-09-23 01:35:00,Estella E 1106,0.0,0.0,,0.0,0.03632,,,,0.0,0.0,0.03134,0.0,0.037829999999999996,,0.0,0.0
2025-09-23 01:40:00,Estella E 1106,0.0,0.0,,0.0,0.03706,,,,0.0,0.0,0.03126,0.0,0.07339,,0.0,0.0
2025-09-23 01:45:00,Estella E 1106,0.0,0.0,,0.0,0.037899999999999996,,,,0.0,0.0,0.03139,0.0,0.07412,,0.0,0.0
2025-09-23 01:50:00,Estella E 1106,0.0,0.0,,0.0,0.03661,,,,0.0,0.0,0.0313,0.0,0.07334,,0.0,0.0
2025-09-23 01:55:00,Estella E 1106,0.0,0.0,,0.0,0.036359999999999996,,,,0.0,0.0,0.03129,0.0,0.07322,,0.0,0.0
2025-09-23 02:00:00,Estella E 1106,0.0,0.0,,0.0,0.036,,,,0.0,0.0,0.03141,0.0,0.11725,,0.0,0.0
2025-09-23 02:05:00,Estella E 1106,0.0,0.0,,0.0,0.035679999999999996,,,,0.0,0.0,0.02231,0.0,0.10723,,0.0,0.0
2025-09-23 02:10:00,Estella E 1106,0.0,0.0,,0.0,7.000000000000001e-05,,,,0.0,0.0,0.02237,0.0,0.07288,,0.0,0.0
2025-09-23 02:15:00,Estella E 1106,0.0,0.0,,0.0,0.00019,,,,0.0,0.0,0.02237,0.0,0.07274,,0.0,0.0
2025-09-23 02:20:00,Estella E 1106,0.0,0.0,,0.0,0.00033,,,,0.0,0.0,0.02239,0.0,0.05021,,0.0,0.0
2025-09-23 02:25:00,Estella E 1106,0.0,0.0,,0.0,0.00017999999999999998,,,,0.0,0.0,0.0225,0.0,0.05003,,0.0,0.0
2025-09-23 02:30:00,Estella E 1106,0.0,0.0,0.0,0.0,0.03683,0.0,0.0,0.02018,0.0,0.0,0.02222,0.0,0.08448,0.0,0.0,0.0
2025-09-23 02:35:00,Estella E 1106,0.0,0.0,,0.0,0.03771,,,,0.009550000000000001,0.0,0.019280000000000002,0.0,0.09244,,0.0,0.0
2025-09-23 02:40:00,Estella E 1106,0.0,0.0,,0.0,0.037,,,,0.0,0.0,0.01714,0.0,0.08053,,0.0,0.0
2025-09-23 02:45:00,Estella E 1106,0.0,0.0,,0.0,0.03667,,,,0.0,0.0,0.016640000000000002,0.0,0.07933,,0.0,0.0
2025-09-23 02:50:00,Estella E 1106,0.0,0.0,0.0,0.0,0.036289999999999996,0.0,0.0,0.02009,0.0,0.0,0.01659,0.0,0.07898999999999999,0.0,4e-05,0.0
2025-09-23 02:55:00,Estella E 1106,0.0,0.0,,0.0,0.03585,,,,0.0,0.0,0.01644,0.0,0.057159999999999996,,0.0,0.0
2025-09-23 03:00:00,Estella E 1106,0.0,0.0,,0.0,0.00014000000000000001,,,,0.0,0.0,0.016460000000000002,0.0,0.02252,,0.0,0.0
2025-09-23 03:05:00,Estella E 1106,0.0,0.0,,0.0,0.00013000000000000002,,,,0.0,0.0,0.01653,0.0,0.02231,,0.0,0.0
2025-09-23 03:10:00,Estella E 1106,0.0,0.0,,0.0,0.00015,,,,0.0,0.0,0.01647,0.0,0.022449999999999998,,0.0,0.0
2025-09-23 03:15:00,Estella E 1106,0.0,0.0,,0.0,0.00015,,,,0.0,0.0,0.016489999999999998,0.0,0.022510000000000002,,0.0,0.0
2025-09-23 03:20:00,Estella E 1106,0.0,0.0,,0.0,0.03668,,,,0.0,0.0,0.01651,0.0,0.05695,,0.0,0.0
2025-09-23 03:25:00,Estella E 1106,0.0,0.0,,0.0,0.03737,,,,0.0,0.0,0.016489999999999998,0.0,0.05851,,0.0,0.0
2025-09-23 03:30:00,Estella E 1106,0.0,0.0,,0.0,0.037020000000000004,,,,0.0,0.0,0.01654,0.0,0.05819,,0.0,0.0
2025-09-23 03:35:00,Estella E 1106,0.0,0.0,,0.0,0.03666,,,,0.0,0.0,0.01644,0.0,0.05756,,0.0,0.0
2025-09-23 03:40:00,Estella E 1106,0.0,0.0,,0.0,0.0362,,,,0.0,0.0,0.01651,0.0,0.057659999999999996,,0.0,0.0
2025-09-23 03:45:00,Estella E 1106,0.0,0.0,,0.0,0.03589,,,,0.0,0.0,0.01656,0.0,0.056670000000000005,,0.0,0.0
2025-09-23 03:50:00,Estella E 1106,0.0,0.0,,0.0,0.00011999999999999999,,,,0.0,0.0,0.016489999999999998,0.0,0.022510000000000002,,0.0,0.0
2025-09-23 03:55:00,Estella E 1106,0.0,0.0,,0.0,0.00014000000000000001,,,,0.0,0.0,0.016579999999999998,0.0,0.02215,,0.0,0.0
2025-09-23 04:00:00,Estella E 1106,0.0,0.0,0.0,0.0,0.00013000000000000002,0.0,0.0,0.0,0.0,0.0,0.01663,0.0,0.022690000000000002,0.0,0.0,0.0
2025-09-23 04:05:00,Estella E 1106,0.0,0.0,,0.0,0.00015,,,,0.0,0.0,0.01659,0.0,0.02259,,0.0,0.0
2025-09-23 04:10:00,Estella E 1106,0.0,0.0,0.0,0.0,0.0363,0.0,0.0,-5.9999999999999995e-05,0.0,0.0,0.016460000000000002,0.0,0.07064,0.0,0.0,0.0
2025-09-23 04:15:00,Estella E 1106,0.0,0.0,,0.0,0.03731,,,,0.0,0.0,0.01651,0.0,0.05836,,0.0,0.0
2025-09-23 04:20:00,Estella E 1106,0.0,0.0,,0.0,0.036969999999999996,,,,0.0,0.0,0.01644,0.0,0.0583,,0.0,0.0
2025-09-23 04:25:00,Estella E 1106,0.0,0.0,,0.0,0.03666,,,,0.0,0.0,0.01644,0.0,0.0579,,0.0,0.0
2025-09-23 04:30:00,Estella E 1106,0.0,0.0,,0.0,0.0362,,,,0.0,0.0,0.01652,0.0,0.05759,,0.0,0.0
2025-09-23 04:35:00,Estella E 1106,0.0,0.0,,0.0,0.03583,,,,0.0,0.0,0.016579999999999998,0.0,0.05724,,0.0,0.0
2025-09-23 04:40:00,Estella E 1106,0.0,0.0,,0.0,0.00011999999999999999,,,,0.0,0.0,0.01659,0.0,0.02257,,0.0,0.0
2025-09-23 04:45:00,Estella E 1106,0.0,0.0,,0.0,0.00015,,,,0.0,0.0,0.01654,0.0,0.022449999999999998,,0.0,0.0
2025-09-23 04:50:00,Estella E 1106,0.0,0.0,,0.0,0.00022,,,,0.0,0.0,0.01657,0.0,0.02258,,0.0,0.0
2025-09-23 04:55:00,Estella E 1106,0.0,0.0,,0.0,0.00020999999999999998,,,,0.0,0.0,0.01659,0.0,0.02249,,0.0,0.0
2025-09-23 05:00:00,Estella E 1106,0.0,0.0,,0.0,0.03612,,,,0.0,0.0,0.0165,0.0,0.06905,,0.0,0.0
2025-09-23 05:05:00,Estella E 1106,0.0,0.0,,0.0,0.0373,,,,0.0,0.0,0.01653,0.0,0.0583,,0.0,0.0
2025-09-23 05:10:00,Estella E 1106,0.0,0.0,,0.0,0.03694,,,,0.0,0.0,0.01647,0.0,0.058159999999999996,,0.0,0.0
2025-09-23 05:15:00,Estella E 1106,0.0,0.0,,0.0,0.03642,,,,0.0,0.0,0.01651,0.0,0.05779,,0.0,0.0
2025-09-23 05:20:00,Estella E 1106,0.0,0.0,,0.0,0.03632,,,,0.0,0.0,0.01643,0.0,0.05757,,0.0,0.0
2025-09-23 05:25:00,Estella E 1106,0.0,0.0,,0.0,0.035679999999999996,,,,0.0,0.0,0.016489999999999998,0.0,0.05669,,0.0,0.0
2025-09-23 05:30:00,Estella E 1106,0.0,0.0,,0.0,0.00015,,,,0.0,0.0,0.01645,0.0,0.02244,,0.0,0.0
2025-09-23 05:35:00,Estella E 1106,0.0,0.0,0.0,0.0,0.00015,0.0,0.0,-1e-05,0.0,0.0,0.016460000000000002,0.0,0.02237,0.0,0.0,0.0
2025-09-23 05:40:00,Estella E 1106,0.0,0.0,,0.0,0.00026000000000000003,,,,0.0,0.0,0.01638,0.0,0.02234,,0.0,0.0
2025-09-23 05:45:00,Estella E 1106,0.0,0.0,,0.0,0.00013000000000000002,,,,0.0,0.0,0.01638,0.0,0.02243,,0.0,0.0
2025-09-23 05:50:00,Estella E 1106,0.0,0.0,,0.0,0.03673,,,,0.0,0.0,0.016370000000000003,0.0,0.0565,,0.0,0.0
2025-09-23 05:55:00,Estella E 1106,0.0,0.0,,0.0,0.03754,,,,0.0,0.0,0.01638,0.0,0.05801,,0.0,0.0
2025-09-23 06:00:00,Estella E 1106,0.0,0.0,,0.0,0.03674,,,,0.0,0.0,0.01638,0.0,0.057409999999999996,,0.0,0.0
2025-09-23 06:05:00,Estella E 1106,0.0,0.0,,0.0,0.03646,,,,0.0,0.0,0.01632,0.0,0.05714,,0.0,0.0
2025-09-23 06:10:00,Estella E 1106,0.0,0.0,,0.0,0.036090000000000004,,,,0.0,0.0,0.01627,0.0,0.05715,,0.0,0.0
2025-09-23 06:15:00,Estella E 1106,0.0,0.0,,0.0,0.03567,,,,0.0,0.0,0.01626,0.0,0.05636,,0.0,0.0
2025-09-23 06:20:00,Estella E 1106,0.0,0.0,,0.0,0.00016,,,,0.0,0.0,0.01617,0.0,0.02204,,0.0,0.0
2025-09-23 06:25:00,Estella E 1106,0.0,0.0,0.0,0.0,0.00011999999999999999,0.0,0.0,0.0,0.0,0.0,0.016120000000000002,0.0,0.02204,0.0,0.0,0.0
2025-09-23 06:30:00,Estella E 1106,0.0,0.0,0.0,0.0,0.00014000000000000001,0.0,0.0,0.0,0.0,0.0,0.016120000000000002,0.0,0.0219,0.0,0.0,0.0
2025-09-23 06:35:00,Estella E 1106,0.0,0.0,0.0,0.0,0.00014000000000000001,0.0,0.0,0.0,0.0,0.0,0.00701,0.0,0.0127,0.0,0.0,0.0
2025-09-23 06:40:00,Estella E 1106,0.0,0.0,0.0,0.0,0.03743,0.0,0.0,0.0,0.0,0.0,0.00696,0.0,0.047299999999999995,0.0,0.0,0.0
2025-09-23 06:45:00,Estella E 1106,0.0,0.0,,0.0,0.038689999999999995,,,,0.0,0.0,0.007030000000000001,0.0,0.16702,,0.0,0.0
2025-09-23 06:50:00,Estella E 1106,0.0,0.0,,0.0,0.0376,,,,0.0,0.0,0.02087,0.0,0.06352000000000001,,0.0,0.0
2025-09-23 06:55:00,Estella E 1106,0.0,0.0,,0.0,0.03707,,,,0.0,0.0,0.02077,0.0,0.06264,,0.0,0.0
2025-09-23 07:00:00,Estella E 1106,0.0,0.0,,0.0,0.03641,,,,0.0,0.0,0.0,0.0,0.04069,,0.0,0.0
2025-09-23 07:05:00,Estella E 1106,0.0,0.0,,0.0,0.036469999999999995,,,,0.0,0.0,0.0,0.0,0.04027,,0.0,0.0
2025-09-23 07:10:00,Estella E 1106,0.0,0.0,0.0,0.0,0.03621,0.0,0.0,0.0,0.0,0.0,0.0,0.0,0.04054,0.0,0.0,0.0
2025-09-23 07:15:00,Estella E 1106,0.0,0.0,,0.0,0.00022,,,,0.0,0.0,0.0,0.0,0.00545,,0.0,0.0
2025-09-23 07:20:00,Estella E 1106,0.0,0.0,,0.0,0.0002,,,,0.0,0.0,0.0,0.0,0.00542,,0.0,0.0
2025-09-23 07:25:00,Estella E 1106,0.0,0.0,,0.0,0.00019,,,,0.0,0.0,0.0,0.0,0.12011,,0.0,0.0
2025-09-23 07:30:00,Estella E 1106,0.0,0.0,,0.0,0.0002,,,,0.0,0.0,0.0,0.0,0.00552,,0.0,0.0
2025-09-23 07:35:00,Estella E 1106,0.0,0.0,,0.0,0.03593,,,,0.0,0.0,0.0,0.0,0.054799999999999995,,0.0,0.0
2025-09-23 07:40:00,Estella E 1106,0.0,0.0,,0.0,0.037689999999999994,,,,0.009529999999999999,0.0,0.0,0.0,0.05098,,0.0,0.0
2025-09-23 07:45:00,Estella E 1106,0.0,0.0,,0.0,0.037200000000000004,,,,0.0,0.0,0.0,0.0,0.04147,,0.0,0.0
2025-09-23 07:50:00,Estella E 1106,0.0,0.0,,0.0,0.036899999999999995,,,,0.0,0.0,0.0,0.0,0.05156,,0.0,0.0
2025-09-23 07:55:00,Estella E 1106,0.0,0.0,,0.0,0.0365,,,,0.0,0.0,0.0,0.0,0.061380000000000004,,0.0,0.0
2025-09-23 08:00:00,Estella E 1106,0.0,0.0,,0.0,0.03599,,,,0.0,0.0,0.0,0.0,0.040369999999999996,,0.0,0.0
2025-09-23 08:05:00,Estella E 1106,0.0,0.0,0.0,0.0,0.00011999999999999999,0.0,0.0,0.0,0.0,0.0,0.0,0.0,0.03995,0.0,0.0,0.0
2025-09-23 08:10:00,Estella E 1106,0.0,0.0,,0.0,8.999999999999999e-05,,,,0.0,0.0,0.0,0.0,0.00525,,0.0,0.0
2025-09-23 08:15:00,Estella E 1106,0.0,0.0,,0.0,0.00031,,,,0.0,0.0,0.0,0.0,0.005730000000000001,,0.0,0.0
2025-09-23 08:20:00,Estella E 1106,0.0,0.0,,0.0,0.00020999999999999998,,,,0.0,0.0,0.0,0.0,0.00535,,0.0,0.0
2025-09-23 08:25:00,Estella E 1106,0.0,0.0,,0.0,0.04862,,,,0.0,0.0,0.0,0.0,0.00521,,0.0,0.0
2025-09-23 08:30:00,Estella E 1106,0.0,0.0,,0.0,0.037020000000000004,,,,0.0,0.0,0.0,0.0,0.041229999999999996,,0.0,0.0
2025-09-23 08:35:00,Estella E 1106,0.0,0.0,,0.0,0.03724,,,,0.0,0.0,0.0,0.0,0.04204,,0.0,0.0
2025-09-23 08:40:00,Estella E 1106,0.0,0.0,,0.0,0.03648,,,,0.0,0.0,0.0,0.0,0.0405,,0.0,0.0
2025-09-23 08:45:00,Estella E 1106,0.0,0.0,,0.0,0.03635,,,,0.0,0.0,0.0,0.0,0.040240000000000005,,0.0,0.0
2025-09-23 08:50:00,Estella E 1106,0.0,0.0,0.0,0.0,0.03565,0.0,0.0,0.0,0.0,0.0,0.0,0.0,0.04004,0.0,0.0,0.0
2025-09-23 08:55:00,Estella E 1106,0.0,0.0,,0.0,0.0002,,,,0.0,0.0,0.0,0.0,0.00526,,0.0,0.0
2025-09-23 09:00:00,Estella E 1106,0.0,0.0,,0.0,0.00016,,,,0.0,0.0,0.0,0.0,0.00558,,0.0,0.0
2025-09-23 09:05:00,Estella E 1106,0.0,0.0,,0.0,0.00023999999999999998,,,,0.0,0.0,0.0,0.0,0.0052699999999999995,,0.0,0.0
2025-09-23 09:10:00,Estella E 1106,0.0,0.0,,0.0,0.00014000000000000001,,,,0.0,0.0,0.0,0.0,0.00528,,0.0,0.0
2025-09-23 09:15:00,Estella E 1106,0.0,0.0,,0.0,0.03767,,,,0.0,0.0,0.0,0.0,0.04111,,0.0,0.0
2025-09-23 09:20:00,Estella E 1106,0.0,0.0,,0.0,0.039189999999999996,,,,0.0,0.0,0.0,0.0,0.04314,,0.0,0.0
2025-09-23 09:25:00,Estella E 1106,0.0,0.0,,0.0,0.18080000000000002,,,,0.0,0.0,0.0,0.0,0.06395,,0.0,0.0
2025-09-23 09:30:00,Estella E 1106,0.0,0.0,,0.0,0.17867,,,,0.0,0.0,0.0,0.0,0.20317,,0.0,0.0
2025-09-23 09:35:00,Estella E 1106,0.0,0.0,,0.0,0.18056999999999998,,,,0.0,0.0,0.0,0.0,0.20425,,0.0,0.0
2025-09-23 09:40:00,Estella E 1106,0.0,0.0,0.0,0.0,0.18012,0.0,0.0,0.01874,0.0,0.0,0.0,0.0,0.2051,0.0,0.0,0.0
2025-09-23 09:45:00,Estella E 1106,0.0,0.0,,0.0,0.00019,,,,0.0,0.0,0.0,0.0,0.02527,,0.0,0.0
2025-09-23 09:50:00,Estella E 1106,0.0,0.0,,0.0,0.05664,,,,0.0,0.0,0.0,0.0,0.09347,,0.0,0.0
2025-09-23 09:55:00,Estella E 1106,0.0,0.0,,0.0,0.05206,,,,0.0,0.0,0.0,0.0,0.07612000000000001,,0.0,0.0
2025-09-23 10:00:00,Estella E 1106,0.0,0.0,,0.0,0.05092,,,,0.0,0.0,0.0,0.0,0.07529000000000001,,0.0,0.0
2025-09-23 10:05:00,Estella E 1106,0.0,0.0,,0.0,0.04893,,,,0.0,0.0,0.0,0.0,0.07316,,0.0,0.0
2025-09-23 10:10:00,Estella E 1106,0.0,0.0,0.0,0.0,0.047549999999999995,0.0,0.0,0.01828,0.0,0.0,0.0,0.0,0.07143000000000001,0.0,0.0,0.0
2025-09-23 10:15:00,Estella E 1106,0.0,0.0,,0.0,0.046090000000000006,,,,0.0,0.0,0.0,0.0,0.07004,,0.0,0.0
2025-09-23 10:20:00,Estella E 1106,0.0,0.0,,0.0,0.04525,,,,0.0,0.0,0.0,0.0,0.06884,,0.0,0.0
2025-09-23 10:25:00,Estella E 1106,0.0,0.0,0.0,0.0,0.045380000000000004,0.0,0.0,0.0,0.0,0.0,0.0,0.0,0.04874,0.0,0.0,0.0
2025-09-23 10:30:00,Estella E 1106,0.0,0.0,,0.0,0.044840000000000005,,,,0.0,0.0,0.0,0.0,0.07479999999999999,,0.0,0.0
2025-09-23 10:35:00,Estella E 1106,0.0,0.0,,0.0,0.040369999999999996,,,,0.0,0.0,0.0,0.0,0.05533,,0.0,0.0
2025-09-23 10:40:00,Estella E 1106,0.0,0.0,0.0,0.0,0.03911,0.0,0.0,0.0,0.0,0.0,0.0,0.0,0.0435,0.0,0.0,0.0
2025-09-23 10:45:00,Estella E 1106,0.0,0.0,0.0,0.0,0.03871,0.0,0.0,0.0,0.0,0.0,0.0,0.0,0.04289,0.0,0.0,0.0
2025-09-23 10:50:00,Estella E 1106,0.0,0.0,0.0,0.0,0.03829,0.00925,0.0,0.0,0.0,0.0,0.0,0.0,0.04225,0.0,0.0,0.0
2025-09-23 10:55:00,Estella E 1106,0.0,0.0,,0.0,0.03767,,,,0.0,0.0,0.0,0.0,0.04197,,0.0,0.0
2025-09-23 11:00:00,Estella E 1106,0.0,0.0,,0.0,0.038450000000000005,,,,0.0,0.0,0.0,0.0,0.04248,,0.0,0.0
2025-09-23 11:05:00,Estella E 1106,0.0,0.0,,0.0,0.03786,,,,0.0,0.0,0.0,0.0,0.04228,,0.0,0.0
2025-09-23 11:10:00,Estella E 1106,0.0,0.0,0.0,0.0,0.03717,0.0,0.0,-5.9999999999999995e-05,0.0,0.0,0.0,0.0,0.0417,0.0,0.0,0.0
2025-09-23 11:15:00,Estella E 1106,0.0,0.0,,0.0,0.03686,,,,0.0,0.0,0.0,0.0,0.061130000000000004,,0.0,0.0
2025-09-23 11:20:00,Estella E 1106,0.0,0.0,,0.0,0.03775,,,,0.0,0.0,0.0,0.0,0.061270000000000005,,0.0,0.0
2025-09-23 11:25:00,Estella E 1106,0.0,0.0,,0.0,0.03768,,,,0.0,0.0,0.0,0.0,0.06196,,0.0,0.0
2025-09-23 11:30:00,Estella E 1106,0.0,0.0,,0.0,0.036950000000000004,,,,0.0,0.0,0.0,0.0,0.05366,,0.0,0.0
2025-09-23 11:35:00,Estella E 1106,0.0,0.0,,0.0,0.03655,,,,0.0,0.0,0.0,0.0,0.08567,,0.0,0.0
2025-09-23 11:40:00,Estella E 1106,0.0,0.0,,0.0,0.00013000000000000002,,,,0.0,0.0,0.0,0.0,0.048909999999999995,,0.0,0.0
2025-09-23 11:45:00,Estella E 1106,0.0,0.0,0.0,0.0,0.00029,0.0424,0.0,0.0,0.0,0.0,0.0,0.0,0.01743,0.0,0.0,0.0
2025-09-23 11:50:00,Estella E 1106,0.0,0.0,,0.0,0.00020999999999999998,,,,0.0,0.0,0.0,0.0,0.0161,,0.0,0.0
2025-09-23 11:55:00,Estella E 1106,0.0,0.0,,0.0,0.00027,,,,0.0,0.0,0.0,0.0,0.017329999999999998,,0.0,0.0
2025-09-23 12:00:00,Estella E 1106,0.0,0.0,0.0,0.0,0.037950000000000005,0.00996,0.0,0.0,0.0,0.0,0.0,0.0,0.053380000000000004,0.0,0.0,0.0
2025-09-23 12:05:00,Estella E 1106,0.0,0.0,,0.0,0.0389,,,,0.0,0.0,0.0,0.0,0.05341,,0.0,0.0
2025-09-23 12:10:00,Estella E 1106,0.0,0.0,,0.0,0.039270000000000006,,,,0.0,0.0,0.0,0.0,0.054,,0.0,0.0
2025-09-23 12:15:00,Estella E 1106,0.0,0.0,,0.0,0.039189999999999996,,,,0.0,0.0,0.0,0.0,0.048549999999999996,,0.0,0.0
2025-09-23 12:20:00,Estella E 1106,0.0,0.0,0.0,0.0,0.038939999999999995,0.0109,0.0,0.0,0.0,0.0,0.0,0.0,0.05429,0.34075,0.0,0.0
2025-09-23 12:25:00,Estella E 1106,0.0,0.0,,0.0,0.03816,,,,0.0,0.0,0.0,0.0,0.04844,,0.0,0.0
2025-09-23 12:30:00,Estella E 1106,0.0,0.0,,0.0,0.03754,,,,0.0,0.0,0.0,0.0,0.0528,,0.0,0.0
2025-09-23 12:35:00,Estella E 1106,0.0,0.0,,0.0,0.03821,,,,0.0,0.0,0.0,0.0,0.04642,,0.0,0.0
2025-09-23 12:40:00,Estella E 1106,0.0,0.0,,0.0,0.038380000000000004,,,,0.0,0.0,0.0,0.0,0.05048,,0.0,0.0
2025-09-23 12:45:00,Estella E 1106,0.0,0.0,0.0,0.0,0.037880000000000004,0.01005,0.0,0.0,0.0,0.0,0.0,0.0,0.05367,0.0,0.0,0.0
2025-09-23 12:50:00,Estella E 1106,0.0,0.0,,0.0,0.037700000000000004,,,,0.0,0.0,0.0,0.0,0.05163,,0.0,0.0
2025-09-23 12:55:00,Estella E 1106,0.0,0.0,,0.0,0.037770000000000005,,,,0.0,0.0,0.0,0.0,0.05013,,0.0,0.0
2025-09-23 13:00:00,Estella E 1106,0.0,0.0,,0.0,0.03908,,,,0.0,0.0,0.0,0.0,0.05068,,0.0,0.0
2025-09-23 13:05:00,Estella E 1106,0.0,0.0,0.0,0.0,0.03739,0.00552,0.0,0.0,0.0,0.0,0.0,0.0,0.04813,0.0,0.0,0.0
2025-09-23 13:10:00,Estella E 1106,0.0,0.0,0.0,0.0,0.037840000000000006,0.00418,0.0,0.0,0.0,0.0,0.0405,0.0,0.08838,0.0,0.0,0.0
2025-09-23 13:15:00,Estella E 1106,0.0,0.0,,0.0,0.037270000000000005,,,,0.0,0.0,0.04018,0.0,0.08682,,0.0,0.0
2025-09-23 13:20:00,Estella E 1106,0.0,0.0,,0.0,0.00015,,,,0.0,0.0,0.03989,0.0,0.08565,,0.0,0.0
2025-09-23 13:25:00,Estella E 1106,0.0,0.0,,0.0,8.999999999999999e-05,,,,0.0,0.0,0.040159999999999994,0.0,0.05107,,0.0,0.0
2025-09-23 13:30:00,Estella E 1106,0.0,0.0,0.0,0.0,0.00016,0.00221,0.0,-1e-05,0.0,0.0,0.0,0.0,0.00899,0.0,0.0,0.0
2025-09-23 13:35:00,Estella E 1106,0.0,0.0,0.0,0.0,0.00020999999999999998,0.00211,0.0,0.0,0.0,0.0,0.0,0.0,2.95818,0.0,2.94955,0.0
2025-09-23 13:40:00,Estella E 1106,,,,,,,,,0.03342,0.0,0.0,0.0,0.04152,,0.0,
2025-09-23 13:45:00,Estella E 1106,0.0,0.0,,0.0,0.03892,,,,0.0,0.0,0.0,0.0,0.05987,,0.0,0.0
2025-09-23 13:50:00,Estella E 1106,0.0,0.0,,0.0,0.039119999999999995,,,,0.0,0.0,0.0,0.0,0.08916,,0.0,0.0
2025-09-23 13:55:00,Estella E 1106,0.0,0.0,,0.0,0.03892,,,,0.0,0.0,0.0,0.0,0.09511,,0.0,0.0
2025-09-23 14:00:00,Estella E 1106,0.0,0.0,,0.0,0.03757,,,,0.0,0.0,0.0,0.0,0.09398000000000001,,0.0,0.0
2025-09-23 14:05:00,Estella E 1106,0.0,0.0,,0.0,0.037,,,,0.0,0.0,0.0,0.0,0.09282,,0.0,0.0
2025-09-23 14:10:00,Estella E 1106,0.0,0.0,,0.0,0.03633,,,,0.0,0.0,0.0,0.0,0.09229000000000001,,0.0,0.0
2025-09-23 14:15:00,Estella E 1106,0.0,0.0,,0.0,0.00015,,,,0.0,0.0,0.0,0.0,0.08613,,0.0,0.0
2025-09-23 14:20:00,Estella E 1106,0.0,0.0,,0.0,0.00014000000000000001,,,,0.0,0.0,0.0,0.0,0.05029,,0.0,0.0
2025-09-23 14:25:00,Estella E 1106,0.0,0.00884,,0.0,0.00011999999999999999,,,,0.0,0.0,0.0,0.0,0.09627,,0.0,0.0
2025-09-23 14:30:00,Estella E 1106,0.0,0.00871,0.033030000000000004,0.0,0.00020999999999999998,0.00545,0.0,0.040049999999999995,0.0,0.0,0.0,0.0,0.0952,0.0,0.0,0.0
2025-09-23 14:35:00,Estella E 1106,0.0,0.0,,0.0,0.03587,,,,0.0,0.0,0.0,0.0,0.13578,,0.0,0.0
2025-09-23 14:40:00,Estella E 1106,0.0,0.0,0.03284,0.0,0.03786,0.0,0.0,0.03946,0.0,0.0,0.0,0.0,0.11616,0.0,0.0,0.0
2025-09-23 14:45:00,Estella E 1106,0.0,0.0,0.03318,0.0,0.03849,0.0,0.0,0.03917,0.0,0.0,0.0,0.0,0.11663,0.0,0.0,0.0
2025-09-23 14:50:00,Estella E 1106,0.0,0.0,0.032850000000000004,0.0,0.03775,0.0,0.0,0.039049999999999994,0.0,0.0,0.0,0.0,0.11581999999999999,0.0,0.0,0.0
2025-09-23 14:55:00,Estella E 1106,0.0,0.0,0.032869999999999996,0.0,0.03668,0.0,0.0,0.03925,0.0,0.0,0.0,0.0,0.11466,0.0,0.0,0.0
2025-09-23 15:00:00,Estella E 1106,0.0,0.0,0.03279,0.0,0.03613,0.0,0.0,0.03892,0.0,0.0,0.0,0.0,0.11387,0.0,0.0,0.0
2025-09-23 15:05:00,Estella E 1106,0.0,0.0,,0.0,0.00011999999999999999,,,,0.0,0.0,0.0,0.0,0.11376,,0.0,0.0
2025-09-23 15:10:00,Estella E 1106,0.0,0.0,,0.0,0.0002,,,,0.0,0.0,0.0,0.0,0.07901000000000001,,0.0,0.0
2025-09-23 15:15:00,Estella E 1106,0.0,0.0,0.033049999999999996,0.0,0.00011999999999999999,0.0,0.0,0.039229999999999994,0.0,0.0,0.0,0.0,0.07906999999999999,0.0,0.0,0.0
2025-09-23 15:20:00,Estella E 1106,0.0,0.0,,0.0,0.00014000000000000001,,,,0.0,0.0,0.0,0.0,0.04597,,0.0,0.0
2025-09-23 15:25:00,Estella E 1106,0.0,0.0,,0.0,0.04813,,,,0.0,0.0,0.0,0.0,0.00552,,0.0,0.0
2025-09-23 15:30:00,Estella E 1106,0.0,0.0,,0.0,0.03753,,,,0.0,0.0,0.0,0.0,0.04199,,0.0,0.0
2025-09-23 15:35:00,Estella E 1106,0.0,0.0,,0.0,0.03849,,,,0.0,0.0,0.0,0.0,0.08253,,0.0,0.0
2025-09-23 15:40:00,Estella E 1106,0.0,0.0,,0.0,0.03737,,,,0.0,0.0,0.0,0.0,0.08181000000000001,,0.0,0.0
2025-09-23 15:45:00,Estella E 1106,0.0,0.0,,0.0,0.03656,,,,0.0,0.0,0.0,0.0,0.08084999999999999,,0.0,0.0
2025-09-23 15:50:00,Estella E 1106,0.0,0.0,,0.0,0.03613,,,,0.0,0.0,0.0,0.0,0.0804,,0.0,0.0
2025-09-23 15:55:00,Estella E 1106,0.0,0.0,0.0,0.0,0.00014000000000000001,0.0,0.0,0.038799999999999994,0.0,0.0,0.0,0.0,0.07966,0.0,0.0,0.0
2025-09-23 16:00:00,Estella E 1106,0.0,0.0,0.0,0.0,0.00017999999999999998,0.0,0.0,0.038310000000000004,0.0,0.0,0.0,0.0,0.045149999999999996,0.0,0.0,0.0
2025-09-23 16:05:00,Estella E 1106,0.0,0.0,0.0,0.0,0.00013000000000000002,0.0,0.0,0.0389,0.0,0.0,0.0,0.0,0.04603,0.0,0.0,0.0
2025-09-23 16:10:00,Estella E 1106,0.0,0.0,0.0,0.0,0.00014000000000000001,0.0,0.0,0.0389,0.0,0.0,0.0,0.0,0.0055899999999999995,0.0,0.0,0.0
2025-09-23 16:15:00,Estella E 1106,0.0,0.0,,0.0,0.036270000000000004,,,,0.0,0.0,0.021920000000000002,0.0,0.027719999999999998,,0.0,0.0
2025-09-23 16:20:00,Estella E 1106,0.0,0.0,,0.0,0.03789,,,,0.0,0.0,0.02152,0.0,0.06361,,0.0,0.0
2025-09-23 16:25:00,Estella E 1106,0.0,0.0,0.0,0.0,0.07679,0.0,0.0,0.0,0.0,0.0,0.04288,0.0,0.12825999999999999,0.0,0.0,0.0
2025-09-23 16:30:00,Estella E 1106,0.0,0.0,,0.0,0.07442,,,,0.0,0.0,0.04305,0.0,0.12808,,0.0,0.0
2025-09-23 16:35:00,Estella E 1106,0.0,0.0,,0.0,0.03656,,,,0.0,0.0,0.02149,0.0,0.06285,,0.0,0.0
2025-09-23 16:40:00,Estella E 1106,0.0,0.0,,0.0,0.03616,,,,0.0,0.0,0.02129,0.0,0.06197,,0.0,0.0
2025-09-23 16:45:00,Estella E 1106,0.0,0.0,,0.0,0.00014000000000000001,,,,0.0,0.0,0.02129,0.0,0.02714,,0.0,0.0
2025-09-23 16:50:00,Estella E 1106,,,,,,,,,0.0,0.0,0.02118,0.0,0.027350000000000003,,0.0,
2025-09-23 16:55:00,Estella E 1106,0.0,0.0,0.0,0.0,0.00014000000000000001,0.0,0.0,0.0,0.0,0.0,0.02114,0.0,0.02716,0.0,0.0,0.0
2025-09-23 17:00:00,Estella E 1106,,,,,,,,,0.0,0.0,0.02118,0.0,0.0269,,0.0,
2025-09-23 17:05:00,Estella E 1106,0.0,0.0,,0.0,0.037020000000000004,,,,0.0,0.0,0.02103,0.0,0.07515000000000001,,0.0,0.0
2025-09-23 17:10:00,Estella E 1106,0.0,0.0,,0.0,0.03805,,,,0.0,0.0,0.020829999999999998,0.0,0.06312,,0.0,0.0
2025-09-23 17:15:00,Estella E 1106,0.0,0.0,,0.0,0.03814,,,,0.0,0.0,0.02111,0.0,0.06382,,0.0,0.0
2025-09-23 17:20:00,Estella E 1106,0.0,0.0,,0.0,0.037,,,,0.0,0.0,0.02117,0.0,0.06292,,0.0,0.0
2025-09-23 17:25:00,Estella E 1106,0.0,0.0,,0.0,0.03644,,,,0.0,0.0,0.020739999999999998,0.0,0.061560000000000004,,0.0,0.0
2025-09-23 17:30:00,Estella E 1106,0.0,0.0,0.0,0.0,0.03603,0.0,0.0,-1e-05,0.0,0.0,0.02101,0.0,0.061450000000000005,0.0,0.0,0.0
2025-09-23 17:35:00,Estella E 1106,0.0,0.0,,0.0,0.00014000000000000001,,,,0.0,0.0,0.02101,0.0,0.02664,,0.0,0.0
2025-09-23 17:40:00,Estella E 1106,0.0,0.0,,0.0,0.00013000000000000002,,,,0.0,0.0,0.02079,0.0,0.02657,,0.0,0.0
2025-09-23 17:45:00,Estella E 1106,0.0,0.0,,0.0,0.00022,,,,0.0,0.0,0.02079,0.0,0.0265,,0.0,0.0
2025-09-23 17:50:00,Estella E 1106,0.0,0.0,,0.0,0.00017999999999999998,,,,0.0,0.0,0.020649999999999998,0.0,0.02641,,0.0,0.0
2025-09-23 17:55:00,Estella E 1106,0.0,0.0,,0.0,0.03714,,,,0.0,0.0,0.057159999999999996,0.0,0.09739,,0.0,0.0
2025-09-23 18:00:00,Estella E 1106,0.0,0.0,,0.0,0.037880000000000004,,,,0.0,0.0,0.02076,0.0,0.10315,,0.0,0.0
2025-09-23 18:05:00,Estella E 1106,0.0,0.0,,0.0,0.037509999999999995,,,,0.0,0.0,0.05657,0.0,0.13874,,0.0,0.0
2025-09-23 18:10:00,Estella E 1106,0.0,0.0,,0.0,0.0365,,,,0.0,0.0,0.05604,0.0,0.13569,,0.0,0.0
2025-09-23 18:15:00,Estella E 1106,0.0,0.0,,0.0,0.038130000000000004,,,,0.0,0.0,0.020579999999999998,0.0,0.09965,,0.0,0.0
2025-09-23 18:20:00,Estella E 1106,0.0,0.0,,0.0,0.039119999999999995,,,,0.0,0.0,0.0,0.0,0.08105,,0.0,0.0
2025-09-23 18:25:00,Estella E 1106,0.0,0.0,,0.0,0.03836,,,,0.0,0.0,0.0,0.0,0.08061,,0.0,0.0
2025-09-23 18:30:00,Estella E 1106,0.0,0.0,,0.0,0.03757,,,,0.0,0.0,0.03539,0.0,0.11556,,0.0,0.0
2025-09-23 18:35:00,Estella E 1106,0.0,0.0,,0.0,0.03707,,,,0.0,0.0,0.048049999999999995,0.0,0.12782,,0.0,0.0
2025-09-23 18:40:00,Estella E 1106,0.0,0.0,,0.0,0.0364,,,,0.0,0.0,0.047549999999999995,0.0,0.12661,,0.0,0.0
2025-09-23 18:45:00,Estella E 1106,0.0,0.0,0.08388,0.0,7.000000000000001e-05,0.0,0.0,0.037,0.0,0.0,0.047409999999999994,0.0,0.2093,0.0,0.0,0.0
2025-09-23 18:50:00,Estella E 1106,0.0,0.0,,0.0,0.00016,,,,0.0,0.0,0.04714,0.0,0.20828,,0.0,0.0
2025-09-23 18:55:00,Estella E 1106,0.0,0.0,,0.0,0.00019,,,,0.0,0.0,0.047009999999999996,0.0,0.21803999999999998,,0.0,0.0
2025-09-23 19:00:00,Estella E 1106,0.0,0.0,,0.0,0.00014000000000000001,,,,0.0,0.0,0.0471,0.0,0.21716999999999997,,0.0,0.0
2025-09-23 19:05:00,Estella E 1106,0.0,0.0,,0.0,0.038700000000000005,,,,0.0,0.0,0.046990000000000004,0.0,0.2535,,0.0,0.0
2025-09-23 19:10:00,Estella E 1106,0.0,0.0,,0.0,0.039409999999999994,,,,0.0,0.0,0.046869999999999995,0.0,0.255,,0.0,0.0
2025-09-23 19:15:00,Estella E 1106,0.0,0.0,,0.0,0.03904,,,,0.0,0.0,0.04686,0.0,0.25568,,0.0,0.0
2025-09-23 19:20:00,Estella E 1106,0.0,0.0,,0.0,0.0389,,,,0.0,0.0,0.04692,0.0,0.25351,,0.0,0.0
2025-09-23 19:25:00,Estella E 1106,0.0,0.0,0.11526,0.0,0.03823,0.0089,0.0,0.03725,0.0,0.0,0.04684000000000001,0.0,0.244,0.0,0.0,0.0
2025-09-23 19:30:00,Estella E 1106,0.0,0.0,0.11489,0.0,0.03749,0.0,0.0,0.03743,0.0,0.0,0.04692,0.0,0.2432,0.0,0.0,0.0
2025-09-23 19:35:00,Estella E 1106,0.0,0.00888,,0.0,0.03683,,,,0.0,0.0,0.0,0.0,0.19578,,0.0,0.0
2025-09-23 19:40:00,Estella E 1106,0.0,0.0,,0.0,0.03676,,,,0.0,0.0,0.0,0.0,0.19534,,0.0,0.0
2025-09-23 19:45:00,Estella E 1106,0.0,0.0,,0.0,0.0371,,,,,,,,,,0.0,0.0
2025-09-23 19:50:00,Estella E 1106,0.0,0.0,,0.0,0.03682,,,,,,,,,,0.0,0.0
2025-09-23 19:55:00,Estella E 1106,0.0,0.0,,0.0,8e-05,,,,0.0,0.0,0.0,0.0,0.16047,,0.0,0.0
2025-09-23 20:00:00,Estella E 1106,0.0,0.0,,0.0,0.00011999999999999999,,,,0.0,0.0,0.0,0.0,0.16116,,0.0,0.0
2025-09-23 20:05:00,Estella E 1106,0.0,0.0,0.11473,0.0,0.03864,0.0,0.0,0.0394,0.0,0.0,0.0,0.0,0.19836,0.0,0.0,0.0
2025-09-23 20:10:00,Estella E 1106,0.0,0.0,,0.0,0.03959,,,,0.0,0.0,0.0,0.0,0.19958,,0.0,0.0
2025-09-23 20:15:00,Estella E 1106,0.0,0.0,,0.0,0.03977,,,,0.0,0.0,0.0,0.0,0.19937,,0.0,0.0
2025-09-23 20:20:00,Estella E 1106,0.0,0.0,,0.0,0.03872,,,,,,,,,,0.0,0.0
2025-09-23 20:25:00,Estella E 1106,0.0,0.0,,0.0,0.03711,,,,0.0,0.0,0.0,0.0,0.19798,,0.0,0.0
2025-09-23 20:35:00,Estella E 1106,0.0,0.0,,0.0,0.19031,,,,0.0,0.0,0.0,0.0,0.27743,,0.0,0.0
2025-09-23 20:40:00,Estella E 1106,,,,,,,,,0.0,0.0,0.0,0.0,0.27875,,0.0,
2025-09-23 20:45:00,Estella E 1106,0.0,0.0,,0.0,0.1916,,,,0.0,0.0,0.0,0.0,0.27687,,0.0,0.0
2025-09-23 20:50:00,Estella E 1106,0.0,0.0,,0.0,0.00014000000000000001,,,,0.0,0.0,0.0,0.0,0.08782,,0.0,0.0
2025-09-23 20:55:00,Estella E 1106,0.0,0.0,,0.0,0.00028000000000000003,,,,0.0,0.0,0.0,0.0,0.09794,,0.0,0.0
2025-09-23 21:00:00,Estella E 1106,0.0,0.0,0.12511,0.0,0.0531,0.0,0.0,0.0,0.0,0.0,0.0,0.0,0.18316,0.0,0.0,0.0
2025-09-23 21:05:00,Estella E 1106,0.0,0.0,,0.0,0.05181,,,,0.0,0.0,0.0,0.0,0.182,,0.0,0.0
2025-09-23 21:10:00,Estella E 1106,0.0,0.0,,0.0,0.04997,,,,0.0,0.0,0.0,0.0,0.18031,,0.0,0.0
2025-09-23 21:15:00,Estella E 1106,0.0,0.0,,0.0,0.04808,,,,0.0,0.0,0.0,0.0,0.17848,,0.0,0.0
2025-09-23 21:20:00,Estella E 1106,0.0,0.0,,0.0,0.046799999999999994,,,,0.0,0.0,0.0,0.0,0.16433,,0.0,0.0
2025-09-23 21:25:00,Estella E 1106,0.0,0.0,0.10206,0.0,0.045810000000000003,0.008919999999999999,0.0,0.0,0.0,0.0,0.0,0.0,0.16307,0.0,0.0,0.0
2025-09-23 21:30:00,Estella E 1106,0.0,0.0,0.10208,0.0,0.04498,0.00876,0.0,0.0,0.0,0.0,0.0,0.0,0.16238,0.0,0.0,0.0
2025-09-23 21:35:00,Estella E 1106,0.0,0.0,0.10212,0.0,0.0444,0.00878,0.0,0.0,0.0,0.0,0.0,0.0,0.1616,0.0,0.0,0.0
2025-09-23 21:40:00,Estella E 1106,0.0,0.0,0.10221,0.0,0.04065,0.00874,0.0,0.0,0.0,0.0,0.0,0.0,0.15888999999999998,0.0,2e-05,0.0
2025-09-23 21:45:00,Estella E 1106,0.0,0.0,,0.0,0.039439999999999996,,,,0.0,0.0,0.0,0.0,0.15713999999999997,,0.0,0.0
2025-09-23 21:50:00,Estella E 1106,0.0,0.0,0.1367,0.0,0.038770000000000006,0.00883,0.0,0.0,0.0,0.0,0.0,0.0,0.18966,0.0,0.0,0.0
2025-09-23 21:55:00,Estella E 1106,0.0,0.0,0.13483,0.0,0.038340000000000006,0.00876,0.0,0.0,0.0,0.0,0.03615,0.0,0.224,0.0,0.0,0.0
2025-09-23 22:00:00,Estella E 1106,0.0,0.0,,0.0,0.037829999999999996,,,,0.0,0.0,0.0482,0.0,0.23629,,0.0,0.0
2025-09-23 22:05:00,Estella E 1106,0.0,0.0,,0.0,0.038579999999999996,,,,0.0,0.0,0.04768,0.0,0.22641,,0.0,0.0
2025-09-23 22:10:00,Estella E 1106,0.0,0.0,,0.0,0.03774,,,,0.0,0.0,0.04747,0.0,0.22631,,0.0,0.0
2025-09-23 22:15:00,Estella E 1106,0.0,0.0,,0.0,0.037579999999999995,,,,0.0,0.0,0.04725,0.0,0.22569,,0.0,0.0
2025-09-23 22:20:00,Estella E 1106,0.0,0.0,,0.0,0.03713,,,,0.0,0.0,0.04721,0.0,0.22441,,0.0,0.0
2025-09-23 22:25:00,Estella E 1106,0.0,0.0,0.1351,0.0,0.03686,0.0,0.0,0.0,0.0,0.0,0.04703,0.0,0.0884,0.0,0.0,0.0
2025-09-23 22:30:00,Estella E 1106,0.0,0.0,,0.0,0.03642,,,,0.0,0.0,0.05188,0.0,0.09262000000000001,,0.0,0.0
2025-09-23 22:35:00,Estella E 1106,0.0,0.0,,0.0,0.00016,,,,0.0,0.0,0.04909,0.0,0.08947,,0.0,0.0
2025-09-23 22:40:00,Estella E 1106,0.0,0.0,,0.0,0.00025,,,,0.0,0.0,0.038990000000000004,0.0,0.04494,,0.0,0.0
2025-09-23 22:45:00,Estella E 1106,0.0,0.0,,0.0,0.00023999999999999998,,,,0.0,0.0,0.02161,0.0,0.02759,,0.0,0.0
2025-09-23 22:50:00,Estella E 1106,0.0,0.0,,0.0,0.00015,,,,0.0,0.0,0.06983,0.0,0.07615999999999999,,0.0,0.0
2025-09-23 22:55:00,Estella E 1106,0.0,0.0,,0.0,0.03704,,,,0.0,0.0,0.02177,0.0,0.07622,,0.0,0.0
2025-09-23 23:00:00,Estella E 1106,0.0,0.0,0.0,0.0,0.0381,0.0,0.0,0.0,0.0,0.0,0.02164,0.0,0.06401000000000001,0.0,0.0,0.0
2025-09-23 23:05:00,Estella E 1106,0.0,0.0,0.0,0.0,0.0381,0.0,0.0,-4e-05,0.0,0.0,0.02175,0.0,0.06459999999999999,0.0,0.0,0.0
2025-09-23 23:10:00,Estella E 1106,0.0,0.0,,0.0,0.03768,,,,0.0,0.0,0.02179,0.0,0.06368,,0.0,0.0
2025-09-23 23:15:00,Estella E 1106,0.0,0.0,,0.0,0.03696,,,,0.0,0.0,0.02188,0.0,0.06355,,0.0,0.0
2025-09-23 23:20:00,Estella E 1106,0.0,0.0,,0.0,0.03664,,,,0.0,0.0,0.02179,0.0,0.06325,,0.0,0.0
2025-09-23 23:25:00,Estella E 1106,0.0,0.0,,0.0,0.0362,,,,0.0,0.0,0.02189,0.0,0.06318,,0.0,0.0
2025-09-23 23:30:00,Estella E 1106,0.0,0.0,,0.0,0.03582,,,,0.0,0.0,0.022019999999999998,0.0,0.062479999999999994,,0.0,0.0
2025-09-23 23:35:00,Estella E 1106,0.0,0.0,,0.0,0.00013000000000000002,,,,0.0,0.0,0.02213,0.0,0.028300000000000002,,0.0,0.0
2025-09-23 23:40:00,Estella E 1106,0.0,0.0,,0.0,0.00016,,,,0.0,0.0,0.02205,0.0,0.027719999999999998,,0.0,0.0
2025-09-23 23:45:00,Estella E 1106,0.0,0.0,,0.0,0.00014000000000000001,,,,0.0,0.0,0.0221,0.0,0.02826,,0.0,0.0
2025-09-23 23:50:00,Estella E 1106,0.0,0.0,,0.0,0.0015,,,,0.0,0.0,0.02196,0.0,0.027829999999999997,,0.0,0.0
2025-09-23 23:55:00,Estella E 1106,0.0,0.0,,0.0,0.05468,,,,0.0,0.0,0.02212,0.0,0.02872,,0.0,0.0
2025-09-24 00:00:00,Estella E 1106,0.0,0.0,0.0,0.0,0.0407,0.0,0.0,-7.000000000000001e-05,0.0,0.0,0.022170000000000002,0.0,0.06662,0.0,0.0,0.0
2025-09-24 00:05:00,Estella E 1106,0.0,0.0,,0.0,0.03885,,,,0.0,0.0,0.0221,0.0,0.06556999999999999,,0.0,0.0
2025-09-24 00:10:00,Estella E 1106,0.0,0.0,,0.0,0.0378,,,,0.0,0.0,0.0221,0.0,0.06455,,0.0,0.0
2025-09-24 00:15:00,Estella E 1106,0.0,0.0,0.0,0.0,0.03719,0.0,0.0,0.0,0.0,0.0,0.02205,0.0,0.06411,0.0,0.0,0.0
2025-09-24 00:20:00,Estella E 1106,0.0,0.0,0.0,0.0,0.03667,0.0,0.0,-1e-05,0.0,0.0,0.0221,0.0,0.06342,0.0,0.0,0.0
2025-09-24 00:25:00,Estella E 1106,0.0,0.0,,0.0,0.03616,,,,0.0,0.0,0.02219,0.0,0.06348,,0.0,0.0
2025-09-24 00:30:00,Estella E 1106,0.0,0.0,,0.0,0.03603,,,,0.0,0.0,0.022109999999999998,0.0,0.06273,,0.0,0.0
2025-09-24 00:35:00,Estella E 1106,0.0,0.0,,0.0,0.00016,,,,0.0,0.0,0.02218,0.0,0.028149999999999998,,0.0,0.0
2025-09-24 00:40:00,Estella E 1106,0.0,0.0,,0.0,0.00014000000000000001,,,,0.0,0.0,0.03372,0.0,0.03979,,0.0,0.0
2025-09-24 00:45:00,Estella E 1106,0.0,0.0,,0.0,0.00025,,,,0.0,0.0,0.03175,0.0,0.0381,,0.0,0.0
2025-09-24 00:50:00,Estella E 1106,0.0,0.0,0.0,0.0,0.00019,0.0,0.0,0.0,0.0,0.0,0.03154,0.0,0.03786,0.0,0.0,0.0
2025-09-24 00:55:00,Estella E 1106,0.0,0.0,,0.0,0.03675,,,,0.0,0.0,0.03144,0.0,0.07221,,0.0,0.0
2025-09-24 01:00:00,Estella E 1106,0.0,0.0,,0.0,0.0375,,,,0.0,0.0,0.03155,0.0,0.07393999999999999,,0.0,0.0
2025-09-24 01:05:00,Estella E 1106,0.0,0.0,,0.0,0.037020000000000004,,,,0.0,0.0,0.03149,0.0,0.07381,,0.0,0.0
2025-09-24 01:10:00,Estella E 1106,0.0,0.0,,0.0,0.036789999999999996,,,,0.0,0.0,0.03156,0.0,0.07354000000000001,,0.0,0.0
2025-09-24 01:15:00,Estella E 1106,0.0,0.0,,0.0,0.036359999999999996,,,,0.0,0.0,0.03149,0.0,0.07323,,0.0,0.0
2025-09-24 01:20:00,Estella E 1106,0.0,0.0,,0.0,0.03599,,,,0.0,0.0,0.03155,0.0,0.13103,,0.0,0.0
2025-09-24 01:25:00,Estella E 1106,0.0,0.0,,0.0,0.00014000000000000001,,,,0.0,0.0,0.02243,0.0,0.08768000000000001,,0.0,0.0
2025-09-24 01:30:00,Estella E 1106,0.0,0.0,,0.0,0.00013000000000000002,,,,0.0,0.0,0.02259,0.0,0.08539,,0.0,0.0
2025-09-24 01:35:00,Estella E 1106,0.0,0.0,,0.0,0.00028000000000000003,,,,0.009550000000000001,0.0,0.0225,0.0,0.09484000000000001,,0.0,0.0
2025-09-24 01:40:00,Estella E 1106,0.0,0.0,,0.0,0.00016,,,,0.0,0.0,0.02246,0.0,0.08493,,0.0,0.0
2025-09-24 01:45:00,Estella E 1106,0.0,0.0,,0.0,0.03579,,,,0.0,0.0,0.022449999999999998,0.0,0.1345,,0.0,0.0
2025-09-24 01:50:00,Estella E 1106,0.0,0.0,,0.0,0.03757,,,,0.0,0.0,0.0224,0.0,0.12054000000000001,,0.0,0.0
2025-09-24 01:55:00,Estella E 1106,0.0,0.0,,0.0,0.03726,,,,0.0,0.0,0.02257,0.0,0.10798,,0.0,0.0
2025-09-24 02:00:00,Estella E 1106,0.0,0.0,0.0,0.0,0.03669,0.0,0.0,0.04233,0.0,0.0,0.03483,0.0,0.11926,0.0,1e-05,0.0
2025-09-24 02:05:00,Estella E 1106,0.0,0.0,,0.0,0.03646,,,,0.0,0.0,0.03297,0.0,0.11674,,0.0,0.0
2025-09-24 02:10:00,Estella E 1106,0.0,0.0,,0.0,0.03579,,,,0.0,0.0,0.03201,0.0,0.11501,,0.0,0.0
2025-09-24 02:15:00,Estella E 1106,0.0,0.0,,0.0,8.999999999999999e-05,,,,0.0,0.0,0.03193,0.0,0.11481999999999999,,0.0,0.0
2025-09-24 02:20:00,Estella E 1106,0.0,0.0,,0.0,0.00025,,,,0.0,0.0,0.03179,0.0,0.03829,,0.0,0.0
2025-09-24 02:25:00,Estella E 1106,0.0,0.0,,0.0,0.00017999999999999998,,,,0.0,0.0,0.03179,0.0,0.038630000000000005,,0.0,0.0
2025-09-24 02:30:00,Estella E 1106,0.0,0.0,,0.0,0.00020999999999999998,,,,0.0,0.0,0.03163,0.0,0.038020000000000005,,0.0,0.0
2025-09-24 02:35:00,Estella E 1106,0.0,0.0,0.0,0.0,0.036340000000000004,0.0,0.0,-2e-05,,,,,,0.0,0.0,0.0
2025-09-24 02:40:00,Estella E 1106,0.0,0.0,,0.0,0.037509999999999995,,,,0.0,0.0,0.03149,0.0,0.07372,,0.0,0.0
2025-09-24 02:45:00,Estella E 1106,0.0,0.0,,0.0,0.036899999999999995,,,,0.0,0.0,0.03154,0.0,0.0736,,0.0,0.0
2025-09-24 02:50:00,Estella E 1106,0.0,0.0,,0.0,0.036719999999999996,,,,0.0,0.0,0.03141,0.0,0.07328,,0.0,0.0
2025-09-24 02:55:00,Estella E 1106,0.0,0.0,,0.0,0.03628,,,,0.0,0.0,0.03155,0.0,0.07281,,0.0,0.0
2025-09-24 03:00:00,Estella E 1106,0.0,0.0,,0.0,0.03597,,,,0.0,0.0,0.03155,0.0,0.07274,,0.0,0.0
2025-09-24 03:05:00,Estella E 1106,0.0,0.0,,0.0,0.00011999999999999999,,,,0.0,0.0,0.03146,0.0,0.07177,,0.0,0.0
2025-09-24 03:10:00,Estella E 1106,0.0,0.0,,0.0,0.00014000000000000001,,,,0.0,0.0,0.03161,0.0,0.038020000000000005,,0.0,0.0
2025-09-24 03:15:00,Estella E 1106,0.0,0.0,,0.0,0.00015,,,,0.0,0.0,0.03154,0.0,0.038009999999999995,,0.0,0.0
2025-09-24 03:20:00,Estella E 1106,0.0,0.0,,0.0,0.00017999999999999998,,,,0.0,0.0,0.03162,0.0,0.03823,,0.0,0.0
2025-09-24 03:25:00,Estella E 1106,0.0,0.0,0.0,0.0,0.0015,0.0,0.0,-7.000000000000001e-05,0.0,0.0,0.03157,0.0,0.038,0.0,1e-05,0.0
2025-09-24 03:30:00,Estella E 1106,0.0,0.0,,0.0,0.04901,,,,0.0,0.0,0.03154,0.0,0.040369999999999996,,0.0,0.0
2025-09-24 03:35:00,Estella E 1106,0.0,0.0,,0.0,0.04038,,,,0.0,0.0,0.03164,0.0,0.07631,,0.0,0.0
2025-09-24 03:40:00,Estella E 1106,0.0,0.0,,0.0,0.03756,,,,0.0,0.0,0.03153,0.0,0.07413,,0.0,0.0
2025-09-24 03:45:00,Estella E 1106,0.0,0.0,,0.0,0.03723,,,,0.0,0.0,0.03164,0.0,0.07397,,0.0,0.0
2025-09-24 03:50:00,Estella E 1106,0.0,0.0,,0.0,0.03668,,,,0.0,0.0,0.03166,0.0,0.07336,,0.0,0.0
2025-09-24 03:55:00,Estella E 1106,0.0,0.0,,0.0,0.0362,,,,0.0,0.0,0.03164,0.0,0.07264,,0.0,0.0
2025-09-24 04:00:00,Estella E 1106,0.0,0.0,,0.0,0.03596,,,,0.0,0.0,0.03171,0.0,0.07219,,0.0,0.0
2025-09-24 04:05:00,Estella E 1106,0.0,0.0,,0.0,0.00013000000000000002,,,,0.0,0.0,0.03157,0.0,0.03804,,0.0,0.0
2025-09-24 04:10:00,Estella E 1106,0.0,0.0,,0.0,0.00017999999999999998,,,,0.0,0.0,0.03147,0.0,0.03793,,0.0,0.0
2025-09-24 04:15:00,Estella E 1106,0.0,0.0,,0.0,0.00016,,,,0.0,0.0,0.03156,0.0,0.037829999999999996,,0.0,0.0
2025-09-24 04:20:00,Estella E 1106,,,,,,,,,0.0,0.0,0.03164,0.0,0.037840000000000006,,0.0,
2025-09-24 04:25:00,Estella E 1106,0.0,0.0,,0.0,0.03676,,,,0.0,0.0,0.06304,0.0,0.1669,,0.0,0.0
2025-09-24 04:30:00,Estella E 1106,0.0,0.0,,0.0,0.037509999999999995,,,,0.0,0.0,0.03154,0.0,0.07339,,0.0,0.0
2025-09-24 04:35:00,Estella E 1106,0.0,0.0,,0.0,0.03669,,,,0.0,0.0,0.031420000000000003,0.0,0.07329000000000001,,0.0,0.0
2025-09-24 04:40:00,Estella E 1106,0.0,0.0,,0.0,0.03646,,,,0.0,0.0,0.03152,0.0,0.07316,,0.0,0.0
2025-09-24 04:45:00,Estella E 1106,0.0,0.0,,0.0,0.03621,,,,0.0,0.0,0.03143,0.0,0.07295,,0.0,0.0
2025-09-24 04:50:00,Estella E 1106,0.0,0.0,,0.0,0.0357,,,,0.0,0.0,0.03161,0.0,0.07259,,0.0,0.0
2025-09-24 04:55:00,Estella E 1106,0.0,0.0,,0.0,0.00016,,,,0.0,0.0,0.03159,0.0,0.03786,,0.0,0.0
2025-09-24 05:00:00,Estella E 1106,0.0,0.0,0.0,0.0,0.00013000000000000002,0.0,0.0,-4e-05,0.0,0.0,0.03171,0.0,0.03789,0.0,0.0,0.0
2025-09-24 05:05:00,Estella E 1106,0.0,0.0,,0.0,0.00016,,,,0.0,0.0,0.03147,0.0,0.03793,,0.0,0.0
2025-09-24 05:10:00,Estella E 1106,0.0,0.0,,0.0,0.0002,,,,0.0,0.0,0.03141,0.0,0.03756,,0.0,0.0
2025-09-24 05:15:00,Estella E 1106,0.0,0.0,,0.0,0.03688,,,,0.0,0.0,0.03139,0.0,0.07208,,0.0,0.0
2025-09-24 05:20:00,Estella E 1106,0.0,0.0,,0.0,0.037270000000000005,,,,0.0,0.0,0.03133,0.0,0.07338,,0.0,0.0
2025-09-24 05:25:00,Estella E 1106,0.0,0.0,,0.0,0.036770000000000004,,,,0.0,0.0,0.03121,0.0,0.07249,,0.0,0.0
2025-09-24 05:30:00,Estella E 1106,0.0,0.0,,0.0,0.03635,,,,0.0,0.0,0.031219999999999998,0.0,0.07267,,0.0,0.0
2025-09-24 05:35:00,Estella E 1106,0.0,0.0,,0.0,0.0359,,,,0.0,0.0,0.03109,0.0,0.07206,,0.0,0.0
2025-09-24 05:40:00,Estella E 1106,0.0,0.0,,0.0,0.03573,,,,0.0,0.0,0.031129999999999998,0.0,0.07165,,0.0,0.0
2025-09-24 05:45:00,Estella E 1106,0.0,0.0,,0.0,0.0002,,,,0.0,0.0,0.030780000000000002,0.0,0.03714,,0.0,0.0
2025-09-24 05:50:00,Estella E 1106,0.0,0.0,,0.0,0.00019,,,,0.0,0.0,0.031,0.0,0.03744,,0.0,0.0
2025-09-24 05:55:00,Estella E 1106,0.0,0.0,,0.0,0.00013000000000000002,,,,0.0,0.0,0.03093,0.0,0.03729,,0.0,0.0
2025-09-24 06:00:00,Estella E 1106,0.0,0.0,,0.0,0.00016,,,,0.0,0.0,0.030899999999999997,0.0,0.03687,,0.0,0.0
2025-09-24 06:05:00,Estella E 1106,0.0,0.0,,0.0,0.03691,,,,0.0,0.0,0.03046,0.0,0.07211,,0.0,0.0
2025-09-24 06:10:00,Estella E 1106,0.0,0.0,,0.0,0.03681,,,,0.0,0.0,0.030379999999999997,0.0,0.07248,,0.0,0.0
2025-09-24 06:15:00,Estella E 1106,0.0,0.0,,0.0,0.03646,,,,0.0,0.0,0.03031,0.0,0.07164,,0.0,0.0
2025-09-24 06:20:00,Estella E 1106,0.0,0.0,,0.0,0.03626,,,,0.0,0.0,0.03019,0.0,0.07086,,0.0,0.0
2025-09-24 06:25:00,Estella E 1106,0.0,0.0,,0.0,0.03579,,,,0.0,0.0,0.030289999999999997,0.0,0.07086,,0.0,0.0
2025-09-24 06:30:00,Estella E 1106,0.0,0.0,0.0,0.0,0.00014000000000000001,0.0,0.0,0.0,0.0,0.0,0.030379999999999997,0.0,0.07063,0.0,0.0,0.0
2025-09-24 06:35:00,Estella E 1106,0.0,0.0,,0.0,0.00016,,,,0.0,0.0,0.02096,0.0,0.0269,,0.0,0.0
2025-09-24 06:40:00,Estella E 1106,0.0,0.0,,0.0,0.00013000000000000002,,,,0.0,0.0,0.02096,0.0,0.04833,,0.0,0.0
2025-09-24 06:45:00,Estella E 1106,0.0,0.0,,0.0,0.00019,,,,0.0,0.0,0.02128,0.0,0.04834,,0.0,0.0
2025-09-24 06:50:00,Estella E 1106,0.0,0.0,,0.0,0.04879,,,,0.0,0.0,0.02129,0.0,0.046869999999999995,,0.0,0.0
2025-09-24 06:55:00,Estella E 1106,0.0,0.0,,0.0,0.038579999999999996,,,,0.0,0.0,0.02119,0.0,0.11485,,0.0,0.0
2025-09-24 07:00:00,Estella E 1106,0.0,0.0,,0.0,0.038340000000000006,,,,0.0,0.0,0.02102,0.0,0.07631,,0.0,0.0
2025-09-24 07:05:00,Estella E 1106,0.0,0.0,,0.0,0.03872,,,,0.0,0.0,0.02081,0.0,0.19018000000000002,,0.0,0.0
2025-09-24 07:10:00,Estella E 1106,0.0,0.0,,0.0,0.038549999999999994,,,,0.0,0.0,0.02072,0.0,0.18184999999999998,,0.0,0.0
2025-09-24 07:15:00,Estella E 1106,0.0,0.0,,0.0,0.038020000000000005,,,,0.0,0.0,0.02096,0.0,0.06856,,0.0,0.0
2025-09-24 07:20:00,Estella E 1106,0.0,0.0,,0.0,0.037329999999999995,,,,0.0,0.0,0.02082,0.0,0.06888,,0.0,0.0
2025-09-24 07:25:00,Estella E 1106,0.0,0.0,0.0,0.0,0.03667,0.0045899999999999995,0.0,0.0,0.0,0.0,0.03632,0.0,2.87748,0.0,2.79339,0.0
2025-09-24 07:30:00,Estella E 1106,0.0,0.0,,0.0,0.03639,,,,0.0,0.0,0.037090000000000005,0.0,0.08320999999999999,,0.0,0.0
2025-09-24 07:35:00,Estella E 1106,0.0,0.0,,0.0,0.00014000000000000001,,,,0.0,0.0,0.03743,0.0,0.04969,,0.0,0.0
2025-09-24 07:40:00,Estella E 1106,0.0,0.0,,0.0,0.0002,,,,0.0,0.0,0.04808,0.0,0.05727,,0.0,0.0
2025-09-24 07:45:00,Estella E 1106,0.0,0.0,0.0,0.0,0.00014000000000000001,0.00175,0.0,0.0,0.0,0.0,0.047729999999999995,0.0,0.05768,0.0,0.0,0.0
2025-09-24 07:50:00,Estella E 1106,0.0,0.0,,0.0,0.00017999999999999998,,,,0.0,0.0,0.054490000000000004,0.0,0.06302,,0.0,0.0
2025-09-24 07:55:00,Estella E 1106,0.0,0.0,,0.0,0.036789999999999996,,,,0.0,0.0,0.02105,0.0,0.07521,,0.0,0.0
2025-09-24 08:00:00,Estella E 1106,0.0,0.0,,0.0,0.03848,,,,0.0,0.0,0.02109,0.0,0.06375,,0.0,0.0
2025-09-24 08:05:00,Estella E 1106,0.0,0.0,,0.0,0.03796,,,,0.0,0.0,0.02089,0.0,0.06415000000000001,,0.0,0.0
2025-09-24 08:10:00,Estella E 1106,0.0,0.0,,0.0,0.037200000000000004,,,,0.0,0.0,0.02085,0.0,0.06284000000000001,,0.0,0.0
2025-09-24 08:15:00,Estella E 1106,0.0,0.0,,0.0,0.03675,,,,0.0,0.0,0.02079,0.0,0.06228,,0.0,0.0
2025-09-24 08:20:00,Estella E 1106,0.0,0.0,,0.0,0.03635,,,,0.0,0.0,0.02069,0.0,0.06128,,0.0,0.0
2025-09-24 08:25:00,Estella E 1106,0.0,0.0,0.0,0.0,0.00013000000000000002,0.0,0.0,0.0,0.0,0.0,0.02068,0.0,0.06103,0.0,0.0,0.0
2025-09-24 08:30:00,Estella E 1106,0.0,0.0,,0.0,0.00031,,,,0.0,0.0,0.02057,0.0,0.02608,,0.0,0.0
2025-09-24 08:35:00,Estella E 1106,0.0,0.0,,0.0,0.00014000000000000001,,,,0.0,0.0,0.02056,0.0,0.02625,,0.0,0.0
2025-09-24 08:40:00,Estella E 1106,0.0,0.0,0.0,0.0,0.00015,0.0,0.0,-2e-05,0.0,0.0,0.020640000000000002,0.0,0.02624,0.0,0.0,0.0
2025-09-24 08:45:00,Estella E 1106,0.0,0.0,,0.0,0.049729999999999996,,,,0.0,0.0,0.02052,0.0,0.026199999999999998,,0.0,0.0
2025-09-24 08:50:00,Estella E 1106,0.0,0.0,0.0,0.0,0.03757,0.0,0.0,0.0,0.0,0.0,0.02078,0.0,0.06216,0.0,0.0,0.0
2025-09-24 08:55:00,Estella E 1106,0.0,0.0,,0.0,0.17776,,,,0.0,0.0,0.020550000000000002,0.0,0.20483,,0.0,0.0
2025-09-24 09:00:00,Estella E 1106,0.0,0.0,,0.0,0.17558,,,,0.0,0.0,0.0,0.0,0.21747999999999998,,0.0,0.0
2025-09-24 09:05:00,Estella E 1106,0.0,0.0,,0.0,0.17348,,,,0.0,0.0,0.0,0.0,0.2196,,0.0,0.0
2025-09-24 09:10:00,Estella E 1106,0.0,0.0,0.0,0.0,0.00016,0.0,0.0,0.03711,0.0,0.0,0.0,0.0,0.04337,0.0,0.0,0.0
2025-09-24 09:15:00,Estella E 1106,0.0,0.0,,0.0,0.00027,,,,0.0,0.0,0.0,0.0,0.04582,,0.0,0.0
2025-09-24 09:20:00,Estella E 1106,0.0,0.0,,0.0,0.05231,,,,0.0,0.0,0.0,0.0,0.09564,,0.0,0.0
2025-09-24 09:25:00,Estella E 1106,0.0,0.0,0.0,0.0,0.05108,0.0,0.0,0.03821,0.0,0.0,0.0,0.0,0.09453,0.0,0.0,0.0
2025-09-24 09:30:00,Estella E 1106,0.0,0.0,0.0,0.0,0.04908,0.0,0.0,0.037899999999999996,0.0,0.0,0.0,0.0,0.09325,0.0,0.0,0.0
2025-09-24 09:35:00,Estella E 1106,0.0,0.0,0.0,0.0,0.047619999999999996,0.0,0.0,0.03774,0.0,0.0,0.0,0.0,0.09065000000000001,0.0,0.0,0.0
2025-09-24 09:40:00,Estella E 1106,0.0,0.0,,0.0,0.04646,,,,0.0,0.0,0.0,0.0,0.08938,,0.0,0.0
2025-09-24 09:45:00,Estella E 1106,0.0,0.0,,0.0,0.04518,,,,0.0,0.0,0.0,0.0,0.08885,,0.0,0.0
2025-09-24 09:50:00,Estella E 1106,0.0,0.0,0.0,0.0,0.04428,0.0,0.0,0.038009999999999995,0.0,0.0,0.0,0.0,0.08691,0.0,0.0,0.0
2025-09-24 09:55:00,Estella E 1106,0.0,0.0,,0.0,0.04009,,,,0.0,0.0,0.0,0.0,0.08326,,0.0,0.0
2025-09-24 10:00:00,Estella E 1106,0.0,0.0,,0.0,0.03896,,,,0.0,0.0,0.0,0.0,0.08154,,0.0,0.0
2025-09-24 10:05:00,Estella E 1106,0.0,0.0,,0.0,0.039,,,,0.0,0.0,0.0,0.0,0.08152,,0.0,0.0
2025-09-24 10:10:00,Estella E 1106,0.0,0.0,,0.0,0.038869999999999995,,,,0.0,0.0,0.0,0.0,0.08188,,0.0,0.0
2025-09-24 10:15:00,Estella E 1106,0.0,0.0,0.0,0.0,0.03816,0.0,0.0,0.037079999999999995,0.0,0.0,0.0,0.0,0.08028,0.0,0.0,0.0
2025-09-24 10:20:00,Estella E 1106,0.0,0.0,,0.0,0.038509999999999996,,,,0.0,0.0,0.0,0.0,0.08083,,0.0,0.0
2025-09-24 10:25:00,Estella E 1106,0.0,0.0,,0.0,0.03791,,,,0.0,0.0,0.0,0.0,0.08006,,0.0,0.0
2025-09-24 10:30:00,Estella E 1106,0.0,0.0,,0.0,0.0375,,,,0.0,0.0,0.0,0.0,0.11231999999999999,,0.0,0.0
2025-09-24 10:35:00,Estella E 1106,0.0,0.0,,0.0,0.038579999999999996,,,,0.0,0.0,0.0,0.0,0.08122,,0.0,0.0
2025-09-24 10:40:00,Estella E 1106,0.0,0.0,,0.0,0.038560000000000004,,,,0.0,0.0,0.0,0.0,0.08162,,0.0,0.0
2025-09-24 10:45:00,Estella E 1106,0.0,0.0,,0.0,0.03781,,,,0.0,0.0,0.0,0.0,0.08070000000000001,,0.0,0.0
2025-09-24 10:50:00,Estella E 1106,0.0,0.0,,0.0,0.038200000000000005,,,,0.0,0.0,0.0,0.0,0.19831000000000001,,0.0,0.0
2025-09-24 10:55:00,Estella E 1106,0.0,0.0,,0.0,0.037829999999999996,,,,0.0,0.0,0.0,0.0,0.1936,,0.0,0.0
2025-09-24 11:00:00,Estella E 1106,0.0,0.0,,0.0,0.03755,,,,0.0,0.0,0.0,0.0,0.18815,,0.0,0.0
2025-09-24 11:05:00,Estella E 1106,0.0,0.0,,0.0,0.037020000000000004,,,,0.0,0.0,0.0,0.0,0.07828,,0.0,0.0
2025-09-24 11:10:00,Estella E 1106,0.0,0.0,,0.0,0.037579999999999995,,,,0.0,0.0,0.0,0.0,0.07948000000000001,,0.0,0.0
2025-09-24 11:15:00,Estella E 1106,0.0,0.0,,0.0,0.03803,,,,0.0,0.0,0.0,0.0,0.08004,,0.0,0.0
2025-09-24 11:20:00,Estella E 1106,0.0,0.0,,0.0,0.03744,,,,0.0,0.0,0.0,0.0,0.08056,,0.0,0.0
2025-09-24 11:25:00,Estella E 1106,,,,,,,,,0.0,0.0,0.0,0.0,0.20088,,0.0,
2025-09-24 12:25:00,Estella E 1106,0.0,0.0,,0.0,0.0389,,,,0.0,0.0,0.0,0.0,0.04374,,0.0,0.0
2025-09-24 12:30:00,Estella E 1106,0.0,0.0,,0.0,0.041960000000000004,,,,,,,,,,0.0,0.0
2025-09-24 12:35:00,Estella E 1106,0.0,0.0,,0.0,0.0421,,,,,,,,,,0.0,0.0
2025-09-24 12:40:00,Estella E 1106,0.0,0.0,,0.0,0.04097,,,,,,,,,,0.0,0.0
2025-09-24 12:45:00,Estella E 1106,0.0,0.0,,0.0,0.04131,,,,,,,,,,0.0,0.0
2025-09-24 12:50:00,Estella E 1106,0.0,0.0,,0.0,0.040780000000000004,,,,,,,,,,0.0,0.0
2025-09-24 12:55:00,Estella E 1106,0.0,0.0,,0.0,0.03986,,,,,,,,,,0.0,0.0
2025-09-24 13:00:00,Estella E 1106,0.0,0.0,,0.0,0.039299999999999995,,,,0.0,0.0,0.0,0.0,0.056780000000000004,,0.0,0.0
2025-09-24 13:05:00,Estella E 1106,0.0,0.0,,0.0,0.00026000000000000003,,,,0.0,0.0,0.0,0.0,0.019170000000000003,,0.0,0.0
2025-09-24 13:10:00,Estella E 1106,0.0,0.0,,0.0,0.00035,,,,0.0,0.0,0.0,0.0,0.04963,,0.0,0.0
2025-09-24 13:15:00,Estella E 1106,0.0,0.0,,0.0,0.00032,,,,,,,,,,0.0,0.0
2025-09-24 13:20:00,Estella E 1106,0.0,0.0,,0.0,0.04068,,,,0.0,0.0,0.0,0.0,0.05621,,0.0,0.0
2025-09-24 13:25:00,Estella E 1106,0.0,0.0,,0.0,0.0421,,,,0.0,0.0,0.0,0.0,0.05792,,0.0,0.0
2025-09-24 13:30:00,Estella E 1106,0.0,0.0,,0.0,0.04177,,,,0.0,0.0,0.0,0.0,0.05796,,0.0,0.0
2025-09-24 13:35:00,Estella E 1106,0.0,0.0,,0.0,0.040229999999999995,,,,0.0,0.0,0.0,0.0,0.05681,,0.0,0.0
2025-09-24 13:40:00,Estella E 1106,0.0,0.0,,0.0,0.03939,,,,0.0,0.0,0.0,0.0,0.055799999999999995,,0.0,0.0
2025-09-24 13:45:00,Estella E 1106,0.0,0.0,,0.0,0.00029,,,,0.0,0.0,0.0,0.0,0.016239999999999997,,0.0,0.0
2025-09-24 13:50:00,Estella E 1106,0.0,0.0,,0.0,0.0004,,,,,,,,,,0.0,0.0
2025-09-24 13:55:00,Estella E 1106,0.0,0.0,,0.0,0.00025,,,,,,,,,,0.0,0.0
2025-09-24 14:00:00,Estella E 1106,0.0,0.0,,0.0,0.0549,,,,,,,,,,0.0,0.0
2025-09-24 14:05:00,Estella E 1106,0.0,0.0,,0.0,0.04057,,,,,,,,,,0.0,0.0
2025-09-24 14:10:00,Estella E 1106,0.0,0.0,,0.0,0.03854,,,,,,,,,,0.0,0.0
2025-09-24 14:15:00,Estella E 1106,0.0,0.0,,0.0,0.00046,,,,,,,,,,0.0,0.0
2025-09-24 14:20:00,Estella E 1106,0.0,0.0,,0.0,0.00027,,,,0.0,0.0,0.0,0.0,0.00622,,0.0,0.0
2025-09-24 14:25:00,Estella E 1106,0.0,0.0,,0.0,0.00031,,,,0.0,0.0,0.0,0.0,0.00638,,0.0,0.0
2025-09-24 14:30:00,Estella E 1106,0.0,0.0,,0.0,0.00032,,,,,,,,,,0.0,0.0
2025-09-24 14:35:00,Estella E 1106,0.0,0.0,,0.0,0.00177,,,,,,,,,,0.0,0.0
2025-09-24 14:40:00,Estella E 1106,0.0,0.0,,0.0,0.04247,,,,,,,,,,0.0,0.0
2025-09-24 14:45:00,Estella E 1106,0.0,0.0,,0.0,0.04009,,,,,,,,,,0.0,0.0
2025-09-24 14:50:00,Estella E 1106,0.0,0.0,,0.0,0.03971,,,,,,,,,,0.0,0.0
2025-09-24 14:55:00,Estella E 1106,0.0,0.0,,0.0,0.00022,,,,,,,,,,0.0,0.0
2025-09-24 15:00:00,Estella E 1106,0.0,0.0,,0.0,0.00027,,,,0.0,0.0,0.0,0.0,0.006019999999999999,,0.0,0.0
2025-09-24 15:05:00,Estella E 1106,0.0,0.0,,0.0,0.00020999999999999998,,,,,,,,,,0.0,0.0
2025-09-24 15:10:00,Estella E 1106,0.0,0.0,,0.0,0.00041999999999999996,,,,0.0,0.0,0.0,0.0,0.00636,,0.0,0.0
2025-09-24 15:15:00,Estella E 1106,0.0,0.0,,0.0,0.03965,,,,0.0,0.0,0.0,0.0,0.04435,,0.0,0.0
2025-09-24 15:20:00,Estella E 1106,0.0,0.0,,0.0,0.039490000000000004,,,,,,,,,,0.0,0.0
2025-09-24 15:25:00,Estella E 1106,0.0,0.0,,0.0,0.00025,,,,,,,,,,0.0,0.0
2025-09-24 15:30:00,Estella E 1106,0.0,0.0,,0.0,0.00023999999999999998,,,,0.0,0.0,0.0,0.0,0.00592,,0.0,0.0
2025-09-24 15:35:00,Estella E 1106,0.0,0.0,,0.0,0.00022,,,,0.0,0.0,0.0,0.0,0.00592,,0.0,0.0
2025-09-24 15:40:00,Estella E 1106,0.0,0.0,,0.0,0.00022,,,,,,,,,,0.0,0.0
2025-09-24 15:45:00,Estella E 1106,0.0,0.0,,0.0,0.03903,,,,0.0,0.0,0.0,0.0,0.11865,,0.0,0.0
2025-09-24 15:50:00,Estella E 1106,0.0,0.0,,0.0,0.03929,,,,0.0,0.0,0.0,0.0,0.11841,,0.0,0.0
2025-09-24 15:55:00,Estella E 1106,0.0,0.0,,0.0,0.03897,,,,0.0,0.0,0.0,0.0,0.11831,,0.0,0.0
2025-09-24 16:00:00,Estella E 1106,0.0,0.0,,0.0,0.00034,,,,,,,,,,0.0,0.0
2025-09-24 16:05:00,Estella E 1106,0.0,0.0,,0.0,0.00028000000000000003,,,,,,,,,,0.0,0.0
2025-09-24 16:10:00,Estella E 1106,0.0,0.0,,0.0,0.00039,,,,0.0,0.0,0.0,0.0,0.07998999999999999,,0.0,0.0
2025-09-24 16:15:00,Estella E 1106,0.0,0.0,,0.0,0.03828,,,,,,,,,,0.0,0.0
2025-09-24 16:20:00,Estella E 1106,0.0,0.0,,0.0,0.039229999999999994,,,,,,,,,,0.0,0.0
2025-09-24 16:25:00,Estella E 1106,0.0,0.0,,0.0,0.0391,,,,0.0,0.0,0.03817,0.0,0.15519,,0.0,0.0
2025-09-24 16:30:00,Estella E 1106,0.0,0.0,,0.0,0.00029,,,,0.0,0.0,0.038340000000000006,0.0,0.08526,,0.0,0.0
2025-09-24 16:35:00,Estella E 1106,0.0,0.0,0.0,0.0,0.00015,0.0,0.0,0.038630000000000005,0.0,0.0,0.03818,0.0,0.08422,0.0,0.0,0.0
2025-09-24 16:40:00,Estella E 1106,0.0,0.03059,,0.0,0.00020999999999999998,,,,0.0,0.0,0.03797,0.0,0.11495,,0.0,0.0
2025-09-24 16:45:00,Estella E 1106,0.0,0.02999,,0.0,0.05414,,,,0.0,0.0,0.03782,0.0,0.16683,,0.0,0.0
2025-09-24 16:50:00,Estella E 1106,0.0,0.02957,0.0,0.0,0.03958,0.0,0.0,0.03872,,,,,,0.0,0.0,0.0
2025-09-24 16:55:00,Estella E 1106,0.0,0.02928,,0.0,0.038939999999999995,,,,,,,,,,0.0,0.0
2025-09-24 17:00:00,Estella E 1106,0.0,0.0,,0.0,0.0004,,,,0.0,0.0,0.03767,0.0,0.08341,,0.0,0.0
2025-09-24 17:05:00,Estella E 1106,0.0,0.0,,0.0,0.00029,,,,,,,,,,0.0,0.0
2025-09-24 17:10:00,Estella E 1106,0.0,0.0,,0.0,0.00022,,,,,,,,,,0.0,0.0
2025-09-24 17:15:00,Estella E 1106,0.0,0.0,,0.0,0.00039,,,,,,,,,,0.0,0.0
2025-09-24 17:20:00,Estella E 1106,0.0,0.0,,0.0,0.0399,,,,,,,,,,0.0,0.0
2025-09-24 17:25:00,Estella E 1106,0.0,0.0,0.0,0.0,0.04144,0.0,0.0,0.03804,0.0,0.0,0.03721,0.0,0.12212,0.0,0.0,0.0
2025-09-24 17:30:00,Estella E 1106,0.0,0.0,,0.0,0.04083,,,,,,,,,,0.0,0.0
2025-09-24 17:35:00,Estella E 1106,0.0,0.0,,0.0,0.04021,,,,0.0,0.0,0.03706,0.0,0.12068000000000001,,0.0,0.0
2025-09-24 17:40:00,Estella E 1106,0.0,0.0,,0.0,0.00038,,,,0.0,0.0,0.03713,0.0,0.08181000000000001,,0.0,0.0
2025-09-24 17:45:00,Estella E 1106,0.0,0.009,,0.0,0.00020999999999999998,,,,,,,,,,0.0,0.0
2025-09-24 17:50:00,Estella E 1106,0.0,0.0,,0.0,0.00025,,,,,,,,,,0.0,0.0
2025-09-24 17:55:00,Estella E 1106,0.0,0.0,,0.0,0.039490000000000004,,,,,,,,,,0.0,0.0
2025-09-24 18:00:00,Estella E 1106,0.0,0.0,,0.0,0.03936,,,,,,,,,,0.0,0.0
2025-09-24 18:05:00,Estella E 1106,0.0,0.0,0.03447,0.0,0.00035,0.0,0.0,0.03771,,,,,,0.0,0.0,0.0
2025-09-24 18:10:00,Estella E 1106,0.0,0.0,,0.0,0.00029,,,,,,,,,,0.0,0.0
2025-09-24 18:15:00,Estella E 1106,0.0,0.008960000000000001,,0.0,0.0002,,,,0.0,0.0,0.0,0.0,0.08968000000000001,,0.0,0.0
2025-09-24 18:20:00,Estella E 1106,0.0,0.0,,0.0,0.00027,,,,,,,,,,0.0,0.0
2025-09-24 18:25:00,Estella E 1106,0.0,0.0,,0.0,0.03995,,,,,,,,,,0.0,0.0
2025-09-24 18:30:00,Estella E 1106,0.0,0.0,,0.0,0.03984,,,,,,,,,,0.0,0.0
2025-09-24 18:35:00,Estella E 1106,0.0,0.0,,0.0,0.039369999999999995,,,,,,,,,,0.0,0.0
2025-09-24 18:40:00,Estella E 1106,0.0,0.0,,0.0,0.00022,,,,,,,,,,0.0,0.0
2025-09-24 18:45:00,Estella E 1106,0.0,0.0,,0.0,0.00027,,,,,,,,,,0.0,0.0
2025-09-24 18:50:00,Estella E 1106,0.0,0.0,,0.0,0.00022,,,,,,,,,,0.0,0.0
2025-09-24 18:55:00,Estella E 1106,0.0,0.0,,0.0,0.039549999999999995,,,,,,,,,,0.0,0.0
2025-09-24 19:00:00,Estella E 1106,0.0,0.0,,0.0,0.04243,,,,,,,,,,0.0,0.0
2025-09-24 19:05:00,Estella E 1106,0.0,0.0,,0.0,0.041979999999999996,,,,,,,,,,0.0,0.0
2025-09-24 19:10:00,Estella E 1106,0.0,0.0,,0.0,0.04122,,,,,,,,,,0.0,0.0
2025-09-24 19:15:00,Estella E 1106,0.0,0.0,,0.0,0.04038,,,,,,,,,,0.0,0.0
2025-09-24 19:20:00,Estella E 1106,0.0,0.0,,0.0,0.00031,,,,,,,,,,0.0,0.0
2025-09-24 19:25:00,Estella E 1106,0.0,0.0,,0.0,0.00027,,,,0.0,0.0,0.0,0.0,0.17247,,0.0,0.0
2025-09-24 19:30:00,Estella E 1106,0.0,0.0,,0.0,0.00014000000000000001,,,,,,,,,,0.0,0.0
2025-09-24 19:35:00,Estella E 1106,0.0,0.0,,0.0,0.03982,,,,,,,,,,0.0,0.0
2025-09-24 19:40:00,Estella E 1106,0.0,0.0,,0.0,0.04192,,,,,,,,,,0.0,0.0
2025-09-24 19:45:00,Estella E 1106,0.0,0.0,,0.0,0.04157,,,,,,,,,,0.0,0.0
2025-09-24 19:50:00,Estella E 1106,0.0,0.0,,0.0,0.04008,,,,,,,,,,0.0,0.0
2025-09-24 19:55:00,Estella E 1106,0.0,0.0,,0.0,0.00026000000000000003,,,,,,,,,,0.0,0.0
2025-09-24 20:00:00,Estella E 1106,0.0,0.0,,0.0,0.00027,,,,,,,,,,0.0,0.0
2025-09-24 20:05:00,Estella E 1106,0.0,0.0,,0.0,0.00023999999999999998,,,,,,,,,,0.0,0.0
2025-09-24 20:10:00,Estella E 1106,0.0,0.0,,0.0,0.00145,,,,0.0,0.0,0.0,0.0,0.17419,,0.0,0.0
2025-09-24 20:15:00,Estella E 1106,0.0,0.0,,0.0,0.00376,,,,,,,,,,0.0,0.0
2025-09-24 20:20:00,Estella E 1106,0.0,0.0,,0.0,0.05967,,,,0.0,0.0,0.04779,0.0,0.22412,,0.0,0.0
2025-09-24 20:25:00,Estella E 1106,0.0,0.0,,0.0,0.04357,,,,0.0,0.0,0.04752,0.0,0.26165,,0.0,0.0
2025-09-24 20:30:00,Estella E 1106,0.0,0.0,,0.0,0.0419,,,,0.0,0.0,0.047240000000000004,0.0,0.25887,,0.0,0.0
2025-09-24 20:35:00,Estella E 1106,0.0,0.0,,0.0,0.04131,,,,0.0,0.0,0.0,0.0,0.21375999999999998,,0.0,0.0
2025-09-24 20:40:00,Estella E 1106,0.0,0.0,,0.0,0.039920000000000004,,,,0.0,0.0,0.0,0.0,0.21193,,0.0,0.0
2025-09-24 20:45:00,Estella E 1106,0.0,0.0,,0.0,0.00028000000000000003,,,,,,,,,,0.0,0.0
2025-09-24 20:50:00,Estella E 1106,0.0,0.00897,,0.0,0.00014000000000000001,,,,0.0,0.0,0.0,0.0,0.17218,,0.0,0.0
2025-09-24 20:55:00,Estella E 1106,,,,,,,,,0.0,0.0,0.03574,0.0,0.20929,,0.0,
2025-09-24 21:00:00,Estella E 1106,0.0,0.0,,0.0,0.00149,,,,,,,,,,0.0,0.0
2025-09-24 21:10:00,Estella E 1106,0.0,0.0,,0.0,0.04089,,,,,,,,,,0.0,0.0
2025-09-24 21:15:00,Estella E 1106,0.0,0.0,,0.0,0.04117,,,,,,,,,,0.0,0.0
2025-09-24 21:20:00,Estella E 1106,0.0,0.0,,0.0,0.039810000000000005,,,,,,,,,,0.0,0.0
2025-09-24 21:25:00,Estella E 1106,0.0,0.0,,0.0,0.00031,,,,,,,,,,0.0,0.0
2025-09-24 21:30:00,Estella E 1106,0.0,0.0,,0.0,0.00025,,,,0.0,0.0,0.03497,0.0,0.16341,,0.0,0.0
2025-09-24 21:45:00,Estella E 1106,0.0,0.0,,0.0,0.038950000000000005,,,,,,,,,,0.0,0.0
2025-09-24 21:50:00,Estella E 1106,0.0,0.0,,0.0,0.040619999999999996,,,,,,,,,,0.0,0.0
2025-09-24 21:55:00,Estella E 1106,0.0,0.0,,0.0,0.039020000000000006,,,,,,,,,,0.0,0.0
2025-09-24 22:00:00,Estella E 1106,0.0,0.0,,0.0,0.00034,,,,,,,,,,0.0,0.0
2025-09-24 22:20:00,Estella E 1106,,,,,,,,,0.0,0.0,0.03799,0.0,0.08231999999999999,,0.0,
2025-09-24 22:35:00,Estella E 1106,,,,,,,,,0.0,0.0,0.03735,0.0,0.04438,,0.0,
2025-09-24 23:00:00,Estella E 1106,0.0,0.0,,0.0,0.039810000000000005,,,,0.0,0.0,0.03786,0.0,0.08373,,0.0,0.0
2025-09-24 23:05:00,Estella E 1106,0.0,0.0,,0.0,0.18794,,,,,,,,,,0.0,0.0
2025-09-24 23:30:00,Estella E 1106,,,,,,,,,0.0,0.0,0.03797,0.0,0.09172,,0.0,
2025-09-25 00:15:00,Estella E 1106,0.0,0.0,,0.0,0.00028000000000000003,,,,,,,,,,0.0,0.0
2025-09-25 00:25:00,Estella E 1106,0.0,0.0,,0.0,0.00016,,,,,,,,,,0.0,0.0
2025-09-25 00:35:00,Estella E 1106,0.0,0.0,,0.0,0.04077,,,,,,,,,,0.0,0.0
2025-09-25 00:50:00,Estella E 1106,0.0,0.0,,0.0,0.00020999999999999998,,,,,,,,,,0.0,0.0
2025-09-25 00:55:00,Estella E 1106,0.0,0.0,,0.0,0.00034,,,,0.0,0.0,0.038689999999999995,0.0,0.08924,,0.0,0.0
2025-09-25 01:20:00,Estella E 1106,,,,,,,,,0.0,0.0,0.039229999999999994,0.0,0.12571,,0.0,
2025-09-25 01:50:00,Estella E 1106,,,,,,,,,0.0,0.0,0.03921,0.0,0.13644,,0.0,
2025-09-25 02:25:00,Estella E 1106,,,,,,,,,0.0,0.0,0.039560000000000005,0.0,0.08231999999999999,,0.0,
2025-09-25 02:45:00,Estella E 1106,,,,,,,,,0.0,0.0,0.03995,0.0,0.046799999999999994,,0.0,
2025-09-25 03:00:00,Estella E 1106,0.0,0.0,,0.0,0.039520000000000007,,,,,,,,,,0.0,0.0
2025-09-25 03:05:00,Estella E 1106,,,,,,,,,0.0,0.0,0.040119999999999996,0.0,0.0842,,0.0,
2025-09-25 03:10:00,Estella E 1106,0.0,0.0,,0.0,0.039549999999999995,,,,0.0,0.0,0.04019,0.0,0.08496,,0.0,0.0
2025-09-25 03:25:00,Estella E 1106,,,,,,,,,0.0,0.0,0.03983,0.0,0.046700000000000005,,0.0,
2025-09-25 04:00:00,Estella E 1106,,,,,,,,,0.0,0.0,0.04018,0.0,0.04697,,0.0,
2025-09-25 04:05:00,Estella E 1106,0.0,0.0,,0.0,0.00031,,,,,,,,,,0.0,0.0
2025-09-25 04:20:00,Estella E 1106,0.0,0.0,,0.0,0.039850000000000003,,,,,,,,,,0.0,0.0
2025-09-25 05:00:00,Estella E 1106,,,,,,,,,0.0,0.0,0.039920000000000004,0.0,0.08406999999999999,,0.0,
2025-09-25 05:10:00,Estella E 1106,,,,,,,,,0.0,0.0,0.03918,0.0,0.04636,,0.0,
2025-09-25 05:25:00,Estella E 1106,,,,,,,,,0.0,0.0,0.03907,0.0,0.08316,,0.0,
2025-09-25 05:35:00,Estella E 1106,0.0,0.0,,0.0,0.03892,,,,,,,,,,0.0,0.0
2025-09-25 05:40:00,Estella E 1106,0.0,0.0,,0.0,0.00046,,,,,,,,,,0.0,0.0
2025-09-25 05:50:00,Estella E 1106,0.0,0.0,,0.0,0.00023999999999999998,,,,,,,,,,0.0,0.0
2025-09-25 05:55:00,Estella E 1106,0.0,0.0,,0.0,0.05418,,,,,,,,,,0.0,0.0
2025-09-25 06:00:00,Estella E 1106,0.0,0.0,,0.0,0.039020000000000006,,,,,,,,,,0.0,0.0
2025-09-25 06:20:00,Estella E 1106,,,,,,,,,0.0,0.0,0.037689999999999994,0.0,0.04469,,0.0,
2025-09-25 06:25:00,Estella E 1106,0.0,0.0,,0.0,0.00020999999999999998,,,,,,,,,,0.0,0.0
2025-09-25 06:35:00,Estella E 1106,0.0,0.0,,0.0,0.039409999999999994,,,,,,,,,,0.0,0.0
2025-09-25 06:40:00,Estella E 1106,0.0,0.0,,0.0,0.0389,,,,0.0,0.0,0.036590000000000004,0.0,0.08054,,0.0,0.0
2025-09-25 06:45:00,Estella E 1106,,,,,,,,,0.0,0.0,0.036469999999999995,0.0,0.10272,,0.0,
2025-09-25 06:55:00,Estella E 1106,0.0,0.0,,0.0,0.00020999999999999998,,,,,,,,,,0.0,0.0
2025-09-25 07:25:00,Estella E 1106,0.0,0.0,,0.0,0.00026000000000000003,,,,0.0,0.0,0.036719999999999996,0.0,0.05004,,0.0,0.0
2025-09-25 07:30:00,Estella E 1106,0.0,0.0,,0.0,0.00025,,,,,,,,,,0.0,0.0
2025-09-25 07:40:00,Estella E 1106,0.0,0.0,,0.0,0.053,,,,,,,,,,0.0,0.0
2025-09-25 07:45:00,Estella E 1106,0.0,0.0,,0.0,0.039670000000000004,,,,,,,,,,0.0,0.0
2025-09-25 07:50:00,Estella E 1106,0.0,0.0,,0.0,0.039439999999999996,,,,0.0,0.0,0.03666,0.0,0.08116,,0.0,0.0
2025-09-25 07:55:00,Estella E 1106,0.0,0.0,,0.0,0.03914,,,,,,,,,,0.0,0.0
2025-09-25 08:00:00,Estella E 1106,0.0,0.0,0.0,0.0,0.00027,0.0,0.0,-2e-05,,,,,,0.0,0.0,0.0
2025-09-25 08:05:00,Estella E 1106,0.0,0.0,0.0,0.0,0.00033,0.0,0.0,0.0,,,,,,0.0,0.0,0.0
2025-09-25 08:10:00,Estella E 1106,0.0,0.0,,0.0,0.00027,,,,,,,,,,0.0,0.0
2025-09-25 08:15:00,Estella E 1106,0.0,0.0,0.0,0.0,0.07277,0.0,0.0,0.0,,,,,,0.0,0.0,0.0
2025-09-25 08:20:00,Estella E 1106,0.0,0.0,,0.0,0.03936,,,,,,,,,,0.0,0.0
2025-09-25 08:25:00,Estella E 1106,0.0,0.0,,0.0,0.039,,,,,,,,,,0.0,0.0
2025-09-25 08:30:00,Estella E 1106,0.0,0.0,,0.0,0.00031,,,,,,,,,,0.0,0.0
2025-09-25 08:35:00,Estella E 1106,0.0,0.0,,0.0,0.00041999999999999996,,,,0.0,0.0,0.0378,0.0,0.04426,,0.0,0.0
2025-09-25 08:40:00,Estella E 1106,0.0,0.0,0.0,0.0,0.00033,0.0,0.0,0.0,,,,,,0.0,0.0,0.0
2025-09-25 08:45:00,Estella E 1106,0.0,0.0,,0.0,0.00032,,,,,,,,,,0.0,0.0
2025-09-25 08:50:00,Estella E 1106,0.0,0.0,,0.0,0.04983,,,,,,,,,,0.0,0.0
2025-09-25 08:55:00,Estella E 1106,0.0,0.0,,0.0,0.038740000000000004,,,,,,,,,,0.0,0.0
2025-09-25 09:00:00,Estella E 1106,0.0,0.0,0.0,0.0,0.03875,0.0,0.0,0.0,,,,,,0.0,0.0,0.0
2025-09-25 09:05:00,Estella E 1106,0.0,0.0,0.0,0.0,0.00020999999999999998,0.0,0.0,-2e-05,,,,,,0.0,0.0,0.0
2025-09-25 09:10:00,Estella E 1106,0.0,0.0,,0.0,0.00041999999999999996,,,,,,,,,,0.0,0.0
2025-09-25 09:15:00,Estella E 1106,0.0,0.0,,0.0,0.00041,,,,,,,,,,0.0,0.0
2025-09-25 09:20:00,Estella E 1106,0.0,0.0,,0.0,0.00039,,,,,,,,,,0.0,0.0
2025-09-25 09:25:00,Estella E 1106,0.0,0.0,,0.0,0.03746,,,,,,,,,,0.0,0.0
2025-09-25 09:30:00,Estella E 1106,0.0,0.0,0.0,0.0,0.03915,0.0,0.0,0.03975,0.0,0.0,0.037880000000000004,0.0,0.12337000000000001,0.0,0.0,0.0
2025-09-25 09:35:00,Estella E 1106,0.0,0.0,,0.0,0.038880000000000005,,,,,,,,,,0.0,0.0
2025-09-25 09:40:00,Estella E 1106,0.0,0.0,,0.0,0.0002,,,,,,,,,,0.0,0.0
2025-09-25 09:45:00,Estella E 1106,0.0,0.0,0.0,0.0,0.00034,0.0,0.0,0.0,0.0,0.0,0.0366,0.0,0.08143,0.0,0.0,0.0
2025-09-25 09:50:00,Estella E 1106,0.0,0.0,,0.0,0.00025,,,,,,,,,,0.0,0.0
2025-09-25 09:55:00,Estella E 1106,0.0,0.0,,0.0,0.00034,,,,,,,,,,0.0,0.0
2025-09-25 10:00:00,Estella E 1106,0.0,0.0,,0.0,0.038450000000000005,,,,,,,,,,0.0,0.0
2025-09-25 10:05:00,Estella E 1106,0.0,0.0,0.0,0.0,0.039810000000000005,0.0,0.0,0.0,,,,,,0.0,0.0,0.0
2025-09-25 10:10:00,Estella E 1106,0.0,0.0,,0.0,0.03975,,,,0.0,0.0,0.036789999999999996,0.0,0.08142,,0.0,0.0
2025-09-25 10:15:00,Estella E 1106,0.0,0.0,,0.0,0.00033,,,,,,,,,,0.0,0.0
2025-09-25 10:20:00,Estella E 1106,0.0,0.0,0.0,0.0,0.00022,0.0,0.0,0.038310000000000004,,,,,,0.0,0.0,0.0
2025-09-25 10:25:00,Estella E 1106,0.0,0.0,0.0,0.0,0.00029,0.0,0.0,0.037939999999999995,0.0,0.0,0.03644,0.0,0.08115,0.0,0.0,0.0
2025-09-25 10:30:00,Estella E 1106,0.0,0.0,,0.0,0.00019,,,,0.0,0.0,0.03662,0.0,0.08122,,0.0,0.0
2025-09-25 10:35:00,Estella E 1106,0.0,0.0,,0.0,0.038,,,,0.0,0.0,0.03646,0.0,0.08088,,0.0,0.0
2025-09-25 10:40:00,Estella E 1106,0.0,0.0,,0.0,0.04169,,,,0.0,0.0,0.036789999999999996,0.0,0.12114,,0.0,0.0
2025-09-25 10:45:00,Estella E 1106,0.0,0.0,,0.0,0.041350000000000005,,,,0.0,0.0,0.03658,0.0,0.12128,,0.0,0.0
2025-09-25 10:50:00,Estella E 1106,0.0,0.0,,0.0,0.04051,,,,,,,,,,0.0,0.0
2025-09-25 10:55:00,Estella E 1106,0.0,0.0,,0.0,0.04021,,,,0.0,0.0,0.03675,0.0,0.12004000000000001,,0.0,0.0
2025-09-25 11:00:00,Estella E 1106,0.0,0.0,,0.0,0.00032,,,,0.0,0.0,0.036719999999999996,0.0,0.08098000000000001,,0.0,0.0
2025-09-25 11:05:00,Estella E 1106,0.0,0.0,,0.0,0.00034,,,,0.0,0.0,0.03648,0.0,0.08034000000000001,,0.0,0.0
2025-09-25 11:10:00,Estella E 1106,0.0,0.0,,0.0,0.00025,,,,0.0,0.0,0.0,0.0,0.00541,,0.0,0.0
2025-09-25 11:15:00,Estella E 1106,0.0,0.0,,0.0,0.048659999999999995,,,,0.0,0.0,0.0,0.0,0.00615,,0.0,0.0
2025-09-25 11:20:00,Estella E 1106,0.0,0.0,,0.0,0.04057,,,,0.0,0.0,0.0,0.0,0.04514,,0.0,0.0
2025-09-25 11:25:00,Estella E 1106,0.0,0.0,,0.0,0.04108,,,,0.0,0.0,0.0,0.0,0.052399999999999995,,0.0,0.0
2025-09-25 11:30:00,Estella E 1106,0.0,0.0,,0.0,0.04192,,,,0.0,0.0,0.0,0.0,0.07839,,0.0,0.0
2025-09-25 11:35:00,Estella E 1106,0.0,0.0,,0.0,0.04144,,,,0.0,0.0,0.0,0.0,0.04615,,0.0,0.0
2025-09-25 11:40:00,Estella E 1106,0.0,0.0,,0.0,0.00023999999999999998,,,,0.0,0.0,0.0,0.0,0.045509999999999995,,0.0,0.0
2025-09-25 11:45:00,Estella E 1106,0.0,0.0,,0.0,0.00031,,,,0.0,0.0,0.0,0.0,0.00532,,0.0,0.0
2025-09-25 11:50:00,Estella E 1106,0.0,0.0,,0.0,0.00028000000000000003,,,,0.0,0.0,0.0,0.0,0.00587,,0.0,0.0
2025-09-25 11:55:00,Estella E 1106,0.0,0.0,,0.0,0.00029,,,,0.0,0.0,0.0,0.0,0.00588,,0.0,0.0
2025-09-25 12:00:00,Estella E 1106,0.0,0.0,,0.0,0.0407,,,,0.0,0.0,0.0,0.0,0.09937,,0.0,0.0
2025-09-25 12:05:00,Estella E 1106,0.0,0.0,0.0,0.0,0.04222,0.0,0.0,0.0,0.0,0.0,0.0,0.0,0.046,0.0,0.0,0.0
2025-09-25 12:10:00,Estella E 1106,0.0,0.0,,0.0,0.0417,,,,0.0,0.0,0.0,0.0,0.04684000000000001,,0.0,0.0
2025-09-25 12:15:00,Estella E 1106,0.0,0.0,0.0,0.0,0.041710000000000004,0.0,0.0,0.0,0.0,0.0,0.0,0.0,0.046450000000000005,0.0,0.0,0.0
2025-09-25 12:20:00,Estella E 1106,0.0,0.0,,0.0,0.08152999999999999,,,,0.0,0.0,0.0,0.0,0.09043999999999999,,0.0,0.0
2025-09-25 12:25:00,Estella E 1106,0.0,0.0,,0.0,0.00049,,,,0.0,0.0,0.0,0.0,0.00552,,0.0,0.0
2025-09-25 12:30:00,Estella E 1106,0.0,0.0,0.0,0.0,0.00020999999999999998,0.0,0.0,0.0,0.0,0.0,0.0,0.0,0.00561,0.0,0.0,0.0
2025-09-25 12:35:00,Estella E 1106,0.0,0.0,,0.0,0.00014000000000000001,,,,0.0,0.0,0.0,0.0,0.0055899999999999995,,0.0,0.0
2025-09-25 12:40:00,Estella E 1106,0.0,0.0,,0.0,0.039990000000000005,,,,0.0,0.0,0.0,0.0,0.07468000000000001,,0.0,0.0
2025-09-25 12:45:00,Estella E 1106,0.0,0.0,,0.0,0.042,,,,0.0,0.0,0.0,0.0,0.05986,,0.0,0.0
2025-09-25 12:50:00,Estella E 1106,0.0,0.0,,0.0,0.04229,,,,0.0,0.0,0.0,0.0,0.05937,,0.0,0.0
2025-09-25 12:55:00,Estella E 1106,0.0,0.0,,0.0,0.04088,,,,0.0,0.0,0.0,0.0,0.05724,,0.0,0.0
2025-09-25 13:00:00,Estella E 1106,0.0,0.0,,0.0,0.04039,,,,0.0,0.0,0.0,0.0,0.057409999999999996,,0.0,0.0
2025-09-25 13:05:00,Estella E 1106,0.0,0.0,0.0,0.0,0.04018,0.004059999999999999,0.0,0.0,0.0,0.0,0.0,0.0,0.055920000000000004,0.0,0.0,0.0
2025-09-25 13:10:00,Estella E 1106,0.0,0.0,,0.0,0.03943,,,,0.0,0.0,0.0,0.0,0.05486,,0.0,0.0
2025-09-25 13:15:00,Estella E 1106,0.0,0.0,,0.0,0.00031,,,,0.0,0.0,0.0,0.0,0.01775,,0.0,0.0
2025-09-25 13:20:00,Estella E 1106,0.0,0.0,,0.0,0.00022,,,,0.0,0.0,0.0,0.0,0.01752,,0.0,0.0
2025-09-25 13:25:00,Estella E 1106,0.0,0.0,,0.0,0.04019,,,,0.0,0.0,0.0,0.0,0.06703,,0.0,0.0
2025-09-25 13:30:00,Estella E 1106,0.0,0.0,,0.0,0.04211,,,,0.0,0.0,0.0,0.0,0.05808,,0.0,0.0
2025-09-25 13:35:00,Estella E 1106,0.0,0.0,,0.0,0.04236,,,,0.0,0.0,0.0,0.0,0.05774,,0.0,0.0
2025-09-25 13:40:00,Estella E 1106,0.0,0.0,,0.0,0.040909999999999995,,,,0.0,0.0,0.0,0.0,2.9663600000000003,,2.91027,0.0
2025-09-25 13:45:00,Estella E 1106,0.0,0.0,,0.0,0.039619999999999995,,,,0.0,0.0,0.0,0.0,0.0531,,0.0,0.0
2025-09-25 13:50:00,Estella E 1106,0.0,0.0,,0.0,0.038950000000000005,,,,0.0,0.0,0.0,0.0,0.05117,,0.0,0.0
2025-09-25 13:55:00,Estella E 1106,0.0,0.0,,0.0,0.00022,,,,0.0,0.0,0.0,0.0,0.013689999999999999,,0.0,0.0
2025-09-25 14:00:00,Estella E 1106,0.0,0.0,,0.0,0.00025,,,,0.0,0.0,0.0,0.0,0.04871,,0.0,0.0
2025-09-25 14:05:00,Estella E 1106,0.0,0.0,,0.0,0.00034,,,,0.0,0.0,0.0,0.0,0.0064,,0.0,0.0
2025-09-25 14:10:00,Estella E 1106,0.0,0.0,,0.0,0.039909999999999994,,,,,,,,,,0.0,0.0
2025-09-25 14:15:00,Estella E 1106,0.0,0.0,,0.0,0.04082,,,,,,,,,,0.0,0.0
2025-09-25 14:20:00,Estella E 1106,0.0,0.0,,0.0,0.18700999999999998,,,,,,,,,,0.0,0.0
2025-09-25 14:25:00,Estella E 1106,0.0,0.0,,0.0,0.18675999999999998,,,,0.0,0.0,0.0,0.0,0.19141,,0.0,0.0
2025-09-25 14:30:00,Estella E 1106,0.0,0.0,,0.0,0.18586000000000003,,,,,,,,,,0.0,0.0
2025-09-25 14:35:00,Estella E 1106,0.0,0.0,,0.0,0.18506999999999998,,,,0.0,0.0,0.0,0.0,0.19075,,0.0,0.0
2025-09-25 14:40:00,Estella E 1106,0.0,0.0,,0.0,0.00029,,,,,,,,,,0.0,0.0
2025-09-25 14:45:00,Estella E 1106,0.0,0.0,,0.0,0.06154,,,,,,,,,,0.0,0.0
2025-09-25 14:50:00,Estella E 1106,0.0,0.0,,0.0,0.05171,,,,0.0,0.0,0.0,0.0,0.05732,,0.0,0.0
2025-09-25 14:55:00,Estella E 1106,0.0,0.0,,0.0,0.05028,,,,0.0,0.0,0.0,0.0,0.05553,,0.0,0.0
2025-09-25 15:00:00,Estella E 1106,0.0,0.0,,0.0,0.04877,,,,,,,,,,0.0,0.0
2025-09-25 15:05:00,Estella E 1106,0.0,0.0,,0.0,0.04732,,,,,,,,,,0.0,0.0
2025-09-25 15:10:00,Estella E 1106,0.0,0.0,,0.0,0.046130000000000004,,,,,,,,,,0.0,0.0
2025-09-25 15:15:00,Estella E 1106,0.0,0.0,,0.0,0.04553,,,,,,,,,,0.0,0.0
2025-09-25 15:20:00,Estella E 1106,0.0,0.0,,0.0,0.04346,,,,,,,,,,0.0,0.0
2025-09-25 15:25:00,Estella E 1106,0.0,0.0,,0.0,0.04229,,,,,,,,,,0.0,0.0
2025-09-25 15:35:00,Estella E 1106,0.0,0.0,,0.0,0.040850000000000004,,,,,,,,,,0.0,0.0
2025-09-25 15:40:00,Estella E 1106,0.0,0.0,,0.0,0.04032,,,,,,,,,,0.0,0.0
2025-09-25 15:45:00,Estella E 1106,0.0,0.0,,0.0,0.039560000000000005,,,,0.0,0.0,0.0,0.0,0.08684,,0.0,0.0
2025-09-25 15:50:00,Estella E 1106,0.0,0.0,,0.0,0.03961,,,,,,,,,,0.0,0.0
2025-09-25 15:55:00,Estella E 1106,0.0,0.0,,0.0,0.00019,,,,,,,,,,0.0,0.0
2025-09-25 16:00:00,Estella E 1106,0.0,0.0,,0.0,0.00017999999999999998,,,,,,,,,,0.0,0.0
2025-09-25 16:05:00,Estella E 1106,0.0,0.0,,0.0,0.00029,,,,,,,,,,0.0,0.0
2025-09-25 16:10:00,Estella E 1106,0.0,0.0,,0.0,0.04043,,,,0.0,0.0,0.03774,0.0,0.12247,,0.0,0.0
2025-09-25 16:15:00,Estella E 1106,0.0,0.0,,0.0,0.04163,,,,,,,,,,0.0,0.0
2025-09-25 16:20:00,Estella E 1106,0.0,0.0,,0.0,0.040310000000000006,,,,,,,,,,0.0,0.0
2025-09-25 16:25:00,Estella E 1106,0.0,0.0,,0.0,0.039479999999999994,,,,0.0,0.0,0.0,0.0,0.08405,,0.0,0.0
2025-09-25 16:30:00,Estella E 1106,0.0,0.0,,0.0,0.03925,,,,,,,,,,0.0,0.0
2025-09-25 16:35:00,Estella E 1106,0.0,0.0,,0.0,0.00049,,,,,,,,,,0.0,0.0
2025-09-25 16:40:00,Estella E 1106,0.0,0.0,,0.0,0.00033,,,,0.0,0.0,0.036090000000000004,0.0,0.08134999999999999,,0.0,0.0
2025-09-25 16:45:00,Estella E 1106,0.0,0.0,,0.0,0.00023999999999999998,,,,0.0,0.0,0.03622,0.0,0.08159000000000001,,0.0,0.0
2025-09-25 16:50:00,Estella E 1106,0.0,0.0,,0.0,0.05045,,,,0.0,0.0,0.036270000000000004,0.0,0.08189,,0.0,0.0
2025-09-25 16:55:00,Estella E 1106,0.0,0.0,,0.0,0.04057,,,,,,,,,,0.0,0.0
2025-09-25 17:00:00,Estella E 1106,0.0,0.0,,0.0,0.03984,,,,0.0,0.0,0.0,0.0,0.08329,,0.0,0.0
2025-09-25 17:05:00,Estella E 1106,0.0,0.0,,0.0,0.039310000000000005,,,,,,,,,,0.0,0.0
2025-09-25 17:10:00,Estella E 1106,0.0,0.0,,0.0,0.038770000000000006,,,,,,,,,,0.0,0.0
2025-09-25 17:15:00,Estella E 1106,0.0,0.0,,0.0,0.00034,,,,,,,,,,0.0,0.0
2025-09-25 17:20:00,Estella E 1106,0.0,0.0,,0.0,0.00023999999999999998,,,,,,,,,,0.0,0.0
2025-09-25 17:25:00,Estella E 1106,0.0,0.0,,0.0,0.00025,,,,,,,,,,0.0,0.0
2025-09-25 17:30:00,Estella E 1106,0.0,0.0,,0.0,0.03744,,,,,,,,,,0.0,0.0
2025-09-25 17:35:00,Estella E 1106,0.0,0.0,,0.0,0.03843,,,,,,,,,,0.0,0.0
2025-09-25 17:40:00,Estella E 1106,0.0,0.0,,0.0,0.00038,,,,,,,,,,0.0,0.0
2025-09-25 17:45:00,Estella E 1106,0.0,0.0,,0.0,0.00045,,,,0.0,0.0,0.0,0.0,0.0461,,0.0,0.0
2025-09-25 17:50:00,Estella E 1106,0.0,0.0,,0.0,0.00035999999999999997,,,,0.0,0.0,0.0,0.0,0.046439999999999995,,0.0,0.0
2025-09-25 17:55:00,Estella E 1106,0.0,0.0,,0.0,0.05287,,,,0.0,0.0,0.0,0.0,0.046979999999999994,,0.0,0.0
2025-09-25 18:00:00,Estella E 1106,0.0,0.0,,0.0,0.04038,,,,,,,,,,0.0,0.0
2025-09-25 18:05:00,Estella E 1106,0.0,0.0,,0.0,0.04237,,,,,,,,,,0.0,0.0
2025-09-25 18:10:00,Estella E 1106,0.0,0.0,,0.0,0.04115,,,,0.0,0.0,0.0,0.0,0.15763999999999997,,0.0,0.0
2025-09-25 18:15:00,Estella E 1106,0.0,0.0,,0.0,0.041030000000000004,,,,,,,,,,0.0,0.0
2025-09-25 18:20:00,Estella E 1106,0.0,0.0,,0.0,0.00031,,,,0.0,0.0,0.0,0.0,0.08588,,0.0,0.0
2025-09-25 18:25:00,Estella E 1106,0.0,0.0,,0.0,0.00023999999999999998,,,,,,,,,,0.0,0.0
2025-09-25 18:30:00,Estella E 1106,0.0,0.0,,0.0,0.00020999999999999998,,,,,,,,,,0.0,0.0
2025-09-25 18:35:00,Estella E 1106,0.0,0.0,,0.0,0.038340000000000006,,,,0.0,0.0,0.0,0.0,0.0062900000000000005,,0.0,0.0
2025-09-25 18:40:00,Estella E 1106,0.0,0.0,,0.0,0.040170000000000004,,,,,,,,,,0.0,0.0
2025-09-25 18:45:00,Estella E 1106,0.0,0.0,,0.0,0.04026,,,,,,,,,,0.0,0.0
2025-09-25 18:50:00,Estella E 1106,0.0,0.0,,0.0,0.00034,,,,,,,,,,0.0,0.0
2025-09-25 18:55:00,Estella E 1106,0.0,0.0,,0.0,0.00041,,,,,,,,,,0.0,0.0
2025-09-25 19:00:00,Estella E 1106,0.0,0.0,,0.0,0.00029,,,,,,,,,,0.0,0.0
2025-09-25 19:05:00,Estella E 1106,0.0,0.0,,0.0,0.05472,,,,,,,,,,0.0,0.0
2025-09-25 19:10:00,Estella E 1106,0.0,0.0,,0.0,0.040119999999999996,,,,,,,,,,0.0,0.0
2025-09-25 19:20:00,Estella E 1106,0.0,0.0,,0.0,0.03986,,,,0.0,0.0,0.0,0.0,0.044840000000000005,,0.0,0.0
2025-09-25 19:25:00,Estella E 1106,0.0,0.0,,0.0,0.00027,,,,,,,,,,0.0,0.0
2025-09-25 19:30:00,Estella E 1106,0.0,0.0,,0.0,0.0005200000000000001,,,,,,,,,,0.0,0.0
2025-09-25 19:35:00,Estella E 1106,0.0,0.0,,0.0,0.00032,,,,,,,,,,0.0,0.0
2025-09-25 19:40:00,Estella E 1106,0.0,0.0,,0.0,0.039850000000000003,,,,,,,,,,0.0,0.0
2025-09-25 19:45:00,Estella E 1106,0.0,0.0,,0.0,0.039909999999999994,,,,0.0,0.0,0.0,0.0,0.04462,,0.0,0.0
2025-09-25 19:50:00,Estella E 1106,0.0,0.0,,0.0,0.03977,,,,,,,,,,0.0,0.0
2025-09-25 19:55:00,Estella E 1106,0.0,0.0,,0.0,0.00026000000000000003,,,,,,,,,,0.0,0.0
2025-09-25 20:00:00,Estella E 1106,0.0,0.0,,0.0,0.00020999999999999998,,,,,,,,,,0.0,0.0
2025-09-25 20:05:00,Estella E 1106,0.0,0.0,,0.0,0.00026000000000000003,,,,,,,,,,0.0,0.0
2025-09-25 20:10:00,Estella E 1106,0.0,0.0,,0.0,0.038310000000000004,,,,0.0,0.0,0.0,0.0,0.20115,,0.0,0.0
2025-09-25 20:15:00,Estella E 1106,0.0,0.0,,0.0,0.039700000000000006,,,,,,,,,,0.0,0.0
2025-09-25 20:20:00,Estella E 1106,0.0,0.0,,0.0,0.03968,,,,,,,,,,0.0,0.0
2025-09-25 20:25:00,Estella E 1106,0.0,0.0,,0.0,0.0002,,,,,,,,,,0.0,0.0
2025-09-25 20:30:00,Estella E 1106,0.0,0.0,,0.0,0.00027,,,,,,,,,,0.0,0.0
2025-09-25 20:35:00,Estella E 1106,0.0,0.0,,0.0,0.00026000000000000003,,,,,,,,,,0.0,0.0
2025-09-25 20:40:00,Estella E 1106,0.0,0.0,,0.0,0.00031,,,,,,,,,,0.0,0.0
2025-09-25 20:45:00,Estella E 1106,0.0,0.0,,0.0,0.00155,,,,,,,,,,0.0,0.0
2025-09-25 20:50:00,Estella E 1106,0.0,0.0,,0.0,0.042,,,,,,,,,,0.0,0.0
2025-09-25 20:55:00,Estella E 1106,0.0,0.0,,0.0,0.04065,,,,,,,,,,0.0,0.0
2025-09-25 21:00:00,Estella E 1106,0.0,0.0,,0.0,0.040299999999999996,,,,,,,,,,0.0,0.0
2025-09-25 21:05:00,Estella E 1106,0.0,0.0,,0.0,0.04001,,,,0.0,0.0,0.0,0.0,0.20203,,0.0,0.0
2025-09-25 21:10:00,Estella E 1106,0.0,0.0,,0.0,0.00035999999999999997,,,,,,,,,,0.0,0.0
2025-09-25 21:15:00,Estella E 1106,0.0,0.0,,0.0,0.00035,,,,0.0,0.0,0.0,0.0,0.16315000000000002,,0.0,0.0
2025-09-25 21:20:00,Estella E 1106,0.0,0.0,,0.0,0.00026000000000000003,,,,0.0,0.0,0.0,0.0,0.20897,,0.0,0.0
2025-09-25 21:25:00,Estella E 1106,0.0,0.0,,0.0,0.039,,,,,,,,,,0.0,0.0
2025-09-25 21:30:00,Estella E 1106,0.0,0.0,,0.0,0.03975,,,,,,,,,,0.0,0.0
2025-09-25 21:35:00,Estella E 1106,0.0,0.0,,0.0,0.039439999999999996,,,,,,,,,,0.0,0.0
2025-09-25 21:40:00,Estella E 1106,0.0,0.0,,0.0,0.00025,,,,,,,,,,0.0,0.0
2025-09-25 21:45:00,Estella E 1106,0.0,0.0,,0.0,0.00032,,,,,,,,,,0.0,0.0
2025-09-25 21:50:00,Estella E 1106,0.0,0.0,,0.0,0.00032,,,,0.0,0.0,0.05246,0.0,0.15353,,0.0,0.0
2025-09-25 21:55:00,Estella E 1106,0.0,0.0,,0.0,0.00016,,,,,,,,,,0.0,0.0
2025-09-25 22:00:00,Estella E 1106,0.0,0.0,,0.0,0.03965,,,,,,,,,,0.0,0.0
2025-09-25 22:05:00,Estella E 1106,0.0,0.0,,0.0,0.03958,,,,,,,,,,0.0,0.0
2025-09-25 22:10:00,Estella E 1106,0.0,0.0,,0.0,0.03954,,,,,,,,,,0.0,0.0
2025-09-25 22:15:00,Estella E 1106,0.0,0.0,,0.0,0.0004,,,,,,,,,,0.0,0.0
2025-09-25 22:20:00,Estella E 1106,0.0,0.0,,0.0,0.00047,,,,0.0,0.0,0.05216,0.0,0.15783000000000003,,0.0,0.0
2025-09-25 22:25:00,Estella E 1106,0.0,0.0,,0.0,0.00029,,,,0.0,0.0,0.04988,0.0,0.15575999999999998,,0.0,0.0
2025-09-25 22:30:00,Estella E 1106,0.0,0.0,,0.0,0.00026000000000000003,,,,,,,,,,0.0,0.0
2025-09-25 22:35:00,Estella E 1106,0.0,0.0,,0.0,0.039619999999999995,,,,,,,,,,0.0,0.0
2025-09-25 22:40:00,Estella E 1106,0.0,0.0,,0.0,0.03957,,,,0.0,0.0,0.039479999999999994,0.0,0.16632,,0.0,0.0
2025-09-25 22:45:00,Estella E 1106,0.0,0.0,,0.0,0.039560000000000005,,,,,,,,,,0.0,0.0
2025-09-25 22:50:00,Estella E 1106,0.0,0.0,,0.0,0.0002,,,,,,,,,,0.0,0.0
2025-09-25 22:55:00,Estella E 1106,0.0,0.0,,0.0,0.0002,,,,,,,,,,0.0,0.0
2025-09-25 23:00:00,Estella E 1106,0.0,0.0,,0.0,0.00019,,,,,,,,,,0.0,0.0
2025-09-25 23:05:00,Estella E 1106,0.0,0.0,,0.0,0.04789,,,,0.0,0.0,0.039560000000000005,0.0,0.13817,,0.0,0.0
2025-09-25 23:10:00,Estella E 1106,0.0,0.0,,0.0,0.03959,,,,0.0,0.0,0.03964,0.0,0.1988,,0.0,0.0
2025-09-25 23:15:00,Estella E 1106,0.0,0.0,,0.0,0.03939,,,,,,,,,,0.0,0.0
2025-09-25 23:20:00,Estella E 1106,0.0,0.0,,0.0,0.00027,,,,,,,,,,0.0,0.0
2025-09-25 23:25:00,Estella E 1106,0.0,0.0,,0.0,0.00025,,,,,,,,,,0.0,0.0
2025-09-25 23:30:00,Estella E 1106,0.0,0.0,,0.0,0.00032,,,,,,,,,,0.0,0.0
2025-09-25 23:35:00,Estella E 1106,0.0,0.0,,0.0,0.00031,,,,,,,,,,0.0,0.0
2025-09-25 23:40:00,Estella E 1106,0.0,0.0,,0.0,0.00166,,,,,,,,,,0.0,0.0
2025-09-25 23:45:00,Estella E 1106,0.0,0.0,,0.0,0.04312,,,,,,,,,,0.0,0.0
2025-09-25 23:50:00,Estella E 1106,0.0,0.0,,0.0,0.04592,,,,,,,,,,0.0,0.0
2025-09-25 23:55:00,Estella E 1106,0.0,0.0,,0.0,0.042570000000000004,,,,,,,,,,0.0,0.0
2025-09-26 00:00:00,Estella E 1106,0.0,0.0,,0.0,0.04132,,,,,,,,,,0.0,0.0
2025-09-26 00:10:00,Estella E 1106,0.0,0.0,,0.0,0.00019,,,,,,,,,,0.0,0.0
2025-09-26 00:15:00,Estella E 1106,0.0,0.0,,0.0,0.00041,,,,0.0,0.0,0.04047,0.0,0.057,,0.0,0.0
2025-09-26 00:30:00,Estella E 1106,0.0,0.0,,0.0,0.04028,,,,,,,,,,0.0,0.0
2025-09-26 00:35:00,Estella E 1106,0.0,0.0,,0.0,0.07952,,,,,,,,,,0.0,0.0
2025-09-26 00:40:00,Estella E 1106,0.0,0.0,,0.0,0.03943,,,,0.0,0.0,0.09323999999999999,0.0,0.13603,,0.0,0.0
2025-09-26 00:45:00,Estella E 1106,0.0,0.0,,0.0,0.00022,,,,,,,,,,0.0,0.0
2025-09-26 00:50:00,Estella E 1106,0.0,0.0,,0.0,0.00039,,,,,,,,,,0.0,0.0
2025-09-26 01:05:00,Estella E 1106,,,,,,,,,0.0,0.0,0.08192,0.0,0.25788,,0.0,
2025-09-26 01:10:00,Estella E 1106,0.0,0.0,,0.0,0.0395,,,,0.0,0.0,0.04114,0.0,0.12963999999999998,,0.0,0.0
2025-09-26 01:35:00,Estella E 1106,,,,,,,,,0.0,0.0,0.039920000000000004,0.0,0.07366,,0.0,
2025-09-26 01:45:00,Estella E 1106,0.0,0.0,,0.0,0.03929,,,,0.0,0.0,0.04,0.0,0.12367,,0.0,0.0
2025-09-26 01:50:00,Estella E 1106,0.0,0.0,,0.0,0.00029,,,,,,,,,,0.0,0.0
2025-09-26 01:55:00,Estella E 1106,0.0,0.0,,0.0,0.00023999999999999998,,,,0.0,0.0,0.04036,0.0,0.0682,,0.0,0.0
2025-09-26 02:00:00,Estella E 1106,0.0,0.0,,0.0,0.00051,,,,0.0,0.0,0.0402,0.0,0.06731999999999999,,0.0,0.0
2025-09-26 02:05:00,Estella E 1106,0.0,0.0,,0.0,0.00029,,,,0.00965,0.0,0.05756,0.0,0.09451000000000001,,0.0,0.0
2025-09-26 02:10:00,Estella E 1106,0.0,0.0,,0.0,0.0016,,,,0.0,0.0,0.023129999999999998,0.0,0.05098,,0.0,0.0
2025-09-26 02:15:00,Estella E 1106,0.0,0.0,0.0,0.0,0.04142,0.0,0.0,0.02018,0.0,0.0,0.02311,0.0,0.10690000000000001,0.0,0.0,0.0
2025-09-26 02:20:00,Estella E 1106,0.0,0.0,,0.0,0.040159999999999994,,,,0.0,0.0,0.02327,0.0,0.08963,,0.0,0.0
2025-09-26 02:25:00,Estella E 1106,0.0,0.0,,0.0,0.039850000000000003,,,,0.0,0.0,0.023309999999999997,0.0,0.08882,,0.0,0.0
2025-09-26 02:30:00,Estella E 1106,0.0,0.0,,0.0,0.03954,,,,0.0,0.0,0.023350000000000003,0.0,0.08852,,0.0,0.0
2025-09-26 02:35:00,Estella E 1106,0.0,0.0,,0.0,0.00023999999999999998,,,,0.0,0.0,0.02325,0.0,0.05008,,0.0,0.0
2025-09-26 02:40:00,Estella E 1106,0.0,0.0,,0.0,0.00014000000000000001,,,,0.0,0.0,0.022969999999999997,0.0,0.0495,,0.0,0.0
2025-09-26 02:45:00,Estella E 1106,,,,,,,,,0.0,0.0,0.02291,0.0,0.049280000000000004,,0.0,
2025-09-26 02:50:00,Estella E 1106,,,,,,,,,0.0,0.0,0.02291,0.0,0.09,,0.0,
2025-09-26 02:55:00,Estella E 1106,,,,,,,,,0.0,0.0,0.02293,0.0,0.08796999999999999,,0.0,
2025-09-26 03:00:00,Estella E 1106,,,,,,,,,0.0,0.0,0.02305,0.0,0.08754,,0.0,
2025-09-26 03:05:00,Estella E 1106,,,,,,,,,0.0,0.0,0.023129999999999998,0.0,0.049909999999999996,,0.0,
2025-09-26 03:10:00,Estella E 1106,,,0.0,,,0.0,0.0,0.01998,0.0,0.0,0.02307,0.0,0.0496,0.0,0.0,
2025-09-26 03:15:00,Estella E 1106,,,0.0,,,0.0,0.0,0.01982,0.0,0.0,0.02316,0.0,0.04996,0.0,0.0,
2025-09-26 03:25:00,Estella E 1106,,,,,,,,,0.0,0.0,0.02323,0.0,0.04982,,0.0,
2025-09-26 03:35:00,Estella E 1106,,,,,,,,,0.0,0.0,0.023129999999999998,0.0,0.08655,,0.0,
2025-09-26 03:40:00,Estella E 1106,,,0.0,,,0.0,0.0,0.019940000000000003,0.0,0.0,0.02311,0.0,0.08804000000000001,0.0,0.0,
2025-09-26 03:55:00,Estella E 1106,,,,,,,,,0.0,0.0,0.023100000000000002,0.0,0.08807999999999999,,0.0,
2025-09-26 04:00:00,Estella E 1106,,,,,,,,,0.0,0.0,0.02321,0.0,0.05028,,0.0,
2025-09-26 04:05:00,Estella E 1106,,,,,,,,,0.0,0.0,0.02327,0.0,0.05001,,0.0,
2025-09-26 04:15:00,Estella E 1106,,,,,,,,,0.0,0.0,0.0233,0.0,0.05057,,0.0,
2025-09-26 04:20:00,Estella E 1106,,,,,,,,,0.0,0.0,0.02321,0.0,0.05035,,0.0,
2025-09-26 04:40:00,Estella E 1106,,,,,,,,,0.0,0.0,0.04634,0.0,0.13896,,0.0,
2025-09-26 04:50:00,Estella E 1106,,,,,,,,,0.0,0.0,0.02325,0.0,0.08857999999999999,,0.0,
2025-09-26 04:55:00,Estella E 1106,,,,,,,,,0.0,0.0,0.02318,0.0,0.08863,,0.0,
2025-09-26 05:00:00,Estella E 1106,,,,,,,,,0.0,0.0,0.02312,0.0,0.049729999999999996,,0.0,
2025-09-26 05:05:00,Estella E 1106,,,,,,,,,0.0,0.0,0.02321,0.0,0.05013,,0.0,
2025-09-26 05:10:00,Estella E 1106,,,,,,,,,0.0,0.0,0.0235,0.0,0.05075,,0.0,
2025-09-26 05:15:00,Estella E 1106,,,,,,,,,0.0,0.0,0.023260000000000003,0.0,0.05011,,0.0,
2025-09-26 05:25:00,Estella E 1106,0.0,0.0,,0.0,0.039450000000000006,,,,0.0,0.0,0.02286,0.0,0.08752,,0.0,0.0
2025-09-26 05:30:00,Estella E 1106,,,,,,,,,0.0,0.0,0.02287,0.0,0.24086000000000002,,0.0,
2025-09-26 05:35:00,Estella E 1106,0.0,0.0,,0.0,0.19321000000000002,,,,0.0,0.0,0.022969999999999997,0.0,0.24192,,0.0,0.0
2025-09-26 05:40:00,Estella E 1106,,,0.0,,,0.0,0.0,0.01961,0.0,0.0,0.022760000000000002,0.0,0.23928,0.0,2e-05,
2025-09-26 05:45:00,Estella E 1106,,,,,,,,,0.0,0.0,0.02266,0.0,0.24875,,0.0,
2025-09-26 06:00:00,Estella E 1106,0.0,0.0,,0.0,0.05121,,,,,,,,,,0.0,0.0
2025-09-26 06:10:00,Estella E 1106,0.0,0.0,,0.0,0.05064,,,,0.0,0.0,0.022539999999999998,0.0,0.21137999999999998,,0.0,0.0
2025-09-26 06:20:00,Estella E 1106,0.0,0.0,,0.0,0.045950000000000005,,,,0.0,0.0,0.0223,0.0,0.20983000000000002,,0.0,0.0
2025-09-26 06:35:00,Estella E 1106,0.0,0.0,,0.0,0.0439,,,,,,,,,,0.0,0.0
2025-09-26 06:40:00,Estella E 1106,,,,,,,,,0.0,0.0,0.02191,0.0,0.20257,,0.0,
2025-09-26 06:45:00,Estella E 1106,0.0,0.0,,0.0,0.04385,,,,,,,,,,0.0,0.0
2025-09-26 06:55:00,Estella E 1106,,,,,,,,,0.0,0.0,0.02207,0.0,0.20228,,0.0,
2025-09-26 07:00:00,Estella E 1106,0.0,0.0,,0.0,0.04339,,,,,,,,,,0.0,0.0
2025-09-26 07:05:00,Estella E 1106,,,,,,,,,0.0,0.0,0.02191,0.0,0.07740999999999999,,0.0,
2025-09-26 07:10:00,Estella E 1106,0.0,0.0,,0.0,0.04258,,,,,,,,,,0.0,0.0
2025-09-26 07:15:00,Estella E 1106,,,,,,,,,0.0,0.0,0.02156,0.0,0.07632,,0.0,
2025-09-26 07:20:00,Estella E 1106,0.0,0.0,,0.0,0.04178,,,,,,,,,,0.0,0.0
2025-09-26 07:25:00,Estella E 1106,,,,,,,,,0.0,0.0,0.0218,0.0,0.07575,,0.0,
2025-09-26 07:30:00,Estella E 1106,0.0,0.0,,0.0,0.00031,,,,,,,,,,0.0,0.0
2025-09-26 07:40:00,Estella E 1106,,,,,,,,,0.0,0.0,0.02185,0.0,0.7625700000000001,,0.0,
2025-09-26 07:45:00,Estella E 1106,0.0,0.0,,0.0,0.05407,,,,,,,,,,0.0,0.0
2025-09-26 07:55:00,Estella E 1106,0.0,0.0,,0.0,0.0423,,,,0.0,0.0,0.02176,0.0,0.07587999999999999,,0.0,0.0
2025-09-26 08:00:00,Estella E 1106,0.0,0.0,,0.0,0.04364,,,,0.0,0.0,0.02168,0.0,0.07665999999999999,,0.0,0.0
2025-09-26 08:05:00,Estella E 1106,,,,,,,,,0.0,0.0,0.0217,0.0,0.07726000000000001,,0.0,
2025-09-26 08:10:00,Estella E 1106,0.0,0.0,,0.0,0.04277,,,,,,,,,,0.0,0.0
2025-09-26 08:15:00,Estella E 1106,,,,,,,,,0.0,0.0,0.02157,0.0,0.08593,,0.0,
2025-09-26 08:20:00,Estella E 1106,0.0,0.0,,0.0,0.04176,,,,,,,,,,0.0,0.0
2025-09-26 08:25:00,Estella E 1106,0.0,0.0,,0.0,0.04077,,,,0.0,0.0,0.02185,0.0,0.08656,,0.0,0.0
2025-09-26 08:35:00,Estella E 1106,0.0,0.0,,0.0,0.04036,,,,0.0,0.0,0.02178,0.0,0.08454,,0.0,0.0
2025-09-26 08:40:00,Estella E 1106,,,,,,,,,0.03234,0.0,0.02196,0.0,0.11677,,0.0,
2025-09-26 08:45:00,Estella E 1106,0.0,0.0,,0.0,0.03975,,,,,,,,,,0.0,0.0
2025-09-26 08:50:00,Estella E 1106,0.0,0.0,,0.0,0.00031,,,,0.03093,0.0,0.02184,0.0,0.07141,,0.0,0.0
2025-09-26 09:00:00,Estella E 1106,,,,,,,,,0.0,0.0,0.02206,0.0,0.04032,,0.0,
2025-09-26 09:05:00,Estella E 1106,0.0,0.0,,0.0,0.00031,,,,,,,,,,0.0,0.0
2025-09-26 09:10:00,Estella E 1106,0.0,0.0,,0.0,0.00032,,,,0.0,0.0,0.02205,0.0,0.039049999999999994,,0.0,0.0
2025-09-26 09:15:00,Estella E 1106,0.0,0.0,,0.0,0.00033,,,,0.0,0.0,0.02205,0.0,0.09834999999999999,,0.0,0.0
2025-09-26 09:25:00,Estella E 1106,0.0,0.0,,0.0,0.039119999999999995,,,,0.0,0.0,0.0219,0.0,0.15249000000000001,,0.0,0.0
2025-09-26 09:30:00,Estella E 1106,0.0,0.0,,0.0,0.04155,,,,0.0,0.0,0.02205,0.0,0.15963999999999998,,0.0,0.0
2025-09-26 09:40:00,Estella E 1106,,,,,,,,,0.0,0.0,0.0224,0.0,0.15900999999999998,,0.0,
2025-09-26 09:45:00,Estella E 1106,0.0,0.0,,0.0,0.04172,,,,,,,,,,0.0,0.0
2025-09-26 09:50:00,Estella E 1106,0.0,0.0,,0.0,0.04068,,,,0.0,0.0,0.0224,0.0,0.15765,,0.0,0.0
2025-09-26 10:00:00,Estella E 1106,0.0,0.0,,0.0,0.00028000000000000003,,,,0.0,0.0,0.02161,0.0,0.1529,,0.0,0.0
2025-09-26 10:05:00,Estella E 1106,0.0,0.0,,0.0,0.00026000000000000003,,,,0.0,0.0,0.0215,0.0,0.15150999999999998,,0.0,0.0
2025-09-26 10:15:00,Estella E 1106,0.0,0.0,,0.0,0.00033,,,,0.0,0.0,0.02137,0.0,0.06743,,0.0,0.0
2025-09-26 10:30:00,Estella E 1106,0.0,0.0,,0.0,0.00026000000000000003,,,,0.0,0.0,0.0,0.0,0.00598,,0.0,0.0
2025-09-26 10:40:00,Estella E 1106,0.0,0.0,,0.0,0.04093,,,,0.0,0.0,0.0,0.0,0.04496,,0.0,0.0
2025-09-26 10:50:00,Estella E 1106,0.0,0.0,,0.0,0.040909999999999995,,,,0.0,0.0,0.0,0.0,0.04593,,0.0,0.0
2025-09-26 11:00:00,Estella E 1106,0.0,0.0,,0.0,0.040049999999999995,,,,0.0,0.0,0.03865,0.0,0.08361,,0.0,0.0
2025-09-26 11:10:00,Estella E 1106,,,,,,,,,0.0,0.0,0.03774,0.0,0.04449,,0.0,
2025-09-26 11:15:00,Estella E 1106,0.0,0.0,,0.0,0.00029,,,,,,,,,,0.0,0.0
2025-09-26 11:25:00,Estella E 1106,,,,,,,,,0.0,0.0,0.0,0.0,0.00574,,0.0,
2025-09-26 11:30:00,Estella E 1106,0.0,0.0,,0.0,0.00019,,,,,,,,,,0.0,0.0
2025-09-26 11:40:00,Estella E 1106,0.0,0.0,,0.0,0.00038,,,,0.0,0.0,0.0,0.0,0.005849999999999999,,0.0,0.0
2025-09-26 11:50:00,Estella E 1106,0.0,0.0,,0.0,0.028829999999999998,,,,0.0,0.0,0.0,0.0,0.006,,0.0,0.0
2025-09-26 12:00:00,Estella E 1106,,,,,,,,,0.0,0.0,0.0,0.0,0.044700000000000004,,0.0,
2025-09-26 12:05:00,Estella E 1106,0.0,0.0,,0.0,0.04063,,,,,,,,,,0.0,0.0
2025-09-26 12:10:00,Estella E 1106,,,,,,,,,0.0,0.0,0.0,0.0,0.04481,,0.0,
2025-09-26 12:35:00,Estella E 1106,,,0.020489999999999998,,,0.039259999999999996,0.0,0.0,,,,,,0.0,0.0,
2025-09-26 12:40:00,Estella E 1106,0.0,0.0,,0.0,0.00028000000000000003,,,,,,,,,,0.0,0.0
2025-09-26 12:45:00,Estella E 1106,0.0,0.0,,0.0,0.040350000000000004,,,,0.0,0.0,0.0,0.0,0.07013,,0.0,0.0
2025-09-26 12:50:00,Estella E 1106,0.0,0.0,,0.0,0.08554,,,,0.0,0.0,0.0,0.0,0.14502,,0.0,0.0
2025-09-26 12:55:00,Estella E 1106,0.0,0.0,,0.0,0.040729999999999995,,,,0.0,0.0,0.0,0.0,0.06527,,0.0,0.0
2025-09-26 13:00:00,Estella E 1106,0.0,0.0,,0.0,0.04199,,,,,,,,,,0.0,0.0
2025-09-26 13:05:00,Estella E 1106,0.0,0.0,,0.0,0.04192,,,,0.0,0.0,0.0,0.0,0.06925,,0.0,0.0
2025-09-26 13:10:00,Estella E 1106,0.0,0.0,,0.0,0.00020999999999999998,,,,0.0,0.0,0.0,0.0,0.00635,,0.0,0.0
2025-09-26 13:15:00,Estella E 1106,0.0,0.0,,0.0,0.04134,,,,0.0,0.0,0.0,0.0,0.0127,,0.0,0.0
2025-09-26 13:20:00,Estella E 1106,0.0,0.00887,,0.0,0.03968,,,,0.0,0.0,0.0,0.0,0.05684,,0.0,0.0
2025-09-26 13:25:00,Estella E 1106,0.0,0.0,,0.0,0.0385,,,,,,,,,,0.0,0.0
2025-09-26 13:30:00,Estella E 1106,0.0,0.0,,0.0,0.00020999999999999998,,,,,,,,,,0.0,0.0
2025-09-26 13:35:00,Estella E 1106,0.0,0.0,,0.0,0.00025,,,,,,,,,,0.0,0.0
2025-09-26 13:40:00,Estella E 1106,0.0,0.0,,0.0,0.00022,,,,0.0,0.0,0.0,0.0,0.01807,,0.0,0.0
2025-09-26 13:45:00,Estella E 1106,0.0,0.0,,0.0,0.042,,,,0.0,0.0,0.0,0.0,0.039380000000000005,,0.0,0.0
2025-09-26 13:50:00,Estella E 1106,0.0,0.0,,0.0,0.041659999999999996,,,,,,,,,,0.0,0.0
2025-09-26 13:55:00,Estella E 1106,0.0,0.0,,0.0,0.04177,,,,0.0,0.0,0.0,0.0,0.09714,,0.0,0.0
2025-09-26 14:00:00,Estella E 1106,0.0,0.0,,0.0,0.0421,,,,0.0,0.0,0.0,0.0,0.046869999999999995,,0.0,0.0
2025-09-26 14:05:00,Estella E 1106,0.0,0.0,,0.0,0.04061,,,,0.0,0.0,0.0,0.0,0.046509999999999996,,0.0,0.0
2025-09-26 14:10:00,Estella E 1106,0.0,0.0,,0.0,0.03904,,,,0.0,0.0,0.0,0.0,0.04374,,0.0,0.0
2025-09-26 14:35:00,Estella E 1106,0.0,0.0,,0.0,0.04003,,,,0.0,0.0,0.0,0.0,0.044020000000000004,,0.0,0.0
2025-09-26 14:40:00,Estella E 1106,0.0,0.0,,0.0,0.040369999999999996,,,,0.0,0.0,0.0,0.0,0.04498,,0.0,0.0
2025-09-26 14:45:00,Estella E 1106,0.0,0.0,,0.0,0.04021,,,,,,,,,,0.0,0.0
2025-09-26 14:50:00,Estella E 1106,0.0,0.0,,0.0,0.038369999999999994,,,,0.0,0.0,0.0,0.0,0.0434,,0.0,0.0
2025-09-26 14:55:00,Estella E 1106,0.0,0.0,,0.0,0.00027,,,,,,,,,,0.0,0.0
2025-09-26 15:00:00,Estella E 1106,0.0,0.0,,0.0,0.00020999999999999998,,,,,,,,,,0.0,0.0
2025-09-26 15:05:00,Estella E 1106,0.0,0.0,,0.0,0.00017999999999999998,,,,0.0,0.0,0.0,0.0,0.00613,,0.0,0.0
2025-09-26 15:10:00,Estella E 1106,0.0,0.00903,,0.0,0.038020000000000005,,,,0.0,0.0,0.0,0.0,0.18483000000000002,,0.0,0.0
2025-09-26 15:15:00,Estella E 1106,0.0,0.0,,0.0,0.03954,,,,0.0,0.0,0.0,0.0,0.12781,,0.0,0.0
2025-09-26 15:20:00,Estella E 1106,0.0,0.0,,0.0,0.0025,,,,0.0,0.0,0.0,0.0,0.16247999999999999,,0.0,0.0
2025-09-26 15:25:00,Estella E 1106,0.0,0.0,,0.0,0.00035,,,,,,,,,,0.0,0.0
2025-09-26 15:30:00,Estella E 1106,0.0,0.0,,0.0,0.04029,,,,,,,,,,0.0,0.0
2025-09-26 15:35:00,Estella E 1106,0.0,0.0,,0.0,0.04142,,,,0.0,0.0,0.0,0.0,0.16472,,0.0,0.0
2025-09-26 15:40:00,Estella E 1106,0.0,0.0,,0.0,0.03978,,,,0.0,0.0,0.0,0.0,0.16294999999999998,,0.0,0.0
2025-09-26 15:45:00,Estella E 1106,0.0,0.0,,0.0,0.00038,,,,0.0,0.0,0.0,0.0,0.12498000000000001,,0.0,0.0
2025-09-26 15:55:00,Estella E 1106,,,,,,,,,0.0,0.0,0.038740000000000004,0.0,0.045630000000000004,,0.0,
2025-09-26 16:00:00,Estella E 1106,0.0,0.0,,0.0,0.00034,,,,0.0,0.0,0.038549999999999994,0.0,0.045340000000000005,,0.0,0.0
2025-09-26 16:15:00,Estella E 1106,0.0,0.0,,0.0,0.03964,,,,,,,,,,0.0,0.0
2025-09-26 16:20:00,Estella E 1106,0.0,0.0,,0.0,0.00027,,,,,,,,,,0.0,0.0
2025-09-26 16:30:00,Estella E 1106,,,,,,,,,0.0,0.0,0.037090000000000005,0.0,0.04374,,0.0,
2025-09-26 16:45:00,Estella E 1106,0.0,0.0,,0.0,0.04077,,,,,,,,,,0.0,0.0
2025-09-26 16:50:00,Estella E 1106,0.0,0.0,,0.0,0.03961,,,,0.0,0.0,0.037200000000000004,0.0,0.08238,,0.0,0.0
2025-09-26 16:55:00,Estella E 1106,0.0,0.0,,0.0,0.00017999999999999998,,,,0.0,0.0,0.03706,0.0,0.04368,,0.0,0.0
2025-09-26 17:05:00,Estella E 1106,0.0,0.0,,0.0,0.0002,,,,,,,,,,0.0,0.0
2025-09-26 17:20:00,Estella E 1106,0.0,0.0,,0.0,0.040299999999999996,,,,0.0095,0.0,0.03649,0.0,0.09115999999999999,,0.0,0.0
2025-09-26 17:25:00,Estella E 1106,,,,,,,,,0.009460000000000001,0.0,0.03601,0.0,0.08993000000000001,,0.0,
2025-09-26 17:30:00,Estella E 1106,,,,,,,,,0.0,0.0,0.03575,0.0,0.04187,,0.0,
2025-09-26 17:35:00,Estella E 1106,,,,,,,,,0.0,0.0,0.0359,0.0,0.051590000000000004,,0.0,
2025-09-26 17:40:00,Estella E 1106,0.0,0.0,,0.0,0.00023999999999999998,,,,0.0,0.0,0.03587,0.0,0.04244,,0.0,0.0
2025-09-26 18:00:00,Estella E 1106,0.0,0.0,,0.0,0.0389,,,,,,,,,,0.0,0.0
2025-09-26 18:05:00,Estella E 1106,0.0,0.0,,0.0,0.00022,,,,0.0,0.0,0.08575,0.0,0.13152,,0.0,0.0
2025-09-26 18:15:00,Estella E 1106,0.0,0.0,,0.0,0.00035,,,,,,,,,,0.0,0.0
2025-09-26 18:20:00,Estella E 1106,0.0,0.0,,0.0,0.0002,,,,0.0,0.0,0.08489000000000001,0.0,0.22434,,0.0,0.0
2025-09-26 18:35:00,Estella E 1106,0.0,0.0,,0.0,0.039189999999999996,,,,0.0,0.0,0.0,0.0,0.1372,,0.0,0.0
2025-09-26 18:40:00,Estella E 1106,,,,,,,,,0.0,0.0,0.08682,0.0,0.21512,,0.0,
2025-09-26 18:50:00,Estella E 1106,0.0,0.0,,0.0,0.00028000000000000003,,,,,,,,,,0.0,0.0
2025-09-26 18:55:00,Estella E 1106,0.0,0.0,,0.0,0.00023999999999999998,,,,,,,,,,0.0,0.0
2025-09-26 19:00:00,Estella E 1106,0.0,0.0,,0.0,0.18469999999999998,,,,,,,,,,0.0,0.0
2025-09-26 19:15:00,Estella E 1106,0.0,0.0,,0.0,0.18480000000000002,,,,,,,,,,0.0,0.0
2025-09-26 19:20:00,Estella E 1106,0.0,0.0,,0.0,0.00023999999999999998,,,,,,,,,,0.0,0.0
2025-09-26 19:35:00,Estella E 1106,0.0,0.0,,0.0,0.05546,,,,,,,,,,0.0,0.0
2025-09-26 19:45:00,Estella E 1106,0.0,0.0,,0.0,0.05119,,,,,,,,,,0.0,0.0
2025-09-26 19:50:00,Estella E 1106,0.0,0.0,,0.0,0.0499,,,,,,,,,,0.0,0.0
2025-09-26 20:10:00,Estella E 1106,0.0,0.0,,0.0,0.041350000000000005,,,,,,,,,,0.0,0.0
2025-09-26 20:25:00,Estella E 1106,0.0,0.0,,0.0,0.00027,,,,,,,,,,0.0,0.0
2025-09-26 20:40:00,Estella E 1106,0.0,0.0,,0.0,0.04043,,,,,,,,,,0.0,0.0
2025-09-26 20:45:00,Estella E 1106,0.0,0.0,,0.0,0.04038,,,,,,,,,,0.0,0.0
2025-09-26 20:50:00,Estella E 1106,0.0,0.0,,0.0,0.04026,,,,,,,,,,0.0,0.0
2025-09-26 20:55:00,Estella E 1106,0.0,0.0,,0.0,0.00020999999999999998,,,,,,,,,,0.0,0.0
2025-09-26 21:00:00,Estella E 1106,0.0,0.0,,0.0,0.00032,,,,,,,,,,0.0,0.0
2025-09-26 21:05:00,Estella E 1106,0.0,0.0,,0.0,0.00019,,,,,,,,,,0.0,0.0
2025-09-26 21:10:00,Estella E 1106,0.0,0.0,,0.0,0.03929,,,,,,,,,,0.0,0.0
2025-09-26 21:15:00,Estella E 1106,0.0,0.0,,0.0,0.04229,,,,0.0,0.0,0.0,0.0,0.26482,,0.0,0.0
2025-09-26 21:20:00,Estella E 1106,0.0,0.0,,0.0,0.04378,,,,,,,,,,0.0,0.0
2025-09-26 21:25:00,Estella E 1106,0.0,0.0,,0.0,0.04354,,,,0.0,0.0,0.0,0.0,0.27507,,0.0,0.0
2025-09-26 21:30:00,Estella E 1106,0.0,0.0,,0.0,0.04278,,,,,,,,,,0.0,0.0
2025-09-26 21:35:00,Estella E 1106,0.0,0.0,,0.0,0.04203,,,,,,,,,,0.0,0.0
2025-09-26 21:40:00,Estella E 1106,0.0,0.0,,0.0,0.04131,,,,0.0,0.0,0.0,0.0,0.27154,,0.0,0.0
2025-09-26 21:45:00,Estella E 1106,0.0,0.0,,0.0,0.040479999999999995,,,,0.0,0.0,0.0,0.0,0.27197000000000005,,0.0,0.0
2025-09-26 21:50:00,Estella E 1106,0.0,0.0,,0.0,0.00028000000000000003,,,,0.0,0.0,0.0,0.0,0.24175,,0.0,0.0
2025-09-26 21:55:00,Estella E 1106,0.0,0.0,,0.0,0.00019,,,,0.0,0.0,0.04797,0.0,0.29037999999999997,,0.0,0.0
2025-09-26 22:00:00,Estella E 1106,0.0,0.0,,0.0,0.038799999999999994,,,,0.0,0.0,0.04765,0.0,0.17178,,0.0,0.0
2025-09-26 22:05:00,Estella E 1106,0.0,0.0,,0.0,0.040479999999999995,,,,,,,,,,0.0,0.0
2025-09-26 22:10:00,Estella E 1106,0.0,0.0,,0.0,0.04044,,,,,,,,,,0.0,0.0
2025-09-26 22:15:00,Estella E 1106,0.0,0.0,,0.0,0.039880000000000006,,,,,,,,,,0.0,0.0
2025-09-26 22:20:00,Estella E 1106,0.0,0.0,,0.0,0.00035999999999999997,,,,,,,,,,0.0,0.0
2025-09-26 22:25:00,Estella E 1106,0.0,0.0,,0.0,0.00032,,,,,,,,,,0.0,0.0
2025-09-26 22:30:00,Estella E 1106,0.0,0.0,,0.0,0.00035999999999999997,,,,,,,,,,0.0,0.0
2025-09-26 22:35:00,Estella E 1106,0.0,0.0,,0.0,0.03961,,,,,,,,,,0.0,0.0
2025-09-26 22:40:00,Estella E 1106,0.0,0.0,,0.0,0.04061,,,,,,,,,,0.0,0.0
2025-09-26 22:45:00,Estella E 1106,0.0,0.0,,0.0,0.04002,,,,,,,,,,0.0,0.0
2025-09-26 22:50:00,Estella E 1106,0.0,0.0,,0.0,0.00029,,,,,,,,,,0.0,0.0
2025-09-26 22:55:00,Estella E 1106,0.0,0.0,,0.0,0.00032,,,,,,,,,,0.0,0.0
2025-09-26 23:00:00,Estella E 1106,0.0,0.0,,0.0,0.00033,,,,,,,,,,0.0,0.0
2025-09-26 23:05:00,Estella E 1106,0.0,0.0,,0.0,0.19421000000000002,,,,,,,,,,0.0,0.0
2025-09-26 23:10:00,Estella E 1106,0.0,0.0,,0.0,0.039990000000000005,,,,,,,,,,0.0,0.0
2025-09-26 23:15:00,Estella E 1106,0.0,0.0,,0.0,0.04025,,,,,,,,,,0.0,0.0
2025-09-26 23:20:00,Estella E 1106,0.0,0.0,,0.0,0.03982,,,,,,,,,,0.0,0.0
2025-09-26 23:25:00,Estella E 1106,0.0,0.0,,0.0,0.00022,,,,,,,,,,0.0,0.0
2025-09-26 23:30:00,Estella E 1106,0.0,0.0,,0.0,0.00025,,,,,,,,,,0.0,0.0
2025-09-26 23:35:00,Estella E 1106,0.0,0.0,,0.0,0.00031,,,,,,,,,,0.0,0.0
2025-09-26 23:40:00,Estella E 1106,0.0,0.0,,0.0,0.0016899999999999999,,,,,,,,,,0.0,0.0
2025-09-26 23:45:00,Estella E 1106,0.0,0.0,,0.0,0.05952,,,,,,,,,,0.0,0.0
2025-09-26 23:50:00,Estella E 1106,0.0,0.0,,0.0,0.04104,,,,,,,,,,0.0,0.0
2025-09-26 23:55:00,Estella E 1106,0.0,0.0,,0.0,0.040729999999999995,,,,,,,,,,0.0,0.0
2025-09-27 00:00:00,Estella E 1106,0.0,0.0,,0.0,0.040479999999999995,,,,,,,,,,0.0,0.0
2025-09-27 00:05:00,Estella E 1106,0.0,0.0,,0.0,0.03982,,,,,,,,,,0.0,0.0
2025-09-27 00:10:00,Estella E 1106,0.0,0.0,,0.0,0.00019,,,,,,,,,,0.0,0.0
2025-09-27 00:15:00,Estella E 1106,0.0,0.0,,0.0,0.00031,,,,,,,,,,0.0,0.0
2025-09-27 00:20:00,Estella E 1106,0.0,0.0,,0.0,0.00033,,,,,,,,,,0.0,0.0
2025-09-27 00:25:00,Estella E 1106,0.0,0.0,,0.0,0.038810000000000004,,,,,,,,,,0.0,0.0
2025-09-27 00:30:00,Estella E 1106,0.0,0.0,,0.0,0.04015,,,,,,,,,,0.0,0.0
2025-09-27 00:35:00,Estella E 1106,0.0,0.0,,0.0,0.03977,,,,,,,,,,0.0,0.0
2025-09-27 00:40:00,Estella E 1106,0.0,0.0,,0.0,0.00022,,,,,,,,,,0.0,0.0
2025-09-27 00:45:00,Estella E 1106,0.0,0.0,,0.0,0.00035,,,,0.0,0.0,0.047630000000000006,0.0,0.09833,,0.0,0.0
2025-09-27 00:50:00,Estella E 1106,0.0,0.0,,0.0,0.0002,,,,,,,,,,0.0,0.0
2025-09-27 00:55:00,Estella E 1106,0.0,0.0,,0.0,0.00028000000000000003,,,,,,,,,,0.0,0.0
2025-09-27 01:00:00,Estella E 1106,0.0,0.0,,0.0,0.039409999999999994,,,,0.0,0.0,0.03936,0.0,0.14016,,0.0,0.0
2025-09-27 01:05:00,Estella E 1106,0.0,0.0,,0.0,0.041960000000000004,,,,0.0,0.0,0.03929,0.0,0.14268,,0.0,0.0
2025-09-27 01:10:00,Estella E 1106,0.0,0.0,,0.0,0.04136,,,,,,,,,,0.0,0.0
2025-09-27 01:15:00,Estella E 1106,0.0,0.0,,0.0,0.04059,,,,,,,,,,0.0,0.0
2025-09-27 01:20:00,Estella E 1106,0.0,0.0,,0.0,0.039810000000000005,,,,,,,,,,0.0,0.0
2025-09-27 01:25:00,Estella E 1106,0.0,0.0,,0.0,0.00027,,,,,,,,,,0.0,0.0
2025-09-27 01:30:00,Estella E 1106,0.0,0.0,,0.0,0.00029,,,,,,,,,,0.0,0.0
2025-09-27 01:35:00,Estella E 1106,0.0,0.0,,0.0,0.00017999999999999998,,,,,,,,,,0.0,0.0
2025-09-27 01:40:00,Estella E 1106,0.0,0.0,,0.0,0.03984,,,,0.0,0.0,0.039450000000000006,0.0,0.13026,,0.0,0.0
2025-09-27 01:45:00,Estella E 1106,0.0,0.0,,0.0,0.040729999999999995,,,,,,,,,,0.0,0.0
2025-09-27 01:50:00,Estella E 1106,0.0,0.0,,0.0,0.040299999999999996,,,,0.0,0.0,0.03909000000000001,0.0,0.10536,,0.0,0.0
2025-09-27 01:55:00,Estella E 1106,0.0,0.0,,0.0,0.03984,,,,,,,,,,0.0,0.0
2025-09-27 02:00:00,Estella E 1106,0.0,0.0,,0.0,0.00023999999999999998,,,,,,,,,,0.0,0.0
2025-09-27 02:05:00,Estella E 1106,0.0,0.0,,0.0,0.00031,,,,,,,,,,0.0,0.0
2025-09-27 02:10:00,Estella E 1106,0.0,0.0,,0.0,0.00031,,,,,,,,,,0.0,0.0
2025-09-27 02:15:00,Estella E 1106,0.0,0.0,,0.0,0.05091,,,,,,,,,,0.0,0.0
2025-09-27 02:20:00,Estella E 1106,0.0,0.0,,0.0,0.040420000000000005,,,,0.0,0.0,0.03976,0.0,0.10527,,0.0,0.0
2025-09-27 02:25:00,Estella E 1106,0.0,0.0,,0.0,0.04039,,,,,,,,,,0.0,0.0
2025-09-27 02:30:00,Estella E 1106,0.0,0.0,,0.0,0.040060000000000005,,,,,,,,,,0.0,0.0
2025-09-27 02:35:00,Estella E 1106,0.0,0.0,,0.0,0.00027,,,,0.0,0.0,0.04003,0.0,0.06702,,0.0,0.0
2025-09-27 02:40:00,Estella E 1106,0.0,0.0,,0.0,0.00020999999999999998,,,,,,,,,,0.0,0.0
2025-09-27 02:45:00,Estella E 1106,0.0,0.0,,0.0,0.00028000000000000003,,,,,,,,,,0.0,0.0
2025-09-27 02:50:00,Estella E 1106,0.0,0.0,,0.0,0.00031,,,,0.0,0.0,0.03943,0.0,0.06631000000000001,,0.0,0.0
2025-09-27 02:55:00,Estella E 1106,0.0,0.0,,0.0,0.00368,,,,,,,,,,0.0,0.0
2025-09-27 03:00:00,Estella E 1106,0.0,0.0,,0.0,0.04057,,,,,,,,,,0.0,0.0
2025-09-27 03:10:00,Estella E 1106,,,,,,,,,0.0,0.0,0.03972,0.0,0.12643000000000001,,0.0,
2025-09-27 03:15:00,Estella E 1106,0.0,0.0,,0.0,0.03961,,,,,,,,,,0.0,0.0
2025-09-27 03:20:00,Estella E 1106,0.0,0.0,,0.0,0.00029,,,,0.0,0.0,0.03979,0.0,0.08724,,0.0,0.0
2025-09-27 03:25:00,Estella E 1106,0.0,0.0,,0.0,0.00032,,,,,,,,,,0.0,0.0
2025-09-27 03:30:00,Estella E 1106,0.0,0.0,,0.0,0.00029,,,,,,,,,,0.0,0.0
2025-09-27 03:35:00,Estella E 1106,0.0,0.0,,0.0,0.038369999999999994,,,,,,,,,,0.0,0.0
2025-09-27 03:40:00,Estella E 1106,0.0,0.0,,0.0,0.04022,,,,,,,,,,0.0,0.0
2025-09-27 03:45:00,Estella E 1106,0.0,0.0,,0.0,0.039990000000000005,,,,,,,,,,0.0,0.0
2025-09-27 03:50:00,Estella E 1106,0.0,0.0,,0.0,0.03978,,,,,,,,,,0.0,0.0
2025-09-27 03:55:00,Estella E 1106,0.0,0.0,,0.0,0.0002,,,,,,,,,,0.0,0.0
2025-09-27 04:00:00,Estella E 1106,0.0,0.0,,0.0,0.00022,,,,,,,,,,0.0,0.0
2025-09-27 04:05:00,Estella E 1106,0.0,0.0,,0.0,0.00025,,,,0.0,0.0,0.04011,0.0,0.08741,,0.0,0.0
2025-09-27 04:10:00,Estella E 1106,0.0,0.0,,0.0,0.03755,,,,,,,,,,0.0,0.0
2025-09-27 04:15:00,Estella E 1106,0.0,0.0,,0.0,0.04068,,,,,,,,,,0.0,0.0
2025-09-27 04:20:00,Estella E 1106,0.0,0.0,,0.0,0.03976,,,,,,,,,,0.0,0.0
2025-09-27 04:25:00,Estella E 1106,0.0,0.0,,0.0,0.03959,,,,0.0,0.0,0.04002,0.0,0.12537,,0.0,0.0
2025-09-27 04:30:00,Estella E 1106,0.0,0.0,,0.0,0.00022,,,,0.0,0.0,0.04011,0.0,0.08769,,0.0,0.0
2025-09-27 04:35:00,Estella E 1106,0.0,0.0,,0.0,0.00031,,,,0.0,0.0,0.039979999999999995,0.0,0.087,,0.0,0.0
2025-09-27 04:40:00,Estella E 1106,0.0,0.0,,0.0,0.00031,,,,0.0,0.0,0.03982,0.0,0.08687,,0.0,0.0
2025-09-27 04:45:00,Estella E 1106,0.0,0.0,,0.0,0.03729,,,,,,,,,,0.0,0.0
2025-09-27 04:50:00,Estella E 1106,0.0,0.0,,0.0,0.0405,,,,0.0,0.0,0.03976,0.0,0.12539,,0.0,0.0
2025-09-27 04:55:00,Estella E 1106,0.0,0.0,,0.0,0.03977,,,,,,,,,,0.0,0.0
2025-09-27 05:00:00,Estella E 1106,0.0,0.0,,0.0,0.039450000000000006,,,,,,,,,,0.0,0.0
2025-09-27 05:45:00,Estella E 1106,,,,,,,,,0.0,0.0,0.05607,0.0,0.10204,,0.0,
2025-09-27 05:50:00,Estella E 1106,0.0,0.0,,0.0,0.00054,,,,,,,,,,0.0,0.0
2025-09-27 06:10:00,Estella E 1106,,,,,,,,,0.0,0.0,0.05478,0.0,0.10068,,0.0,
2025-09-27 06:35:00,Estella E 1106,0.0,0.0,,0.0,0.040049999999999995,,,,,,,,,,0.0,0.0
2025-09-27 06:50:00,Estella E 1106,0.0,0.0,,0.0,0.00031,,,,,,,,,,0.0,0.0
2025-09-27 06:55:00,Estella E 1106,0.0,0.0,,0.0,0.00038,,,,,,,,,,0.0,0.0
2025-09-27 07:00:00,Estella E 1106,,,,,,,,,0.0,0.0,0.0373,0.0,0.08283,,0.0,
2025-09-27 07:20:00,Estella E 1106,0.0,0.0,,0.0,0.00023999999999999998,,,,0.0,0.0,0.03692,0.0,0.08192,,0.0,0.0
2025-09-27 07:30:00,Estella E 1106,0.0,0.0,,0.0,0.00026000000000000003,,,,0.0,0.0,0.03682,0.0,0.08145000000000001,,0.0,0.0
2025-09-27 07:35:00,Estella E 1106,0.0,0.0,,0.0,0.00026000000000000003,,,,,,,,,,0.0,0.0
2025-09-27 07:50:00,Estella E 1106,0.0,0.0,,0.0,0.03958,,,,,,,,,,0.0,0.0
2025-09-27 08:05:00,Estella E 1106,,,,,,,,,0.0,0.0,0.03666,0.0,0.08127,,0.0,
2025-09-27 08:25:00,Estella E 1106,0.0,0.0,,0.0,0.03896,,,,,,,,,,0.0,0.0
2025-09-27 08:30:00,Estella E 1106,0.0,0.0,,0.0,0.00025,,,,0.0,0.0,0.03575,0.0,0.07891,,0.0,0.0
2025-09-27 08:35:00,Estella E 1106,0.0,0.0,,0.0,0.00032,,,,,,,,,,0.0,0.0
2025-09-27 08:40:00,Estella E 1106,0.0,0.0,,0.0,0.00029,,,,,,,,,,0.0,0.0
2025-09-27 08:45:00,Estella E 1106,0.0,0.0,,0.0,0.054909999999999994,,,,,,,,,,0.0,0.0
2025-09-27 08:50:00,Estella E 1106,0.0,0.0,,0.0,0.039479999999999994,,,,0.0,0.0,0.03612,0.0,0.08041,,0.0,0.0
2025-09-27 08:55:00,Estella E 1106,0.0,0.0,,0.0,0.03936,,,,0.0,0.0,0.03599,0.0,0.08014,,0.0,0.0
2025-09-27 09:00:00,Estella E 1106,0.0,0.0,,0.0,0.039049999999999994,,,,,,,,,,0.0,0.0
2025-09-27 09:05:00,Estella E 1106,0.0,0.0,,0.0,0.00031,,,,,,,,,,0.0,0.0
2025-09-27 09:10:00,Estella E 1106,0.0,0.0,,0.0,0.00023999999999999998,,,,,,,,,,0.0,0.0
2025-09-27 09:15:00,Estella E 1106,0.0,0.0,,0.0,0.00032,,,,,,,,,,0.0,0.0
2025-09-27 09:20:00,Estella E 1106,0.0,0.0,,0.0,0.037509999999999995,,,,,,,,,,0.0,0.0
2025-09-27 09:25:00,Estella E 1106,0.0,0.0,,0.0,0.03958,,,,,,,,,,0.0,0.0
2025-09-27 09:30:00,Estella E 1106,0.0,0.0,,0.0,0.03904,,,,0.0,0.0,0.036090000000000004,0.0,0.08039,,0.0,0.0
2025-09-27 09:35:00,Estella E 1106,0.0,0.0,,0.0,0.00028000000000000003,,,,0.0,0.0,0.03644,0.0,0.0523,,0.0,0.0
2025-09-27 09:40:00,Estella E 1106,0.0,0.0,,0.0,0.00020999999999999998,,,,0.0,0.0,0.0,0.0,0.005860000000000001,,0.0,0.0
2025-09-27 09:45:00,Estella E 1106,0.0,0.0,,0.0,0.00031,,,,,,,,,,0.0,0.0
2025-09-27 09:50:00,Estella E 1106,0.0,0.0,,0.0,0.00027,,,,0.0,0.0,0.0,0.0,0.052039999999999996,,0.0,0.0
2025-09-27 09:55:00,Estella E 1106,0.0,0.0,,0.0,0.038799999999999994,,,,,,,,,,0.0,0.0
2025-09-27 10:00:00,Estella E 1106,0.0,0.0,,0.0,0.041299999999999996,,,,,,,,,,0.0,0.0
2025-09-27 10:05:00,Estella E 1106,0.0,0.0,,0.0,0.17996,,,,,,,,,,0.0,0.0
2025-09-27 10:10:00,Estella E 1106,0.0,0.0,,0.0,0.17811000000000002,,,,0.0,0.0,0.0,0.0,0.18287,,0.0,0.0
2025-09-27 10:15:00,Estella E 1106,0.0,0.0,,0.0,0.17746,,,,0.0,0.0,0.0,0.0,0.26335000000000003,,0.0,0.0
2025-09-27 10:20:00,Estella E 1106,0.0,0.0,,0.0,0.00029,,,,0.0,0.0,0.0,0.0,0.11945,,0.0,0.0
2025-09-27 10:25:00,Estella E 1106,0.0,0.0,,0.0,0.00035,,,,0.0,0.0,0.0,0.0,0.11921999999999999,,0.0,0.0
2025-09-27 10:30:00,Estella E 1106,0.0,0.0,,0.0,0.05146,,,,0.0,0.0,0.0,0.0,0.09828,,0.0,0.0
2025-09-27 10:35:00,Estella E 1106,0.0,0.0,,0.0,0.055170000000000004,,,,0.0,0.0,0.0,0.0,0.1003,,0.0,0.0
2025-09-27 10:40:00,Estella E 1106,0.0,0.0,,0.0,0.053829999999999996,,,,,,,,,,0.0,0.0
2025-09-27 10:45:00,Estella E 1106,0.0,0.0,,0.0,0.05193,,,,0.0,0.0,0.0,0.0,0.09814,,0.0,0.0
2025-09-27 10:50:00,Estella E 1106,0.0,0.0,,0.0,0.0505,,,,0.0,0.0,0.0,0.0,0.09651,,0.0,0.0
2025-09-27 10:55:00,Estella E 1106,0.0,0.0,,0.0,0.04897,,,,,,,,,,0.0,0.0
2025-09-27 11:00:00,Estella E 1106,0.0,0.0,,0.0,0.043840000000000004,,,,,,,,,,0.0,0.0
2025-09-27 11:05:00,Estella E 1106,0.0,0.0,,0.0,0.04266,,,,,,,,,,0.0,0.0
2025-09-27 11:10:00,Estella E 1106,0.0,0.0,,0.0,0.04226,,,,0.0,0.0,0.0,0.0,0.12887,,0.0,0.0
2025-09-27 11:15:00,Estella E 1106,0.0,0.0,,0.0,0.04222,,,,0.0,0.0,0.0,0.0,2.85812,,2.8118600000000002,0.0
2025-09-27 11:20:00,Estella E 1106,0.0,0.03025,,0.0,0.042159999999999996,,,,,,,,,,0.0,0.0
2025-09-27 11:25:00,Estella E 1106,0.0,0.02971,,0.0,0.0414,,,,,,,,,,0.0,0.0
2025-09-27 11:30:00,Estella E 1106,0.0,0.02931,,0.0,0.04065,,,,,,,,,,0.0,0.0
2025-09-27 11:35:00,Estella E 1106,0.0,0.0289,,0.0,0.04077,,,,,,,,,,0.0,0.0
2025-09-27 11:40:00,Estella E 1106,0.0,0.0,,0.0,0.040170000000000004,,,,0.0,0.0,0.0,0.0,0.0857,,0.0,0.0
2025-09-27 11:45:00,Estella E 1106,0.0,0.0,,0.0,0.03929,,,,,,,,,,0.0,0.0
2025-09-27 11:50:00,Estella E 1106,0.0,0.0,,0.0,0.00029,,,,,,,,,,0.0,0.0
2025-09-27 11:55:00,Estella E 1106,0.0,0.0,,0.0,0.00038,,,,0.00949,0.0,0.0,0.0,0.05651,,0.0,0.0
2025-09-27 12:00:00,Estella E 1106,0.0,0.0,,0.0,0.00019,,,,,,,,,,0.0,0.0
2025-09-27 12:05:00,Estella E 1106,0.0,0.0,,0.0,0.03954,,,,,,,,,,0.0,0.0
2025-09-27 12:10:00,Estella E 1106,0.0,0.0,,0.0,0.04139,,,,,,,,,,0.0,0.0
2025-09-27 12:15:00,Estella E 1106,0.0,0.0,,0.0,0.03997,,,,0.0,0.0,0.0,0.0,0.08559,,0.0,0.0
2025-09-27 12:20:00,Estella E 1106,0.0,0.0,,0.0,0.08037,,,,0.0,0.0,0.0,0.0,0.1722,,0.0,0.0
2025-09-27 12:25:00,Estella E 1106,0.0,0.0,,0.0,0.04022,,,,0.0,0.0,0.0,0.0,0.08602,,0.0,0.0
2025-09-27 12:30:00,Estella E 1106,0.0,0.0,,0.0,0.039479999999999994,,,,,,,,,,0.0,0.0
2025-09-27 12:35:00,Estella E 1106,0.0,0.0,,0.0,0.00029,,,,0.0,0.0,0.0,0.0,0.047939999999999997,,0.0,0.0
2025-09-27 12:40:00,Estella E 1106,0.0,0.0,,0.0,0.00035999999999999997,,,,0.0,0.0,0.0,0.0,0.04819,,0.0,0.0
2025-09-27 12:45:00,Estella E 1106,0.0,0.0,,0.0,0.0002,,,,0.0,0.0,0.0,0.0,0.04821,,0.0,0.0
2025-09-27 12:50:00,Estella E 1106,0.0,0.0,,0.0,0.03903,,,,,,,,,,0.0,0.0
2025-09-27 12:55:00,Estella E 1106,0.0,0.0,,0.0,0.04065,,,,,,,,,,0.0,0.0
2025-09-27 13:00:00,Estella E 1106,0.0,0.0,,0.0,0.03959,,,,0.0,0.0,0.0,0.0,3.04791,,2.96109,0.0
2025-09-27 13:05:00,Estella E 1106,0.0,0.0,,0.0,0.039,,,,,,,,,,0.0,0.0
2025-09-27 13:10:00,Estella E 1106,0.0,0.0,,0.0,0.00046,,,,0.0,0.0,0.0,0.0,0.08628,,0.0,0.0
2025-09-27 13:15:00,Estella E 1106,0.0,0.0,,0.0,0.00041999999999999996,,,,0.0,0.0,0.0,0.0,0.0502,,0.0,0.0
2025-09-27 13:20:00,Estella E 1106,0.0,0.0,,0.0,0.00033,,,,,,,,,,0.0,0.0
2025-09-27 13:25:00,Estella E 1106,0.0,0.0,,0.0,0.00027,,,,,,,,,,0.0,0.0
2025-09-27 13:30:00,Estella E 1106,0.0,0.0,,0.0,0.03917,,,,,,,,,,0.0,0.0
2025-09-27 13:35:00,Estella E 1106,0.0,0.0,,0.0,0.039439999999999996,,,,0.00937,0.0,0.0,0.0,0.15838,,0.0,0.0
2025-09-27 13:40:00,Estella E 1106,0.0,0.0,,0.0,0.00023999999999999998,,,,,,,,,,0.0,0.0
2025-09-27 13:45:00,Estella E 1106,0.0,0.0,,0.0,0.00041999999999999996,,,,,,,,,,0.0,0.0
2025-09-27 13:50:00,Estella E 1106,0.0,0.0,,0.0,0.00039,,,,,,,,,,0.0,0.0
2025-09-27 13:55:00,Estella E 1106,0.0,0.0,,0.0,0.00035999999999999997,,,,0.0,0.0,0.0,0.0,0.10926999999999999,,0.0,0.0
2025-09-27 14:00:00,Estella E 1106,0.0,0.0,,0.0,0.0015300000000000001,,,,,,,,,,0.0,0.0
2025-09-27 14:05:00,Estella E 1106,0.0,0.0,,0.0,0.04172,,,,,,,,,,0.0,0.0
2025-09-27 14:10:00,Estella E 1106,0.0,0.0,,0.0,0.04136,,,,,,,,,,0.0,0.0
2025-09-27 14:15:00,Estella E 1106,0.0,0.0,,0.0,0.04039,,,,,,,,,,0.0,0.0
2025-09-27 14:20:00,Estella E 1106,0.0,0.0,,0.0,0.03975,,,,,,,,,,0.0,0.0
2025-09-27 14:25:00,Estella E 1106,0.0,0.0,,0.0,0.00035999999999999997,,,,,,,,,,0.0,0.0
2025-09-27 14:30:00,Estella E 1106,0.0,0.0,,0.0,0.00028000000000000003,,,,0.0,0.0,0.0,0.0,0.053329999999999995,,0.0,0.0
2025-09-27 14:35:00,Estella E 1106,0.0,0.0,,0.0,0.00029,,,,0.0,0.0,0.0,0.0,0.05958,,0.0,0.0
2025-09-27 14:40:00,Estella E 1106,0.0,0.0,,0.0,0.038689999999999995,,,,0.0,0.0,0.0,0.0,0.11367000000000001,,0.0,0.0
2025-09-27 14:45:00,Estella E 1106,0.0,0.0,,0.0,0.04149,,,,0.0,0.0,0.0,0.0,0.09988,,0.0,0.0
2025-09-27 14:50:00,Estella E 1106,0.0,0.0,,0.0,0.04071,,,,0.0,0.0,0.0,0.0,0.09763,,0.0,0.0
2025-09-27 14:55:00,Estella E 1106,0.0,0.0,,0.0,0.039880000000000006,,,,,,,,,,0.0,0.0
2025-09-27 15:00:00,Estella E 1106,0.0,0.0,,0.0,0.00026000000000000003,,,,0.0,0.0,0.0,0.0,0.05939,,0.0,0.0
2025-09-27 15:05:00,Estella E 1106,0.0,0.0,,0.0,0.00035,,,,,,,,,,0.0,0.0
2025-09-27 15:10:00,Estella E 1106,0.0,0.0,,0.0,0.00023999999999999998,,,,,,,,,,0.0,0.0
2025-09-27 15:15:00,Estella E 1106,0.0,0.0,,0.0,0.00032,,,,,,,,,,0.0,0.0
2025-09-27 15:20:00,Estella E 1106,0.0,0.0,,0.0,0.03976,,,,,,,,,,0.0,0.0
2025-09-27 15:25:00,Estella E 1106,0.0,0.0,,0.0,0.03977,,,,0.0,0.0,0.0,0.0,0.09823,,0.0,0.0
2025-09-27 15:30:00,Estella E 1106,0.0,0.0,,0.0,0.038979999999999994,,,,0.0,0.0,0.0,0.0,0.09719,,0.0,0.0
2025-09-27 15:35:00,Estella E 1106,0.0,0.0,,0.0,0.00025,,,,0.0,0.0,0.0,0.0,0.05985,,0.0,0.0
2025-09-27 15:40:00,Estella E 1106,0.0,0.0,,0.0,0.00028000000000000003,,,,,,,,,,0.0,0.0
2025-09-27 15:45:00,Estella E 1106,0.0,0.0,,0.0,0.00035,,,,,,,,,,0.0,0.0
2025-09-27 15:50:00,Estella E 1106,0.0,0.0,,0.0,0.054560000000000004,,,,,,,,,,0.0,0.0
2025-09-27 15:55:00,Estella E 1106,0.0,0.0,,0.0,0.039850000000000003,,,,,,,,,,0.0,0.0
2025-09-27 16:00:00,Estella E 1106,0.0,0.0,,0.0,0.04117,,,,,,,,,,0.0,0.0
2025-09-27 16:05:00,Estella E 1106,0.0,0.0,,0.0,0.041350000000000005,,,,,,,,,,0.0,0.0
2025-09-27 16:10:00,Estella E 1106,0.0,0.0,,0.0,0.04071,,,,,,,,,,0.0,0.0
2025-09-27 16:15:00,Estella E 1106,0.0,0.0,,0.0,0.00029,,,,,,,,,,0.0,0.0
2025-09-27 16:20:00,Estella E 1106,0.0,0.0,,0.0,0.0002,,,,,,,,,,0.0,0.0
2025-09-27 16:25:00,Estella E 1106,0.0,0.0,,0.0,0.00023999999999999998,,,,,,,,,,0.0,0.0
2025-09-27 16:30:00,Estella E 1106,0.0,0.0,,0.0,0.00028000000000000003,,,,0.0,0.0,0.0,0.0,0.030260000000000002,,0.0,0.0
2025-09-27 16:35:00,Estella E 1106,0.0,0.0,,0.0,0.04043,,,,,,,,,,0.0,0.0
2025-09-27 16:40:00,Estella E 1106,0.0,0.0,,0.0,0.04075,,,,,,,,,,0.0,0.0
2025-09-27 16:45:00,Estella E 1106,0.0,0.0,,0.0,0.04015,,,,,,,,,,0.0,0.0
2025-09-27 16:50:00,Estella E 1106,0.0,0.0,,0.0,0.00023999999999999998,,,,0.0,0.0,0.0,0.0,0.02854,,0.0,0.0
2025-09-27 16:55:00,Estella E 1106,0.0,0.0,,0.0,0.00027,,,,,,,,,,0.0,0.0
2025-09-27 17:00:00,Estella E 1106,0.0,0.0,,0.0,0.00025,,,,0.0,0.0,0.0,0.0,0.00595,,0.0,0.0
2025-09-27 17:10:00,Estella E 1106,0.0,0.0,0.0,0.0,0.040119999999999996,0.0,0.0,0.0,,,,,,0.0,0.0,0.0
2025-09-27 17:15:00,Estella E 1106,0.0,0.0,,0.0,0.03972,,,,0.0,0.0,0.0,0.0,0.044469999999999996,,0.0,0.0
2025-09-27 17:20:00,Estella E 1106,0.0,0.0,,0.0,0.03932,,,,,,,,,,0.0,0.0
2025-09-27 17:25:00,Estella E 1106,0.0,0.00901,,0.0,0.0004,,,,,,,,,,0.0,0.0
2025-09-27 17:30:00,Estella E 1106,0.0,0.0,,0.0,0.00025,,,,,,,,,,0.0,0.0
2025-09-27 17:40:00,Estella E 1106,0.0,0.00874,,0.0,0.04863,,,,0.0,0.0,0.0,0.0,0.08636,,0.0,0.0
2025-09-27 17:45:00,Estella E 1106,0.0,0.00877,0.0,0.0,0.04019,0.01714,0.0,0.0,0.0,0.0,0.0,0.0,0.07192,0.0,0.0,0.0
2025-09-27 17:50:00,Estella E 1106,0.0,0.00878,,0.0,0.039630000000000006,,,,0.0,0.0,0.0,0.0,0.07158,,0.0,0.0
2025-09-27 17:55:00,Estella E 1106,0.0,0.0087,,0.0,0.00020999999999999998,,,,,,,,,,0.0,0.0
2025-09-27 18:00:00,Estella E 1106,0.0,0.00877,,0.0,0.00038,,,,0.0,0.0,0.0,0.0,0.02655,,0.0,0.0
2025-09-27 18:05:00,Estella E 1106,0.0,0.0087,,0.0,0.00020999999999999998,,,,0.0,0.0,0.0,0.0,0.06634999999999999,,0.0,0.0
2025-09-27 18:10:00,Estella E 1106,0.0,0.0,0.0,0.0,0.00032,0.0,0.0,0.12222,0.0,0.0,0.12788,0.0,0.25736000000000003,0.0,0.0,0.0
2025-09-27 18:15:00,Estella E 1106,0.0,0.0,,0.0,0.038619999999999995,,,,,,,,,,0.0,0.0
2025-09-27 18:20:00,Estella E 1106,0.0,0.0,,0.0,0.039700000000000006,,,,0.0,0.0,0.12908,0.0,0.299,,0.0,0.0
2025-09-27 18:25:00,Estella E 1106,0.0,0.0,0.0,0.0,0.03892,0.0,0.0,0.12545,0.0,0.0,0.12903,0.0,0.29954000000000003,0.0,0.0,0.0
2025-09-27 18:30:00,Estella E 1106,0.0,0.0,,0.0,0.00038,,,,0.0,0.0,0.12882,0.0,0.26173,,0.0,0.0
2025-09-27 18:35:00,Estella E 1106,0.0,0.0,,0.0,0.00035,,,,0.0,0.0,0.12749,0.0,0.26019,,0.0,0.0
2025-09-27 18:40:00,Estella E 1106,0.0,0.0,0.07892,0.0,0.00038,0.0,0.0,0.122,0.0,0.0,0.12705,0.0,0.33564,0.0,0.0,0.0
2025-09-27 18:45:00,Estella E 1106,0.0,0.0,,0.0,0.00031,,,,,,,,,,0.0,0.0
2025-09-27 18:50:00,Estella E 1106,0.0,0.00876,,0.0,0.03797,,,,0.0,0.0,0.1265,0.0,0.45412,,0.0,0.0
2025-09-27 18:55:00,Estella E 1106,0.0,0.00888,0.04071,0.0,0.039240000000000004,0.01105,0.0,0.12387999999999999,0.0,0.0,0.12648,0.0,0.36307,0.0,0.0,0.0
2025-09-27 19:00:00,Estella E 1106,0.0,0.00872,,0.0,0.03882,,,,0.0,0.0,0.12689,0.0,0.30789999999999995,,0.0,0.0
2025-09-27 19:05:00,Estella E 1106,0.0,0.00872,,0.0,0.0004,,,,0.0,0.0,0.12738,0.0,0.23834,,0.0,0.0
2025-09-27 19:10:00,Estella E 1106,0.0,0.00877,0.04134,0.0,0.00166,0.00884,0.0,0.0429,0.0,0.0,0.08084999999999999,0.0,0.1918,0.0,0.0,0.0
2025-09-27 19:15:00,Estella E 1106,0.0,0.0,0.04114,0.0,0.05943,0.03535,0.0,0.04291,0.0,0.0,0.08020000000000001,0.0,0.20990999999999999,0.0,0.0,0.0
2025-09-27 19:20:00,Estella E 1106,0.0,0.0,,0.0,0.046450000000000005,,,,,,,,,,0.0,0.0
2025-09-27 19:25:00,Estella E 1106,0.0,0.0,,0.0,0.047409999999999994,,,,,,,,,,0.0,0.0
2025-09-27 19:30:00,Estella E 1106,0.0,0.0,,0.0,0.04537,,,,,,,,,,0.0,0.0
2025-09-27 19:35:00,Estella E 1106,0.0,0.0,,0.0,0.04392,,,,0.0,0.0,0.0,0.0,0.17194,,0.0,0.0
2025-09-27 19:40:00,Estella E 1106,0.0,0.0,0.04211,0.0,0.0425,0.036340000000000004,0.0,0.04296,0.0,0.0,0.0,0.0,0.17094,0.0,0.0,0.0
2025-09-27 19:45:00,Estella E 1106,0.0,0.0,,0.0,0.04192,,,,0.0,0.0,0.0,0.0,0.14302,,0.0,0.0
2025-09-27 19:50:00,Estella E 1106,0.0,0.0,,0.0,0.040979999999999996,,,,,,,,,,0.0,0.0
2025-09-27 19:55:00,Estella E 1106,0.0,0.0,,0.0,0.00041,,,,,,,,,,0.0,0.0
2025-09-27 20:00:00,Estella E 1106,0.0,0.0,,0.0,0.00029,,,,0.0,0.0,0.0,0.0,0.10326,,0.0,0.0
2025-09-27 20:05:00,Estella E 1106,0.0,0.0,,0.0,0.0395,,,,0.0,0.0,0.0,0.0,0.14115,,0.0,0.0
2025-09-27 20:10:00,Estella E 1106,0.0,0.0,,0.0,0.04213,,,,0.0,0.0,0.0,0.0,0.15199000000000001,,0.0,0.0
2025-09-27 20:15:00,Estella E 1106,0.0,0.0,,0.0,0.00016,,,,,,,,,,0.0,0.0
2025-09-27 20:20:00,Estella E 1106,,,0.07614,,,0.0,0.0,0.04289,0.0,0.0,0.0,0.0,0.12746,0.0,2e-05,
2025-09-27 20:25:00,Estella E 1106,0.0,0.0,,0.0,0.04193,,,,0.0,0.0,0.0,0.0,0.17751,,0.0,0.0
2025-09-27 20:30:00,Estella E 1106,0.0,0.0,,0.0,0.04408,,,,0.0,0.0,0.0,0.0,0.18147,,0.0,0.0
2025-09-27 20:35:00,Estella E 1106,0.0,0.0,,0.0,0.04274,,,,,,,,,,0.0,0.0
2025-09-27 20:40:00,Estella E 1106,0.0,0.0,0.07740999999999999,0.0,0.041350000000000005,0.00868,0.0,0.04281,,,,,,0.0,0.0,0.0
2025-09-27 20:45:00,Estella E 1106,0.0,0.0,0.07413,0.0,0.04015,0.00871,0.0,0.04287,0.0,0.0,0.0,0.0,0.17611000000000002,0.0,2e-05,0.0
2025-09-27 20:50:00,Estella E 1106,0.0,0.0,,0.0,0.00031,,,,,,,,,,0.0,0.0
2025-09-27 20:55:00,Estella E 1106,,,,,,,,,0.0,0.0,0.0,0.0,0.09904,,0.0,
2025-09-27 21:00:00,Estella E 1106,0.0,0.0,0.03893,0.0,0.04243,0.0089,0.0,0.04301,0.0,0.0,0.0,0.0,0.13983,0.0,0.0,0.0
2025-09-27 21:05:00,Estella E 1106,0.0,0.0,,0.0,0.04256,,,,0.0,0.0,0.0,0.0,0.17915,,0.0,0.0
2025-09-27 21:10:00,Estella E 1106,0.0,0.0,,0.0,0.00035999999999999997,,,,0.0,0.0,0.0,0.0,0.17221,,0.0,0.0
2025-09-27 21:15:00,Estella E 1106,0.0,0.0,,0.0,0.00028000000000000003,,,,0.00959,0.0,0.0,0.0,0.18095,,0.0,0.0
2025-09-27 21:20:00,Estella E 1106,0.0,0.0,,0.0,0.04175,,,,0.0,0.0,0.0,0.0,0.21134999999999998,,0.0,0.0
2025-09-27 21:25:00,Estella E 1106,0.0,0.0,,0.0,0.04424,,,,,,,,,,0.0,0.0
2025-09-27 21:40:00,Estella E 1106,,,,,,,,,0.0,0.0,0.0,0.0,0.17427,,0.0,
2025-09-27 21:45:00,Estella E 1106,0.0,0.0,,0.0,0.04082,,,,,,,,,,0.0,0.0
2025-09-27 21:50:00,Estella E 1106,0.0,0.0,,0.0,0.03989,,,,0.0,0.0,0.0,0.0,0.16140000000000002,,0.0,0.0
2025-09-27 21:55:00,Estella E 1106,0.0,0.0,,0.0,0.038740000000000004,,,,0.0,0.0,0.0,0.0,0.16037,,0.0,0.0
2025-09-27 22:00:00,Estella E 1106,0.0,0.0,,0.0,0.00017999999999999998,,,,0.0,0.0,0.0,0.0,0.12265999999999999,,0.0,0.0
2025-09-27 22:05:00,Estella E 1106,0.0,0.0,,0.0,0.039229999999999994,,,,0.0,0.0,0.0,0.0,0.15974000000000002,,0.0,0.0
2025-09-27 22:10:00,Estella E 1106,0.0,0.0,0.030670000000000003,0.0,0.04043,0.0,0.0,0.08192,0.0,0.0,0.0,0.0,0.15954,0.0,0.0,0.0
2025-09-27 22:15:00,Estella E 1106,0.0,0.0,,0.0,0.04112,,,,0.0,0.0,0.0,0.0,0.16968,,0.0,0.0
2025-09-27 22:20:00,Estella E 1106,0.0,0.0,,0.0,0.00019,,,,0.0,0.0,0.0,0.0,0.14208,,0.0,0.0
2025-09-27 22:25:00,Estella E 1106,0.0,0.0,0.03325,0.0,0.00019,0.00888,0.0,0.08220000000000001,0.0,0.0,0.0,0.0,0.13297,0.0,0.0,0.0
2025-09-27 22:30:00,Estella E 1106,0.0,0.0,0.03381,0.0,0.041229999999999996,0.0,0.0,0.08237,0.0,0.0,0.0,0.0,0.16247999999999999,0.0,0.0,0.0
2025-09-27 22:35:00,Estella E 1106,0.0,0.0,,0.0,0.041909999999999996,,,,0.0,0.0,0.0,0.0,0.16344,,0.0,0.0
2025-09-27 22:40:00,Estella E 1106,0.0,0.0,,0.0,0.04175,,,,0.0,0.0,0.0,0.0,0.16366999999999998,,0.0,0.0
2025-09-27 22:45:00,Estella E 1106,0.0,0.0,,0.0,0.18849000000000002,,,,0.0,0.0,0.0,0.0,0.31116000000000005,,0.0,0.0
2025-09-27 22:50:00,Estella E 1106,0.0,0.0,0.02845,0.0,0.18988,0.0,0.0,0.08254,0.0,0.0,0.0,0.0,0.30972000000000005,0.0,0.0,0.0
2025-09-27 22:55:00,Estella E 1106,0.0,0.0,,0.0,0.18903,,,,0.0,0.0,0.09779,0.0,0.40976999999999997,,0.0,0.0
2025-09-27 23:00:00,Estella E 1106,0.0,0.0,,0.0,0.18916,,,,0.00957,0.0,0.0583,0.0,0.37089,,0.0,0.0
2025-09-27 23:05:00,Estella E 1106,0.0,0.0,,0.0,0.00026000000000000003,,,,0.0,0.0,0.0,0.0,0.09364,,0.0,0.0
2025-09-27 23:10:00,Estella E 1106,0.0,0.0,0.03336,0.0,0.05096,0.00915,0.0,0.08245999999999999,0.0,0.0,0.0,0.0,0.19371000000000002,0.0,0.0,0.0
2025-09-27 23:15:00,Estella E 1106,0.0,0.03111,0.0833,0.0,0.05579,0.0,0.0,0.03871,0.0,0.0,0.04827,0.0,0.23231,0.0,0.0,0.0
2025-09-27 23:20:00,Estella E 1106,0.0,0.03005,,0.0,0.054520000000000006,,,,0.0,0.0,0.0,0.0,0.21317,,0.0,0.0
2025-09-27 23:25:00,Estella E 1106,0.0,0.02986,,0.0,0.05271,,,,0.0,0.0,0.0,0.0,0.21131999999999998,,0.0,0.0
2025-09-27 23:30:00,Estella E 1106,0.0,0.02966,,0.0,0.05085,,,,0.0,0.0,0.0,0.0,0.20915,,0.0,0.0
2025-09-27 23:35:00,Estella E 1106,0.0,0.02965,,0.0,0.0499,,,,0.0,0.0,0.0,0.0,0.20774,,0.0,0.0
2025-09-27 23:40:00,Estella E 1106,,,,,,,,,0.0,0.0,0.0,0.0,0.34628000000000003,,0.0,
2025-09-27 23:45:00,Estella E 1106,0.0,0.0,,0.0,0.044969999999999996,,,,0.0,0.0,0.0,0.0,0.17236,,0.0,0.0
2025-09-27 23:50:00,Estella E 1106,0.0,0.0,0.08151,0.0,0.04316,0.0,0.0,0.03892,0.0,0.0,0.0,0.0,0.16972,0.0,0.0,0.0
2025-09-27 23:55:00,Estella E 1106,0.0,0.0,,0.0,0.04232,,,,0.0,0.0,0.0,0.0,0.16932,,0.0,0.0
2025-09-28 00:00:00,Estella E 1106,0.0,0.0,,0.0,0.04175,,,,0.0,0.0,0.0,0.0,0.16893,,0.0,0.0
2025-09-28 00:05:00,Estella E 1106,0.0,0.0,,0.0,0.04082,,,,0.0,0.0,0.0,0.0,0.16852,,0.0,0.0
2025-09-28 00:10:00,Estella E 1106,0.0,0.0,,0.0,0.04075,,,,0.0,0.0,0.04045,0.0,0.12593000000000001,,0.0,0.0
2025-09-28 00:15:00,Estella E 1106,,,,,,,,,0.0,0.0,0.03934,0.0,0.12448999999999999,,0.0,
2025-09-28 00:20:00,Estella E 1106,,,,,,,,,0.0,0.0,0.03907,0.0,0.12409999999999999,,0.0,
2025-09-28 00:25:00,Estella E 1106,0.0,0.0,0.0,0.0,0.039670000000000004,0.0,0.0,0.039229999999999994,0.0,0.0,0.038869999999999995,0.0,0.12343000000000001,0.0,0.0,0.0
2025-09-28 00:30:00,Estella E 1106,,,,,,,,,0.0,0.0,0.038689999999999995,0.0,0.08529,,0.0,
2025-09-28 00:35:00,Estella E 1106,0.0,0.0,,0.0,0.00038,,,,0.0,0.0,0.03868,0.0,0.08516,,0.0,0.0
2025-09-28 00:40:00,Estella E 1106,,,,,,,,,0.0,0.0,0.03847,0.0,0.08518,,0.0,
2025-09-28 00:45:00,Estella E 1106,,,,,,,,,0.0,0.0,0.03803,0.0,0.12325,,0.0,
2025-09-28 00:50:00,Estella E 1106,,,,,,,,,0.0,0.0,0.03782,0.0,0.08265,,0.0,
2025-09-28 00:55:00,Estella E 1106,,,,,,,,,0.0,0.0,0.03774,0.0,0.10194,,0.0,
2025-09-28 01:00:00,Estella E 1106,0.0,0.0,,0.0,0.00032,,,,0.0,0.0,0.038079999999999996,0.0,0.06392,,0.0,0.0
2025-09-28 01:05:00,Estella E 1106,,,,,,,,,0.0,0.0,0.03828,0.0,0.06442,,0.0,
2025-09-28 01:10:00,Estella E 1106,,,,,,,,,0.0,0.0,0.03823,0.0,0.06444,,0.0,
2025-09-28 01:15:00,Estella E 1106,0.0,0.0,,0.0,0.038740000000000004,,,,0.0,0.0,0.05026,0.0,0.1316,,0.0,0.0
2025-09-28 01:20:00,Estella E 1106,0.0,0.0,,0.0,0.041350000000000005,,,,0.0,0.0,0.04829,0.0,0.11372,,0.0,0.0
2025-09-28 01:25:00,Estella E 1106,0.0,0.0,,0.0,0.04068,,,,0.0,0.0,0.047920000000000004,0.0,0.11365,,0.0,0.0
2025-09-28 01:30:00,Estella E 1106,,,0.0,,,0.0,0.0,-1e-05,0.0,0.0,0.04808,0.0,0.09228,0.0,0.0,
2025-09-28 01:35:00,Estella E 1106,,,,,,,,,0.0,0.0,0.039549999999999995,0.0,0.045950000000000005,,0.0,
2025-09-28 01:40:00,Estella E 1106,,,0.0,,,0.0,0.0,0.019739999999999997,,,,,,0.0,0.0,
2025-09-28 01:55:00,Estella E 1106,0.0,0.0,,0.0,0.03968,,,,,,,,,,0.0,0.0
2025-09-28 02:25:00,Estella E 1106,,,0.0,,,0.0,0.0,0.019809999999999998,,,,,,0.0,0.0,
2025-09-28 02:30:00,Estella E 1106,0.0,0.0,,0.0,0.0016899999999999999,,,,0.0,0.0,0.040100000000000004,0.0,0.06739,,0.0,0.0
2025-09-28 02:35:00,Estella E 1106,,,,,,,,,0.0,0.0,0.04,0.0,0.10552,,0.0,
2025-09-28 02:55:00,Estella E 1106,,,,,,,,,0.0,0.0,0.040130000000000006,0.0,0.06711,,0.0,
2025-09-28 03:00:00,Estella E 1106,,,,,,,,,0.0,0.0,0.04011,0.0,0.06692000000000001,,0.0,
2025-09-28 03:20:00,Estella E 1106,,,,,,,,,0.0,0.0,0.04043,0.0,0.107,,0.0,
2025-09-28 03:25:00,Estella E 1106,,,,,,,,,0.0,0.0,0.04043,0.0,0.10637,,0.0,
2025-09-28 03:35:00,Estella E 1106,,,0.0,,,0.0,0.0,0.019989999999999997,0.0,0.0,0.040369999999999996,0.0,0.0677,0.0,0.0,
2025-09-28 03:40:00,Estella E 1106,,,,,,,,,0.0,0.0,0.04038,0.0,0.06729,,0.0,
2025-09-28 03:45:00,Estella E 1106,0.0,0.0,,0.0,0.00025,,,,0.0,0.0,0.04033,0.0,0.06743,,0.0,0.0
2025-09-28 04:00:00,Estella E 1106,,,,,,,,,0.0,0.0,0.04054,0.0,0.10665000000000001,,0.0,
2025-09-28 04:05:00,Estella E 1106,,,,,,,,,0.0,0.0,0.04039,0.0,0.10564,,0.0,
2025-09-28 04:20:00,Estella E 1106,,,0.0,,,0.0,0.0,0.02001,0.0,0.0,0.04039,0.0,0.06734,0.0,1e-05,
2025-09-28 04:25:00,Estella E 1106,,,,,,,,,0.0,0.0,0.04019,0.0,0.06712,,0.0,
2025-09-28 04:30:00,Estella E 1106,0.0,0.0,0.0,0.0,0.19408,0.0,0.0,0.01998,0.0,0.0,0.04022,0.0,0.06765,0.0,0.0,0.0
2025-09-28 04:40:00,Estella E 1106,0.0,0.0,,0.0,0.04056,,,,,,,,,,0.0,0.0
2025-09-28 04:45:00,Estella E 1106,,,0.0,,,0.0,0.0,0.019809999999999998,,,,,,0.0,0.0,
2025-09-28 04:50:00,Estella E 1106,,,0.0,,,0.0,0.0,0.01984,0.0,0.0,0.03996,0.0,0.10507,0.0,0.0,
2025-09-28 04:55:00,Estella E 1106,,,,,,,,,0.0,0.0,0.040159999999999994,0.0,0.06716,,0.0,
2025-09-28 05:00:00,Estella E 1106,,,,,,,,,0.0,0.0,0.040119999999999996,0.0,0.06708,,0.0,
2025-09-28 05:05:00,Estella E 1106,0.0,0.0,,0.0,0.00041,,,,,,,,,,0.0,0.0
2025-09-28 05:15:00,Estella E 1106,,,,,,,,,0.0,0.0,0.039909999999999994,0.0,0.10549,,0.0,
2025-09-28 05:20:00,Estella E 1106,,,,,,,,,0.0,0.0,0.040060000000000005,0.0,0.10543000000000001,,0.0,
2025-09-28 05:30:00,Estella E 1106,,,0.0,,,0.0,0.0,0.01984,0.0,0.0,0.04,0.0,0.06684999999999999,0.0,0.0,
2025-09-28 05:35:00,Estella E 1106,,,,,,,,,0.0,0.0,0.04019,0.0,0.046689999999999995,,0.0,
2025-09-28 05:40:00,Estella E 1106,,,,,,,,,0.0,0.0,0.03989,0.0,0.046729999999999994,,0.0,
2025-09-28 05:45:00,Estella E 1106,,,,,,,,,0.0,0.0,0.040100000000000004,0.0,0.046310000000000004,,0.0,
2025-09-28 05:50:00,Estella E 1106,,,0.0,,,0.0,0.0,-5.9999999999999995e-05,0.0,0.0,0.03982,0.0,0.08439,0.0,0.0,
2025-09-28 05:55:00,Estella E 1106,,,,,,,,,0.0,0.0,0.03983,0.0,0.08449,,0.0,
2025-09-28 06:00:00,Estella E 1106,,,0.0,,,0.0,0.0,-1e-05,0.0,0.0,0.04015,0.0,0.08458,0.0,0.0,
2025-09-28 06:05:00,Estella E 1106,0.0,0.0,,0.0,0.00025,,,,0.0,0.0,0.040229999999999995,0.0,0.046630000000000005,,0.0,0.0
2025-09-28 06:10:00,Estella E 1106,,,,,,,,,0.0,0.0,0.040049999999999995,0.0,0.046579999999999996,,0.0,
2025-09-28 06:15:00,Estella E 1106,,,0.0,,,0.0,0.0,-2e-05,0.0,0.0,0.039920000000000004,0.0,0.0461,0.0,0.0,
2025-09-28 06:30:00,Estella E 1106,0.0,0.0,,0.0,0.03982,,,,0.0,0.0,0.03972,0.0,0.08425,,0.0,0.0
2025-09-28 06:35:00,Estella E 1106,0.0,0.0,,0.0,0.039520000000000007,,,,0.0,0.0,0.02182,0.0,0.06613,,0.0,0.0
2025-09-28 06:40:00,Estella E 1106,,,,,,,,,0.0,0.0,0.02189,0.0,0.028030000000000003,,0.0,
2025-09-28 06:45:00,Estella E 1106,0.0,0.0,,0.0,0.00020999999999999998,,,,,,,,,,0.0,0.0
2025-09-28 06:50:00,Estella E 1106,,,0.0,,,0.0,0.0,-1e-05,0.0,0.0,0.021929999999999998,0.0,0.02826,0.0,0.0,
2025-09-28 06:55:00,Estella E 1106,,,,,,,,,0.0,0.0,0.0219,0.0,0.027829999999999997,,0.0,
2025-09-28 07:00:00,Estella E 1106,,,,,,,,,0.0,0.0,0.02179,0.0,0.06584999999999999,,0.0,
2025-09-28 07:05:00,Estella E 1106,0.0,0.0,,0.0,0.039509999999999997,,,,0.0,0.0,0.02173,0.0,0.06631999999999999,,0.0,0.0
2025-09-28 07:10:00,Estella E 1106,,,,,,,,,0.0,0.0,0.02184,0.0,0.06609999999999999,,0.0,
2025-09-28 07:15:00,Estella E 1106,,,,,,,,,0.0,0.0,0.02158,0.0,0.02768,,0.0,
2025-09-28 07:20:00,Estella E 1106,0.0,0.0,,0.0,0.00026000000000000003,,,,0.0,0.0,0.02148,0.0,0.02773,,0.0,0.0
2025-09-28 07:30:00,Estella E 1106,,,,,,,,,0.0,0.0,0.02164,0.0,0.02763,,0.0,
2025-09-28 07:35:00,Estella E 1106,,,0.0,,,0.0,0.0,0.0,,,,,,0.0,0.0,
2025-09-28 07:40:00,Estella E 1106,,,0.0,,,0.0,0.0,-1e-05,0.0,0.0,0.02153,0.0,0.06611,0.0,0.0,
2025-09-28 07:45:00,Estella E 1106,,,,,,,,,0.0,0.0,0.02171,0.0,0.0659,,0.0,
2025-09-28 07:50:00,Estella E 1106,,,,,,,,,0.0,0.0,0.02168,0.0,0.02782,,0.0,
2025-09-28 07:55:00,Estella E 1106,,,,,,,,,0.0,0.0,0.02157,0.0,0.02776,,0.0,
2025-09-28 08:00:00,Estella E 1106,,,,,,,,,0.0,0.0,0.02182,0.0,0.027710000000000002,,0.0,
2025-09-28 08:20:00,Estella E 1106,,,,,,,,,0.0,0.0,0.02135,0.0,0.06536,,0.0,
2025-09-28 08:30:00,Estella E 1106,,,,,,,,,0.0,0.0,0.02164,0.0,0.0277,,0.0,
2025-09-28 08:35:00,Estella E 1106,,,,,,,,,0.0,0.0,0.02125,0.0,0.02761,,0.0,
2025-09-28 08:40:00,Estella E 1106,,,,,,,,,0.0,0.0,0.02171,0.0,0.02788,,0.0,
2025-09-28 08:45:00,Estella E 1106,,,,,,,,,0.0,0.0,0.02105,0.0,0.06374,,0.0,
2025-09-28 09:00:00,Estella E 1106,,,,,,,,,0.0,0.0,0.02148,0.0,0.02739,,0.0,
2025-09-28 09:05:00,Estella E 1106,,,,,,,,,0.0,0.0,0.02146,0.0,0.02761,,0.0,
2025-09-28 09:10:00,Estella E 1106,,,,,,,,,0.0,0.0,0.02119,0.0,0.02716,,0.0,
2025-09-28 09:15:00,Estella E 1106,,,,,,,,,0.0,0.0,0.02104,0.0,0.02691,,0.0,
2025-09-28 09:20:00,Estella E 1106,,,,,,,,,0.0,0.0,0.02087,0.0,0.06343,,0.0,
2025-09-28 09:25:00,Estella E 1106,,,,,,,,,0.0,0.0,0.02101,0.0,0.06525,,0.0,
2025-09-28 09:35:00,Estella E 1106,0.0,0.0,,0.0,0.00034,,,,,,,,,,0.0,0.0
2025-09-28 09:40:00,Estella E 1106,0.0,0.0,,0.0,0.00023999999999999998,,,,,,,,,,0.0,0.0
2025-09-28 09:50:00,Estella E 1106,0.0,0.0,0.0,0.0,0.00022,0.0,0.0,0.0,,,,,,0.0,0.0,0.0
2025-09-28 09:55:00,Estella E 1106,,,,,,,,,0.0,0.0,0.02042,0.0,0.07534,,0.0,
2025-09-28 10:00:00,Estella E 1106,0.0,0.0,,0.0,0.039409999999999994,,,,0.0,0.0,0.02077,0.0,0.06484000000000001,,0.0,0.0
2025-09-28 10:05:00,Estella E 1106,,,,,,,,,0.0,0.0,0.02101,0.0,0.06478,,0.0,
2025-09-28 10:10:00,Estella E 1106,,,,,,,,,0.0,0.0,0.0209,0.0,0.06466,,0.0,
2025-09-28 10:15:00,Estella E 1106,,,,,,,,,0.0,0.0,0.020989999999999998,0.0,0.02725,,0.0,
2025-09-28 10:20:00,Estella E 1106,0.0,0.0,,0.0,0.00022,,,,0.0,0.0,0.020739999999999998,0.0,0.02668,,0.0,0.0
2025-09-28 10:25:00,Estella E 1106,,,0.0,,,0.0,0.0,-1e-05,,,,,,0.0,0.0,
2025-09-28 10:35:00,Estella E 1106,,,,,,,,,0.0,0.0,0.0,0.0,0.046130000000000004,,0.0,
2025-09-28 10:40:00,Estella E 1106,0.0,0.02953,,0.0,0.04144,,,,0.0,0.0,0.0,0.0,0.07665000000000001,,0.0,0.0
2025-09-28 10:45:00,Estella E 1106,,,,,,,,,0.0,0.0,0.0,0.0,0.07523,,0.0,
2025-09-28 10:50:00,Estella E 1106,0.0,0.0,0.0,0.0,0.0424,0.0,0.0,-1e-05,0.0,0.0,0.0,0.0,0.04653,0.0,0.0,0.0
2025-09-28 10:55:00,Estella E 1106,,,,,,,,,0.0,0.0,0.0,0.0,0.04618,,0.0,
2025-09-28 11:00:00,Estella E 1106,0.0,0.0,,0.0,0.00038,,,,0.0,0.0,0.0,0.0,0.046090000000000006,,0.0,0.0
2025-09-28 11:05:00,Estella E 1106,0.0,0.00899,,0.0,0.00023999999999999998,,,,0.0,0.0,0.0,0.0,0.12966999999999998,,0.0,0.0
2025-09-28 11:10:00,Estella E 1106,0.0,0.0,0.0,0.0,0.00031,0.0,0.0,0.0,0.0,0.0,0.0,0.0,0.00571,0.0,0.0,0.0
2025-09-28 11:15:00,Estella E 1106,0.0,0.0,0.0,0.0,0.00027,0.0,0.0,0.0,0.0,0.0,0.0,0.0,0.00547,0.0,0.0,0.0
2025-09-28 11:20:00,Estella E 1106,0.0,0.0,,0.0,0.04021,,,,,,,,,,0.0,0.0
2025-09-28 11:25:00,Estella E 1106,0.0,0.0,,0.0,0.03979,,,,0.0,0.0,0.0,0.0,0.04423,,0.0,0.0
2025-09-28 11:30:00,Estella E 1106,0.0,0.0,,0.0,0.03928,,,,0.0,0.0,0.0,0.0,0.04345,,0.0,0.0
2025-09-28 11:35:00,Estella E 1106,0.0,0.0,,0.0,0.00025,,,,0.0,0.0,0.0,0.0,0.00539,,0.0,0.0
2025-09-28 11:40:00,Estella E 1106,0.0,0.0,,0.0,0.00027,,,,,,,,,,0.0,0.0
2025-09-28 11:45:00,Estella E 1106,0.0,0.0,,0.0,0.00025,,,,0.0,0.0,0.0,0.0,0.00557,,0.0,0.0
2025-09-28 11:50:00,Estella E 1106,0.0,0.0,0.0,0.0,0.03713,0.0,0.0,0.0,0.0,0.0,0.0,0.0,0.05392,0.0,0.0,0.0
2025-09-28 11:55:00,Estella E 1106,0.0,0.0,,0.0,0.039700000000000006,,,,0.0,0.0,0.0,0.0,0.04423,,0.0,0.0
2025-09-28 12:00:00,Estella E 1106,0.0,0.0,,0.0,0.03917,,,,0.0,0.0,0.0,0.0,0.04349,,0.0,0.0
2025-09-28 12:05:00,Estella E 1106,0.0,0.0,,0.0,0.00022,,,,0.0,0.0,0.0,0.0,0.00578,,0.0,0.0
2025-09-28 12:10:00,Estella E 1106,0.0,0.0,0.0,0.0,0.00027,0.0,0.0,-1e-05,0.0,0.0,0.0,0.0,0.00546,0.0,0.0,0.0
2025-09-28 12:15:00,Estella E 1106,0.0,0.0,,0.0,0.00033,,,,,,,,,,0.0,0.0
2025-09-28 12:20:00,Estella E 1106,0.0,0.0,0.0,0.0,0.0007700000000000001,0.0,0.0,0.0,,,,,,0.0,0.0,0.0
2025-09-28 12:25:00,Estella E 1106,0.0,0.0,,0.0,0.038869999999999995,,,,0.0,0.0,0.0,0.0,2.75932,,2.71568,0.0
2025-09-28 12:30:00,Estella E 1106,0.0,0.0,,0.0,0.039560000000000005,,,,0.0,0.0,0.0,0.0,0.04367,,0.0,0.0
2025-09-28 12:35:00,Estella E 1106,0.0,0.0,0.0,0.0,0.03907,0.0,0.0,0.0,0.0,0.0,0.0,0.0,0.04339,0.0,0.0,0.0
2025-09-28 12:40:00,Estella E 1106,0.0,0.0,,0.0,0.00027,,,,0.0,0.0,0.0,0.0,0.00579,,0.0,0.0
2025-09-28 12:45:00,Estella E 1106,0.0,0.0,,0.0,0.00027,,,,0.0,0.0,0.0,0.0,0.00534,,0.0,0.0
2025-09-28 12:50:00,Estella E 1106,0.0,0.0,,0.0,0.00035999999999999997,,,,,,,,,,0.0,0.0
2025-09-28 12:55:00,Estella E 1106,0.0,0.0,,0.0,0.05212,,,,,,,,,,0.0,0.0
2025-09-28 13:00:00,Estella E 1106,0.0,0.0,,0.0,0.039880000000000006,,,,0.0,0.0,0.0,0.0,0.0441,,0.0,0.0
2025-09-28 13:05:00,Estella E 1106,0.0,0.0,,0.0,0.039369999999999995,,,,,,,,,,0.0,0.0
2025-09-28 13:10:00,Estella E 1106,0.0,0.0,,0.0,0.00027,,,,0.0,0.0,0.0,0.0,0.04313,,0.0,0.0
2025-09-28 13:15:00,Estella E 1106,0.0,0.0,,0.0,0.0004,,,,0.0,0.0,0.0,0.0,0.00545,,0.0,0.0
2025-09-28 13:20:00,Estella E 1106,0.0,0.0,0.0,0.0,0.00023999999999999998,0.0,0.0,0.0,0.0,0.0,0.0,0.0,0.00534,0.0,0.0,0.0
2025-09-28 13:25:00,Estella E 1106,0.0,0.0,,0.0,0.00033,,,,,,,,,,0.0,0.0
2025-09-28 13:30:00,Estella E 1106,0.0,0.0,0.0,0.0,0.03958,0.03109,0.0,0.0,,,,,,0.0,0.0,0.0
2025-09-28 13:35:00,Estella E 1106,0.0,0.0,0.0,0.0,0.04093,0.0,0.0,-1e-05,0.0,0.0,0.0,0.0,0.04568,0.0,0.0,0.0
2025-09-28 13:40:00,Estella E 1106,0.0,0.0,,0.0,0.041030000000000004,,,,,,,,,,0.0,0.0
2025-09-28 13:45:00,Estella E 1106,0.0,0.0,,0.0,0.18788999999999997,,,,,,,,,,0.0,0.0
2025-09-28 13:50:00,Estella E 1106,0.0,0.0,,0.0,0.18753999999999998,,,,0.0,0.0,0.0,0.0,0.19218000000000002,,0.0,0.0
2025-09-28 13:55:00,Estella E 1106,0.0,0.0,0.0,0.0,0.18777000000000002,0.03165,0.0,0.0,0.0,0.0,0.0,0.0,0.22416999999999998,0.0,0.0,0.0
2025-09-28 14:00:00,Estella E 1106,0.0,0.0,0.0,0.0,0.00041,0.0,0.0,-4e-05,0.0,0.0,0.0,0.0,0.00552,0.0,0.0,0.0
2025-09-28 14:05:00,Estella E 1106,0.0,0.0,0.0,0.0,0.00035,0.0,0.0,0.0,,,,,,0.0,0.0,0.0
2025-09-28 14:10:00,Estella E 1106,0.0,0.0,0.0,0.0,0.05324,0.0,0.0,0.0,0.0,0.0,0.0,0.0,0.055229999999999994,0.0,0.0,0.0
2025-09-28 14:15:00,Estella E 1106,0.0,0.0,0.0,0.0,0.05657,0.0,0.0,0.0,,,,,,0.0,0.0,0.0
2025-09-28 14:20:00,Estella E 1106,0.0,0.0,0.0,0.0,0.055189999999999996,0.0,0.0,0.0,,,,,,0.0,0.0,0.0
2025-09-28 14:25:00,Estella E 1106,0.0,0.0,,0.0,0.0531,,,,,,,,,,0.0,0.0
2025-09-28 14:30:00,Estella E 1106,0.0,0.0,,0.0,0.05183,,,,,,,,,,0.0,0.0
2025-09-28 14:35:00,Estella E 1106,0.0,0.0,0.0,0.0,0.05092,0.0,0.0,0.0,,,,,,0.0,0.0,0.0
2025-09-28 14:40:00,Estella E 1106,0.0,0.0,0.0,0.0,0.04995,0.0,0.0,0.0,,,,,,0.0,0.0,0.0
2025-09-28 14:45:00,Estella E 1106,0.0,0.0,,0.0,0.04623,,,,0.0,0.0,0.03737,0.0,0.20659,,0.0,0.0
2025-09-28 14:50:00,Estella E 1106,0.0,0.0,,0.0,0.04332,,,,,,,,,,0.0,0.0
2025-09-28 14:55:00,Estella E 1106,0.0,0.0,0.0,0.0,0.04317,0.03195,0.0,0.0,0.0,0.0,0.036950000000000004,0.0,0.11809,0.0,0.0,0.0
2025-09-28 15:00:00,Estella E 1106,0.0,0.0,,0.0,0.04205,,,,0.0,0.0,0.036950000000000004,0.0,0.08364,,0.0,0.0
2025-09-28 15:05:00,Estella E 1106,0.0,0.0,0.0,0.0,0.04129,0.0,0.0,-1e-05,0.0,0.0,0.03748,0.0,0.08356,0.0,0.0,0.0
2025-09-28 15:10:00,Estella E 1106,0.0,0.0,0.0,0.0,0.00033,0.0,0.0,0.0,,,,,,0.0,0.0,0.0
2025-09-28 15:15:00,Estella E 1106,0.0,0.0,0.0,0.0,0.00032,0.0,0.0,0.0,0.03244,0.0,0.03748,0.0,0.07639,0.0,0.0,0.0
2025-09-28 15:20:00,Estella E 1106,0.0,0.0,,0.0,0.00028000000000000003,,,,,,,,,,0.0,0.0
2025-09-28 15:25:00,Estella E 1106,0.0,0.0,,0.0,0.0016899999999999999,,,,,,,,,,0.0,0.0
2025-09-28 15:30:00,Estella E 1106,0.0,0.0,,0.0,0.045880000000000004,,,,,,,,,,0.0,0.0
2025-09-28 15:35:00,Estella E 1106,0.0,0.0,,0.0,0.04458,,,,,,,,,,0.0,0.0
2025-09-28 15:40:00,Estella E 1106,0.0,0.0,,0.0,0.04149,,,,,,,,,,0.0,0.0
2025-09-28 15:45:00,Estella E 1106,0.0,0.0,,0.0,0.04143,,,,,,,,,,0.0,0.0
2025-09-28 15:50:00,Estella E 1106,0.0,0.0,0.0,0.0,0.04043,0.011810000000000001,0.0,0.0,,,,,,0.0,0.0,0.0
2025-09-28 15:55:00,Estella E 1106,0.0,0.0,,0.0,0.00032,,,,0.00959,0.0,0.02112,0.0,0.04987,,0.0,0.0
2025-09-28 16:00:00,Estella E 1106,0.0,0.0,0.0,0.0,0.00019,0.011810000000000001,0.0,0.0,0.0,0.0,0.02114,0.0,0.040130000000000006,0.0,0.0,0.0
2025-09-28 16:05:00,Estella E 1106,0.0,0.0,0.0,0.0,0.00029,0.01097,0.0,0.0,0.0,0.0,0.02137,0.0,0.03929,0.0,0.0,0.0
2025-09-28 16:10:00,Estella E 1106,0.0,0.0,,0.0,0.039520000000000007,,,,,,,,,,0.0,0.0
2025-09-28 16:15:00,Estella E 1106,0.0,0.0,,0.0,0.04246,,,,,,,,,,0.0,0.0
2025-09-28 16:20:00,Estella E 1106,0.0,0.0,,0.0,0.041100000000000005,,,,,,,,,,0.0,0.0
2025-09-28 16:25:00,Estella E 1106,0.0,0.0,,0.0,0.04084,,,,0.0,0.0,0.02121,0.0,0.11204,,0.0,0.0
2025-09-28 16:30:00,Estella E 1106,0.0,0.0,,0.0,0.04001,,,,0.0,0.0,0.02109,0.0,0.11189,,0.0,0.0
2025-09-28 16:35:00,Estella E 1106,0.0,0.0,,0.0,0.00029,,,,,,,,,,0.0,0.0
2025-09-28 16:40:00,Estella E 1106,0.0,0.0,0.03322,0.0,0.00041,0.01093,0.0,0.0,,,,,,0.0,0.0,0.0
2025-09-28 16:45:00,Estella E 1106,0.0,0.0,,0.0,0.00032,,,,,,,,,,0.0,0.0
2025-09-28 16:50:00,Estella E 1106,0.0,0.0,,0.0,0.039299999999999995,,,,0.0,0.0,0.02118,0.0,0.10958,,0.0,0.0
2025-09-28 16:55:00,Estella E 1106,0.0,0.0,,0.0,0.040350000000000004,,,,0.0,0.0,0.02121,0.0,0.10942,,0.0,0.0
2025-09-28 17:00:00,Estella E 1106,0.0,0.0,,0.0,0.0395,,,,0.0,0.0,0.02122,0.0,0.10671,,0.0,0.0
2025-09-28 17:05:00,Estella E 1106,0.0,0.0,,0.0,0.00035,,,,0.0,0.0,0.02126,0.0,0.06824,,0.0,0.0
2025-09-28 17:10:00,Estella E 1106,0.0,0.0,0.033049999999999996,0.0,0.00031,0.0,0.0,0.0,0.0,0.0,0.0211,0.0,0.060829999999999995,0.0,0.0,0.0
2025-09-28 17:15:00,Estella E 1106,0.0,0.0,,0.0,0.00033,,,,,,,,,,0.0,0.0
2025-09-28 17:20:00,Estella E 1106,0.0,0.0,,0.0,0.00035999999999999997,,,,0.0,0.0,0.02115,0.0,0.10682,,0.0,0.0
2025-09-28 17:25:00,Estella E 1106,0.0,0.00903,,0.0,0.03978,,,,,,,,,,0.0,0.0
2025-09-28 17:30:00,Estella E 1106,0.0,0.0,,0.0,0.039479999999999994,,,,,,,,,,0.0,0.0
2025-09-28 17:35:00,Estella E 1106,0.0,0.0,0.032920000000000005,0.0,0.03914,0.0,0.0,0.0,0.0,0.0,0.05664,0.0,0.13379,0.0,0.0,0.0
2025-09-28 17:40:00,Estella E 1106,0.0,0.0,,0.0,0.00034,,,,0.0,0.0,0.05611,0.0,0.09497,,0.0,0.0
2025-09-28 17:45:00,Estella E 1106,0.0,0.0,,0.0,0.0002,,,,,,,,,,0.0,0.0
2025-09-28 17:50:00,Estella E 1106,0.0,0.0,,0.0,0.00029,,,,0.0,0.0,0.05597,0.0,0.09558,,0.0,0.0
2025-09-28 17:55:00,Estella E 1106,0.0,0.0,,0.0,0.0376,,,,0.0,0.0,0.05597,0.0,0.14814,,0.0,0.0
2025-09-28 18:00:00,Estella E 1106,0.0,0.0,,0.0,0.039920000000000004,,,,0.0,0.0,0.05594,0.0,0.13281,,0.0,0.0
2025-09-28 18:05:00,Estella E 1106,0.0,0.02951,,0.0,0.03915,,,,,,,,,,0.0,0.0
2025-09-28 18:10:00,Estella E 1106,0.0,0.02892,,0.0,0.00026000000000000003,,,,,,,,,,0.0,0.0
2025-09-28 18:15:00,Estella E 1106,0.0,0.0,,0.0,0.00025,,,,0.0,0.0,0.055869999999999996,0.0,0.10501,,0.0,0.0
2025-09-28 18:20:00,Estella E 1106,0.0,0.0,,0.0,0.00043,,,,0.0,0.0,0.07257999999999999,0.0,0.20471,,0.0,0.0
2025-09-28 18:25:00,Estella E 1106,0.0,0.0,,0.0,0.00035,,,,,,,,,,0.0,0.0
2025-09-28 18:30:00,Estella E 1106,0.0,0.0,,0.0,0.039189999999999996,,,,0.0,0.0,0.0,0.0,0.20843,,0.0,0.0
2025-09-28 18:35:00,Estella E 1106,0.0,0.0,,0.0,0.03904,,,,,,,,,,0.0,0.0
2025-09-28 18:40:00,Estella E 1106,0.0,0.0,,0.0,0.03885,,,,0.0,0.0,0.0,0.0,0.20736000000000002,,0.0,0.0
2025-09-28 18:45:00,Estella E 1106,0.0,0.0,,0.0,0.00031,,,,,,,,,,0.0,0.0
2025-09-28 18:50:00,Estella E 1106,0.0,0.00888,0.11511,0.0,0.00025,0.008919999999999999,0.0,0.03689,0.0,0.0,0.0,0.0,0.17918,0.0,0.0,0.0
2025-09-28 18:55:00,Estella E 1106,0.0,0.0,0.11566,0.0,0.00031,0.00911,0.0,0.03671,,,,,,0.0,0.0,0.0
2025-09-28 19:00:00,Estella E 1106,0.0,0.0,,0.0,0.05371,,,,0.0,0.0,0.0,0.0,0.13547,,0.0,0.0
2025-09-28 19:05:00,Estella E 1106,0.0,0.0,,0.0,0.03936,,,,,,,,,,0.0,0.0
2025-09-28 19:10:00,Estella E 1106,0.0,0.0,0.11514,0.0,0.03911,0.00888,0.0,0.037020000000000004,,,,,,0.0,0.0,0.0
2025-09-28 19:15:00,Estella E 1106,0.0,0.0,,0.0,0.00026000000000000003,,,,,,,,,,0.0,0.0
2025-09-28 19:20:00,Estella E 1106,0.0,0.0,,0.0,0.00046,,,,0.0,0.0,0.0,0.0,0.16925,,0.0,0.0
2025-09-28 19:25:00,Estella E 1106,0.0,0.0,,0.0,0.03737,,,,,,,,,,0.0,0.0
2025-09-28 19:30:00,Estella E 1106,0.0,0.0,0.08141,0.0,0.03922,0.00891,0.0,0.037020000000000004,,,,,,0.0,0.0,0.0
2025-09-28 19:35:00,Estella E 1106,0.0,0.0,,0.0,0.039189999999999996,,,,,,,,,,0.0,0.0
2025-09-28 19:40:00,Estella E 1106,0.0,0.0,,0.0,0.00038,,,,,,,,,,0.0,0.0
2025-09-28 19:45:00,Estella E 1106,0.0,0.00888,0.08142,0.0,0.0002,0.00898,0.0,0.03782,,,,,,0.0,0.0,0.0
2025-09-28 19:50:00,Estella E 1106,0.0,0.00885,0.08274,0.0,0.05262,0.00884,0.0,0.03778,0.0,0.0,0.0,0.0,0.14601,0.0,0.0,0.0
2025-09-28 19:55:00,Estella E 1106,0.0,0.0,,0.0,0.0399,,,,,,,,,,0.0,0.0
2025-09-28 20:00:00,Estella E 1106,0.0,0.0,,0.0,0.04113,,,,,,,,,,0.0,0.0
2025-09-28 20:05:00,Estella E 1106,0.0,0.0,,0.0,0.04151,,,,,,,,,,0.0,0.0
2025-09-28 20:10:00,Estella E 1106,0.0,0.0,,0.0,0.04104,,,,,,,,,,0.0,0.0
2025-09-28 20:15:00,Estella E 1106,0.0,0.0,,0.0,0.04075,,,,,,,,,,0.0,0.0
2025-09-28 20:20:00,Estella E 1106,0.0,0.0,,0.0,0.00032,,,,,,,,,,0.0,0.0
2025-09-28 20:25:00,Estella E 1106,0.0,0.0,,0.0,0.00047999999999999996,,,,,,,,,,0.0,0.0
2025-09-28 20:30:00,Estella E 1106,0.0,0.0,,0.0,0.039479999999999994,,,,,,,,,,0.0,0.0
2025-09-28 20:35:00,Estella E 1106,0.0,0.0,,0.0,0.042159999999999996,,,,,,,,,,0.0,0.0
2025-09-28 20:40:00,Estella E 1106,0.0,0.0,,0.0,0.04287,,,,,,,,,,0.0,0.0
2025-09-28 20:45:00,Estella E 1106,0.0,0.0,,0.0,0.04147,,,,0.0,0.0,0.00701,0.0,0.14034,,0.0,0.0
2025-09-28 20:50:00,Estella E 1106,0.0,0.0,,0.0,0.04083,,,,0.0,0.0,0.00694,0.0,0.13440000000000002,,0.0,0.0
2025-09-28 20:55:00,Estella E 1106,0.0,0.0,0.08128,0.0,0.00034,0.00902,0.0,0.039630000000000006,,,,,,0.0,0.0,0.0
2025-09-28 21:00:00,Estella E 1106,0.0,0.0,,0.0,0.00027,,,,,,,,,,0.0,0.0
2025-09-28 21:05:00,Estella E 1106,0.0,0.0,0.08152,0.0,0.00022,0.00891,0.0,0.039520000000000007,0.0,0.0,0.0,0.0,0.13769,0.0,0.0,0.0
2025-09-28 21:10:00,Estella E 1106,0.0,0.0,0.08145000000000001,0.0,0.04009,0.00886,0.0,0.03918,,,,,,0.0,0.0,0.0
2025-09-28 21:15:00,Estella E 1106,0.0,0.0,,0.0,0.04299,,,,,,,,,,0.0,0.0
2025-09-28 21:20:00,Estella E 1106,0.0,0.0,,0.0,0.04326,,,,,,,,,,0.0,0.0
2025-09-28 21:25:00,Estella E 1106,0.0,0.0,,0.0,0.04172,,,,,,,,,,0.0,0.0
2025-09-28 21:30:00,Estella E 1106,0.0,0.0,,0.0,0.04076,,,,,,,,,,0.0,0.0
2025-09-28 21:35:00,Estella E 1106,0.0,0.0,0.08152,0.0,0.00032,0.01427,0.0,0.039520000000000007,0.0,0.0,0.0,0.0,0.18322999999999998,0.0,0.0,0.0
2025-09-28 21:40:00,Estella E 1106,0.0,0.0,0.08142,0.0,0.00026000000000000003,0.013640000000000001,0.0,0.039670000000000004,0.0,0.0,0.0,0.0,0.14345,0.0,0.0,0.0
2025-09-28 21:45:00,Estella E 1106,0.0,0.0,,0.0,0.00020999999999999998,,,,0.0,0.0,0.0,0.0,0.14362,,0.0,0.0
2025-09-28 21:50:00,Estella E 1106,0.0,0.0,0.08152,0.0,0.04077,0.00513,0.0,0.03933,,,,,,0.0,1e-05,0.0
2025-09-28 21:55:00,Estella E 1106,0.0,0.0,0.08131999999999999,0.0,0.04225,0.00188,0.0,0.0391,,,,,,0.0,0.0,0.0
2025-09-28 22:00:00,Estella E 1106,0.0,0.0,,0.0,0.04119,,,,0.0,0.0,0.0,0.0,0.16856000000000002,,0.0,0.0
2025-09-28 22:05:00,Estella E 1106,0.0,0.0,,0.0,0.04003,,,,0.0,0.0,0.0,0.0,0.16655,,0.0,0.0
2025-09-28 22:10:00,Estella E 1106,0.0,0.0,,0.0,0.00031,,,,0.0,0.0,0.0,0.0,0.16182,,0.0,0.0
2025-09-28 22:15:00,Estella E 1106,0.0,0.0,,0.0,0.00029,,,,0.0,0.0,0.0,0.0,0.16016,,0.0,0.0
2025-09-28 22:20:00,Estella E 1106,0.0,0.0,,0.0,0.00035,,,,0.0,0.0,0.0,0.0,0.12825,,0.0,0.0
2025-09-28 22:25:00,Estella E 1106,0.0,0.0,0.08142,0.0,0.03914,0.0,0.0,0.03918,,,,,,0.0,0.0,0.0
2025-09-28 22:30:00,Estella E 1106,0.0,0.0,,0.0,0.04084,,,,0.0,0.0,0.0,0.0,0.16843,,0.0,0.0
2025-09-28 22:35:00,Estella E 1106,0.0,0.0,0.08134000000000001,0.0,0.03982,0.0,0.0,0.03871,,,,,,0.0,4e-05,0.0
2025-09-28 22:40:00,Estella E 1106,0.0,0.0,,0.0,0.039049999999999994,,,,,,,,,,0.0,0.0
2025-09-28 22:45:00,Estella E 1106,0.0,0.0,0.0814,0.0,0.00041,0.0,0.0,0.03933,,,,,,0.0,0.0,0.0
2025-09-28 22:50:00,Estella E 1106,0.0,0.0,,0.0,0.00025,,,,,,,,,,0.0,0.0
2025-09-28 22:55:00,Estella E 1106,0.0,0.0,,0.0,0.054939999999999996,,,,,,,,,,0.0,0.0
2025-09-28 23:00:00,Estella E 1106,0.0,0.0,,0.0,0.03982,,,,0.0,0.0,0.07709999999999999,0.0,0.20316,,0.0,0.0
2025-09-28 23:05:00,Estella E 1106,0.0,0.0,,0.0,0.03996,,,,0.0,0.0,1.03092,0.0,1.15805,,0.0,0.0
2025-09-28 23:10:00,Estella E 1106,0.0,0.0,,0.0,0.03889,,,,,,,,,,0.0,0.0
2025-09-28 23:15:00,Estella E 1106,0.0,0.0,,0.0,0.00025,,,,,,,,,,0.0,0.0
2025-09-28 23:20:00,Estella E 1106,0.0,0.0,,0.0,0.00038,,,,0.0,0.0,0.07429999999999999,0.0,0.12035,,0.0,0.0
2025-09-28 23:25:00,Estella E 1106,0.0,0.0,,0.0,0.00043,,,,,,,,,,0.0,0.0
2025-09-28 23:30:00,Estella E 1106,0.0,0.0,,0.0,0.03979,,,,,,,,,,0.0,0.0
2025-09-28 23:35:00,Estella E 1106,0.0,0.0,,0.0,0.04022,,,,,,,,,,0.0,0.0
2025-09-28 23:40:00,Estella E 1106,0.0,0.0,,0.0,0.039299999999999995,,,,,,,,,,0.0,0.0
2025-09-28 23:45:00,Estella E 1106,0.0,0.0,,0.0,0.00032,,,,,,,,,,0.0,0.0
2025-09-28 23:50:00,Estella E 1106,0.0,0.0,,0.0,0.00035,,,,,,,,,,0.0,0.0
2025-09-28 23:55:00,Estella E 1106,0.0,0.0,,0.0,0.00038,,,,,,,,,,0.0,0.0
2025-09-29 00:00:00,Estella E 1106,0.0,0.0,,0.0,0.038020000000000005,,,,0.0,0.0,0.03976,0.0,0.09208,,0.0,0.0
2025-09-29 00:05:00,Estella E 1106,0.0,0.0,,0.0,0.039880000000000006,,,,,,,,,,0.0,0.0
2025-09-29 00:10:00,Estella E 1106,0.0,0.0,,0.0,0.03936,,,,,,,,,,0.0,0.0
2025-09-29 00:15:00,Estella E 1106,0.0,0.0,,0.0,0.00029,,,,,,,,,,0.0,0.0
2025-09-29 00:20:00,Estella E 1106,0.0,0.0,0.0,0.0,0.00032,0.0,0.0,0.0,0.0,0.0,0.039240000000000004,0.0,0.04561,0.0,0.0,0.0
2025-09-29 00:25:00,Estella E 1106,0.0,0.0,,0.0,0.00028000000000000003,,,,,,,,,,0.0,0.0
2025-09-29 00:30:00,Estella E 1106,0.0,0.0,,0.0,0.00027,,,,,,,,,,0.0,0.0
2025-09-29 00:35:00,Estella E 1106,0.0,0.0,0.0,0.0,0.03914,0.0,0.0,0.0,,,,,,0.0,0.0,0.0
2025-09-29 00:40:00,Estella E 1106,0.0,0.0,,0.0,0.03982,,,,0.0,0.0,0.03915,0.0,0.08404,,0.0,0.0
2025-09-29 00:45:00,Estella E 1106,0.0,0.0,,0.0,0.03868,,,,,,,,,,0.0,0.0
2025-09-29 00:50:00,Estella E 1106,0.0,0.0,,0.0,0.00038,,,,0.0,0.0,0.039509999999999997,0.0,0.04568,,0.0,0.0
2025-09-29 00:55:00,Estella E 1106,0.0,0.0,,0.0,0.00033,,,,,,,,,,0.0,0.0
2025-09-29 01:00:00,Estella E 1106,0.0,0.0,,0.0,0.00026000000000000003,,,,,,,,,,0.0,0.0
2025-09-29 01:05:00,Estella E 1106,0.0,0.0,,0.0,0.03848,,,,0.0,0.0,0.05152,0.0,0.09305,,0.0,0.0
2025-09-29 01:10:00,Estella E 1106,0.0,0.0,,0.0,0.03996,,,,0.0,0.0,0.0499,0.0,0.09392,,0.0,0.0
2025-09-29 01:15:00,Estella E 1106,0.0,0.0,,0.0,0.038979999999999994,,,,,,,,,,0.0,0.0
2025-09-29 01:20:00,Estella E 1106,0.0,0.0,,0.0,0.00033,,,,,,,,,,0.0,0.0
2025-09-29 01:25:00,Estella E 1106,0.0,0.0,,0.0,0.00029,,,,,,,,,,0.0,0.0
2025-09-29 01:30:00,Estella E 1106,0.0,0.0,,0.0,0.00035,,,,,,,,,,0.0,0.0
2025-09-29 01:35:00,Estella E 1106,0.0,0.0,,0.0,0.05255,,,,,,,,,,0.0,0.0
2025-09-29 01:40:00,Estella E 1106,0.0,0.0,,0.0,0.039310000000000005,,,,,,,,,,0.0,0.0
2025-09-29 01:45:00,Estella E 1106,0.0,0.0,,0.0,0.03917,,,,0.0,0.0,0.03198,0.0,0.07676000000000001,,0.0,0.0
2025-09-29 01:50:00,Estella E 1106,0.0,0.0,,0.0,0.00039,,,,,,,,,,0.0,0.0
2025-09-29 01:55:00,Estella E 1106,0.0,0.0,,0.0,0.00031,,,,,,,,,,0.0,0.0
2025-09-29 02:00:00,Estella E 1106,0.0,0.0,0.0,0.0,0.00032,0.0,0.0,-1e-05,,,,,,0.0,0.0,0.0
2025-09-29 02:05:00,Estella E 1106,0.0,0.0,,0.0,0.00046,,,,,,,,,,0.0,0.0
2025-09-29 02:10:00,Estella E 1106,0.0,0.0,,0.0,0.038740000000000004,,,,,,,,,,0.0,0.0
2025-09-29 02:15:00,Estella E 1106,0.0,0.0,,0.0,0.04002,,,,,,,,,,0.0,0.0
2025-09-29 02:20:00,Estella E 1106,0.0,0.0,0.0,0.0,0.03861,0.0,0.0,0.0,,,,,,0.0,0.0,0.0
2025-09-29 02:25:00,Estella E 1106,0.0,0.0,0.0,0.0,0.00026000000000000003,0.0,0.0,0.0,,,,,,0.0,0.0,0.0
2025-09-29 02:30:00,Estella E 1106,0.0,0.0,0.0,0.0,0.00031,0.0,0.0,0.0,,,,,,0.0,0.0,0.0
2025-09-29 02:35:00,Estella E 1106,0.0,0.0,,0.0,0.00041,,,,,,,,,,0.0,0.0
2025-09-29 02:40:00,Estella E 1106,0.0,0.0,,0.0,0.03691,,,,,,,,,,0.0,0.0
2025-09-29 02:45:00,Estella E 1106,0.0,0.0,,0.0,0.0395,,,,,,,,,,0.0,0.0
2025-09-29 02:50:00,Estella E 1106,0.0,0.0,,0.0,0.039009999999999996,,,,,,,,,,0.0,0.0
2025-09-29 02:55:00,Estella E 1106,0.0,0.0,0.0,0.0,0.00023999999999999998,0.0,0.0,-2e-05,,,,,,0.0,0.0,0.0
2025-09-29 03:00:00,Estella E 1106,0.0,0.0,,0.0,0.00031,,,,,,,,,,0.0,0.0
2025-09-29 03:05:00,Estella E 1106,0.0,0.0,,0.0,0.00047,,,,,,,,,,0.0,0.0
2025-09-29 03:10:00,Estella E 1106,0.0,0.0,,0.0,0.00032,,,,,,,,,,0.0,0.0
2025-09-29 03:15:00,Estella E 1106,0.0,0.0,0.0,0.0,0.03871,0.0,0.0,-2e-05,,,,,,0.0,0.0,0.0
2025-09-29 03:30:00,Estella E 1106,0.0,0.0,,0.0,0.00038,,,,,,,,,,0.0,0.0
2025-09-29 03:35:00,Estella E 1106,0.0,0.0,,0.0,0.00028000000000000003,,,,0.0,0.0,0.032229999999999995,0.0,0.03908,,0.0,0.0
2025-09-29 03:40:00,Estella E 1106,0.0,0.0,,0.0,0.00039,,,,,,,,,,0.0,0.0
2025-09-29 03:45:00,Estella E 1106,0.0,0.0,0.0,0.0,0.03693,0.0,0.0,0.0,0.0,0.0,0.03234,0.0,0.09038,0.0,0.0,0.0
2025-09-29 03:50:00,Estella E 1106,0.0,0.0,,0.0,0.03954,,,,,,,,,,0.0,0.0
2025-09-29 03:55:00,Estella E 1106,0.0,0.0,,0.0,0.038950000000000005,,,,,,,,,,0.0,0.0
2025-09-29 04:00:00,Estella E 1106,0.0,0.0,,0.0,0.19318000000000002,,,,,,,,,,0.0,0.0
2025-09-29 04:05:00,Estella E 1106,0.0,0.0,,0.0,0.19384,,,,,,,,,,0.0,0.0
2025-09-29 04:25:00,Estella E 1106,0.0,0.0,,0.0,0.05212,,,,,,,,,,0.0,0.0
2025-09-29 04:30:00,Estella E 1106,,,,,,,,,0.0,0.0,0.03201,0.0,0.09114,,0.0,
2025-09-29 04:35:00,Estella E 1106,,,,,,,,,0.0,0.0,0.032060000000000005,0.0,0.0895,,0.0,
2025-09-29 04:40:00,Estella E 1106,,,,,,,,,0.0,0.0,0.03208,0.0,0.08752,,0.0,
2025-09-29 04:50:00,Estella E 1106,,,0.0,,,0.0,0.0,0.0,0.0,0.0,0.03204,0.0,0.08184000000000001,0.0,0.0,
2025-09-29 04:55:00,Estella E 1106,,,,,,,,,0.0,0.0,0.03202,0.0,0.07919,,0.0,
2025-09-29 05:00:00,Estella E 1106,,,,,,,,,0.0,0.0,0.03207,0.0,0.07851999999999999,,0.0,
2025-09-29 05:05:00,Estella E 1106,0.0,0.0,,0.0,0.04046,,,,0.0,0.0,0.03209,0.0,0.07711,,0.0,0.0
2025-09-29 05:10:00,Estella E 1106,0.0,0.0,,0.0,0.00027,,,,0.0,0.0,0.022699999999999998,0.0,0.02889,,0.0,0.0
2025-09-29 05:15:00,Estella E 1106,0.0,0.0,,0.0,0.00029,,,,,,,,,,0.0,0.0
2025-09-29 05:20:00,Estella E 1106,0.0,0.0,,0.0,0.00027,,,,0.0,0.0,0.02271,0.0,0.02899,,0.0,0.0
2025-09-29 05:25:00,Estella E 1106,0.0,0.0,,0.0,0.00177,,,,,,,,,,0.0,0.0
2025-09-29 05:30:00,Estella E 1106,0.0,0.0,,0.0,0.04205,,,,,,,,,,0.0,0.0
2025-09-29 05:35:00,Estella E 1106,0.0,0.0,,0.0,0.04095,,,,,,,,,,0.0,0.0
2025-09-29 05:40:00,Estella E 1106,0.0,0.0,,0.0,0.04071,,,,0.0,0.0,0.022609999999999998,0.0,0.06789,,0.0,0.0
2025-09-29 05:45:00,Estella E 1106,0.0,0.0,,0.0,0.040159999999999994,,,,0.0,0.0,0.02239,0.0,0.06726,,0.0,0.0
2025-09-29 05:50:00,Estella E 1106,0.0,0.0,,0.0,0.00029,,,,0.0,0.0,0.02239,0.0,0.028489999999999998,,0.0,0.0
2025-09-29 05:55:00,Estella E 1106,0.0,0.0,,0.0,0.00033,,,,0.0,0.0,0.02247,0.0,0.02842,,0.0,0.0
2025-09-29 06:00:00,Estella E 1106,0.0,0.0,,0.0,0.00043,,,,0.0,0.0,0.02239,0.0,0.028640000000000002,,0.0,0.0
2025-09-29 06:05:00,Estella E 1106,0.0,0.0,,0.0,0.00025,,,,0.0,0.0,0.02249,0.0,0.02846,,0.0,0.0
2025-09-29 06:10:00,Estella E 1106,0.0,0.0,,0.0,0.03921,,,,0.0,0.0,0.02212,0.0,0.06618,,0.0,0.0
2025-09-29 06:15:00,Estella E 1106,0.0,0.0,,0.0,0.03954,,,,0.0,0.0,0.02222,0.0,0.06638,,0.0,0.0
2025-09-29 06:20:00,Estella E 1106,0.0,0.0,,0.0,0.039240000000000004,,,,0.0,0.0,0.02195,0.0,0.06634999999999999,,0.0,0.0
2025-09-29 06:25:00,Estella E 1106,0.0,0.0,,0.0,0.00020999999999999998,,,,0.0,0.0,0.02166,0.0,0.02761,,0.0,0.0
2025-09-29 06:30:00,Estella E 1106,0.0,0.0,,0.0,0.00038,,,,0.0,0.0,0.02163,0.0,0.027829999999999997,,0.0,0.0
2025-09-29 06:35:00,Estella E 1106,0.0,0.0,,0.0,0.00034,,,,0.0,0.0,0.02163,0.0,0.02755,,0.0,0.0
2025-09-29 06:40:00,Estella E 1106,0.0,0.0,,0.0,0.053130000000000004,,,,0.0,0.0,0.02156,0.0,0.027420000000000003,,0.0,0.0
2025-09-29 06:45:00,Estella E 1106,0.0,0.0,,0.0,0.04044,,,,0.0,0.0,0.02141,0.0,0.07356,,0.0,0.0
2025-09-29 06:50:00,Estella E 1106,0.0,0.0,,0.0,0.03968,,,,0.0,0.0,0.02131,0.0,0.09968,,0.0,0.0
2025-09-29 06:55:00,Estella E 1106,0.0,0.0,,0.0,0.03947,,,,0.0,0.0,0.02115,0.0,0.06552,,0.0,0.0
2025-09-29 07:00:00,Estella E 1106,0.0,0.0,,0.0,0.04072,,,,0.0,0.0,0.02145,0.0,0.06712,,0.0,0.0
2025-09-29 07:05:00,Estella E 1106,0.0,0.0,,0.0,0.00039,,,,,,,,,,0.0,0.0
2025-09-29 07:20:00,Estella E 1106,0.0,0.0,,0.0,0.039920000000000004,,,,,,,,,,0.0,0.0
2025-09-29 07:25:00,Estella E 1106,0.0,0.0,,0.0,0.04045,,,,,,,,,,0.0,0.0
2025-09-29 07:30:00,Estella E 1106,0.0,0.0,,0.0,0.039920000000000004,,,,,,,,,,0.0,0.0
2025-09-29 07:35:00,Estella E 1106,0.0,0.0,,0.0,0.03958,,,,,,,,,,0.0,0.0
2025-09-29 07:50:00,Estella E 1106,0.0,0.0,,0.0,0.00033,,,,,,,,,,0.0,0.0
2025-09-29 07:55:00,Estella E 1106,0.0,0.0,0.0,0.0,0.03805,0.01102,0.0,0.0,0.0,0.0,0.02172,0.0,0.09131,0.0,0.0,0.0
2025-09-29 08:00:00,Estella E 1106,0.0,0.0,,0.0,0.04125,,,,,,,,,,0.0,0.0
2025-09-29 08:05:00,Estella E 1106,0.0,0.0,,0.0,0.040159999999999994,,,,,,,,,,0.0,0.0
2025-09-29 08:10:00,Estella E 1106,0.0,0.0,,0.0,0.039810000000000005,,,,,,,,,,0.0,0.0
2025-09-29 08:15:00,Estella E 1106,0.0,0.0,,0.0,0.00041999999999999996,,,,0.0,0.0,0.0,0.0,0.09834999999999999,,0.0,0.0
2025-09-29 08:20:00,Estella E 1106,0.0,0.0,,0.0,0.00051,,,,,,,,,,0.0,0.0
2025-09-29 08:25:00,Estella E 1106,0.0,0.0,,0.0,0.00034,,,,,,,,,,0.0,0.0
2025-09-29 08:30:00,Estella E 1106,0.0,0.0,,0.0,0.054869999999999995,,,,,,,,,,0.0,0.0
2025-09-29 08:35:00,Estella E 1106,0.0,0.0,,0.0,0.040299999999999996,,,,,,,,,,0.0,0.0
2025-09-29 08:40:00,Estella E 1106,0.0,0.0,,0.0,0.039439999999999996,,,,,,,,,,0.0,0.0
2025-09-29 08:45:00,Estella E 1106,0.0,0.0,0.03351,0.0,0.039310000000000005,0.0,0.0,0.018789999999999998,0.0,0.0,0.0,0.0,0.09774,0.0,0.0,0.0
2025-09-29 08:50:00,Estella E 1106,0.0,0.0,,0.0,0.00023999999999999998,,,,,,,,,,0.0,0.0
2025-09-29 08:55:00,Estella E 1106,0.0,0.0,,0.0,0.00031,,,,0.0,0.0,0.0,0.0,0.05946,,0.0,0.0
2025-09-29 09:00:00,Estella E 1106,0.0,0.0,,0.0,0.00029,,,,0.0,0.0,0.0,0.0,0.05952,,0.0,0.0
2025-09-29 09:05:00,Estella E 1106,0.0,0.0,,0.0,0.037340000000000005,,,,0.0,0.0,0.0,0.0,0.11095999999999999,,0.0,0.0
2025-09-29 09:10:00,Estella E 1106,0.0,0.0,,0.0,0.03968,,,,,,,,,,0.0,0.0
2025-09-29 09:15:00,Estella E 1106,0.0,0.0,0.03302,0.0,0.03911,0.0,0.0,0.0184,,,,,,0.0,0.0,0.0
2025-09-29 09:20:00,Estella E 1106,0.0,0.0,,0.0,0.00026000000000000003,,,,0.0,0.0,0.0,0.0,0.05941,,0.0,0.0
2025-09-29 09:25:00,Estella E 1106,0.0,0.0,,0.0,0.00027,,,,0.0,0.0,0.0,0.0,0.05933,,0.0,0.0
2025-09-29 09:30:00,Estella E 1106,0.0,0.0,,0.0,0.00038,,,,0.0,0.0,0.0,0.0,0.05907,,0.0,0.0
2025-09-29 09:35:00,Estella E 1106,0.0,0.0,,0.0,0.00027,,,,,,,,,,0.0,0.0
2025-09-29 09:40:00,Estella E 1106,0.0,0.0,,0.0,0.03925,,,,0.0,0.0,0.0,0.0,0.09572,,0.0,0.0
2025-09-29 09:45:00,Estella E 1106,0.0,0.0,,0.0,0.040369999999999996,,,,,,,,,,0.0,0.0
2025-09-29 09:50:00,Estella E 1106,0.0,0.0,,0.0,0.03976,,,,0.0,0.0,0.0,0.0,0.09772,,0.0,0.0
2025-09-29 09:55:00,Estella E 1106,0.0,0.0,,0.0,0.04102,,,,,,,,,,0.0,0.0
2025-09-29 10:00:00,Estella E 1106,0.0,0.0,,0.0,0.0412,,,,,,,,,,0.0,0.0
2025-09-29 10:05:00,Estella E 1106,0.0,0.0,,0.0,0.00033,,,,0.0,0.0,0.0,0.0,0.05737,,0.0,0.0
2025-09-29 10:10:00,Estella E 1106,0.0,0.0,,0.0,0.00027,,,,0.0,0.0,0.0,0.0,0.059609999999999996,,0.0,0.0
2025-09-29 10:15:00,Estella E 1106,0.0,0.0,,0.0,0.00038,,,,,,,,,,0.0,0.0
2025-09-29 10:20:00,Estella E 1106,0.0,0.0,,0.0,0.03787,,,,0.0,0.0,0.0,0.0,0.09197,,0.0,0.0
2025-09-29 10:25:00,Estella E 1106,0.0,0.0,,0.0,0.04195,,,,,,,,,,0.0,0.0
2025-09-29 10:30:00,Estella E 1106,0.0,0.0,,0.0,0.04129,,,,0.0,0.0,0.0,0.0,0.045840000000000006,,0.0,0.0
2025-09-29 10:35:00,Estella E 1106,0.0,0.0,,0.0,0.04039,,,,,,,,,,0.0,0.0
2025-09-29 10:40:00,Estella E 1106,0.0,0.0,,0.0,0.00035999999999999997,,,,,,,,,,0.0,0.0
2025-09-29 10:45:00,Estella E 1106,0.0,0.0,0.0,0.0,0.00034,0.0,0.0,0.0,,,,,,0.0,0.0,0.0
2025-09-29 10:50:00,Estella E 1106,0.0,0.0,0.0,0.0,0.00028000000000000003,0.0,0.0,0.0,,,,,,0.0,0.0,0.0
2025-09-29 10:55:00,Estella E 1106,0.0,0.0,0.0,0.0,0.00034,0.0,0.0,0.0,,,,,,0.0,0.0,0.0
2025-09-29 11:00:00,Estella E 1106,0.0,0.0,,0.0,0.03915999999999999,,,,0.0,0.0,0.0,0.0,0.04252,,0.0,0.0
2025-09-29 11:05:00,Estella E 1106,0.0,0.0,,0.0,0.039450000000000006,,,,,,,,,,0.0,0.0
2025-09-29 11:10:00,Estella E 1106,0.0,0.0,,0.0,0.039240000000000004,,,,,,,,,,0.0,0.0
2025-09-29 11:15:00,Estella E 1106,0.0,0.0,,0.0,0.00035999999999999997,,,,0.0,0.0,0.0,0.0,0.00574,,0.0,0.0
2025-09-29 11:20:00,Estella E 1106,0.0,0.0,,0.0,0.00041999999999999996,,,,0.0,0.0,0.0,0.0,0.00551,,0.0,0.0
2025-09-29 11:25:00,Estella E 1106,0.0,0.0,,0.0,0.00031,,,,,,,,,,0.0,0.0
2025-09-29 11:30:00,Estella E 1106,0.0,0.0,0.0,0.0,0.00019,0.0,0.0,0.0,,,,,,0.0,0.0,0.0
2025-09-29 11:35:00,Estella E 1106,0.0,0.0,0.0,0.0,0.040229999999999995,0.0,0.0,0.0,0.0,0.0,0.0,0.0,0.04335,0.0,0.0,0.0
2025-09-29 11:40:00,Estella E 1106,0.0,0.0,,0.0,0.039420000000000004,,,,0.0,0.0,0.0,0.0,0.04416,,0.0,0.0
2025-09-29 11:45:00,Estella E 1106,0.0,0.0,,0.0,0.039549999999999995,,,,,,,,,,0.0,0.0
2025-09-29 11:50:00,Estella E 1106,0.0,0.0,,0.0,0.00039,,,,,,,,,,0.0,0.0
2025-09-29 11:55:00,Estella E 1106,0.0,0.0,,0.0,0.00039,,,,,,,,,,0.0,0.0
2025-09-29 12:00:00,Estella E 1106,0.0,0.0,,0.0,0.00039,,,,,,,,,,0.0,0.0
2025-09-29 12:05:00,Estella E 1106,0.0,0.0,0.0,0.0,0.00039,0.0,0.0,0.08256000000000001,0.0,0.0,0.0,0.0,0.0891,0.0,0.0,0.0
2025-09-29 12:10:00,Estella E 1106,0.0,0.0,,0.0,0.03821,,,,0.0,0.0,0.0,0.0,0.16124000000000002,,0.0,0.0
2025-09-29 12:15:00,Estella E 1106,0.0,0.0,,0.0,0.038689999999999995,,,,,,,,,,0.0,0.0
2025-09-29 12:20:00,Estella E 1106,0.0,0.0,,0.0,0.07711,,,,0.0,0.0,0.0,0.0,0.3195,,0.0,0.0
2025-09-29 12:25:00,Estella E 1106,0.0,0.0,,0.0,0.00029,,,,,,,,,,0.0,0.0
2025-09-29 12:30:00,Estella E 1106,0.0,0.0,,0.0,0.00047,,,,,,,,,,0.0,0.0
2025-09-29 12:35:00,Estella E 1106,0.0,0.0,,0.0,0.00033,,,,,,,,,,0.0,0.0
2025-09-29 12:40:00,Estella E 1106,0.0,0.0,,0.0,0.00038,,,,0.0,0.0,0.0,0.0,0.12326999999999999,,0.0,0.0
2025-09-29 12:50:00,Estella E 1106,0.0,0.0,,0.0,0.04039,,,,0.0,0.0,0.0,0.0,0.16213,,0.0,0.0
2025-09-29 12:55:00,Estella E 1106,0.0,0.0,,0.0,0.03979,,,,0.0,0.0,0.0,0.0,0.16346,,0.0,0.0
2025-09-29 13:05:00,Estella E 1106,0.0,0.0,,0.0,0.03928,,,,,,,,,,0.0,0.0
2025-09-29 13:10:00,Estella E 1106,0.0,0.0,,0.0,0.00046,,,,0.0,0.0,0.0,0.0,0.0813,,0.0,0.0
2025-09-29 13:15:00,Estella E 1106,0.0,0.0,0.03374,0.0,0.00035,0.0,0.0,0.040299999999999996,0.0,0.0,0.0,0.0,0.08139,0.0,2e-05,0.0
2025-09-29 13:20:00,Estella E 1106,0.0,0.0,0.03356,0.0,0.00043,0.0,0.0,0.04064,0.0,0.0,0.0,0.0,0.08202,0.0,0.0,0.0
2025-09-29 13:25:00,Estella E 1106,0.0,0.0,,0.0,0.03719,,,,0.0,0.0,0.0,0.0,0.13291999999999998,,0.0,0.0
2025-09-29 13:35:00,Estella E 1106,0.0,0.0,,0.0,0.039549999999999995,,,,,,,,,,0.0,0.0
2025-09-29 13:40:00,Estella E 1106,0.0,0.0,,0.0,0.00033,,,,0.0,0.0,0.0,0.0,0.08465,,0.0,0.0
2025-09-29 13:45:00,Estella E 1106,0.0,0.0,0.0,0.0,0.00038,0.0,0.0,0.040130000000000006,,,,,,0.0,0.0,0.0
2025-09-29 13:50:00,Estella E 1106,,,,,,,,,0.0,0.0,0.0,0.0,0.026920000000000003,,0.0,
2025-09-29 13:55:00,Estella E 1106,0.0,0.0,,0.0,0.00025,,,,,,,,,,0.0,0.0
2025-09-29 14:00:00,Estella E 1106,0.0,0.0,,0.0,0.03744,,,,,,,,,,0.0,0.0
2025-09-29 14:05:00,Estella E 1106,,,,,,,,,0.0,0.0,0.0,0.0,0.06551,,0.0,
2025-09-29 14:10:00,Estella E 1106,0.0,0.0,,0.0,0.03921,,,,0.0,0.0,0.0,0.0,0.08511,,0.0,0.0
2025-09-29 14:15:00,Estella E 1106,0.0,0.0,,0.0,0.00029,,,,0.0,0.0,0.0,0.0,0.047799999999999995,,0.0,0.0
2025-09-29 14:20:00,Estella E 1106,0.0,0.0,,0.0,0.00023999999999999998,,,,,,,,,,0.0,0.0
2025-09-29 14:25:00,Estella E 1106,0.0,0.0,,0.0,0.00047999999999999996,,,,,,,,,,0.0,0.0
2025-09-29 14:30:00,Estella E 1106,0.0,0.0,,0.0,0.00035,,,,,,,,,,0.0,0.0
2025-09-29 14:35:00,Estella E 1106,0.0,0.0,,0.0,0.03932,,,,,,,,,,0.0,0.0
2025-09-29 14:40:00,Estella E 1106,0.0,0.0,,0.0,0.04234,,,,,,,,,,0.0,0.0
2025-09-29 14:45:00,Estella E 1106,0.0,0.0,0.0,0.0,0.04258,0.02581,0.0,0.039439999999999996,,,,,,0.0,0.0,0.0
2025-09-29 14:55:00,Estella E 1106,,,0.0,,,0.02641,0.0,0.04,,,,,,0.0,0.0,
2025-09-29 15:00:00,Estella E 1106,0.0,0.0,,0.0,0.04243,,,,,,,,,,0.0,0.0
2025-09-29 15:05:00,Estella E 1106,0.0,0.0,0.0,0.0,0.04304,0.026609999999999998,0.0,0.04021,,,,,,0.0,0.0,0.0
2025-09-29 15:15:00,Estella E 1106,0.0,0.0,,0.0,0.04421,,,,,,,,,,0.0,0.0
2025-09-29 15:20:00,Estella E 1106,0.0,0.0,0.0,0.0,0.04371,0.026420000000000003,0.0,0.03997,,,,,,0.0,0.0,0.0
2025-09-29 15:25:00,Estella E 1106,0.0,0.0,,0.0,0.04313,,,,,,,,,,0.0,0.0
2025-09-29 15:30:00,Estella E 1106,0.0,0.0,,0.0,0.0426,,,,,,,,,,0.0,0.0
2025-09-29 15:35:00,Estella E 1106,0.0,0.0,0.0,0.0,0.04356,0.026350000000000002,0.0,0.03978,0.0,0.0,0.03868,0.0,0.15439,0.0,0.0,0.0
2025-09-29 15:40:00,Estella E 1106,0.0,0.0,0.0,0.0,0.04258,0.0,0.0,0.039520000000000007,0.0,0.0,0.03842,0.0,0.126,0.0,0.0,0.0
2025-09-29 15:45:00,Estella E 1106,0.0,0.0,0.0,0.0,0.04286,0.0,0.0,0.03934,0.0,0.0,0.0,0.0,0.08727,0.0,0.0,0.0
2025-09-29 15:50:00,Estella E 1106,0.0,0.0,0.0,0.0,0.04202,0.0,0.0,0.03939,0.0,0.0,0.0,0.0,0.08626,0.0,0.0,0.0
2025-09-29 15:55:00,Estella E 1106,0.0,0.0,0.03403,0.0,0.00034,0.0,0.0,0.039299999999999995,0.0,0.0,0.0,0.0,0.08138,0.0,0.0,0.0
2025-09-29 16:00:00,Estella E 1106,0.0,0.0,0.03376,0.0,0.00025,0.0,0.0,0.03893,0.0,0.0,0.0,0.0,0.07987000000000001,0.0,0.0,0.0
2025-09-29 16:05:00,Estella E 1106,0.0,0.0,0.032869999999999996,0.0,0.00054,0.0,0.0,0.03939,0.0,0.0,0.0,0.0,0.07920999999999999,0.0,0.0,0.0
2025-09-29 16:10:00,Estella E 1106,0.0,0.0,0.03293,0.0,0.00035,0.0,0.0,0.03911,0.0,0.0,0.0,0.0,0.07912999999999999,0.0,0.0,0.0
2025-09-29 16:15:00,Estella E 1106,0.0,0.0,,0.0,0.03914,,,,0.0,0.0,0.0,0.0,0.11772,,0.0,0.0
2025-09-29 16:20:00,Estella E 1106,0.0,0.0,0.03284,0.0,0.0412,0.0,0.0,0.03897,0.0,0.0,0.0,0.0,0.11904,0.0,0.0,0.0
2025-09-29 16:30:00,Estella E 1106,0.0,0.0,0.0,0.0,0.040530000000000004,0.0,0.0,0.0,,,,,,0.0,0.0,0.0
2025-09-29 16:40:00,Estella E 1106,,,0.0,,,0.0,0.0,0.0,,,,,,0.0,0.0,
2025-09-29 16:45:00,Estella E 1106,,,0.0,,,0.0,0.0,0.0,,,,,,0.0,0.0,
2025-09-29 16:50:00,Estella E 1106,0.0,0.0,0.0,0.0,0.00035999999999999997,0.0,0.0,0.0,0.0,0.0,0.0213,0.0,0.07719,0.0,0.0,0.0
2025-09-29 16:55:00,Estella E 1106,0.0,0.0,,0.0,0.038759999999999996,,,,,,,,,,0.0,0.0
2025-09-29 17:00:00,Estella E 1106,0.0,0.0,0.034409999999999996,0.0,0.04026,0.0,0.0,0.0,,,,,,0.0,0.0,0.0
2025-09-29 17:05:00,Estella E 1106,0.0,0.0,0.03297,0.0,0.03972,0.0,0.0,0.0,0.0,0.0,0.02139,0.0,0.09869,0.0,0.0,0.0
2025-09-29 17:10:00,Estella E 1106,0.0,0.0,0.03322,0.0,0.00038,0.0,0.0,0.0,0.0,0.0,0.02134,0.0,0.061340000000000006,0.0,0.0,0.0
2025-09-29 17:15:00,Estella E 1106,0.0,0.0,,0.0,0.00031,,,,,,,,,,0.0,0.0
2025-09-29 17:20:00,Estella E 1106,0.0,0.0,,0.0,0.00026000000000000003,,,,,,,,,,0.0,0.0
2025-09-29 17:25:00,Estella E 1106,0.0,0.0,,0.0,0.00028000000000000003,,,,,,,,,,0.0,0.0
2025-09-29 17:30:00,Estella E 1106,0.0,0.0,0.00061,0.0,0.07742,0.0,0.0,0.0,,,,,,0.0,0.0,0.0
2025-09-29 17:35:00,Estella E 1106,0.0,0.0,0.0,0.0,0.04018,0.0,0.0,0.0,,,,,,0.0,0.0,0.0
2025-09-29 17:40:00,Estella E 1106,0.0,0.0,,0.0,0.038799999999999994,,,,,,,,,,0.0,0.0
2025-09-29 17:45:00,Estella E 1106,0.0,0.0,0.0,0.0,0.00032,0.0,0.0,0.0,,,,,,0.0,0.0,0.0
2025-09-29 17:50:00,Estella E 1106,0.0,0.0,0.0,0.0,0.00033,0.0,0.0,0.0,,,,,,0.0,0.0,0.0
2025-09-29 17:55:00,Estella E 1106,0.0,0.0,0.0,0.0,0.00034,0.0,0.0,0.0,,,,,,0.0,0.0,0.0
2025-09-29 18:00:00,Estella E 1106,0.0,0.0,,0.0,0.00031,,,,,,,,,,0.0,0.0
2025-09-29 18:05:00,Estella E 1106,0.0,0.0,0.0,0.0,0.04142,0.0,0.0,0.0,,,,,,0.0,0.0,0.0
2025-09-29 18:10:00,Estella E 1106,0.0,0.0,0.00107,0.0,0.04313,0.0,0.0,0.0,,,,,,0.0,0.0,0.0
2025-09-29 18:15:00,Estella E 1106,0.0,0.0,0.00106,0.0,0.04318,0.0,0.0,0.0,,,,,,0.0,0.0,0.0
2025-09-29 18:20:00,Estella E 1106,0.0,0.0,,0.0,0.17956999999999998,,,,,,,,,,0.0,0.0
2025-09-29 18:25:00,Estella E 1106,0.0,0.0,,0.0,0.17911000000000002,,,,,,,,,,0.0,0.0
2025-09-29 18:30:00,Estella E 1106,0.0,0.0,,0.0,0.17834999999999998,,,,,,,,,,0.0,0.0
2025-09-29 18:35:00,Estella E 1106,0.0,0.0,,0.0,0.00032,,,,,,,,,,0.0,0.0
2025-09-29 18:40:00,Estella E 1106,0.0,0.0,0.03472,0.0,0.00045,0.031149999999999997,0.0,0.04371,,,,,,0.0,0.0,0.0
2025-09-29 18:45:00,Estella E 1106,,,,,,,,,0.0,0.0,0.02067,0.0,0.18469,,0.0,
2025-09-29 18:50:00,Estella E 1106,0.0,0.0,0.03221,0.0,0.05652,0.0246,0.0,0.04307,0.0,0.0,0.020649999999999998,0.0,0.15896000000000002,0.0,0.0,0.0
2025-09-29 18:55:00,Estella E 1106,0.0,0.0,0.032909999999999995,0.0,0.054990000000000004,0.0,0.0,0.043,,,,,,0.0,0.0,0.0
2025-09-29 19:00:00,Estella E 1106,0.0,0.0,0.03312,0.0,0.053130000000000004,0.00924,0.0,0.04298,0.0,0.0,0.0,0.0,0.14392,0.0,0.0,0.0
2025-09-29 19:05:00,Estella E 1106,0.0,0.0,,0.0,0.05124,,,,,,,,,,0.0,0.0
2025-09-29 19:10:00,Estella E 1106,0.0,0.0,,0.0,0.0499,,,,0.0,0.0,0.0,0.0,0.14131,,0.0,0.0
2025-09-29 19:15:00,Estella E 1106,0.0,0.0,,0.0,0.04625,,,,0.0,0.0,0.0,0.0,0.17747,,0.0,0.0
2025-09-29 19:25:00,Estella E 1106,0.0,0.0,,0.0,0.04383,,,,0.0,0.0,0.0,0.0,0.21550999999999998,,0.0,0.0
2025-09-29 19:30:00,Estella E 1106,0.0,0.0,0.11565,0.0,0.04276,0.00881,0.0,0.039990000000000005,0.0,0.0,0.0,0.0,0.21447,0.0,0.0,0.0
2025-09-29 19:35:00,Estella E 1106,0.0,0.0,,0.0,0.04286,,,,0.0,0.0,0.0,0.0,0.21388,,0.0,0.0
2025-09-29 19:40:00,Estella E 1106,0.0,0.0,,0.0,0.042159999999999996,,,,,,,,,,0.0,0.0
2025-09-29 19:45:00,Estella E 1106,0.0,0.0,,0.0,0.04136,,,,0.0,0.0,0.0,0.0,0.17175,,0.0,0.0
2025-09-29 19:50:00,Estella E 1106,,,,,,,,,0.0,0.0,0.0,0.0,0.16348,,0.0,
2025-09-29 19:55:00,Estella E 1106,0.0,0.0,,0.0,0.00038,,,,0.0,0.0,0.0,0.0,0.16384,,0.0,0.0
2025-09-29 20:00:00,Estella E 1106,0.0,0.0,,0.0,0.00025,,,,0.0,0.0,0.0,0.0,0.16402,,0.0,0.0
2025-09-29 20:05:00,Estella E 1106,0.0,0.0,0.11588,0.0,0.03928,0.0,0.0,0.03993,0.0,0.0,0.0,0.0,0.20457,0.0,0.0,0.0
2025-09-29 20:10:00,Estella E 1106,0.0,0.0,,0.0,0.04205,,,,0.0,0.0,0.0,0.0,0.20427,,0.0,0.0
2025-09-29 20:15:00,Estella E 1106,0.0,0.0,0.10493000000000001,0.0,0.041530000000000004,0.0,0.0,0.0399,,,,,,0.0,0.0,0.0
2025-09-29 20:20:00,Estella E 1106,0.0,0.0,,0.0,0.0407,,,,0.0,0.0,0.0,0.0,0.20191,,0.0,0.0
2025-09-29 20:25:00,Estella E 1106,0.0,0.0,,0.0,0.04003,,,,0.0,0.0,0.0,0.0,0.16297,,0.0,0.0
2025-09-29 20:30:00,Estella E 1106,,,,,,,,,0.0,0.0,0.0,0.0,0.16291999999999998,,0.0,
2025-09-29 20:35:00,Estella E 1106,0.0,0.0,,0.0,0.00027,,,,0.0,0.0,0.0,0.0,0.12265999999999999,,0.0,0.0
2025-09-29 20:40:00,Estella E 1106,0.0,0.0,,0.0,0.00023999999999999998,,,,0.0,0.0,0.0,0.0,0.17477,,0.0,0.0
2025-09-29 20:45:00,Estella E 1106,0.0,0.0,,0.0,0.04004,,,,0.0,0.0,0.0,0.0,0.16204,,0.0,0.0
2025-09-29 20:50:00,Estella E 1106,0.0,0.0,,0.0,0.04011,,,,0.0,0.0,0.0,0.0,0.15053,,0.0,0.0
2025-09-29 20:55:00,Estella E 1106,0.0,0.0,0.11613,0.0,0.04001,0.0,0.0,0.0,0.0,0.0,0.0,0.0,0.2129,0.0,0.0,0.0
2025-09-29 21:00:00,Estella E 1106,0.0,0.0,0.11526,0.0,0.00032,0.00915,0.0,0.04115,0.0,0.0,0.0,0.0,0.17367,0.0,0.0,0.0
2025-09-29 21:05:00,Estella E 1106,0.0,0.0,,0.0,0.00029,,,,0.0,0.0,0.0,0.0,0.17357,,0.0,0.0
2025-09-29 21:10:00,Estella E 1106,0.0,0.0,,0.0,0.00023999999999999998,,,,,,,,,,0.0,0.0
2025-09-29 21:15:00,Estella E 1106,0.0,0.0,,0.0,0.00041999999999999996,,,,0.0,0.0,0.0,0.0,0.1645,,0.0,0.0
2025-09-29 21:20:00,Estella E 1106,0.0,0.0,,0.0,0.00373,,,,0.0,0.0,0.0,0.0,0.20959,,0.0,0.0
2025-09-29 21:25:00,Estella E 1106,0.0,0.0,,0.0,0.04424,,,,0.0,0.0,0.0,0.0,0.21356999999999998,,0.0,0.0
2025-09-29 21:30:00,Estella E 1106,0.0,0.0,0.11487,0.0,0.045340000000000005,0.00903,0.0,0.03771,,,,,,0.0,0.0,0.0
2025-09-29 21:35:00,Estella E 1106,0.0,0.0,0.11489,0.0,0.04294,0.00886,0.0,0.03786,0.0,0.0,0.0,0.0,0.17864,0.0,0.0,0.0
2025-09-29 21:40:00,Estella E 1106,0.0,0.0,,0.0,0.04159,,,,,,,,,,0.0,0.0
2025-09-29 21:45:00,Estella E 1106,0.0,0.0,,0.0,0.04097,,,,0.0,0.0,0.0,0.0,0.17585,,0.0,0.0
2025-09-29 21:50:00,Estella E 1106,0.0,0.0,,0.0,0.00027,,,,0.0,0.0,0.0,0.0,0.13637,,0.0,0.0
2025-09-29 21:55:00,Estella E 1106,0.0,0.0,,0.0,0.00026000000000000003,,,,0.0,0.0,0.0,0.0,0.12643000000000001,,0.0,0.0
2025-09-29 22:00:00,Estella E 1106,0.0,0.0,,0.0,0.00028000000000000003,,,,0.0,0.0,0.0,0.0,0.12713,,0.0,0.0
2025-09-29 22:05:00,Estella E 1106,0.0,0.0,0.08277,0.0,0.00029,0.0,0.0,0.037649999999999996,0.0,0.0,0.0,0.0,0.17578,0.0,0.0,0.0
2025-09-29 22:10:00,Estella E 1106,0.0,0.0,0.08144,0.0,0.03986,0.0,0.0,0.03714,0.0,0.0,0.048060000000000005,0.0,0.235,0.0,0.0,0.0
2025-09-29 22:15:00,Estella E 1106,0.0,0.0,0.08156000000000001,0.0,0.040170000000000004,0.02018,0.0,0.08003,,,,,,0.0,0.0,0.0
2025-09-29 22:20:00,Estella E 1106,0.0,0.0,0.08165,0.0,0.039619999999999995,0.0,0.0,0.08051,0.0,0.0,0.047409999999999994,0.0,0.25385,0.0,0.0,0.0
2025-09-29 22:25:00,Estella E 1106,0.0,0.0,0.08159000000000001,0.0,0.00029,0.0,0.0,0.03749,0.0,0.0,0.047229999999999994,0.0,0.21306,0.0,0.0,0.0
2025-09-29 22:30:00,Estella E 1106,0.0,0.0,0.16062,0.0,0.00028000000000000003,0.0,0.0,0.0,0.0,0.0,0.04707,0.0,0.21347,0.0,0.0,0.0
2025-09-29 22:35:00,Estella E 1106,0.0,0.0,0.15947,0.0,0.00038,0.0,0.0,0.0,0.0,0.0,0.04703,0.0,0.24919999999999998,0.0,0.0,0.0
2025-09-29 22:40:00,Estella E 1106,0.0,0.0,0.1595,0.0,0.00033,0.0337,0.0,0.0,,,,,,0.0,0.0,0.0
2025-09-29 22:45:00,Estella E 1106,0.0,0.0,0.16066,0.0,0.03744,0.0,0.0,0.0,0.00082,0.0,0.051840000000000004,0.0,0.09545999999999999,0.0,0.0,0.0
2025-09-29 22:50:00,Estella E 1106,0.0,0.0,0.0,0.0,0.04029,0.0,0.0,0.0,0.0,0.0,0.05053,0.0,0.09443,0.0,0.0,0.0
2025-09-29 22:55:00,Estella E 1106,0.0,0.0,0.0,0.0,0.03936,0.0,0.0,0.0,,,,,,0.0,0.0,0.0
2025-09-29 23:00:00,Estella E 1106,0.0,0.0,0.0,0.0,0.00047,0.0,0.0,0.0,,,,,,0.0,0.0,0.0
2025-09-29 23:05:00,Estella E 1106,0.0,0.0,0.0,0.0,0.00027,0.0,0.0,0.0,,,,,,0.0,0.0,0.0
2025-09-29 23:10:00,Estella E 1106,0.0,0.0,0.0,0.0,0.00029,0.0,0.0,0.0,,,,,,0.0,0.0,0.0
2025-09-29 23:15:00,Estella E 1106,0.0,0.0,0.0,0.0,0.00047,0.0,0.0,0.0,,,,,,0.0,0.0,0.0
2025-09-29 23:20:00,Estella E 1106,0.0,0.0,0.0,0.0,0.03828,0.0,0.0,0.0,,,,,,0.0,0.0,0.0
2025-09-29 23:25:00,Estella E 1106,0.0,0.0,0.0,0.0,0.04008,0.0,0.0,0.0,,,,,,0.0,0.0,0.0
2025-09-29 23:30:00,Estella E 1106,0.0,0.0,0.0,0.0,0.039450000000000006,0.0,0.0,0.0,,,,,,0.0,0.0,0.0
2025-09-29 23:35:00,Estella E 1106,0.0,0.0,0.0,0.0,0.00020999999999999998,0.0,0.0,0.0,,,,,,0.0,0.0,0.0
2025-09-29 23:40:00,Estella E 1106,0.0,0.0,0.0,0.0,0.00041999999999999996,0.0,0.0,0.0,,,,,,0.0,0.0,0.0
2025-09-29 23:45:00,Estella E 1106,0.0,0.0,0.0,0.0,0.00023999999999999998,0.0,0.0,0.0,,,,,,0.0,0.0,0.0
2025-09-29 23:50:00,Estella E 1106,0.0,0.0,0.0,0.0,0.00039,0.0,0.0,0.0,,,,,,0.0,0.0,0.0
2025-09-29 23:55:00,Estella E 1106,0.0,0.0,0.0,0.0,0.03835,0.0,0.0,0.0,,,,,,0.0,0.0,0.0
2025-09-30 00:00:00,Estella E 1106,0.0,0.0,0.0,0.0,0.039560000000000005,0.0,0.0,0.0,,,,,,0.0,0.0,0.0
2025-09-30 00:05:00,Estella E 1106,0.0,0.0,,0.0,0.03911,,,,,,,,,,0.0,0.0
2025-09-30 00:10:00,Estella E 1106,0.0,0.0,0.0,0.0,0.00026000000000000003,0.0,0.0,0.0,,,,,,0.0,0.0,0.0
2025-09-30 00:15:00,Estella E 1106,0.0,0.0,0.0,0.0,0.00031,0.0,0.0,0.0,,,,,,0.0,0.0,0.0
2025-09-30 00:20:00,Estella E 1106,0.0,0.0,0.0,0.0,0.0004,0.0,0.0,0.0,,,,,,0.0,0.0,0.0
2025-09-30 00:25:00,Estella E 1106,0.0,0.0,0.0,0.0,0.0004,0.0,0.0,0.0,,,,,,0.0,0.0,0.0
2025-09-30 00:30:00,Estella E 1106,,,0.0,,,0.0,0.0,0.0,,,,,,0.0,0.0,
2025-09-30 00:35:00,Estella E 1106,0.0,0.0,,0.0,0.039479999999999994,,,,,,,,,,0.0,0.0
2025-09-30 00:40:00,Estella E 1106,0.0,0.0,0.0,0.0,0.03925,0.0,0.0,0.0,,,,,,0.0,0.0,0.0
2025-09-30 00:45:00,Estella E 1106,0.0,0.0,0.0,0.0,0.00025,0.0,0.0,0.0,,,,,,0.0,0.0,0.0
2025-09-30 00:50:00,Estella E 1106,0.0,0.0,0.0,0.0,0.00033,0.0,0.0,0.0,,,,,,0.0,0.0,0.0
2025-09-30 00:55:00,Estella E 1106,0.0,0.0,0.0,0.0,0.00031,0.0,0.0,0.0,,,,,,0.0,0.0,0.0
2025-09-30 01:00:00,Estella E 1106,0.0,0.0,0.0,0.0,0.00033,0.0,0.0,0.0,,,,,,0.0,0.0,0.0
2025-09-30 01:05:00,Estella E 1106,0.0,0.0,0.08395,0.0,0.0386,0.0,0.0,0.0,,,,,,0.0,0.0,0.0
2025-09-30 01:10:00,Estella E 1106,0.0,0.0,0.08295999999999999,0.0,0.03959,0.0,0.0,0.0,0.0,0.0,0.02198,0.0,0.14955000000000002,0.0,0.0,0.0
2025-09-30 01:15:00,Estella E 1106,0.0,0.0,,0.0,0.0391,,,,,,,,,,0.0,0.0
2025-09-30 01:20:00,Estella E 1106,0.0,0.0,,0.0,0.0002,,,,,,,,,,0.0,0.0
2025-09-30 01:25:00,Estella E 1106,0.0,0.0,0.082,0.0,0.00022,0.0,0.0,0.0,,,,,,0.0,0.0,0.0
2025-09-30 01:30:00,Estella E 1106,0.0,0.0,0.08184999999999999,0.0,0.00025,0.0,0.0,0.0,0.0,0.0,0.02199,0.0,0.11076000000000001,0.0,0.0,0.0
2025-09-30 01:35:00,Estella E 1106,0.0,0.0,0.08173,0.0,0.00039,0.0,0.0,0.0,0.0,0.0,0.022170000000000002,0.0,0.11134999999999999,0.0,0.0,0.0
2025-09-30 01:40:00,Estella E 1106,0.0,0.0,0.08162,0.0,0.00173,0.0,0.0,0.0,,,,,,0.0,0.0,0.0
2025-09-30 01:45:00,Estella E 1106,0.0,0.0,0.08170999999999999,0.0,0.04089,0.0,0.0,0.0,,,,,,0.0,0.0,0.0
2025-09-30 01:50:00,Estella E 1106,0.0,0.0,0.0,0.0,0.04011,0.0,0.0,0.020149999999999998,,,,,,0.0,0.0,0.0
2025-09-30 01:55:00,Estella E 1106,0.0,0.0,,0.0,0.039560000000000005,,,,,,,,,,0.0,0.0
2025-09-30 02:00:00,Estella E 1106,0.0,0.0,,0.0,0.03904,,,,,,,,,,0.0,0.0
2025-09-30 02:05:00,Estella E 1106,0.0,0.0,0.0,0.0,0.00043,0.0,0.0,0.02001,,,,,,0.0,0.0,0.0
2025-09-30 02:10:00,Estella E 1106,0.0,0.0,0.0,0.0,0.00028000000000000003,0.0,0.0,0.02001,,,,,,0.0,0.0,0.0
2025-09-30 02:15:00,Estella E 1106,0.0,0.0,0.0,0.0,0.00020999999999999998,0.0,0.0,0.0,,,,,,0.0,0.0,0.0
2025-09-30 02:20:00,Estella E 1106,0.0,0.0,0.0,0.0,0.04982,0.0,0.0,-4e-05,,,,,,0.0,0.0,0.0
2025-09-30 02:25:00,Estella E 1106,0.0,0.0,0.0,0.0,0.039020000000000006,0.0,0.0,-1e-05,,,,,,0.0,0.0,0.0
2025-09-30 02:30:00,Estella E 1106,0.0,0.0,,0.0,0.03897,,,,,,,,,,0.0,0.0
2025-09-30 02:35:00,Estella E 1106,0.0,0.0,,0.0,0.00047,,,,,,,,,,0.0,0.0
2025-09-30 02:40:00,Estella E 1106,0.0,0.0,,0.0,0.00032,,,,,,,,,,0.0,0.0
2025-09-30 02:45:00,Estella E 1106,0.0,0.0,,0.0,0.00032,,,,0.0,0.0,0.01638,0.0,0.022789999999999998,,0.0,0.0
2025-09-30 02:50:00,Estella E 1106,0.0,0.0,,0.0,0.00026000000000000003,,,,,,,,,,0.0,0.0
2025-09-30 02:55:00,Estella E 1106,0.0,0.0,,0.0,0.03674,,,,,,,,,,0.0,0.0
2025-09-30 03:00:00,Estella E 1106,0.0,0.0,0.0,0.0,0.03871,0.0,0.0,-2e-05,,,,,,0.0,1e-05,0.0
2025-09-30 03:05:00,Estella E 1106,0.0,0.0,0.0,0.0,0.03857,0.0,0.0,0.0,,,,,,0.0,0.0,0.0
2025-09-30 03:10:00,Estella E 1106,0.0,0.0,,0.0,0.00041,,,,,,,,,,0.0,0.0
2025-09-30 03:15:00,Estella E 1106,0.0,0.0,,0.0,0.00032,,,,,,,,,,0.0,0.0
2025-09-30 03:20:00,Estella E 1106,0.0,0.0,,0.0,0.00023999999999999998,,,,,,,,,,0.0,0.0
2025-09-30 03:25:00,Estella E 1106,0.0,0.0,,0.0,0.00034,,,,,,,,,,0.0,0.0
2025-09-30 03:30:00,Estella E 1106,0.0,0.0,,0.0,0.03762,,,,0.0,0.0,0.01654,0.0,0.06021,,0.0,0.0
2025-09-30 03:35:00,Estella E 1106,0.0,0.0,,0.0,0.038810000000000004,,,,,,,,,,0.0,0.0
2025-09-30 03:40:00,Estella E 1106,0.0,0.0,,0.0,0.03867,,,,,,,,,,0.0,0.0
2025-09-30 03:45:00,Estella E 1106,0.0,0.0,,0.0,0.00043,,,,,,,,,,0.0,0.0
2025-09-30 03:50:00,Estella E 1106,0.0,0.0,,0.0,0.00033,,,,,,,,,,0.0,0.0
2025-09-30 03:55:00,Estella E 1106,0.0,0.0,,0.0,0.00033,,,,,,,,,,0.0,0.0
2025-09-30 04:00:00,Estella E 1106,0.0,0.0,,0.0,0.00034,,,,,,,,,,0.0,0.0
2025-09-30 04:05:00,Estella E 1106,0.0,0.0,,0.0,0.038369999999999994,,,,,,,,,,0.0,0.0
2025-09-30 04:10:00,Estella E 1106,0.0,0.0,0.0,0.0,0.0384,0.0,0.0,-1e-05,,,,,,0.0,0.0,0.0
2025-09-30 04:15:00,Estella E 1106,0.0,0.0,,0.0,0.03867,,,,0.0,0.0,0.01659,0.0,0.02287,,0.0,0.0
2025-09-30 04:20:00,Estella E 1106,0.0,0.0,0.0,0.0,0.00031,0.0,0.0,0.0,0.0,0.0,0.01657,0.0,0.02287,0.0,0.0,0.0
2025-09-30 04:25:00,Estella E 1106,0.0,0.0,,0.0,0.00039,,,,,,,,,,0.0,0.0
2025-09-30 04:30:00,Estella E 1106,0.0,0.0,,0.0,0.00028000000000000003,,,,,,,,,,0.0,0.0
2025-09-30 04:35:00,Estella E 1106,0.0,0.0,0.0,0.0,0.00033,0.0,0.0,0.0,0.0,0.0,0.01661,0.0,0.05884,0.0,1e-05,0.0
2025-09-30 04:40:00,Estella E 1106,0.0,0.0,,0.0,0.0386,,,,,,,,,,0.0,0.0
2025-09-30 04:45:00,Estella E 1106,0.0,0.0,0.0,0.0,0.038579999999999996,0.0,0.0,-1e-05,,,,,,0.0,0.0,0.0
2025-09-30 04:50:00,Estella E 1106,0.0,0.0,,0.0,0.03847,,,,0.0,0.0,0.022539999999999998,0.0,0.0289,,0.0,0.0
2025-09-30 04:55:00,Estella E 1106,0.0,0.0,0.0,0.0,0.00028000000000000003,0.0,0.0,-4e-05,0.0,0.0,0.022420000000000002,0.0,0.02885,0.0,0.0,0.0
2025-09-30 05:00:00,Estella E 1106,0.0,0.0,,0.0,0.00049,,,,,,,,,,0.0,0.0
2025-09-30 05:05:00,Estella E 1106,,,,,,,,,0.0,0.0,0.022260000000000002,0.0,0.02879,,0.0,
2025-09-30 05:10:00,Estella E 1106,0.0,0.0,,0.0,0.0004,,,,,,,,,,0.0,0.0
2025-09-30 05:15:00,Estella E 1106,0.0,0.0,0.0,0.0,0.15524000000000002,0.0,0.0,-8e-05,,,,,,0.0,0.0,0.0
2025-09-30 05:25:00,Estella E 1106,0.0,0.0,,0.0,0.00027,,,,0.0,0.0,0.0219,0.0,0.02885,,0.0,0.0
2025-09-30 05:30:00,Estella E 1106,0.0,0.0,,0.0,0.00029,,,,0.0,0.0,0.02197,0.0,0.02834,,0.0,0.0
2025-09-30 05:35:00,Estella E 1106,0.0,0.0,,0.0,0.00039,,,,,,,,,,0.0,0.0
2025-09-30 05:40:00,Estella E 1106,0.0,0.0,,0.0,0.00034,,,,0.0,0.0,0.02182,0.0,0.02863,,0.0,0.0
2025-09-30 05:45:00,Estella E 1106,0.0,0.0,,0.0,0.04779,,,,,,,,,,0.0,0.0
2025-09-30 06:00:00,Estella E 1106,,,0.0,,,0.0,0.0,0.0,0.0,0.0,0.03744,0.0,0.04339,0.0,0.0,
2025-09-30 06:10:00,Estella E 1106,,,0.0,,,0.0,0.0,0.0,,,,,,0.0,0.0,
2025-09-30 06:20:00,Estella E 1106,0.0,0.0,0.0,0.0,0.03667,0.0,0.0,0.0,,,,,,0.0,0.0,0.0
2025-09-30 06:25:00,Estella E 1106,,,0.0,,,0.0,0.0,0.0,,,,,,0.0,0.0,
2025-09-30 06:35:00,Estella E 1106,0.0,0.0,0.0,0.0,0.00028000000000000003,0.0,0.0,0.0,,,,,,0.0,0.0,0.0
2025-09-30 06:40:00,Estella E 1106,,,,,,,,,0.0,0.0,0.02091,0.0,0.048479999999999995,,0.0,
2025-09-30 06:45:00,Estella E 1106,,,,,,,,,0.0,0.0,0.02114,0.0,0.1671,,0.0,
2025-09-30 06:55:00,Estella E 1106,,,0.0,,,0.02665,0.0,0.0,,,,,,0.0,0.0,
2025-09-30 07:00:00,Estella E 1106,0.0,0.0,0.0,0.0,0.04122,0.01661,0.0,0.0,0.0,0.0,0.02095,0.0,0.08447,0.0,0.0,0.0
2025-09-30 07:05:00,Estella E 1106,0.0,0.0,,0.0,0.04056,,,,0.0,0.0,0.0206,0.0,0.08327,,0.0,0.0
2025-09-30 07:10:00,Estella E 1106,0.0,0.0,0.0,0.0,0.040100000000000004,0.01072,0.0,0.0,0.0,0.0,0.0206,0.0,0.07684,0.0,0.0,0.0
2025-09-30 07:15:00,Estella E 1106,0.0,0.0,0.0,0.0,0.00023999999999999998,0.0104,0.0,0.0,0.0,0.0,0.0205,0.0,0.03829,0.0,0.0,0.0
2025-09-30 07:20:00,Estella E 1106,0.0,0.0,0.0,0.0,0.00023999999999999998,0.00481,0.0,0.0,0.0,0.0,0.020649999999999998,0.0,0.03322,0.0,0.0,0.0
2025-09-30 07:25:00,Estella E 1106,0.0,0.0,0.0,0.0,0.00032,0.00528,0.0,0.0,0.0,0.0,0.02084,0.0,0.033909999999999996,0.0,0.0,0.0
2025-09-30 07:30:00,Estella E 1106,0.0,0.0,0.0,0.0,0.00032,0.00409,0.0,0.0,0.0,0.0,0.02079,0.0,0.06779,0.0,0.0,0.0
2025-09-30 07:35:00,Estella E 1106,0.0,0.0,0.0,0.0,0.03929,0.00414,0.0,0.0,0.0,0.0,0.0207,0.0,0.07114,0.0,0.0,0.0
2025-09-30 07:40:00,Estella E 1106,0.0,0.0,,0.0,0.04043,,,,0.0,0.0,0.02082,0.0,0.0707,,0.0,0.0
2025-09-30 07:45:00,Estella E 1106,0.0,0.0,,0.0,0.039700000000000006,,,,0.0,0.0,0.02068,0.0,0.07006,,0.0,0.0
2025-09-30 07:50:00,Estella E 1106,0.0,0.0091,0.0,0.0,0.0004,0.0,0.0,0.0,,,,,,0.0,0.0,0.0
2025-09-30 07:55:00,Estella E 1106,0.0,0.0,,0.0,0.00032,,,,,,,,,,0.0,0.0
2025-09-30 08:00:00,Estella E 1106,0.0,0.0,,0.0,0.00034,,,,,,,,,,0.0,0.0
2025-09-30 08:05:00,Estella E 1106,0.0,0.0,,0.0,0.00035999999999999997,,,,,,,,,,0.0,0.0
2025-09-30 08:10:00,Estella E 1106,0.0,0.0,,0.0,0.03714,,,,,,,,,,0.0,0.0
2025-09-30 08:15:00,Estella E 1106,0.0,0.0,,0.0,0.03986,,,,,,,,,,0.0,0.0
2025-09-30 08:20:00,Estella E 1106,0.0,0.0,0.0,0.0,0.039240000000000004,0.0,0.0,0.0,,,,,,0.0,0.0,0.0
2025-09-30 08:25:00,Estella E 1106,0.0,0.0,0.0,0.0,0.00035999999999999997,0.0,0.0,0.0,,,,,,0.0,0.0,0.0
2025-09-30 08:30:00,Estella E 1106,0.0,0.0,,0.0,0.00039,,,,,,,,,,0.0,0.0
2025-09-30 08:35:00,Estella E 1106,0.0,0.0,,0.0,0.00038,,,,,,,,,,0.0,0.0
2025-09-30 08:40:00,Estella E 1106,0.0,0.0,,0.0,0.00033,,,,,,,,,,0.0,0.0
2025-09-30 08:45:00,Estella E 1106,0.0,0.0,,0.0,0.038450000000000005,,,,,,,,,,0.0,0.0
2025-09-30 08:50:00,Estella E 1106,0.0,0.0,,0.0,0.03982,,,,,,,,,,0.0,0.0
2025-09-30 08:55:00,Estella E 1106,0.0,0.0,,0.0,0.039119999999999995,,,,0.0,0.0,0.02048,0.0,0.06459999999999999,,0.0,0.0
2025-09-30 09:00:00,Estella E 1106,0.0,0.0,,0.0,0.00035,,,,,,,,,,0.0,0.0
2025-09-30 09:05:00,Estella E 1106,0.0,0.0,,0.0,0.00038,,,,0.0,0.0,0.02121,0.0,0.027420000000000003,,0.0,0.0
2025-09-30 09:10:00,Estella E 1106,0.0,0.0,,0.0,0.00046,,,,0.0,0.0,0.02061,0.0,0.026719999999999997,,0.0,0.0
2025-09-30 09:15:00,Estella E 1106,0.0,0.0,0.0,0.0,0.00034,0.0,0.0,0.0,0.0,0.0,0.02045,0.0,0.07952,0.0,0.0,0.0
2025-09-30 09:20:00,Estella E 1106,0.0,0.0,0.0,0.0,0.03907,0.0,0.0,0.0,0.0,0.0,0.020649999999999998,0.0,0.06612,0.0,0.0,0.0
2025-09-30 09:25:00,Estella E 1106,0.0,0.0,,0.0,0.04065,,,,0.0,0.0,0.02057,0.0,0.06517,,0.0,0.0
2025-09-30 09:30:00,Estella E 1106,0.0,0.0,0.0,0.0,0.039619999999999995,0.0,0.0,0.0,0.0,0.0,0.02067,0.0,0.06513,0.0,0.0,0.0
2025-09-30 09:35:00,Estella E 1106,0.0,0.0,,0.0,0.0399,,,,,,,,,,0.0,0.0
2025-09-30 09:40:00,Estella E 1106,0.0,0.0,,0.0,0.00034,,,,0.0,0.0,0.02075,0.0,0.02698,,0.0,0.0
2025-09-30 09:45:00,Estella E 1106,0.0,0.0,,0.0,0.00035999999999999997,,,,,,,,,,0.0,0.0
2025-09-30 09:50:00,Estella E 1106,0.0,0.0,,0.0,0.00034,,,,0.0,0.0,0.0,0.0,0.00584,,0.0,0.0
2025-09-30 09:55:00,Estella E 1106,0.0,0.0,0.0,0.0,0.03849,0.0,0.0,0.0,0.0,0.0,0.0,0.0,0.04518,0.0,0.0,0.0
2025-09-30 10:00:00,Estella E 1106,0.0,0.0,,0.0,0.04113,,,,0.0,0.0,0.0,0.0,0.044969999999999996,,0.0,0.0
2025-09-30 10:05:00,Estella E 1106,0.0,0.0,,0.0,0.04021,,,,0.0,0.0,0.0,0.0,0.18524000000000002,,0.0,0.0
2025-09-30 10:10:00,Estella E 1106,0.0,0.0,,0.0,0.17806,,,,0.0,0.0,0.0,0.0,0.18384,,0.0,0.0
2025-09-30 10:15:00,Estella E 1106,0.0,0.0,,0.0,0.17878,,,,0.0,0.0,0.0,0.0,0.18371,,0.0,0.0
2025-09-30 10:20:00,Estella E 1106,0.0,0.0,,0.0,0.17979,,,,0.0,0.0,0.0,0.0,0.18474000000000002,,0.0,0.0
2025-09-30 10:25:00,Estella E 1106,0.0,0.0,0.0,0.0,0.17815999999999999,0.0,0.0,-2e-05,0.0,0.0,0.0,0.0,0.005889999999999999,0.0,0.0,0.0
2025-09-30 10:30:00,Estella E 1106,0.0,0.0,0.0,0.0,0.00033,0.0,0.0,0.0,0.0,0.0,0.0,0.0,0.005860000000000001,0.0,0.0,0.0
2025-09-30 10:35:00,Estella E 1106,0.0,0.0,,0.0,0.04998,,,,0.0,0.0,0.0,0.0,0.0583,,0.0,0.0
2025-09-30 10:40:00,Estella E 1106,0.0,0.0,,0.0,0.055,,,,0.0,0.0,0.0,0.0,0.059090000000000004,,0.0,0.0
2025-09-30 10:45:00,Estella E 1106,0.0,0.0,,0.0,0.05373,,,,,,,,,,0.0,0.0
2025-09-30 10:50:00,Estella E 1106,0.0,0.0,,0.0,0.051789999999999996,,,,0.0,0.0,0.0,0.0,0.08767,,0.0,0.0
2025-09-30 10:55:00,Estella E 1106,0.0,0.0,,0.0,0.050320000000000004,,,,0.0,0.0,0.0,0.0,0.10790000000000001,,0.0,0.0
2025-09-30 11:00:00,Estella E 1106,0.0,0.0,0.03447,0.0,0.04875,0.0,0.0,0.018949999999999998,0.0,0.0,0.0,0.0,0.10407999999999999,0.0,0.0,0.0
2025-09-30 11:05:00,Estella E 1106,0.0,0.0,,0.0,0.04437,,,,,,,,,,0.0,0.0
2025-09-30 11:10:00,Estella E 1106,0.0,0.0,,0.0,0.04267,,,,0.0,0.0,0.0,0.0,0.10083,,0.0,0.0
2025-09-30 11:15:00,Estella E 1106,0.0,0.0,,0.0,0.04165,,,,0.0,0.0,0.0,0.0,0.09881000000000001,,0.0,0.0
2025-09-30 11:20:00,Estella E 1106,0.0,0.0,,0.0,0.040920000000000005,,,,0.0,0.0,0.0,0.0,0.06627,,0.0,0.0
2025-09-30 11:25:00,Estella E 1106,0.0,0.0,0.0,0.0,0.00032,0.0,0.0,0.01823,0.0,0.0,0.0,0.0,0.02547,0.0,0.0,0.0
2025-09-30 11:30:00,Estella E 1106,0.0,0.0,,0.0,0.00047,,,,0.0,0.0,0.0,0.0,0.06038,,0.0,0.0
2025-09-30 11:35:00,Estella E 1106,0.0,0.0,,0.0,0.00041999999999999996,,,,,,,,,,0.0,0.0
2025-09-30 11:40:00,Estella E 1106,0.0,0.0,,0.0,0.05378,,,,0.0,0.0,0.0,0.0,0.09895,,0.0,0.0
2025-09-30 11:45:00,Estella E 1106,0.0,0.0,,0.0,0.04045,,,,0.0,0.0,0.08236,0.0,0.18097,,0.0,0.0
2025-09-30 11:50:00,Estella E 1106,0.0,0.0,,0.0,0.04018,,,,0.0,0.0,0.0,0.0,0.09975,,0.0,0.0
2025-09-30 11:55:00,Estella E 1106,0.0,0.0,,0.0,0.04163,,,,0.0,0.0,0.0,0.0,0.101,,0.0,0.0
2025-09-30 12:00:00,Estella E 1106,0.0,0.0,,0.0,0.04207,,,,0.0,0.0,0.0,0.0,0.10164,,0.0,0.0
2025-09-30 12:05:00,Estella E 1106,0.0,0.0,,0.0,0.04145,,,,0.0,0.0,0.0,0.0,0.12045,,0.0,0.0
2025-09-30 12:10:00,Estella E 1106,0.0,0.0,,0.0,0.00038,,,,0.0,0.0,0.0,0.0,0.10679000000000001,,0.0,0.0
2025-09-30 12:15:00,Estella E 1106,0.0,0.0,,0.0,0.00028000000000000003,,,,0.0,0.0,0.0,0.0,0.07361,,0.0,0.0
2025-09-30 12:20:00,Estella E 1106,0.0,0.0,,0.0,0.0006399999999999999,,,,0.0,0.0,0.0,0.0,0.14488,,0.0,0.0
2025-09-30 12:25:00,Estella E 1106,0.0,0.0,,0.0,0.00039,,,,,,,,,,0.0,0.0
2025-09-30 12:30:00,Estella E 1106,0.0,0.0,,0.0,0.04163,,,,0.0,0.0,0.0,0.0,0.11419,,0.0,0.0
2025-09-30 12:35:00,Estella E 1106,0.0,0.0,,0.0,0.04266,,,,,,,,,,0.0,0.0
2025-09-30 12:40:00,Estella E 1106,0.0,0.0,,0.0,0.04139,,,,0.0,0.0,0.0,0.0,0.11265,,0.0,0.0
2025-09-30 12:45:00,Estella E 1106,0.0,0.0,0.03379,0.0,0.04207,0.00994,0.0,0.01977,0.0,0.0,0.0,0.0,0.11270999999999999,0.0,0.0,0.0
2025-09-30 12:50:00,Estella E 1106,0.0,0.0,0.03297,0.0,0.04117,0.01093,0.0,0.0198,0.0,0.0,0.0,0.0,0.07227,0.0,0.0,0.0
2025-09-30 12:55:00,Estella E 1106,0.0,0.0,0.011460000000000001,0.0,0.00026000000000000003,0.0109,0.0,0.01995,0.0,0.0,0.0,0.0,0.039299999999999995,0.0,0.0,0.0
2025-09-30 13:00:00,Estella E 1106,0.0,0.0,0.0,0.0,0.00035,0.009980000000000001,0.0,0.020370000000000003,0.0,0.0,0.0,0.0,0.03995,0.0,0.0,0.0
2025-09-30 13:05:00,Estella E 1106,0.0,0.0,,0.0,0.00028000000000000003,,,,0.0,0.0,0.0,0.0,0.01806,,0.0,0.0
2025-09-30 13:10:00,Estella E 1106,0.0,0.0,,0.0,0.05726,,,,0.0,0.0,0.0,0.0,0.05752,,0.0,0.0
2025-09-30 13:15:00,Estella E 1106,0.0,0.0,0.0,0.0,0.0433,0.01094,0.0,0.0,,,,,,0.0,0.0,0.0
2025-09-30 13:20:00,Estella E 1106,0.0,0.0,,0.0,0.04294,,,,0.0,0.0,0.0,0.0,0.05801,,0.0,0.0
2025-09-30 13:25:00,Estella E 1106,0.0,0.0,0.0,0.0,0.041710000000000004,0.009859999999999999,0.0,0.0,,,,,,0.0,0.0,0.0
2025-09-30 13:30:00,Estella E 1106,0.0,0.0,0.0,0.0,0.04144,0.01099,0.0,0.0,,,,,,0.0,1e-05,0.0
2025-09-30 13:35:00,Estella E 1106,0.0,0.0,,0.0,0.040530000000000004,,,,,,,,,,0.0,0.0
2025-09-30 13:40:00,Estella E 1106,0.0,0.0,,0.0,0.039939999999999996,,,,0.0,0.0,0.0,0.0,2.96233,,2.90959,0.0
2025-09-30 13:45:00,Estella E 1106,0.0,0.0,,0.0,0.039020000000000006,,,,0.0,0.0,0.0,0.0,0.01329,,0.0,0.0
2025-09-30 13:50:00,Estella E 1106,0.0,0.0,,0.0,0.00023999999999999998,,,,0.0,0.0,0.0,0.0,0.01436,,0.0,0.0
2025-09-30 13:55:00,Estella E 1106,0.0,0.0,0.0,0.0,0.00038,0.00484,0.0,0.0,0.0,0.0,0.00717,0.0,0.019350000000000003,0.0,0.0,0.0
2025-09-30 14:00:00,Estella E 1106,0.0,0.0,,0.0,0.00031,,,,0.0,0.0,0.040979999999999996,0.0,0.09512000000000001,,0.0,0.0
2025-09-30 14:05:00,Estella E 1106,0.0,0.0,0.0,0.0,0.03989,0.00378,0.0,0.0,0.0,0.0,0.0,0.0,0.04811,0.0,0.0,0.0
2025-09-30 14:10:00,Estella E 1106,0.0,0.0,,0.0,0.039369999999999995,,,,0.0,0.0,0.0,0.0,0.048479999999999995,,0.0,0.0
2025-09-30 14:15:00,Estella E 1106,0.0,0.0,,0.0,0.00034,,,,0.0,0.0,0.0,0.0,0.03027,,0.0,0.0
2025-09-30 14:20:00,Estella E 1106,0.0,0.0,,0.0,0.00025,,,,0.0,0.0,0.0,0.0,0.03022,,0.0,0.0
2025-09-30 14:25:00,Estella E 1106,0.0,0.0,,0.0,0.00028000000000000003,,,,0.0,0.0,0.0,0.0,0.02973,,0.0,0.0
2025-09-30 14:30:00,Estella E 1106,0.0,0.0,,0.0,0.00043,,,,0.0,0.0,0.0,0.0,0.11505,,0.0,0.0
2025-09-30 14:35:00,Estella E 1106,0.0,0.0,,0.0,0.039630000000000006,,,,0.0,0.0,0.0,0.0,0.09864,,0.0,0.0
2025-09-30 14:40:00,Estella E 1106,0.0,0.0,,0.0,0.04039,,,,0.0,0.0,0.0,0.0,0.09827,,0.0,0.0
2025-09-30 14:45:00,Estella E 1106,0.0,0.0,,0.0,0.03968,,,,0.0,0.0,0.0,0.0,0.09813,,0.0,0.0
2025-09-30 14:50:00,Estella E 1106,0.0,0.0,,0.0,0.00041,,,,0.0,0.0,0.0,0.0,0.06071,,0.0,0.0
2025-09-30 14:55:00,Estella E 1106,0.0,0.0,,0.0,0.00026000000000000003,,,,0.0,0.0,0.0,0.0,0.06069,,0.0,0.0
2025-09-30 15:00:00,Estella E 1106,0.0,0.0,,0.0,0.00035999999999999997,,,,0.0,0.0,0.0,0.0,0.060399999999999995,,0.0,0.0
2025-09-30 15:05:00,Estella E 1106,0.0,0.0,,0.0,0.00032,,,,0.0,0.0,0.0,0.0,0.11379,,0.0,0.0
2025-09-30 15:10:00,Estella E 1106,0.0,0.0,,0.0,0.03816,,,,0.0,0.0,0.0,0.0,0.09731999999999999,,0.0,0.0
2025-09-30 15:15:00,Estella E 1106,0.0,0.0,0.053619999999999994,0.0,0.04025,0.0,0.0,0.0,,,,,,0.0,0.0,0.0
2025-09-30 15:20:00,Estella E 1106,0.0,0.0,,0.0,0.03976,,,,0.0,0.0,0.0,0.0,0.09848,,0.0,0.0
2025-09-30 15:25:00,Estella E 1106,0.0,0.0,,0.0,0.00034,,,,0.0,0.0,0.0,0.0,0.06008,,0.0,0.0
2025-09-30 15:30:00,Estella E 1106,0.0,0.0,,0.0,0.00034,,,,,,,,,,0.0,0.0
2025-09-30 15:35:00,Estella E 1106,0.0,0.0,,0.0,0.00026000000000000003,,,,,,,,,,0.0,0.0
2025-09-30 15:40:00,Estella E 1106,0.0,0.0,,0.0,0.00034,,,,0.0,0.0,0.0,0.0,0.11295999999999999,,0.0,0.0
2025-09-30 15:45:00,Estella E 1106,0.0,0.0,0.019379999999999998,0.0,0.038810000000000004,0.0,0.0,0.04071,0.0,0.0,0.0,0.0,0.10618999999999999,0.0,0.0,0.0
2025-09-30 15:50:00,Estella E 1106,0.0,0.0,,0.0,0.040060000000000005,,,,,,,,,,0.0,0.0
2025-09-30 15:55:00,Estella E 1106,0.0,0.03125,0.05292,0.0,0.039479999999999994,0.0,0.0,0.03965,,,,,,0.0,0.0,0.0
2025-09-30 16:00:00,Estella E 1106,0.0,0.0,0.0531,0.0,0.00029,0.0,0.0,0.039509999999999997,0.0,0.0,0.0,0.0,0.09978000000000001,0.0,0.0,0.0
2025-09-30 16:05:00,Estella E 1106,0.0,0.0,,0.0,0.00031,,,,0.0,0.0,0.0,0.0,0.08,,0.0,0.0
2025-09-30 16:10:00,Estella E 1106,,,,,,,,,0.0,0.0,0.0,0.0,0.07973000000000001,,0.0,
2025-09-30 16:15:00,Estella E 1106,,,0.033159999999999995,,,0.0,0.0,0.03878,0.0,0.0,0.0,0.0,0.11675,0.0,0.0,
2025-09-30 16:20:00,Estella E 1106,0.0,0.0,,0.0,0.041159999999999995,,,,,,,,,,0.0,0.0
2025-09-30 16:25:00,Estella E 1106,0.0,0.0,,0.0,0.04229,,,,0.0,0.0,0.0,0.0,0.11926,,0.0,0.0
2025-09-30 16:30:00,Estella E 1106,0.0,0.0,,0.0,0.04059,,,,,,,,,,0.0,0.0
2025-09-30 16:35:00,Estella E 1106,0.0,0.0,,0.0,0.08031999999999999,,,,0.0,0.0,0.0,0.0,0.16783,,0.0,0.0
2025-09-30 16:40:00,Estella E 1106,0.0,0.0,,0.0,0.00029,,,,0.0,0.0,0.038630000000000005,0.0,0.08398,,0.0,0.0
2025-09-30 16:45:00,Estella E 1106,0.0,0.0,,0.0,0.00038,,,,0.0,0.0,0.03817,0.0,0.08370999999999999,,0.0,0.0
2025-09-30 16:50:00,Estella E 1106,0.0,0.0,,0.0,0.00041,,,,0.0,0.0,0.038,0.0,0.08361,,0.0,0.0
2025-09-30 16:55:00,Estella E 1106,0.0,0.0,0.0,0.0,0.00038,0.0,0.0,0.03803,0.0,0.0,0.03775,0.0,0.1336,0.0,0.0,0.0
2025-09-30 17:00:00,Estella E 1106,0.0,0.0,,0.0,0.038369999999999994,,,,0.0,0.0,0.03761,0.0,0.12163,,0.0,0.0
2025-09-30 17:05:00,Estella E 1106,0.0,0.0,0.0,0.0,0.03997,0.0,0.0,0.03799,0.0,0.0,0.0,0.0,0.08331000000000001,0.0,0.0,0.0
2025-09-30 17:10:00,Estella E 1106,0.0,0.0,0.0,0.0,0.03943,0.0,0.0,0.03775,0.0,0.0,0.0,0.0,0.08231000000000001,0.0,0.0,0.0
2025-09-30 17:15:00,Estella E 1106,0.0,0.0,0.0,0.0,0.00023999999999999998,0.0,0.0,0.03785,,,,,,0.0,0.0,0.0
2025-09-30 17:20:00,Estella E 1106,,,,,,,,,0.0,0.0,0.0,0.0,0.045380000000000004,,0.0,
2025-09-30 17:35:00,Estella E 1106,0.0,0.0,0.0,0.0,0.039439999999999996,0.0,0.0,0.037880000000000004,0.0,0.0,0.0,0.0,0.08352,0.0,0.0,0.0
2025-09-30 17:40:00,Estella E 1106,0.0,0.0,0.0,0.0,0.03976,0.0,0.0,0.0,0.0,0.0,0.0,0.0,0.04415,0.0,0.0,0.0
2025-09-30 17:45:00,Estella E 1106,0.0,0.0,0.0,0.0,0.039369999999999995,0.0,0.0,0.0,0.0,0.0,0.0,0.0,0.00574,0.0,0.0,0.0
2025-09-30 17:50:00,Estella E 1106,0.0,0.0,,0.0,0.00023999999999999998,,,,0.0,0.0,0.0,0.0,0.00611,,0.0,0.0
2025-09-30 17:55:00,Estella E 1106,0.0,0.0,,0.0,0.00027,,,,0.0,0.0,0.0,0.0,0.00607,,0.0,0.0
2025-09-30 18:00:00,Estella E 1106,0.0,0.0,,0.0,0.00049,,,,0.0,0.0,0.0,0.0,0.00744,,0.0,0.0
2025-09-30 18:05:00,Estella E 1106,0.0,0.00038,,0.0,0.00029,,,,0.0,0.0,0.0,0.0,0.11774,,0.0,0.0
2025-09-30 18:10:00,Estella E 1106,0.0,0.0,0.032850000000000004,0.0,0.04059,0.0,0.0,0.038450000000000005,0.0,0.0,0.0,0.0,0.12774,0.0,0.0,0.0
2025-09-30 18:15:00,Estella E 1106,0.0,0.0,,0.0,0.039939999999999996,,,,,,,,,,0.0,0.0
2025-09-30 18:20:00,Estella E 1106,0.0,0.0,,0.0,0.039549999999999995,,,,0.0,0.0,0.0,0.0,0.1161,,0.0,0.0
2025-09-30 18:25:00,Estella E 1106,0.0,0.0,,0.0,0.0002,,,,,,,,,,0.0,0.0
2025-09-30 18:30:00,Estella E 1106,0.0,0.0,,0.0,0.00027,,,,0.0,0.0,0.0,0.0,0.05017,,0.0,0.0
2025-09-30 18:35:00,Estella E 1106,0.0,0.0,,0.0,0.00032,,,,,,,,,,0.0,0.0
2025-09-30 18:40:00,Estella E 1106,0.0,0.0,,0.0,0.00019,,,,,,,,,,0.0,0.0
2025-09-30 18:45:00,Estella E 1106,0.0,0.0,0.0,0.0,0.0391,0.0,0.0,0.08117,,,,,,0.0,0.0,0.0
2025-09-30 18:50:00,Estella E 1106,0.0,0.0,0.0834,0.0,0.039310000000000005,0.00919,0.0,0.0,0.0,0.0,0.0,0.0,0.13941,0.0,0.0,0.0
2025-09-30 18:55:00,Estella E 1106,0.0,0.0,0.08270000000000001,0.0,0.04118,0.00912,0.0,0.0,,,,,,0.0,0.0,0.0
2025-09-30 19:00:00,Estella E 1106,0.0,0.0,,0.0,0.0409,,,,,,,,,,0.0,0.0
2025-09-30 19:05:00,Estella E 1106,0.0,0.0,,0.0,0.00041,,,,,,,,,,0.0,0.0
2025-09-30 19:10:00,Estella E 1106,0.0,0.0,,0.0,0.00031,,,,,,,,,,0.0,0.0
2025-09-30 19:15:00,Estella E 1106,0.0,0.0,,0.0,0.00025,,,,,,,,,,0.0,0.0
2025-09-30 19:20:00,Estella E 1106,0.0,0.0,,0.0,0.00033,,,,0.0,0.0,0.0,0.0,0.15169,,0.0,0.0
2025-09-30 19:25:00,Estella E 1106,0.0,0.0,0.08148000000000001,0.0,0.03936,0.00882,0.0,0.0,0.0,0.0,0.0,0.0,0.1383,0.0,0.0,0.0
2025-09-30 19:30:00,Estella E 1106,0.0,0.0,0.08151,0.0,0.041280000000000004,0.00889,0.0,0.0,,,,,,0.0,0.0,0.0
2025-09-30 20:05:00,Estella E 1106,0.0,0.0,,0.0,0.00138,,,,0.0,0.0,0.0,0.0,0.7214,,0.0,0.0
2025-09-30 20:10:00,Estella E 1106,,,,,,,,,0.0,0.0,0.0,0.0,0.21572,,0.0,
2025-09-30 20:15:00,Estella E 1106,0.0,0.0,0.11495999999999999,0.0,0.04184,0.015179999999999999,0.0,0.039909999999999994,0.0,0.0,0.0,0.0,0.18424000000000001,0.0,0.0,0.0
2025-09-30 20:20:00,Estella E 1106,0.0,0.0,,0.0,0.040310000000000006,,,,0.0096,0.0,0.0,0.0,0.19165000000000001,,0.0,0.0
2025-09-30 20:25:00,Estella E 1106,0.0,0.0,,0.0,0.03932,,,,,,,,,,0.0,0.0
2025-09-30 20:30:00,Estella E 1106,0.0,0.0,0.16297999999999999,0.0,0.0008399999999999999,0.026920000000000003,0.0,0.07956,0.01905,0.0,0.0,0.0,0.30998,0.0,0.0,0.0
2025-09-30 20:35:00,Estella E 1106,0.0,0.0,0.08166,0.0,0.00032,0.01319,0.0,0.039799999999999995,,,,,,0.0,0.0,0.0
2025-09-30 20:40:00,Estella E 1106,0.0,0.0,,0.0,0.0007,,,,0.0,0.0,0.0,0.0,0.23247,,0.0,0.0
2025-09-30 20:45:00,Estella E 1106,0.0,0.0,,0.0,0.03986,,,,0.0,0.0,0.0,0.0,0.13681000000000001,,0.0,0.0
2025-09-30 20:50:00,Estella E 1106,0.0,0.0,0.08148000000000001,0.0,0.03965,0.02976,0.0,0.0,,,,,,0.0,0.0,0.0
2025-09-30 20:55:00,Estella E 1106,0.0,0.0,0.16269999999999998,0.0,0.07878,0.05966,0.0,0.0,0.0,0.0,0.07335,0.0,0.39252,0.0,0.0,0.0
2025-09-30 21:00:00,Estella E 1106,0.0,0.00899,0.08148999999999999,0.0,0.00026000000000000003,0.02974,0.0,0.04129,0.0,0.0,0.0351,0.0,0.19628,0.0,0.0,0.0
2025-09-30 21:05:00,Estella E 1106,0.0,0.0,0.08137,0.0,0.00046,0.02625,0.0,0.04101,0.0,0.0,0.0,0.0,0.15725999999999998,0.0,0.0,0.0
2025-09-30 21:10:00,Estella E 1106,0.0,0.0,0.08151,0.0,0.00035999999999999997,0.020050000000000002,0.0,0.040979999999999996,0.0,0.0,0.0,0.0,0.15094,0.0,0.0,0.0
2025-09-30 21:15:00,Estella E 1106,0.0,0.00891,0.08141,0.0,0.05049,0.020300000000000002,0.0,0.04058,0.0,0.0,0.0,0.0,0.18957,0.0,0.0,0.0
2025-09-30 21:20:00,Estella E 1106,0.0,0.0,,0.0,0.04162,,,,0.0,0.0,0.03582,0.0,0.22755,,0.0,0.0
2025-09-30 21:25:00,Estella E 1106,0.0,0.0,0.08151,0.0,0.04115,0.02038,0.0,0.04086,0.0,0.0,0.0,0.0,0.19077000000000002,0.0,0.0,0.0
2025-09-30 21:30:00,Estella E 1106,0.0,0.008919999999999999,0.08148000000000001,0.0,0.040780000000000004,0.0,0.0,0.04075,0.0,0.0,0.0,0.0,0.17021,0.0,0.0,0.0
2025-09-30 21:35:00,Estella E 1106,0.0,0.00893,,0.0,0.041229999999999996,,,,0.0,0.0,0.03579,0.0,0.21575,,0.0,0.0
2025-09-30 21:40:00,Estella E 1106,0.0,0.00878,,0.0,0.00032,,,,0.0,0.0,0.03531,0.0,0.10334,,0.0,0.0
2025-09-30 21:45:00,Estella E 1106,0.0,0.0,0.07964,0.0,0.00034,0.0,0.0,0.06044,0.0,0.0,0.0,0.0,0.14690999999999999,0.0,0.0,0.0
2025-09-30 21:50:00,Estella E 1106,0.0,0.0,0.0777,0.0,0.00028000000000000003,0.0,0.0,0.06037,0.0,0.0,0.0,0.0,0.14673,0.0,0.0,0.0
2025-09-30 21:55:00,Estella E 1106,0.0,0.0,0.07776000000000001,0.0,0.00033,0.0,0.0,0.0605,0.0,0.0,0.0,0.0,0.18431999999999998,0.0,0.0,0.0
2025-09-30 22:00:00,Estella E 1106,0.0,0.0,0.07571,0.0,0.04125,0.0,0.0,0.05908,0.0,0.0,0.0,0.0,0.18255000000000002,0.0,0.0,0.0
2025-09-30 22:05:00,Estella E 1106,0.0,0.0,0.07498,0.0,0.04209,0.0,0.0,0.05849,,,,,,0.0,0.0,0.0
2025-09-30 22:10:00,Estella E 1106,0.0,0.0,0.07553,0.0,0.04086,0.00937,0.0,0.05869,0.0,0.0,0.0,0.0,0.19022,0.0,0.0,0.0
2025-09-30 22:15:00,Estella E 1106,0.0,0.0,0.07490999999999999,0.0,0.039670000000000004,0.009089999999999999,0.0,0.05868,0.0,0.0,0.0,0.0,0.18614,0.0,0.0,0.0
2025-09-30 22:20:00,Estella E 1106,0.0,0.0,,0.0,0.00028000000000000003,,,,0.0,0.0,0.0,0.0,0.18461000000000002,,0.0,0.0
2025-09-30 22:25:00,Estella E 1106,0.0,0.0,0.07492,0.0,0.00039,0.00902,0.0,0.05878,0.0,0.0,0.0,0.0,0.15181999999999998,0.0,0.0,0.0
2025-09-30 22:30:00,Estella E 1106,0.0,0.0,0.07473,0.0,0.00022,0.00874,0.0,0.05863,0.0,0.0,0.0,0.0,0.15113,0.0,0.0,0.0
2025-09-30 22:35:00,Estella E 1106,0.0,0.0,0.04112,0.0,0.0378,0.01058,0.0,0.05838,0.0,0.0,0.04839,0.0,0.16419,0.0,0.0,0.0
2025-09-30 22:40:00,Estella E 1106,0.0,0.0,,0.0,0.04032,,,,0.0,0.0,0.04772,0.0,0.11774,,0.0,0.0
2025-09-30 22:45:00,Estella E 1106,0.0,0.0,,0.0,0.03971,,,,0.0,0.0,0.09465000000000001,0.0,0.225,,0.0,0.0
2025-09-30 22:50:00,Estella E 1106,0.0,0.0,0.12592,0.0,0.03825,0.0,0.0,0.0,0.0,0.0,0.09226999999999999,0.0,0.13924,0.0,0.0,0.0
2025-09-30 22:55:00,Estella E 1106,0.0,0.0,,0.0,0.00033,,,,,,,,,,0.0,0.0
2025-09-30 23:00:00,Estella E 1106,0.0,0.0,,0.0,0.00035999999999999997,,,,0.0,0.0,0.04775,0.0,0.17909999999999998,,0.0,0.0
2025-09-30 23:05:00,Estella E 1106,0.0,0.0,0.04161,0.0,0.00032,0.0,0.0,0.0,,,,,,0.0,0.0,0.0
2025-09-30 23:10:00,Estella E 1106,0.0,0.0,0.04161,0.0,0.03688,0.0,0.0,0.0,,,,,,0.0,0.0,0.0
2025-09-30 23:15:00,Estella E 1106,0.0,0.0,,0.0,0.04025,,,,,,,,,,0.0,0.0
2025-09-30 23:20:00,Estella E 1106,0.0,0.0,0.04188,0.0,0.03841,0.0,0.0,0.0,,,,,,0.0,0.0,0.0
2025-09-30 23:25:00,Estella E 1106,0.0,0.0,0.0418,0.0,0.00028000000000000003,0.0,0.0,0.0,,,,,,0.0,0.0,0.0
2025-09-30 23:30:00,Estella E 1106,0.0,0.0,0.04162,0.0,0.00035,0.0,0.0,0.0,,,,,,0.0,0.0,0.0
2025-09-30 23:35:00,Estella E 1106,0.0,0.0,0.041479999999999996,0.0,0.00035999999999999997,0.0,0.0,0.0,,,,,,0.0,0.0,0.0
2025-09-30 23:40:00,Estella E 1106,0.0,0.0,,0.0,0.00043,,,,0.0,0.0,0.01797,0.0,0.10203,,0.0,0.0
2025-09-30 23:45:00,Estella E 1106,0.0,0.0,0.04175,0.0,0.03739,0.0,0.0,0.0,,,,,,0.0,0.0,0.0
2025-09-30 23:50:00,Estella E 1106,0.0,0.0,,0.0,0.038149999999999996,,,,0.0,0.0,0.00723,0.0,0.09282,,0.0,0.0
2025-09-30 23:55:00,Estella E 1106,0.0,0.0,,0.0,0.03762,,,,0.0,0.0,0.00723,0.0,0.05643,,0.0,0.0
2025-10-01 00:00:00,Estella E 1106,0.0,0.0,,0.0,0.00011,,,,0.0,0.0,0.00736,0.0,0.056780000000000004,,0.0,0.0
2025-10-01 00:05:00,Estella E 1106,0.0,0.0,,0.0,0.00029,,,,,,,,,,0.0,0.0
2025-10-01 00:10:00,Estella E 1106,0.0,0.0,,0.0,0.00028000000000000003,,,,,,,,,,0.0,0.0
2025-10-01 00:15:00,Estella E 1106,0.0,0.0,,0.0,0.0517,,,,0.0,0.0,0.00734,0.0,0.05083,,0.0,0.0
2025-10-01 00:20:00,Estella E 1106,0.0,0.00904,,0.0,0.03983,,,,0.0,0.0,0.0074,0.0,0.06149,,0.0,0.0
2025-10-01 00:25:00,Estella E 1106,0.0,0.0,0.0,0.0,0.0386,0.0,0.0,-1e-05,0.0,0.0,0.00735,0.0,0.05092,0.0,0.0,0.0
2025-10-01 00:30:00,Estella E 1106,,,,,,,,,0.0,0.0,0.00739,0.0,0.013859999999999999,,0.0,
2025-10-01 00:35:00,Estella E 1106,0.0,0.0,,0.0,0.00029,,,,0.0,0.0,0.00746,0.0,0.01393,,0.0,0.0
2025-10-01 00:40:00,Estella E 1106,0.0,0.0,,0.0,0.00025,,,,,,,,,,0.0,0.0
2025-10-01 00:45:00,Estella E 1106,0.0,0.0,0.0,0.0,0.00035,0.0,0.0,0.0,,,,,,0.0,0.0,0.0
2025-10-01 00:50:00,Estella E 1106,0.0,0.0,0.0,0.0,0.037689999999999994,0.0,0.0,-1e-05,,,,,,0.0,0.0,0.0
2025-10-01 00:55:00,Estella E 1106,0.0,0.0,,0.0,0.03897,,,,0.0,0.0,0.00721,0.0,0.05061,,0.0,0.0
2025-10-01 01:00:00,Estella E 1106,0.0,0.0,,0.0,0.19501,,,,0.0,0.0,0.0074,0.0,0.20595,,0.0,0.0
2025-10-01 01:05:00,Estella E 1106,0.0,0.0,,0.0,0.19374,,,,,,,,,,0.0,0.0
2025-10-01 01:10:00,Estella E 1106,0.0,0.0,0.0,0.0,0.19366,0.0,0.0,-1e-05,0.0,0.0,0.00736,0.0,0.20729,0.0,0.0,0.0
2025-10-01 01:15:00,Estella E 1106,0.0,0.0,,0.0,0.19183,,,,0.0,0.0,0.00717,0.0,0.20524,,0.0,0.0
2025-10-01 01:20:00,Estella E 1106,0.0,0.0,,0.0,0.00038,,,,0.0,0.0,0.0072699999999999996,0.0,0.01366,,0.0,0.0
2025-10-01 01:25:00,Estella E 1106,0.0,0.0,,0.0,0.0004,,,,,,,,,,0.0,0.0
2025-10-01 01:30:00,Estella E 1106,,,,,,,,,0.0,0.0,0.00729,0.0,0.06573000000000001,,0.0,
2025-10-01 01:35:00,Estella E 1106,0.0,0.0,,0.0,0.05279,,,,,,,,,,0.0,0.0
2025-10-01 01:40:00,Estella E 1106,0.0,0.0,,0.0,0.05061,,,,,,,,,,0.0,0.0
2025-10-01 01:45:00,Estella E 1106,0.0,0.0,,0.0,0.04931,,,,0.0,0.0,0.00723,0.0,0.06091,,0.0,0.0
2025-10-01 01:50:00,Estella E 1106,0.0,0.0,0.0,0.0,0.04618,0.0,0.0,0.0,,,,,,0.0,0.0,0.0
2025-10-01 01:55:00,Estella E 1106,,,0.0,,,0.0,0.0,0.0,,,,,,0.0,0.0,
2025-10-01 02:10:00,Estella E 1106,0.0,0.0,,0.0,0.00023999999999999998,,,,,,,,,,0.0,0.0
2025-10-01 02:15:00,Estella E 1106,0.0,0.0,,0.0,0.00031,,,,,,,,,,0.0,0.0
2025-10-01 02:20:00,Estella E 1106,0.0,0.0,,0.0,0.00027,,,,,,,,,,0.0,0.0
2025-10-01 02:25:00,Estella E 1106,0.0,0.0,,0.0,0.00020999999999999998,,,,,,,,,,0.0,0.0
2025-10-01 02:30:00,Estella E 1106,0.0,0.0,,0.0,0.039619999999999995,,,,,,,,,,0.0,0.0
2025-10-01 02:35:00,Estella E 1106,0.0,0.0,,0.0,0.039409999999999994,,,,,,,,,,0.0,0.0
2025-10-01 02:40:00,Estella E 1106,0.0,0.0,0.0,0.0,0.03915,0.0,0.0,0.0,,,,,,0.0,0.0,0.0
2025-10-01 02:45:00,Estella E 1106,0.0,0.0,,0.0,0.00035999999999999997,,,,0.0,0.0,0.01647,0.0,0.02237,,0.0,0.0
2025-10-01 02:50:00,Estella E 1106,0.0,0.0,,0.0,0.00041,,,,,,,,,,0.0,0.0
2025-10-01 02:55:00,Estella E 1106,,,,,,,,,0.0,0.0,0.01656,0.0,0.02266,,0.0,
2025-10-01 03:00:00,Estella E 1106,,,,,,,,,0.0,0.0,0.01657,0.0,0.02266,,0.0,
2025-10-01 03:05:00,Estella E 1106,0.0,0.0,0.0,0.0,0.03936,0.0,0.0,0.0,0.0,0.0,0.016460000000000002,0.0,0.06037,0.0,1e-05,0.0
2025-10-01 03:10:00,Estella E 1106,0.0,0.0,,0.0,0.03871,,,,0.0,0.0,0.01656,0.0,0.05998,,0.0,0.0
2025-10-01 03:15:00,Estella E 1106,0.0,0.0,,0.0,0.038979999999999994,,,,,,,,,,0.0,0.0
2025-10-01 03:20:00,Estella E 1106,0.0,0.0,,0.0,0.00028000000000000003,,,,,,,,,,0.0,0.0
2025-10-01 03:25:00,Estella E 1106,0.0,0.0,,0.0,0.00038,,,,,,,,,,0.0,0.0
2025-10-01 03:30:00,Estella E 1106,0.0,0.0,,0.0,0.00027,,,,,,,,,,0.0,0.0
2025-10-01 03:35:00,Estella E 1106,0.0,0.0,,0.0,0.00029,,,,0.0,0.0,0.01647,0.0,0.07572,,0.0,0.0
2025-10-01 03:40:00,Estella E 1106,0.0,0.0,,0.0,0.03867,,,,0.0,0.0,0.01651,0.0,0.05951,,0.0,0.0
2025-10-01 03:45:00,Estella E 1106,0.0,0.0,,0.0,0.03878,,,,0.0,0.0,0.016489999999999998,0.0,0.06031,,0.0,0.0
2025-10-01 03:50:00,Estella E 1106,0.0,0.0,,0.0,0.038880000000000005,,,,0.0,0.0,0.0165,0.0,0.05994,,0.0,0.0
2025-10-01 03:55:00,Estella E 1106,0.0,0.0,0.0,0.0,0.00029,0.0,0.0,0.0,,,,,,0.0,0.0,0.0
2025-10-01 04:00:00,Estella E 1106,,,,,,,,,0.0,0.0,0.016489999999999998,0.0,0.022690000000000002,,0.0,
2025-10-01 04:05:00,Estella E 1106,,,0.0,,,0.0,0.0,0.0,,,,,,0.0,0.0,
2025-10-01 04:10:00,Estella E 1106,0.0,0.0,,0.0,0.00031,,,,,,,,,,0.0,0.0
2025-10-01 04:15:00,Estella E 1106,0.0,0.0,,0.0,0.03861,,,,,,,,,,0.0,0.0
2025-10-01 04:20:00,Estella E 1106,0.0,0.0,,0.0,0.0386,,,,,,,,,,0.0,0.0
2025-10-01 04:25:00,Estella E 1106,0.0,0.0,,0.0,0.038020000000000005,,,,,,,,,,0.0,0.0
2025-10-01 04:30:00,Estella E 1106,,,,,,,,,0.0,0.0,0.0166,0.0,0.022539999999999998,,0.0,
2025-10-01 04:35:00,Estella E 1106,0.0,0.0,,0.0,0.00026000000000000003,,,,0.0,0.0,0.01656,0.0,0.02233,,0.0,0.0
2025-10-01 04:45:00,Estella E 1106,0.0,0.0,0.0,0.0,0.04935,0.0,0.0,-1e-05,,,,,,0.0,1e-05,0.0
2025-10-01 04:55:00,Estella E 1106,0.0,0.0,0.0,0.0,0.038149999999999996,0.0,0.0,-5e-05,,,,,,0.0,0.0,0.0
2025-10-01 05:00:00,Estella E 1106,0.0,0.0,0.0,0.0,0.00039,0.0,0.0,-1e-05,,,,,,0.0,0.0,0.0
2025-10-01 05:05:00,Estella E 1106,0.0,0.0,,0.0,0.00035999999999999997,,,,,,,,,,0.0,0.0
2025-10-01 05:10:00,Estella E 1106,0.0,0.0,,0.0,0.00032,,,,,,,,,,0.0,0.0
2025-10-01 05:15:00,Estella E 1106,0.0,0.0,,0.0,0.00034,,,,0.0,0.0,0.01644,0.0,0.022600000000000002,,0.0,0.0
2025-10-01 05:20:00,Estella E 1106,0.0,0.0,,0.0,0.036270000000000004,,,,0.0,0.0,0.016390000000000002,0.0,0.05913,,0.0,0.0
2025-10-01 05:25:00,Estella E 1106,0.0,0.0,,0.0,0.03829,,,,,,,,,,0.0,0.0
2025-10-01 05:30:00,Estella E 1106,0.0,0.0,,0.0,0.03814,,,,,,,,,,0.0,0.0
2025-10-01 05:35:00,Estella E 1106,0.0,0.0,,0.0,0.00028000000000000003,,,,,,,,,,0.0,0.0
2025-10-01 05:40:00,Estella E 1106,0.0,0.0,,0.0,0.00034,,,,,,,,,,0.0,0.0
2025-10-01 05:45:00,Estella E 1106,0.0,0.0,,0.0,0.00022,,,,,,,,,,0.0,0.0
2025-10-01 05:50:00,Estella E 1106,0.0,0.0,,0.0,0.00032,,,,,,,,,,0.0,0.0
2025-10-01 05:55:00,Estella E 1106,0.0,0.0,,0.0,0.0368,,,,,,,,,,0.0,0.0
2025-10-01 06:00:00,Estella E 1106,0.0,0.0,,0.0,0.038329999999999996,,,,,,,,,,0.0,0.0
2025-10-01 06:05:00,Estella E 1106,0.0,0.0,,0.0,0.03843,,,,,,,,,,0.0,0.0
2025-10-01 06:10:00,Estella E 1106,0.0,0.0,,0.0,0.00033,,,,,,,,,,0.0,0.0
2025-10-01 06:15:00,Estella E 1106,0.0,0.0,,0.0,0.00028000000000000003,,,,,,,,,,0.0,0.0
2025-10-01 06:20:00,Estella E 1106,0.0,0.0,,0.0,0.00032,,,,,,,,,,0.0,0.0
2025-10-01 06:25:00,Estella E 1106,0.0,0.0,,0.0,0.00029,,,,,,,,,,0.0,0.0
2025-10-01 06:35:00,Estella E 1106,0.0,0.0,,0.0,0.038619999999999995,,,,0.0,0.0,0.0,0.0,0.12799,,0.0,0.0
2025-10-01 06:40:00,Estella E 1106,0.0,0.0,,0.0,0.040119999999999996,,,,0.0,0.0,0.0,0.0,0.12838999999999998,,0.0,0.0
2025-10-01 06:45:00,Estella E 1106,0.0,0.0,,0.0,0.04038,,,,0.0,0.0,0.0,0.0,0.12819,,0.0,0.0
2025-10-01 06:50:00,Estella E 1106,0.0,0.0,,0.0,0.00029,,,,,,,,,,0.0,0.0
2025-10-01 06:55:00,Estella E 1106,0.0,0.0,,0.0,0.00025,,,,0.0,0.0,0.07747,0.0,0.16573,,0.0,0.0
2025-10-01 07:00:00,Estella E 1106,0.0,0.0,,0.0,0.00033,,,,0.0,0.0,0.0,0.0,0.08821,,0.0,0.0
2025-10-01 07:05:00,Estella E 1106,0.0,0.0,,0.0,0.0004,,,,0.0,0.0,0.0,0.0,0.20102,,0.0,0.0
2025-10-01 07:10:00,Estella E 1106,0.0,0.0,,0.0,0.040909999999999995,,,,0.0,0.0,0.0,0.0,0.25549,,0.0,0.0
2025-10-01 07:15:00,Estella E 1106,0.0,0.0,0.08144,0.0,0.04175,0.01068,0.0,0.0,0.0,0.0,0.0,0.0,0.1398,0.0,0.0,0.0
2025-10-01 07:20:00,Estella E 1106,0.0,0.00888,0.0,0.0,0.04129,0.01085,0.0,0.0,0.0,0.0,0.0,0.0,0.06681999999999999,0.0,0.0,0.0
2025-10-01 07:25:00,Estella E 1106,0.0,0.00893,,0.0,0.04106,,,,0.0,0.0,0.0,0.0,0.09506999999999999,,0.0,0.0
2025-10-01 07:30:00,Estella E 1106,0.0,0.00897,,0.0,0.040420000000000005,,,,0.0,0.0,0.0,0.0,0.20717,,0.0,0.0
2025-10-01 07:35:00,Estella E 1106,0.0,0.00877,,0.0,0.00032,,,,0.0,0.0,0.0,0.0,2.7610900000000003,,2.73938,0.0
2025-10-01 07:40:00,Estella E 1106,0.0,0.0089,,0.0,0.00035,,,,0.0,0.0,0.0,0.0,0.021929999999999998,,0.0,0.0
2025-10-01 07:45:00,Estella E 1106,0.0,0.00876,,0.0,0.00039,,,,0.0,0.0,0.0,0.0,0.023329999999999997,,0.0,0.0
2025-10-01 07:50:00,Estella E 1106,0.0,0.00874,,0.0,0.05343,,,,0.0,0.0,0.0,0.0,0.07662000000000001,,0.0,0.0
2025-10-01 07:55:00,Estella E 1106,2.68681,0.00879,,0.0,0.04131,,,,0.0,0.0,0.03726,0.0,2.80552,,0.0,0.0
2025-10-01 08:00:00,Estella E 1106,2.6708000000000003,0.00883,,0.0,0.04081,,,,0.0,0.0,0.03648,0.0,2.7630500000000002,,0.0,0.0
2025-10-01 08:05:00,Estella E 1106,0.0,0.00869,0.0,0.0,0.04039,0.0,0.0,0.0,0.0,0.0,0.03696,0.0,0.09276000000000001,0.0,0.0,0.0
2025-10-01 08:10:00,Estella E 1106,0.0,0.00873,,0.0,0.00029,,,,0.0,0.0,0.03682,0.0,0.053200000000000004,,0.0,0.0
2025-10-01 08:15:00,Estella E 1106,0.0,0.00887,,0.0,0.00038,,,,0.0,0.0,0.03674,0.0,0.05343,,0.0,0.0
2025-10-01 08:20:00,Estella E 1106,0.0,0.00879,,0.0,0.00034,,,,0.0,0.0,0.03644,0.0,0.05354,,0.0,0.0
2025-10-01 08:25:00,Estella E 1106,0.0,0.00873,,0.0,0.0004,,,,0.0,0.0,0.03617,0.0,0.05343,,0.0,0.0
2025-10-01 08:30:00,Estella E 1106,0.0,0.00881,,0.0,0.03959,,,,0.0,0.0,0.036270000000000004,0.0,0.09031,,0.0,0.0
2025-10-01 08:35:00,Estella E 1106,0.0,0.0,,0.0,0.04022,,,,0.0,0.0,0.03562,0.0,0.08204,,0.0,0.0
2025-10-01 08:40:00,Estella E 1106,0.0,0.0,,0.0,0.03976,,,,0.0,0.0,0.03775,0.0,0.08359,,0.0,0.0
2025-10-01 08:45:00,Estella E 1106,2.7349,0.00885,0.0,0.0,0.00020999999999999998,0.0,0.0,-1e-05,0.0,0.0,0.03662,0.0,2.79644,0.0,0.0,0.0
2025-10-01 08:50:00,Estella E 1106,2.7383200000000003,0.0089,,0.0,0.00016,,,,0.0,0.0,0.03663,0.0,2.79473,,0.0,0.0
2025-10-01 08:55:00,Estella E 1106,2.74988,0.00885,0.0,0.0,0.05534,0.0,0.0,-1e-05,0.0,0.0,0.036789999999999996,0.0,2.86189,0.0,0.0,0.0
2025-10-01 09:00:00,Estella E 1106,0.0,0.00881,0.0,0.0,0.04124,0.0,0.0,0.0,0.0,0.0,0.037759999999999995,0.0,0.09451000000000001,0.0,0.0,0.0
2025-10-01 09:05:00,Estella E 1106,0.0,0.008919999999999999,,0.0,0.04245,,,,0.0,0.0,0.037689999999999994,0.0,0.09536,,0.0,0.0
2025-10-01 09:10:00,Estella E 1106,0.0,0.00865,,0.0,0.04327,,,,0.0,0.0,0.036899999999999995,0.0,0.13658,,0.0,0.0
2025-10-01 09:15:00,Estella E 1106,0.0,0.0299,,0.0,0.04239,,,,0.03307,0.0,0.0,0.0,0.15363,,0.0,0.0
2025-10-01 09:20:00,Estella E 1106,0.0,0.02982,,0.0,0.04115,,,,0.03116,0.0,0.0,0.0,0.10897,,0.0,0.0
2025-10-01 09:25:00,Estella E 1106,0.0,0.02901,,0.0,0.04022,,,,0.0,0.0,0.0,0.0,0.07557,,0.0,0.0
2025-10-01 09:30:00,Estella E 1106,0.0,0.0,,0.0,0.00033,,,,0.0,0.0,0.0,0.0,0.01686,,0.0,0.0
2025-10-01 09:35:00,Estella E 1106,0.0,0.01202,,0.0,0.00022,,,,0.0,0.0,0.0,0.0,0.019059999999999997,,0.0,0.0
2025-10-01 09:40:00,Estella E 1106,0.0,0.01013,,0.0,0.04918,,,,,,,,,,0.0,0.0
2025-10-01 09:45:00,Estella E 1106,0.0,0.00958,,0.0,0.03976,,,,0.0,0.0,0.0,0.0,0.05425,,0.0,0.0
2025-10-01 09:50:00,Estella E 1106,0.0,0.00865,,0.0,0.04009,,,,0.0,0.0,0.0,0.0,0.053869999999999994,,0.0,0.0
2025-10-01 09:55:00,Estella E 1106,0.0,0.00822,,0.0,0.00027,,,,0.0,0.0,0.0,0.0,0.02975,,0.0,0.0
2025-10-01 10:00:00,Estella E 1106,0.0,0.00764,,0.0,0.00031,,,,0.0,0.0,0.0,0.0,0.01448,,0.0,0.0
2025-10-01 10:05:00,Estella E 1106,0.0,0.00774,,0.0,0.00023999999999999998,,,,0.0,0.0,0.0,0.0,0.014199999999999999,,0.0,0.0
2025-10-01 10:10:00,Estella E 1106,0.0,0.00736,,0.0,0.05726,,,,0.0,0.0,0.0,0.0,0.01512,,0.0,0.0
2025-10-01 10:15:00,Estella E 1106,0.0,0.00717,,0.0,0.04219,,,,0.0,0.0,0.0,0.0,0.055020000000000006,,0.0,0.0
2025-10-01 10:20:00,Estella E 1106,0.0,0.0064800000000000005,,0.0,0.04478,,,,0.0,0.0,0.0,0.0,0.056420000000000005,,0.0,0.0
2025-10-01 10:25:00,Estella E 1106,0.0,0.00638,,0.0,0.04297,,,,0.0,0.0,0.0,0.0,0.05368,,0.0,0.0
2025-10-01 10:30:00,Estella E 1106,0.0,0.00488,,0.0,0.04199,,,,0.0,0.0,0.0,0.0,0.05237,,0.0,0.0
2025-10-01 10:35:00,Estella E 1106,0.0,0.0,,0.0,0.040780000000000004,,,,0.0,0.0,0.0,0.0,0.04525,,0.0,0.0
2025-10-01 10:40:00,Estella E 1106,0.0,0.0,,0.0,0.00029,,,,0.0,0.0,0.0,0.0,0.019960000000000002,,0.0,0.0
2025-10-01 10:45:00,Estella E 1106,0.0,0.0,,0.0,0.00029,,,,0.0,0.0,0.0,0.0,0.0176,,0.0,0.0
2025-10-01 10:50:00,Estella E 1106,0.0,0.0,,0.0,0.04011,,,,0.0,0.0,0.07892,0.0,0.13466999999999998,,0.0,0.0
2025-10-01 10:55:00,Estella E 1106,0.0,0.0,0.0,0.0,0.04272,0.009869999999999999,0.0,0.0,0.0,0.0,0.03644,0.0,0.09493,0.0,0.0,0.0
2025-10-01 11:00:00,Estella E 1106,0.0,0.0,,0.0,0.04366,,,,0.0,0.0,0.03577,0.0,0.09483,,0.0,0.0
2025-10-01 11:05:00,Estella E 1106,0.0,0.0,,0.0,0.04224,,,,0.0,0.0,0.0,0.0,0.05235,,0.0,0.0
2025-10-01 11:10:00,Estella E 1106,0.0,0.0,0.0,0.0,0.040979999999999996,0.010029999999999999,0.0,0.0,0.0,0.0,0.0,0.0,0.05603,0.0,0.0,0.0
2025-10-01 11:15:00,Estella E 1106,0.0,0.0,,0.0,0.00023999999999999998,,,,0.0,0.0,0.0,0.0,0.01643,,0.0,0.0
2025-10-01 11:20:00,Estella E 1106,0.0,0.0,,0.0,0.00019,,,,0.0,0.0,0.0,0.0,0.01743,,0.0,0.0
2025-10-01 11:25:00,Estella E 1106,0.0,0.0,,0.0,0.0002,,,,0.0,0.0,0.0,0.0,0.056280000000000004,,0.0,0.0
2025-10-01 11:30:00,Estella E 1106,0.0,0.0,0.0,0.0,0.05582,0.00993,0.0,0.03754,0.0,0.0,0.0,0.0,0.10993,0.0,0.0,0.0
2025-10-01 11:35:00,Estella E 1106,0.0,0.0,,0.0,0.04193,,,,0.0,0.0,0.0,0.0,0.09533,,0.0,0.0
2025-10-01 11:40:00,Estella E 1106,0.0,0.0,,0.0,0.04301,,,,0.0,0.0,0.0,0.0,0.09719,,0.0,0.0
2025-10-01 11:45:00,Estella E 1106,0.0,0.0,,0.0,0.04273,,,,0.0,0.0,0.0,0.0,0.09645999999999999,,0.0,0.0
2025-10-01 11:50:00,Estella E 1106,0.0,0.0,,0.0,0.04044,,,,0.0,0.0,0.0,0.0,0.10467,,0.0,0.0
2025-10-01 11:55:00,Estella E 1106,0.0,0.0,,0.0,0.04011,,,,0.0,0.0,0.0,0.0,0.05536,,0.0,0.0
2025-10-01 12:00:00,Estella E 1106,0.0,0.0,,0.0,0.038630000000000005,,,,0.0,0.0,0.0,0.0,0.05429,,0.0,0.0
2025-10-01 12:05:00,Estella E 1106,0.0,0.0,,0.0,0.038689999999999995,,,,0.0,0.0,0.0,0.0,0.07943,,0.0,0.0
2025-10-01 12:10:00,Estella E 1106,0.0,0.0,,0.0,0.00029,,,,0.0,0.0,0.0,0.0,0.01578,,0.0,0.0
2025-10-01 12:15:00,Estella E 1106,0.0,0.0,,0.0,0.04222,,,,0.0,0.0,0.0,0.0,2.8134099999999997,,2.75876,0.0
2025-10-01 12:20:00,Estella E 1106,0.0,0.0,,0.0,0.0858,,,,0.0,0.0,0.0,0.0,0.10908,,0.0,0.0
2025-10-01 12:25:00,Estella E 1106,0.0,0.0,,0.0,0.04341,,,,0.0,0.0,0.0,0.0,0.054270000000000006,,0.0,0.0
2025-10-01 12:30:00,Estella E 1106,0.0,0.0,,0.0,0.0431,,,,0.0,0.0,0.0,0.0,0.05422,,0.0,0.0
2025-10-01 12:35:00,Estella E 1106,0.0,0.0,,0.0,0.04301,,,,0.0,0.0,0.0,0.0,0.04746,,0.0,0.0
2025-10-01 12:40:00,Estella E 1106,0.0,0.0,,0.0,0.04061,,,,0.0,0.0,0.0,0.0,0.04528,,0.0,0.0
2025-10-01 12:45:00,Estella E 1106,0.0,0.0,,0.0,0.038439999999999995,,,,0.0,0.0,0.0,0.0,0.11801,,0.0,0.0
2025-10-01 12:50:00,Estella E 1106,,,,,,,,,0.0,0.0,0.0,0.0,0.08069,,0.0,
2025-10-01 12:55:00,Estella E 1106,0.0,0.0,,0.0,0.00032,,,,0.0,0.0,0.0,0.0,0.08006,,0.0,0.0
2025-10-01 13:00:00,Estella E 1106,0.0,0.0,,0.0,0.00033,,,,0.0,0.0,0.0,0.0,0.08095999999999999,,0.0,0.0
2025-10-01 13:05:00,Estella E 1106,0.0,0.0,,0.0,0.0499,,,,0.0,0.0,0.0,0.0,0.13284,,0.0,0.0
2025-10-01 13:10:00,Estella E 1106,0.0,0.0,,0.0,0.03947,,,,0.0,0.0,0.0,0.0,0.11946,,0.0,0.0
2025-10-01 13:15:00,Estella E 1106,0.0,0.0,,0.0,0.04072,,,,0.0,0.0,0.0,0.0,0.12154999999999999,,0.0,0.0
2025-10-01 13:20:00,Estella E 1106,0.0,0.0,0.033659999999999995,0.0,0.04089,0.0,0.0,0.04018,0.0,0.0,0.0,0.0,0.12066,0.0,0.0,0.0
2025-10-01 13:25:00,Estella E 1106,0.0,0.0,,0.0,0.03904,,,,0.0,0.0,0.0,0.0,0.11959,,0.0,0.0
2025-10-01 13:30:00,Estella E 1106,0.0,0.0,,0.0,0.03762,,,,,,,,,,0.0,0.0
2025-10-01 13:35:00,Estella E 1106,0.0,0.0,,0.0,0.00032,,,,0.0,0.0,0.0,0.0,0.047369999999999995,,0.0,0.0
2025-10-01 13:40:00,Estella E 1106,0.0,0.0,,0.0,0.00029,,,,0.0,0.0,0.0,0.0,0.04684000000000001,,0.0,0.0
2025-10-01 13:45:00,Estella E 1106,0.0,0.0,0.0,0.0,0.00038,0.0,0.0,0.039439999999999996,0.0,0.0,0.0,0.0,0.0461,0.0,0.0,0.0
2025-10-01 13:50:00,Estella E 1106,0.0,0.0,,0.0,0.038630000000000005,,,,0.0,0.0,0.0,0.0,0.08273,,0.0,0.0
2025-10-01 13:55:00,Estella E 1106,0.0,0.0,,0.0,0.039810000000000005,,,,0.0,0.0,0.0,0.0,0.08471,,0.0,0.0
2025-10-01 14:00:00,Estella E 1106,0.0,0.0,0.03336,0.0,0.04043,0.0,0.0,0.03866,0.0,0.0,0.0,0.0,0.11823,0.0,0.0,0.0
2025-10-01 14:05:00,Estella E 1106,0.0,0.0,,0.0,0.03889,,,,0.0,0.0,0.0,0.0,0.11791,,0.0,0.0
2025-10-01 14:10:00,Estella E 1106,0.0,0.0,,0.0,0.03694,,,,0.0,0.0,0.0,0.0,0.11534,,0.0,0.0
2025-10-01 14:15:00,Estella E 1106,0.0,0.0,,0.0,0.00029,,,,0.0,0.0,0.0,0.0,0.07934999999999999,,0.0,0.0
2025-10-01 14:20:00,Estella E 1106,0.0,0.0,,0.0,0.00038,,,,0.0,0.0,0.0,0.0,0.07923000000000001,,0.0,0.0
2025-10-01 14:25:00,Estella E 1106,0.0,0.0,,0.0,0.00026000000000000003,,,,0.0,0.0,0.0,0.0,0.07943,,0.0,0.0
2025-10-01 14:30:00,Estella E 1106,0.0,0.0,0.03349,0.0,0.00163,0.0,0.0,0.038770000000000006,0.0,0.0,0.0,0.0,0.0805,0.0,0.0,0.0
2025-10-01 14:35:00,Estella E 1106,0.0,0.0,,0.0,0.03907,,,,0.0,0.0,0.0,0.0,0.11631999999999999,,0.0,0.0
2025-10-01 14:40:00,Estella E 1106,0.0,0.0,,0.0,0.038079999999999996,,,,0.0,0.0,0.0,0.0,0.11608,,0.0,0.0
2025-10-01 14:45:00,Estella E 1106,0.0,0.0,,0.0,0.037090000000000005,,,,0.0,0.0,0.0,0.0,0.11578000000000001,,0.0,0.0
2025-10-01 14:50:00,Estella E 1106,0.0,0.0,,0.0,0.00017999999999999998,,,,0.0,0.0,0.0,0.0,0.07942,,0.0,0.0
2025-10-01 14:55:00,Estella E 1106,0.0,0.0,,0.0,0.19002000000000002,,,,0.0,0.0,0.0,0.0,0.23393,,0.0,0.0
2025-10-01 15:00:00,Estella E 1106,0.0,0.0,,0.0,0.19030000000000002,,,,0.0,0.0,0.0,0.0,0.23459,,0.0,0.0
2025-10-01 15:05:00,Estella E 1106,0.0,0.0,,0.0,0.18959,,,,0.0,0.0,0.0,0.0,0.23429,,0.0,0.0
2025-10-01 15:10:00,Estella E 1106,0.0,0.0,0.0,0.0,0.18997,0.0,0.0,0.03897,0.0,0.0,0.0,0.0,0.234,0.0,0.0,0.0
2025-10-01 15:15:00,Estella E 1106,0.0,0.0,,0.0,0.00038,,,,0.0,0.0,0.0,0.0,0.04592,,0.0,0.0
2025-10-01 15:20:00,Estella E 1106,0.0,0.0,,0.0,0.05733,,,,0.0,0.0,0.040310000000000006,0.0,0.10454000000000001,,0.0,0.0
2025-10-01 15:25:00,Estella E 1106,0.0,0.0,,0.0,0.05417,,,,0.0,0.0,0.02173,0.0,0.08061,,0.0,0.0
2025-10-01 15:30:00,Estella E 1106,0.0,0.0,,0.0,0.053590000000000006,,,,0.0,0.0,0.02157,0.0,0.08027,,0.0,0.0
2025-10-01 15:35:00,Estella E 1106,0.0,0.03105,,0.0,0.05185,,,,0.0,0.0,0.03915,0.0,0.12807,,0.0,0.0
2025-10-01 15:40:00,Estella E 1106,0.0,0.030109999999999998,,0.0,0.05012,,,,0.0,0.0,0.038560000000000004,0.0,0.12442,,0.0,0.0
2025-10-01 15:45:00,Estella E 1106,0.0,0.02979,,0.0,0.04683,,,,0.0,0.0,0.03843,0.0,0.12064,,0.0,0.0
2025-10-01 15:50:00,Estella E 1106,0.0,0.0,,0.0,0.04506,,,,0.0,0.0,0.03848,0.0,0.09954,,0.0,0.0
2025-10-01 15:55:00,Estella E 1106,0.0,0.0,0.07568000000000001,0.0,0.044340000000000004,0.0,0.0,0.0,0.0,0.0,0.038,0.0,0.16361,0.0,0.0,0.0
2025-10-01 16:00:00,Estella E 1106,0.0,0.0,0.07546,0.0,0.04256,0.0,0.0,0.0,0.0,0.0,0.037880000000000004,0.0,0.16166,0.0,0.0,0.0
2025-10-01 16:05:00,Estella E 1106,0.0,0.0,,0.0,0.04133,,,,0.0,0.0,0.038009999999999995,0.0,0.16012,,0.0,0.0
2025-10-01 16:10:00,Estella E 1106,0.0,0.0,,0.0,0.04197,,,,0.0,0.0,0.037950000000000005,0.0,0.16097999999999998,,0.0,0.0
2025-10-01 16:15:00,Estella E 1106,0.0,0.0,0.07512,0.0,0.04075,0.0,0.0,0.0,0.0,0.0,0.037700000000000004,0.0,0.15906,0.0,0.0,0.0
2025-10-01 16:20:00,Estella E 1106,0.0,0.0,,0.0,0.04002,,,,0.0,0.0,0.03782,0.0,0.15793000000000001,,0.0,0.0
2025-10-01 16:25:00,Estella E 1106,0.0,0.0,,0.0,0.03957,,,,0.0,0.0,0.0375,0.0,0.15666,,0.0,0.0
2025-10-01 16:30:00,Estella E 1106,0.0,0.0,,0.0,0.039009999999999996,,,,0.0,0.0,0.03764,0.0,0.15716999999999998,,0.0,0.0
2025-10-01 16:35:00,Estella E 1106,0.0,0.0,,0.0,0.0002,,,,0.0,0.0,0.037630000000000004,0.0,0.11885,,0.0,0.0
2025-10-01 16:40:00,Estella E 1106,,,,,,,,,0.0,0.0,0.03732,0.0,0.11754,,0.0,
2025-10-01 16:45:00,Estella E 1106,0.0,0.0,0.07303,0.0,0.19811,0.0,0.0,0.0,0.0,0.0,0.03698,0.0,0.11669,0.0,0.0,0.0
2025-10-01 16:50:00,Estella E 1106,0.0,0.0,,0.0,0.040240000000000005,,,,0.0,0.0,0.037340000000000005,0.0,0.15578,,0.0,0.0
2025-10-01 16:55:00,Estella E 1106,0.0,0.0,,0.0,0.040240000000000005,,,,0.0,0.0,0.03739,0.0,0.15622999999999998,,0.0,0.0
2025-10-01 17:00:00,Estella E 1106,0.0,0.0,,0.0,0.03972,,,,0.0,0.0,0.037020000000000004,0.0,0.15402000000000002,,0.0,0.0
2025-10-01 17:05:00,Estella E 1106,0.0,0.0,,0.0,0.03903,,,,0.0,0.0,0.03687,0.0,0.15333000000000002,,0.0,0.0
2025-10-01 17:10:00,Estella E 1106,0.0,0.0,,0.0,0.03854,,,,0.0,0.0,0.03663,0.0,0.15212,,0.0,0.0
2025-10-01 17:15:00,Estella E 1106,0.0,0.0,,0.0,0.00027,,,,0.0,0.0,0.03728,0.0,0.11621,,0.0,0.0
2025-10-01 17:20:00,Estella E 1106,0.0,0.0,,0.0,0.00027,,,,0.0,0.0,0.03686,0.0,0.11520999999999999,,0.0,0.0
2025-10-01 17:25:00,Estella E 1106,0.0,0.0,0.032869999999999996,0.0,0.00035,0.0,0.0,0.037700000000000004,0.0,0.0,0.03676,0.0,0.11467000000000001,0.0,0.0,0.0
2025-10-01 17:30:00,Estella E 1106,0.0,0.0,0.032979999999999995,0.0,0.00035,0.0,0.0,0.03762,0.0,0.0,0.03678,0.0,0.11464,0.0,0.0,0.0
2025-10-01 17:35:00,Estella E 1106,0.0,0.0,0.03322,0.0,0.00031,0.0,0.0,0.037649999999999996,0.0,0.0,0.03668,0.0,0.11470999999999999,0.0,0.0,0.0
2025-10-01 17:40:00,Estella E 1106,0.0,0.0,0.03324,0.0,0.039939999999999996,0.0,0.0,0.03721,0.0,0.0,0.03633,0.0,0.15206999999999998,0.0,0.0,0.0
2025-10-01 17:45:00,Estella E 1106,,,0.032850000000000004,,,0.0,0.0,0.037700000000000004,0.0,0.0,0.036950000000000004,0.0,0.15337,0.0,0.0,
2025-10-01 17:50:00,Estella E 1106,0.0,0.0,0.03363,0.0,0.03982,0.0,0.0,0.03742,0.0,0.0,0.03666,0.0,0.15389,0.0,0.0,0.0
2025-10-01 17:55:00,Estella E 1106,0.0,0.0,,0.0,0.00031,,,,0.0,0.0,0.020550000000000002,0.0,0.06455,,0.0,0.0
2025-10-01 18:00:00,Estella E 1106,0.0,0.0,0.0,0.0,0.00035,0.0,0.0,0.03768,0.0,0.0,0.02068,0.0,0.06539,0.0,0.0,0.0
2025-10-01 18:05:00,Estella E 1106,0.0,0.0,0.0,0.0,0.00026000000000000003,0.0,0.0,0.037700000000000004,0.0,0.0,0.05745,0.0,0.10152,0.0,0.0,0.0
2025-10-01 18:10:00,Estella E 1106,0.0,0.0,,0.0,0.00033,,,,0.0,0.0,0.056670000000000005,0.0,0.11084000000000001,,0.0,0.0
2025-10-01 18:15:00,Estella E 1106,0.0,0.0,,0.0,0.039240000000000004,,,,0.0,0.0,0.05629,0.0,0.13816,,0.0,0.0
2025-10-01 18:20:00,Estella E 1106,0.0,0.0,,0.0,0.039479999999999994,,,,0.0,0.0,0.056299999999999996,0.0,0.14553,,0.0,0.0
2025-10-01 18:25:00,Estella E 1106,0.0,0.0,,0.0,0.040729999999999995,,,,0.0,0.0,0.056170000000000005,0.0,0.15028,,0.0,0.0
2025-10-01 18:30:00,Estella E 1106,0.0,0.0,,0.0,0.04211,,,,0.0,0.0,0.03485,0.0,0.20861000000000002,,0.0,0.0
2025-10-01 18:35:00,Estella E 1106,0.0,0.0,,0.0,0.04109,,,,0.0,0.0,0.03476,0.0,0.20621,,0.0,0.0
2025-10-01 18:40:00,Estella E 1106,0.0,0.0,,0.0,0.00035,,,,0.0,0.0,0.03473,0.0,0.13403,,0.0,0.0
2025-10-01 18:45:00,Estella E 1106,0.0,0.0,,0.0,0.00022,,,,0.0,0.0,0.0,0.0,0.13732,,0.0,0.0
2025-10-01 18:50:00,Estella E 1106,0.0,0.0,,0.0,0.00020999999999999998,,,,0.0,0.0,0.0,0.0,0.13713,,0.0,0.0
2025-10-01 18:55:00,Estella E 1106,0.0,0.0,,0.0,0.00017999999999999998,,,,0.0,0.0,0.0,0.0,0.13609000000000002,,0.0,0.0
2025-10-01 19:00:00,Estella E 1106,0.0,0.0,,0.0,0.04143,,,,0.0,0.0,0.0,0.0,0.17674,,0.0,0.0
2025-10-01 19:05:00,Estella E 1106,0.0,0.0,,0.0,0.04063,,,,0.0,0.0,0.0,0.0,0.176,,0.0,0.0
2025-10-01 19:10:00,Estella E 1106,0.0,0.0,,0.0,0.04033,,,,0.0,0.0,0.0,0.0,0.20234,,0.0,0.0
2025-10-01 19:15:00,Estella E 1106,0.0,0.0,,0.0,0.04083,,,,0.0,0.0,0.0,0.0,0.20248,,0.0,0.0
2025-10-01 19:20:00,Estella E 1106,0.0,0.0,,0.0,0.00035,,,,0.0,0.0,0.0,0.0,0.16294999999999998,,0.0,0.0
2025-10-01 19:25:00,Estella E 1106,0.0,0.0,,0.0,0.00029,,,,0.0,0.0,0.0,0.0,0.16290000000000002,,0.0,0.0
2025-10-01 19:30:00,Estella E 1106,0.0,0.0,0.08134000000000001,0.0,0.00027,0.0355,0.0,0.03865,0.0,0.0,0.0,0.0,0.16371,0.0,0.0,0.0
2025-10-01 19:35:00,Estella E 1106,0.0,0.0,,0.0,0.05632,,,,0.0,0.0,0.0,0.0,0.16612000000000002,,0.0,0.0
2025-10-01 19:40:00,Estella E 1106,0.0,0.00887,,0.0,0.0399,,,,0.0,0.0,0.0,0.0,0.21092,,0.0,0.0
2025-10-01 19:45:00,Estella E 1106,0.0,0.0,0.08138,0.0,0.039619999999999995,0.03556,0.0,0.0,0.0,0.0,0.0,0.0,0.16293000000000002,0.0,0.0,0.0
2025-10-01 19:50:00,Estella E 1106,0.0,0.0,,0.0,0.040479999999999995,,,,0.0,0.0,0.0,0.0,0.16371,,0.0,0.0
2025-10-01 19:55:00,Estella E 1106,0.0,0.0,,0.0,0.00020999999999999998,,,,0.0,0.0,0.0,0.0,0.19463,,0.0,0.0
2025-10-01 20:00:00,Estella E 1106,0.0,0.0,,0.0,0.00035,,,,0.0,0.0,0.0,0.0,0.15624000000000002,,0.0,0.0
2025-10-01 20:05:00,Estella E 1106,0.0,0.0,,0.0,0.00028000000000000003,,,,0.0,0.0,0.0,0.0,0.1388,,0.0,0.0
2025-10-01 20:10:00,Estella E 1106,0.0,0.0,0.08152,0.0,0.0004,0.00898,0.0,0.04018,0.0,0.0,0.0,0.0,0.13908,0.0,0.0,0.0
2025-10-01 20:15:00,Estella E 1106,0.0,0.0,,0.0,0.03961,,,,0.0,0.0,0.0,0.0,0.17689,,0.0,0.0
2025-10-01 20:20:00,Estella E 1106,0.0,0.0,,0.0,0.039939999999999996,,,,0.0,0.0,0.0,0.0,0.17769,,0.0,0.0
2025-10-01 20:25:00,Estella E 1106,0.0,0.0,,0.0,0.039409999999999994,,,,0.0,0.0,0.0,0.0,0.17714,,0.0,0.0
2025-10-01 20:30:00,Estella E 1106,0.0,0.0,,0.0,0.00026000000000000003,,,,0.0,0.0,0.0,0.0,0.13934,,0.0,0.0
2025-10-01 20:35:00,Estella E 1106,0.0,0.0,,0.0,0.0004,,,,0.0,0.0,0.0,0.0,0.09806000000000001,,0.0,0.0
2025-10-01 20:40:00,Estella E 1106,0.0,0.0,,0.0,0.00039,,,,0.0,0.0,0.0,0.0,0.09816,,0.0,0.0
2025-10-01 20:45:00,Estella E 1106,0.0,0.0,,0.0,0.00035,,,,0.0,0.0,0.0,0.0,0.09823,,0.0,0.0
2025-10-01 20:50:00,Estella E 1106,0.0,0.0,,0.0,0.039939999999999996,,,,0.0,0.0,0.0,0.0,0.13549,,0.0,0.0
2025-10-01 20:55:00,Estella E 1106,0.0,0.0,,0.0,0.039810000000000005,,,,0.0,0.0,0.0,0.0,0.17712999999999998,,0.0,0.0
2025-10-01 21:00:00,Estella E 1106,0.0,0.0,,0.0,0.03957,,,,0.0,0.0,0.04797,0.0,0.22209,,0.0,0.0
2025-10-01 21:05:00,Estella E 1106,0.0,0.0,,0.0,0.0004,,,,0.0,0.0,0.0,0.0,0.13773,,0.0,0.0
2025-10-01 21:10:00,Estella E 1106,0.0,0.0,0.08152,0.0,0.00033,0.008960000000000001,0.0,0.038149999999999996,0.0,0.0,0.0,0.0,0.13665,0.0,0.0,0.0
2025-10-01 21:15:00,Estella E 1106,0.0,0.00893,,0.0,0.00035999999999999997,,,,0.0,0.0,0.0,0.0,0.14632,,0.0,0.0
2025-10-01 21:20:00,Estella E 1106,0.0,0.0,,0.0,0.00032,,,,0.0,0.0,0.0,0.0,0.13635,,0.0,0.0
2025-10-01 21:25:00,Estella E 1106,0.0,0.0,,0.0,0.04019,,,,0.0,0.0,0.0,0.0,0.17582,,0.0,0.0
2025-10-01 21:30:00,Estella E 1106,0.0,0.0,,0.0,0.040420000000000005,,,,0.0,0.0,0.0,0.0,0.18622,,0.0,0.0
2025-10-01 21:35:00,Estella E 1106,0.0,0.0,,0.0,0.039670000000000004,,,,0.0,0.0,0.0,0.0,0.18627000000000002,,0.0,0.0
2025-10-01 21:40:00,Estella E 1106,0.0,0.0,,0.0,0.00023999999999999998,,,,0.0,0.0,0.03557,0.0,0.17964,,0.0,0.0
2025-10-01 21:45:00,Estella E 1106,0.0,0.0,,0.0,0.00028000000000000003,,,,0.0,0.0,0.03519,0.0,0.17843,,0.0,0.0
2025-10-01 21:50:00,Estella E 1106,0.0,0.0,,0.0,0.00034,,,,0.0,0.0,0.0,0.0,0.14331,,0.0,0.0
2025-10-01 21:55:00,Estella E 1106,0.0,0.0,,0.0,0.00027,,,,0.0,0.0,0.0,0.0,0.14346,,0.0,0.0
2025-10-01 22:00:00,Estella E 1106,0.0,0.0,,0.0,0.04051,,,,0.0,0.0,0.0,0.0,0.18097,,0.0,0.0
2025-10-01 22:05:00,Estella E 1106,0.0,0.0,,0.0,0.041,,,,0.0,0.0,0.0,0.0,0.18117,,0.0,0.0
2025-10-01 22:10:00,Estella E 1106,0.0,0.0,,0.0,0.04003,,,,0.0,0.0,0.0,0.0,0.18030000000000002,,0.0,0.0
2025-10-01 22:15:00,Estella E 1106,0.0,0.0,0.08151,0.0,0.03964,0.01414,0.0,0.03786,0.0,0.0,0.0,0.0,0.17952,0.0,0.0,0.0
2025-10-01 22:20:00,Estella E 1106,0.0,0.0,0.08139,0.0,0.00031,0.01391,0.0,0.037840000000000006,0.0,0.0,0.0,0.0,0.14172,0.0,0.0,0.0
2025-10-01 22:25:00,Estella E 1106,0.0,0.0,0.08148000000000001,0.0,0.00032,0.01396,0.0,0.038009999999999995,0.0,0.0,0.0,0.0,0.14171,0.0,0.0,0.0
2025-10-01 22:30:00,Estella E 1106,0.0,0.0,,0.0,0.0005200000000000001,,,,0.0,0.0,0.0,0.0,0.14192,,0.0,0.0
2025-10-01 22:35:00,Estella E 1106,0.0,0.0,,0.0,0.03822,,,,0.0,0.0,0.0,0.0,0.18853,,0.0,0.0
2025-10-01 22:40:00,Estella E 1106,0.0,0.0,,0.0,0.039509999999999997,,,,0.0,0.0,0.0,0.0,0.17959999999999998,,0.0,0.0
2025-10-01 22:45:00,Estella E 1106,,,0.08134000000000001,,,0.013949999999999999,0.0,0.038090000000000006,0.0,0.0,0.0,0.0,0.17930000000000001,0.0,0.0,
2025-10-01 22:50:00,Estella E 1106,0.0,0.0,,0.0,0.00033,,,,0.0,0.0,0.0,0.0,0.14207,,0.0,0.0
2025-10-01 22:55:00,Estella E 1106,0.0,0.0,,0.0,0.00031,,,,0.0,0.0,0.0,0.0,0.14237,,0.0,0.0
2025-10-01 23:00:00,Estella E 1106,0.0,0.0,,0.0,0.00039,,,,0.0,0.0,0.0,0.0,0.14228,,0.0,0.0
2025-10-01 23:05:00,Estella E 1106,0.0,0.0,,0.0,0.00022,,,,0.0,0.0,0.0,0.0,0.10274,,0.0,0.0
2025-10-01 23:10:00,Estella E 1106,0.0,0.0,,0.0,0.0017,,,,0.0,0.0,0.03555,0.0,0.15027000000000001,,0.0,0.0
2025-10-01 23:15:00,Estella E 1106,0.0,0.0,,0.0,0.0037099999999999998,,,,,,,,,,0.0,0.0
2025-10-01 23:20:00,Estella E 1106,0.0,0.0,,0.0,0.04251,,,,0.0,0.0,0.0,0.0,0.19307,,0.0,0.0
2025-10-01 23:25:00,Estella E 1106,0.0,0.0,,0.0,0.04076,,,,0.0,0.0,0.04793,0.0,0.22009,,0.0,0.0
2025-10-01 23:30:00,Estella E 1106,0.0,0.0,,0.0,0.04058,,,,0.0,0.0,0.04757,0.0,0.22919,,0.0,0.0
2025-10-01 23:35:00,Estella E 1106,0.0,0.0,,0.0,0.039920000000000004,,,,0.0,0.0,0.08649,0.0,0.26756,,0.0,0.0
2025-10-01 23:40:00,Estella E 1106,0.0,0.008960000000000001,0.08129,0.0,0.00028000000000000003,0.004200000000000001,0.0,0.0,0.009699999999999999,0.0,0.03849,0.0,0.24902000000000002,0.0,0.0,0.0
2025-10-01 23:45:00,Estella E 1106,0.0,0.0,0.04201,0.0,0.00047,0.00904,0.0,0.0,0.0,0.0,0.02143,0.0,0.08002,0.0,0.0,0.0
2025-10-01 23:50:00,Estella E 1106,0.0,0.0,0.019219999999999998,0.0,0.00028000000000000003,0.0,0.0,0.0,0.0,0.0,0.02141,0.0,0.047479999999999994,0.0,0.0,0.0
2025-10-01 23:55:00,Estella E 1106,0.0,0.0,,0.0,0.00027,,,,0.0,0.0,0.02148,0.0,0.04765,,0.0,0.0
2025-10-02 00:00:00,Estella E 1106,0.0,0.0,,0.0,0.03936,,,,0.0,0.0,0.02156,0.0,0.08489000000000001,,0.0,0.0
2025-10-02 00:05:00,Estella E 1106,0.0,0.0,0.0192,0.0,0.039270000000000006,0.0,0.0,0.0,0.0,0.0,0.02126,0.0,0.08479,0.0,0.0,0.0
2025-10-02 00:10:00,Estella E 1106,0.0,0.0,0.0,0.0,0.038950000000000005,0.0,0.0,0.0,0.0,0.0,0.02111,0.0,0.06504,0.0,0.0,0.0
2025-10-02 00:15:00,Estella E 1106,0.0,0.0,0.0,0.0,0.00026000000000000003,0.0,0.0,0.0,0.0,0.0,0.0211,0.0,0.02732,0.0,0.0,0.0
2025-10-02 00:20:00,Estella E 1106,0.0,0.0,,0.0,0.00020999999999999998,,,,0.0,0.0,0.02132,0.0,0.02723,,0.0,0.0
2025-10-02 00:25:00,Estella E 1106,0.0,0.0,,0.0,0.0004,,,,0.0,0.0,0.02139,0.0,0.027219999999999998,,0.0,0.0
2025-10-02 00:30:00,Estella E 1106,0.0,0.0,0.0,0.0,0.05001,0.0,0.0,0.0,0.0,0.0,0.02129,0.0,0.08014,0.0,0.0,0.0
2025-10-02 00:35:00,Estella E 1106,0.0,0.0,,0.0,0.03909000000000001,,,,0.0,0.0,0.02131,0.0,0.06547,,0.0,0.0
2025-10-02 00:40:00,Estella E 1106,0.0,0.0,,0.0,0.039270000000000006,,,,,,,,,,0.0,0.0
2025-10-02 00:45:00,Estella E 1106,0.0,0.0,,0.0,0.00022,,,,0.0,0.0,0.02129,0.0,0.027379999999999998,,0.0,0.0
2025-10-02 00:50:00,Estella E 1106,0.0,0.0,0.0,0.0,0.00025,0.0,0.0,0.0,0.0,0.0,0.02132,0.0,0.02743,0.0,0.0,0.0
2025-10-02 00:55:00,Estella E 1106,0.0,0.0,,0.0,0.0004,,,,0.0,0.0,0.02139,0.0,0.027559999999999998,,0.0,0.0
2025-10-02 01:00:00,Estella E 1106,0.0,0.00907,,0.0,0.00033,,,,0.0,0.0,0.02153,0.0,0.038,,0.0,0.0
2025-10-02 01:05:00,Estella E 1106,0.0,0.0,,0.0,0.038020000000000005,,,,0.0,0.0,0.02137,0.0,0.06402,,0.0,0.0
2025-10-02 01:10:00,Estella E 1106,0.0,0.0,,0.0,0.03908,,,,0.0,0.0,0.02137,0.0,0.06573999999999999,,0.0,0.0
2025-10-02 01:15:00,Estella E 1106,0.0,0.0,0.0,0.0,0.03909000000000001,0.0,0.0,-2e-05,,,,,,0.0,0.0,0.0
2025-10-02 01:20:00,Estella E 1106,0.0,0.0,,0.0,0.00045,,,,,,,,,,0.0,0.0
2025-10-02 01:25:00,Estella E 1106,0.0,0.0,,0.0,0.00033,,,,,,,,,,0.0,0.0
2025-10-02 01:30:00,Estella E 1106,0.0,0.0,,0.0,0.00029,,,,,,,,,,0.0,0.0
2025-10-02 01:35:00,Estella E 1106,0.0,0.0,,0.0,0.00027,,,,,,,,,,0.0,0.0
2025-10-02 01:40:00,Estella E 1106,0.0,0.0,,0.0,0.00161,,,,,,,,,,0.0,0.0
2025-10-02 01:45:00,Estella E 1106,0.0,0.0,,0.0,0.04238,,,,,,,,,,0.0,0.0
2025-10-02 01:50:00,Estella E 1106,0.0,0.0,,0.0,0.03983,,,,,,,,,,0.0,0.0
2025-10-02 01:55:00,Estella E 1106,0.0,0.0,0.0,0.0,0.039619999999999995,0.0,0.0,0.0,0.0,0.0,0.02153,0.0,0.06620000000000001,0.0,0.0,0.0
2025-10-02 02:25:00,Estella E 1106,0.0,0.0,,0.0,0.0391,,,,,,,,,,0.0,0.0
2025-10-02 02:30:00,Estella E 1106,0.0,0.0,,0.0,0.039049999999999994,,,,,,,,,,0.0,0.0
2025-10-02 02:35:00,Estella E 1106,0.0,0.0,0.0,0.0,0.00031,0.0,0.0,0.0,,,,,,0.0,2e-05,0.0
2025-10-02 02:40:00,Estella E 1106,0.0,0.0,,0.0,0.0002,,,,,,,,,,0.0,0.0
2025-10-02 02:45:00,Estella E 1106,0.0,0.0,0.0,0.0,0.00027,0.0,0.0,0.0,0.0,0.0,0.02169,0.0,0.02797,0.0,0.0,0.0
2025-10-02 02:50:00,Estella E 1106,0.0,0.0,,0.0,0.00031,,,,,,,,,,0.0,0.0
2025-10-02 02:55:00,Estella E 1106,0.0,0.0,0.0,0.0,0.03935,0.0,0.0,0.0,,,,,,0.0,0.0,0.0
2025-10-02 03:00:00,Estella E 1106,0.0,0.0,0.0,0.0,0.03889,0.0,0.0,0.0,,,,,,0.0,0.0,0.0
2025-10-02 03:05:00,Estella E 1106,0.0,0.0,0.0,0.0,0.03892,0.0,0.0,-1e-05,,,,,,0.0,0.0,0.0
2025-10-02 03:10:00,Estella E 1106,0.0,0.0,0.0,0.0,0.00028000000000000003,0.0,0.0,0.0,,,,,,0.0,0.0,0.0
2025-10-02 03:15:00,Estella E 1106,0.0,0.0,,0.0,0.00031,,,,,,,,,,0.0,0.0
2025-10-02 03:20:00,Estella E 1106,0.0,0.0,,0.0,0.00031,,,,,,,,,,0.0,0.0
2025-10-02 03:25:00,Estella E 1106,0.0,0.0,,0.0,0.05347,,,,,,,,,,0.0,0.0
2025-10-02 03:30:00,Estella E 1106,0.0,0.0,0.0,0.0,0.03911,0.0,0.0,0.0,,,,,,0.0,0.0,0.0
2025-10-02 03:35:00,Estella E 1106,0.0,0.0,,0.0,0.039020000000000006,,,,,,,,,,0.0,0.0
2025-10-02 03:40:00,Estella E 1106,0.0,0.0,,0.0,0.00039,,,,0.0,0.0,0.02173,0.0,0.02802,,0.0,0.0
2025-10-02 03:45:00,Estella E 1106,0.0,0.0,,0.0,0.00029,,,,0.0,0.0,0.02182,0.0,0.02826,,0.0,0.0
2025-10-02 03:50:00,Estella E 1106,0.0,0.0,0.0,0.0,0.00022,0.0,0.0,0.0,0.0,0.0,0.02183,0.0,0.028120000000000003,0.0,0.0,0.0
2025-10-02 03:55:00,Estella E 1106,0.0,0.0,,0.0,0.00032,,,,0.0,0.0,0.02188,0.0,0.028329999999999998,,0.0,0.0
2025-10-02 04:00:00,Estella E 1106,0.0,0.0,,0.0,0.03768,,,,0.0,0.0,0.021920000000000002,0.0,0.06431999999999999,,0.0,0.0
2025-10-02 04:05:00,Estella E 1106,0.0,0.0,0.0,0.0,0.03875,0.0,0.0,0.0,0.0,0.0,0.02173,0.0,0.06573000000000001,0.0,0.0,0.0
2025-10-02 04:10:00,Estella E 1106,0.0,0.0,,0.0,0.03882,,,,0.0,0.0,0.02182,0.0,0.06548000000000001,,0.0,0.0
2025-10-02 04:15:00,Estella E 1106,0.0,0.0,,0.0,0.00029,,,,0.0,0.0,0.02178,0.0,0.02818,,0.0,0.0
2025-10-02 04:20:00,Estella E 1106,0.0,0.0,,0.0,0.00034,,,,0.0,0.0,0.02185,0.0,0.028059999999999998,,0.0,0.0
2025-10-02 04:25:00,Estella E 1106,0.0,0.0,,0.0,0.00029,,,,,,,,,,0.0,0.0
2025-10-02 04:30:00,Estella E 1106,0.0,0.0,,0.0,0.00035,,,,,,,,,,0.0,0.0
2025-10-02 04:35:00,Estella E 1106,0.0,0.0,0.0,0.0,0.03861,0.0,0.0,0.0,,,,,,0.0,0.0,0.0
2025-10-02 04:40:00,Estella E 1106,0.0,0.0,,0.0,0.03865,,,,0.0,0.0,0.02186,0.0,0.06573999999999999,,0.0,0.0
2025-10-02 04:45:00,Estella E 1106,0.0,0.0,,0.0,0.03882,,,,0.0,0.0,0.02178,0.0,0.06558,,0.0,0.0
2025-10-02 04:50:00,Estella E 1106,0.0,0.0,,0.0,0.00032,,,,0.0,0.0,0.02178,0.0,0.027649999999999997,,0.0,0.0
2025-10-02 04:55:00,Estella E 1106,0.0,0.0,,0.0,0.00028000000000000003,,,,0.0,0.0,0.02172,0.0,0.02797,,0.0,0.0
2025-10-02 05:00:00,Estella E 1106,0.0,0.0,,0.0,0.00035,,,,,,,,,,0.0,0.0
2025-10-02 05:05:00,Estella E 1106,0.0,0.0,,0.0,0.05342,,,,0.0,0.0,0.021920000000000002,0.0,0.02819,,0.0,0.0
2025-10-02 05:10:00,Estella E 1106,0.0,0.0,,0.0,0.03872,,,,0.0,0.0,0.02186,0.0,0.06537000000000001,,0.0,0.0
2025-10-02 05:15:00,Estella E 1106,0.0,0.0,,0.0,0.03849,,,,0.0,0.0,0.02175,0.0,0.06517,,0.0,0.0
2025-10-02 05:20:00,Estella E 1106,0.0,0.0,,0.0,0.00032,,,,0.0,0.0,0.02177,0.0,0.02793,,0.0,0.0
2025-10-02 05:25:00,Estella E 1106,0.0,0.0,,0.0,0.00027,,,,0.0,0.0,0.02166,0.0,0.027829999999999997,,0.0,0.0
2025-10-02 05:30:00,Estella E 1106,,,,,,,,,0.0,0.0,0.02158,0.0,0.027710000000000002,,0.0,
2025-10-02 05:35:00,Estella E 1106,0.0,0.0,,0.0,0.00027,,,,0.0,0.0,0.02173,0.0,0.02798,,0.0,0.0
2025-10-02 05:40:00,Estella E 1106,0.0,0.0,,0.0,0.03676,,,,0.0,0.0,0.02172,0.0,0.06311,,0.0,0.0
2025-10-02 05:45:00,Estella E 1106,0.0,0.0,,0.0,0.03847,,,,0.0,0.0,0.02164,0.0,0.06523999999999999,,0.0,0.0
2025-10-02 05:50:00,Estella E 1106,0.0,0.0,,0.0,0.038299999999999994,,,,0.0,0.0,0.02165,0.0,0.06487000000000001,,0.0,0.0
2025-10-02 05:55:00,Estella E 1106,0.0,0.0,,0.0,0.00029,,,,0.0,0.0,0.02162,0.0,0.027690000000000003,,0.0,0.0
2025-10-02 06:00:00,Estella E 1106,0.0,0.0,,0.0,0.00028000000000000003,,,,0.0,0.0,0.02157,0.0,0.027800000000000002,,0.0,0.0
2025-10-02 06:05:00,Estella E 1106,0.0,0.0,,0.0,0.0007199999999999999,,,,0.0,0.0,0.0432,0.0,0.05572,,0.0,0.0
2025-10-02 06:10:00,Estella E 1106,0.0,0.0,,0.0,0.00033,,,,0.0,0.0,0.02146,0.0,0.027460000000000002,,0.0,0.0
2025-10-02 06:15:00,Estella E 1106,0.0,0.0,,0.0,0.037770000000000005,,,,0.0,0.0,0.02158,0.0,0.06442,,0.0,0.0
2025-10-02 06:20:00,Estella E 1106,0.0,0.0,,0.0,0.18819,,,,0.0,0.0,0.02144,0.0,0.21463,,0.0,0.0
2025-10-02 06:25:00,Estella E 1106,0.0,0.0,,0.0,0.18750999999999998,,,,0.0,0.0,0.02148,0.0,0.21387,,0.0,0.0
2025-10-02 06:30:00,Estella E 1106,0.0,0.0,,0.0,0.18672999999999998,,,,0.0,0.0,0.02124,0.0,0.21256,,0.0,0.0
2025-10-02 06:35:00,Estella E 1106,0.0,0.0,,0.0,0.00031,,,,0.0,0.0,0.02137,0.0,0.027530000000000002,,0.0,0.0
2025-10-02 06:40:00,Estella E 1106,0.0,0.0,,0.0,0.06767000000000001,,,,,,,,,,0.0,0.0
2025-10-02 06:45:00,Estella E 1106,0.0,0.0,,0.0,0.05268,,,,,,,,,,0.0,0.0
2025-10-02 06:50:00,Estella E 1106,0.0,0.0,,0.0,0.05244,,,,,,,,,,0.0,0.0
2025-10-02 06:55:00,Estella E 1106,0.0,0.0,,0.0,0.05063,,,,,,,,,,0.0,0.0
2025-10-02 07:00:00,Estella E 1106,0.0,0.0,,0.0,0.04864,,,,,,,,,,0.0,0.0
2025-10-02 07:05:00,Estella E 1106,0.0,0.0,,0.0,0.04446,,,,,,,,,,0.0,0.0
2025-10-02 07:10:00,Estella E 1106,0.0,0.0,,0.0,0.04226,,,,,,,,,,0.0,0.0
2025-10-02 07:15:00,Estella E 1106,0.0,0.0,,0.0,0.04112,,,,0.0,0.0,0.02138,0.0,0.06753,,0.0,0.0
2025-10-02 07:20:00,Estella E 1106,0.0,0.0,,0.0,0.04039,,,,0.0,0.0,0.02103,0.0,0.06648,,0.0,0.0
2025-10-02 07:25:00,Estella E 1106,0.0,0.0,,0.0,0.0004,,,,0.0,0.0,0.0213,0.0,0.027309999999999997,,0.0,0.0
2025-10-02 07:30:00,Estella E 1106,0.0,0.0,,0.0,0.00035999999999999997,,,,0.0,0.0,0.02129,0.0,0.02768,,0.0,0.0
2025-10-02 07:35:00,Estella E 1106,0.0,0.0,,0.0,0.00035999999999999997,,,,0.0,0.0,0.02129,0.0,0.02755,,0.0,0.0
2025-10-02 07:40:00,Estella E 1106,0.0,0.0,,0.0,0.04775,,,,0.0,0.0,0.02151,0.0,0.07792,,0.0,0.0
2025-10-02 07:45:00,Estella E 1106,0.0,0.0,,0.0,0.039310000000000005,,,,0.0,0.0,0.02164,0.0,0.06563,,0.0,0.0
2025-10-02 07:50:00,Estella E 1106,0.0,0.00883,,0.0,0.03964,,,,0.0,0.0,0.02157,0.0,0.07547,,0.0,0.0
2025-10-02 07:55:00,Estella E 1106,0.0,0.00867,,0.0,0.00038,,,,0.0,0.0,0.02168,0.0,0.03803,,0.0,0.0
2025-10-02 08:00:00,Estella E 1106,0.0,0.0,,0.0,0.00041,,,,0.0,0.0,0.02179,0.0,0.02822,,0.0,0.0
2025-10-02 08:05:00,Estella E 1106,0.0,0.0,,0.0,0.00033,,,,0.0,0.0,0.02185,0.0,0.06064,,0.0,0.0
2025-10-02 08:10:00,Estella E 1106,0.0,0.0,,0.0,0.00035999999999999997,,,,0.0,0.0,0.02173,0.0,0.06049,,0.0,0.0
2025-10-02 08:15:00,Estella E 1106,0.0,0.00885,,0.0,0.03958,,,,,,,,,,0.0,0.0
2025-10-02 08:20:00,Estella E 1106,0.0,0.00884,,0.0,0.03975,,,,,,,,,,0.0,0.0
2025-10-02 08:25:00,Estella E 1106,0.0,0.00872,,0.0,0.03929,,,,0.0,0.0,0.02166,0.0,0.07589,,0.0,0.0
2025-10-02 08:30:00,Estella E 1106,0.0,0.00878,0.0,0.0,0.00022,0.0,0.0,-2e-05,0.0,0.0,0.02146,0.0,0.03782,0.0,0.0,0.0
2025-10-02 08:35:00,Estella E 1106,0.0,0.00884,,0.0,0.00045,,,,,,,,,,0.0,0.0
2025-10-02 08:40:00,Estella E 1106,0.0,0.00876,,0.0,0.00043,,,,0.0,0.0,0.02172,0.0,0.03764,,0.0,0.0
2025-10-02 08:45:00,Estella E 1106,0.0,0.00876,,0.0,0.00038,,,,0.0,0.0,0.02176,0.0,0.03774,,0.0,0.0
2025-10-02 08:50:00,Estella E 1106,0.0,0.00877,,0.0,0.00145,,,,,,,,,,0.0,0.0
2025-10-02 08:55:00,Estella E 1106,0.0,0.00874,,0.0,0.039979999999999995,,,,0.0,0.0,0.02142,0.0,0.07598,,0.0,0.0
2025-10-02 09:00:00,Estella E 1106,2.74506,0.00881,,0.0,0.040780000000000004,,,,0.0,0.0,0.02079,0.0,2.82423,,0.0,0.0
2025-10-02 09:05:00,Estella E 1106,2.74593,0.00877,,0.0,0.040619999999999996,,,,0.0,0.0,0.02076,0.0,2.8215500000000002,,0.0,0.0
2025-10-02 09:10:00,Estella E 1106,2.70774,0.00874,,0.0,0.04008,,,,0.0,0.0,0.020649999999999998,0.0,2.81208,,0.0,0.0
2025-10-02 09:15:00,Estella E 1106,0.0,0.00866,,0.0,0.00020999999999999998,,,,0.0,0.0,0.02138,0.0,0.046590000000000006,,0.0,0.0
2025-10-02 09:20:00,Estella E 1106,0.0,0.0,,0.0,0.00028000000000000003,,,,0.0,0.0,0.02105,0.0,0.03581,,0.0,0.0
2025-10-02 09:25:00,Estella E 1106,0.0,0.0,,0.0,0.00032,,,,0.0,0.0,0.02109,0.0,0.03587,,0.0,0.0
2025-10-02 09:30:00,Estella E 1106,2.68607,0.00879,,0.0,0.00027,,,,0.0,0.0,0.0,0.0,2.71951,,0.0,0.0
2025-10-02 09:35:00,Estella E 1106,0.0,0.00866,,0.0,0.0395,,,,0.0,0.0,0.0,0.0,0.06207,,0.0,0.0
2025-10-02 09:40:00,Estella E 1106,0.0,0.00877,,0.0,0.04008,,,,0.0,0.0,0.0,0.0,0.06235,,0.0,0.0
2025-10-02 09:45:00,Estella E 1106,0.0,0.0088,,0.0,0.039700000000000006,,,,0.0,0.0,0.0,0.0,0.0629,,0.0,0.0
2025-10-02 09:50:00,Estella E 1106,0.0,0.00871,0.0,0.0,0.00034,0.0073,0.0,0.0,0.0,0.0,0.0,0.0,0.02407,0.0,0.0,0.0
2025-10-02 09:55:00,Estella E 1106,0.0,0.00884,,0.0,0.00041999999999999996,,,,0.0,0.0,0.0,0.0,0.023510000000000003,,0.0,0.0
2025-10-02 10:00:00,Estella E 1106,0.0,0.00865,,0.0,0.00038,,,,0.0,0.0,0.0,0.0,0.11303,,0.0,0.0
2025-10-02 10:05:00,Estella E 1106,0.0,0.039549999999999995,,0.0,0.00038,,,,0.0,0.0,0.0,0.0,0.13313,,0.0,0.0
2025-10-02 10:10:00,Estella E 1106,0.0,0.0,,0.0,0.04076,,,,0.0,0.0,0.0,0.0,0.13401,,0.0,0.0
2025-10-02 10:15:00,Estella E 1106,0.0,0.0,,0.0,0.04029,,,,0.0,0.0,0.0,0.0,0.05138,,0.0,0.0
2025-10-02 10:20:00,Estella E 1106,0.0,0.008919999999999999,0.033530000000000004,0.0,0.03972,0.00591,0.0,0.08176,0.0,0.0,0.0,0.0,0.16459000000000001,0.0,0.0,0.0
2025-10-02 10:25:00,Estella E 1106,0.0,0.0,0.032850000000000004,0.0,0.00027,0.00579,0.0,0.08151,0.0,0.0,0.0,0.0,0.12894999999999998,0.0,0.0,0.0
2025-10-02 10:30:00,Estella E 1106,0.0,0.0,,0.0,0.00033,,,,0.0,0.0,0.0,0.0,0.08381,,0.0,0.0
2025-10-02 10:35:00,Estella E 1106,0.0,0.0,,0.0,0.00035,,,,0.03161,0.0,0.0,0.0,0.10895,,0.0,0.0
2025-10-02 10:40:00,Estella E 1106,0.0,0.0,,0.0,0.00041,,,,0.030600000000000002,0.0,0.0,0.0,0.10834999999999999,,0.0,0.0
2025-10-02 10:45:00,Estella E 1106,0.0,0.0,,0.0,0.03976,,,,0.0,0.0,0.0,0.0,0.11566,,0.0,0.0
2025-10-02 10:50:00,Estella E 1106,0.0,0.0,,0.0,0.03972,,,,0.0,0.0,0.0,0.0,2.7606100000000002,,2.6725100000000004,0.0
2025-10-02 10:55:00,Estella E 1106,0.0,0.0,,0.0,0.04081,,,,0.0,0.0,0.0,0.0,0.07942,,0.0,0.0
2025-10-02 11:00:00,Estella E 1106,0.0,0.0,,0.0,0.040780000000000004,,,,,,,,,,0.0,0.0
2025-10-02 11:05:00,Estella E 1106,0.0,0.0,,0.0,0.0002,,,,,,,,,,0.0,0.0
2025-10-02 11:10:00,Estella E 1106,0.0,0.0,,0.0,0.00025,,,,0.0,0.0,0.0,0.0,0.01778,,0.0,0.0
2025-10-02 11:15:00,Estella E 1106,0.0,0.0,,0.0,0.00025,,,,,,,,,,0.0,0.0
2025-10-02 11:20:00,Estella E 1106,0.0,0.0,,0.0,0.00026000000000000003,,,,,,,,,,0.0,0.0
2025-10-02 11:25:00,Estella E 1106,0.0,0.0,,0.0,0.039740000000000004,,,,0.0,0.0,0.038340000000000006,0.0,0.09453,,0.0,0.0
2025-10-02 11:30:00,Estella E 1106,0.0,0.0,,0.0,0.04064,,,,0.0,0.0,0.03767,0.0,0.09491,,0.0,0.0
2025-10-02 11:35:00,Estella E 1106,0.0,0.0,,0.0,0.04051,,,,,,,,,,0.0,0.0
2025-10-02 11:40:00,Estella E 1106,0.0,0.0,0.011349999999999999,0.0,0.039909999999999994,0.0,0.0,0.0,0.0,0.0,0.03723,0.0,0.09372,0.0,0.0,0.0
2025-10-02 11:45:00,Estella E 1106,0.0,0.0,,0.0,0.00029,,,,,,,,,,0.0,0.0
2025-10-02 11:50:00,Estella E 1106,0.0,0.0,0.018690000000000002,0.0,0.00033,0.03121,0.0,0.0,0.0,0.0,0.03678,0.0,0.09361,0.0,0.0,0.0
2025-10-02 11:55:00,Estella E 1106,0.0,0.0,,0.0,0.00033,,,,0.0,0.0,0.0,0.0,0.056960000000000004,,0.0,0.0
2025-10-02 12:00:00,Estella E 1106,0.0,0.0,,0.0,0.0391,,,,0.0,0.0,0.0,0.0,0.11214,,0.0,0.0
2025-10-02 12:05:00,Estella E 1106,0.0,0.0,,0.0,0.04251,,,,,,,,,,0.0,0.0
2025-10-02 12:10:00,Estella E 1106,0.0,0.0,,0.0,0.04137,,,,0.0,0.0,0.0,0.0,0.1044,,0.0,0.0
2025-10-02 12:15:00,Estella E 1106,0.0,0.0,,0.0,0.04084,,,,,,,,,,0.0,0.0
2025-10-02 12:20:00,Estella E 1106,0.0,0.0,,0.0,0.08055,,,,0.0,0.0,0.0,0.0,0.20488,,0.0,0.0
2025-10-02 12:25:00,Estella E 1106,0.0,0.0,,0.0,0.00033,,,,0.0,0.0,0.0,0.0,0.06417,,0.0,0.0
2025-10-02 12:30:00,Estella E 1106,0.0,0.0,,0.0,0.00026000000000000003,,,,0.0,0.0,0.0,0.0,0.07446,,0.0,0.0
2025-10-02 12:35:00,Estella E 1106,0.0,0.0,,0.0,0.00020999999999999998,,,,0.0,0.0,0.0,0.0,0.07372,,0.0,0.0
2025-10-02 12:40:00,Estella E 1106,0.0,0.0,,0.0,0.04974,,,,0.0,0.0,0.0,0.0,0.11475,,0.0,0.0
2025-10-02 12:45:00,Estella E 1106,0.0,0.00881,,0.0,0.04175,,,,0.0,0.0,0.0,0.0,0.0852,,0.0,0.0
2025-10-02 12:50:00,Estella E 1106,0.0,0.0,,0.0,0.0405,,,,0.0,0.0,0.0,0.0,0.07471,,0.0,0.0
2025-10-02 12:55:00,Estella E 1106,0.0,0.0,,0.0,0.04109,,,,0.0,0.0,0.0,0.0,0.07578,,0.0,0.0
2025-10-02 13:00:00,Estella E 1106,0.0,0.0,,0.0,0.04142,,,,0.0,0.0,0.0,0.0,0.07623,,0.0,0.0
2025-10-02 13:05:00,Estella E 1106,0.0,0.0,,0.0,0.00029,,,,0.0,0.0,0.0,0.0,0.037399999999999996,,0.0,0.0
2025-10-02 13:10:00,Estella E 1106,0.0,0.0,,0.0,0.00023999999999999998,,,,,,,,,,0.0,0.0
2025-10-02 13:15:00,Estella E 1106,0.0,0.0,,0.0,0.05306,,,,0.0,0.0,0.0,0.0,0.09303,,0.0,0.0
2025-10-02 13:20:00,Estella E 1106,0.0,0.0,,0.0,0.047159999999999994,,,,0.0,0.0,0.0,0.0,0.10389,,0.0,0.0
2025-10-02 13:25:00,Estella E 1106,0.0,0.0,,0.0,0.04802,,,,0.0,0.0,0.0,0.0,0.10466,,0.0,0.0
2025-10-02 13:30:00,Estella E 1106,0.0,0.0,,0.0,0.046130000000000004,,,,0.0,0.0,0.0,0.0,0.14427,,0.0,0.0
2025-10-02 13:35:00,Estella E 1106,0.0,0.0,,0.0,0.04564,,,,0.0,0.0,0.0,0.0,0.14056,,0.0,0.0
2025-10-02 13:40:00,Estella E 1106,0.0,0.0,,0.0,0.04505,,,,0.0,0.0,0.0,0.0,0.13878000000000001,,0.0,0.0
2025-10-02 13:45:00,Estella E 1106,0.0,0.0,0.08073000000000001,0.0,0.04392,0.02208,0.0,0.03918,0.0,0.0,0.0,0.0,0.21444,0.0,0.0,0.0
2025-10-02 13:50:00,Estella E 1106,0.0,0.0,,0.0,0.04234,,,,0.0,0.0,0.0,0.0,0.18931,,0.0,0.0
2025-10-02 13:55:00,Estella E 1106,0.0,0.0,,0.0,0.04059,,,,0.0,0.0,0.0,0.0,0.18755000000000002,,0.0,0.0
2025-10-02 14:00:00,Estella E 1106,0.0,0.0,0.08123999999999999,0.0,0.04004,0.0162,0.0,0.03907,0.0,0.0,0.0,0.0,0.18716999999999998,0.0,0.0,0.0
2025-10-02 14:05:00,Estella E 1106,0.0,0.0,0.08093,0.0,0.03972,0.01739,0.0,0.038729999999999994,0.0,0.0,0.0,0.0,0.18347,0.0,0.0,0.0
2025-10-02 14:10:00,Estella E 1106,0.0,0.0,0.08079,0.0,0.039049999999999994,0.01782,0.0,0.03864,0.0,0.0,0.0,0.0,0.18245,0.0,0.0,0.0
2025-10-02 14:15:00,Estella E 1106,0.0,0.0,0.11287,0.0,0.00026000000000000003,0.01607,0.0,0.03846,0.0,0.0,0.0,0.0,0.17775,0.0,0.0,0.0
2025-10-02 14:20:00,Estella E 1106,0.0,0.0,,0.0,0.00038,,,,,,,,,,0.0,0.0
2025-10-02 14:25:00,Estella E 1106,0.0,0.0,0.07465000000000001,0.0,0.03983,0.01607,0.0,0.03911,0.0,0.0,0.0,0.0,0.17737,0.0,0.0,0.0
2025-10-02 14:30:00,Estella E 1106,0.0,0.0,,0.0,0.045090000000000005,,,,0.0,0.0,0.0,0.0,0.1829,,0.0,0.0
2025-10-02 14:35:00,Estella E 1106,0.0,0.0,,0.0,0.04585,,,,0.0,0.0,0.0,0.0,0.17901,,0.0,0.0
2025-10-02 14:40:00,Estella E 1106,0.0,0.0,,0.0,0.04441,,,,0.0,0.0,0.0,0.0,0.17712999999999998,,0.0,0.0
2025-10-02 14:45:00,Estella E 1106,0.0,0.0,,0.0,0.04333,,,,0.0,0.0,0.03943,0.0,0.21566,,0.0,0.0
2025-10-02 14:50:00,Estella E 1106,0.0,0.0,0.07407,0.0,0.04249,0.013269999999999999,0.0,0.0385,0.0,0.0,0.03865,0.0,0.21363,0.0,0.0,0.0
2025-10-02 14:55:00,Estella E 1106,0.0,0.0,0.07434,0.0,0.04184,0.01524,0.0,0.03867,0.0,0.0,0.038450000000000005,0.0,0.21409999999999998,0.0,0.0,0.0
2025-10-02 15:00:00,Estella E 1106,0.0,0.0,0.07457,0.0,0.04115,0.0,0.0,0.03871,0.0,0.0,0.038009999999999995,0.0,0.2114,0.0,0.0,0.0
2025-10-02 15:05:00,Estella E 1106,0.0,0.00885,,0.0,0.040350000000000004,,,,0.0,0.0,0.03854,0.0,0.21119,,0.0,0.0
2025-10-02 15:10:00,Estella E 1106,0.0,0.0,0.07434,0.0,0.039850000000000003,0.00013000000000000002,0.0,0.03892,0.0,0.0,0.038299999999999994,0.0,0.19907,0.0,0.0,0.0
2025-10-02 15:15:00,Estella E 1106,0.0,0.0,,0.0,0.039880000000000006,,,,0.0,0.0,0.03823,0.0,0.19825,,0.0,0.0
2025-10-02 15:20:00,Estella E 1106,0.0,0.0,,0.0,0.040229999999999995,,,,0.0,0.0,0.037899999999999996,0.0,0.19757,,0.0,0.0
2025-10-02 15:25:00,Estella E 1106,0.0,0.0089,,0.0,0.039990000000000005,,,,0.0,0.0,0.03773,0.0,0.20735,,0.0,0.0
2025-10-02 15:30:00,Estella E 1106,0.0,0.01564,0.074,0.0,0.00022,0.0,0.0,0.03853,0.0,0.0,0.03753,0.0,0.17471,0.0,0.0,0.0
2025-10-02 15:35:00,Estella E 1106,0.0,0.0,0.07504999999999999,0.0,0.00041,0.05214,0.0,0.03843,0.0,0.0,0.037829999999999996,0.0,0.15947999999999998,0.0,0.0,0.0
2025-10-02 15:40:00,Estella E 1106,0.0,0.0,0.033530000000000004,0.0,0.039909999999999994,0.05133,0.0,0.038579999999999996,0.0,0.0,0.03746,0.0,0.2476,0.0,0.0,0.0
2025-10-02 15:45:00,Estella E 1106,0.0,0.0,,0.0,0.04129,,,,0.0,0.0,0.037340000000000005,0.0,0.21746000000000001,,0.0,0.0
2025-10-02 15:50:00,Estella E 1106,0.0,0.0,,0.0,0.040299999999999996,,,,0.0,0.0,0.03737,0.0,0.15599000000000002,,0.0,0.0
2025-10-02 15:55:00,Estella E 1106,0.0,0.0,,0.0,0.03947,,,,0.0,0.0,0.03739,0.0,0.15552000000000002,,0.0,0.0
2025-10-02 16:00:00,Estella E 1106,0.0,0.0,,0.0,0.038810000000000004,,,,0.0,0.0,0.037469999999999996,0.0,0.1202,,0.0,0.0
2025-10-02 16:05:00,Estella E 1106,0.0,0.0,0.0,0.0,0.03854,0.0,0.0,0.038310000000000004,,,,,,0.0,0.0,0.0
2025-10-02 16:10:00,Estella E 1106,0.0,0.0,,0.0,0.00033,,,,,,,,,,0.0,0.0
2025-10-02 16:15:00,Estella E 1106,0.0,0.0,,0.0,0.05015,,,,0.0,0.0,0.03761,0.0,0.13454,,0.0,0.0
2025-10-02 16:20:00,Estella E 1106,0.0,0.0,,0.0,0.040729999999999995,,,,,,,,,,0.0,0.0
2025-10-02 16:25:00,Estella E 1106,0.0,0.0,,0.0,0.039439999999999996,,,,,,,,,,0.0,0.0
2025-10-02 16:30:00,Estella E 1106,0.0,0.0,,0.0,0.038450000000000005,,,,0.0,0.0,0.037020000000000004,0.0,0.11917,,0.0,0.0
2025-10-02 16:35:00,Estella E 1106,0.0,0.00903,,0.0,0.038509999999999996,,,,,,,,,,0.0,0.0
2025-10-02 16:40:00,Estella E 1106,0.0,0.0,,0.0,0.00023999999999999998,,,,,,,,,,0.0,0.0
2025-10-02 16:45:00,Estella E 1106,0.0,0.0,,0.0,0.00032,,,,,,,,,,0.0,0.0
2025-10-02 16:50:00,Estella E 1106,0.0,0.0,,0.0,0.03971,,,,,,,,,,0.0,0.0
2025-10-02 16:55:00,Estella E 1106,0.0,0.0,,0.0,0.040780000000000004,,,,0.0,0.0,0.0,0.0,0.08491,,0.0,0.0
2025-10-02 17:00:00,Estella E 1106,0.0,0.0,,0.0,0.03915,,,,0.0,0.0,0.0,0.0,0.08278,,0.0,0.0
2025-10-02 17:05:00,Estella E 1106,0.0,0.0,,0.0,0.03875,,,,0.0,0.0,0.0,0.0,0.08233,,0.0,0.0
2025-10-02 17:10:00,Estella E 1106,0.0,0.0,,0.0,0.03828,,,,0.0,0.0,0.0,0.0,0.08163,,0.0,0.0
2025-10-02 17:15:00,Estella E 1106,0.0,0.0,0.0,0.0,0.00028000000000000003,0.0,0.0,0.03839,0.0,0.0,0.0,0.0,0.04555,0.0,0.0,0.0
2025-10-02 17:20:00,Estella E 1106,0.0,0.0,0.0,0.0,0.04997,0.0,0.0,0.03832,0.0,0.0,0.08026000000000001,0.0,0.17606,0.0,0.0,0.0
2025-10-02 17:25:00,Estella E 1106,0.0,0.0,,0.0,0.04011,,,,,,,,,,0.0,0.0
2025-10-02 17:30:00,Estella E 1106,0.0,0.0,,0.0,0.03936,,,,0.0,0.0,0.07873000000000001,0.0,0.12234,,0.0,0.0
2025-10-02 17:35:00,Estella E 1106,0.0,0.0,,0.0,0.038340000000000006,,,,0.0,0.0,0.07887000000000001,0.0,0.12140999999999999,,0.0,0.0
2025-10-02 17:40:00,Estella E 1106,0.0,0.0,,0.0,0.038200000000000005,,,,0.0,0.0,0.079,0.0,0.12148,,0.0,0.0
2025-10-02 17:45:00,Estella E 1106,0.0,0.0089,,0.0,0.00023999999999999998,,,,0.0,0.0,0.0793,0.0,0.0947,,0.0,0.0
2025-10-02 17:50:00,Estella E 1106,0.0,0.0,,0.0,0.05249,,,,0.0,0.0,0.07943,0.0,0.08469,,0.0,0.0
2025-10-02 17:55:00,Estella E 1106,0.0,0.0,0.0,0.0,0.03989,0.0,0.0,0.0,0.0,0.0,0.03606,0.0,0.08068,0.0,0.0,0.0
2025-10-02 18:00:00,Estella E 1106,0.0,0.0,,0.0,0.039909999999999994,,,,0.0,0.0,0.0,0.0,0.04382,,0.0,0.0
2025-10-02 18:05:00,Estella E 1106,0.0,0.0,0.0,0.0,0.039229999999999994,0.053259999999999995,0.0,0.0,0.0,0.0,0.0,0.0,0.06902,0.0,0.0,0.0
2025-10-02 18:10:00,Estella E 1106,0.0,0.0,,0.0,0.03814,,,,0.0,0.0,0.0,0.0,0.24996000000000002,,0.0,0.0
2025-10-02 18:15:00,Estella E 1106,0.0,0.0,,0.0,0.00015,,,,,,,,,,0.0,0.0
2025-10-02 18:20:00,Estella E 1106,0.0,0.0,,0.0,0.00031,,,,0.0,0.0,0.0,0.0,0.21104,,0.0,0.0
2025-10-02 18:25:00,Estella E 1106,0.0,0.0,,0.0,0.0378,,,,0.0096,0.0,0.0,0.0,0.22291,,0.0,0.0
2025-10-02 18:30:00,Estella E 1106,0.0,0.0,,0.0,0.18105000000000002,,,,0.0,0.0,0.0,0.0,0.32931,,0.0,0.0
2025-10-02 18:35:00,Estella E 1106,0.0,0.0,,0.0,0.18034,,,,0.0,0.0,0.0,0.0,0.32821,,0.0,0.0
2025-10-02 18:40:00,Estella E 1106,0.0,0.0,,0.0,0.17865,,,,0.009640000000000001,0.0,0.0,0.0,0.36148,,0.0,0.0
2025-10-02 18:45:00,Estella E 1106,0.0,0.0,,0.0,0.1784,,,,0.0,0.0,0.12473000000000001,0.0,0.46397000000000005,,0.0,0.0
2025-10-02 18:50:00,Estella E 1106,0.0,0.0,,0.0,0.00046,,,,0.0,0.0,0.12286,0.0,0.28243,,0.0,0.0
2025-10-02 18:55:00,Estella E 1106,0.0,0.0,,0.0,0.05996,,,,0.00958,0.0,0.12290999999999999,0.0,0.35124,,0.0,0.0
2025-10-02 19:00:00,Estella E 1106,0.0,0.0,,0.0,0.05404,,,,0.0,0.0,0.047240000000000004,0.0,0.25897000000000003,,0.0,0.0
2025-10-02 19:05:00,Estella E 1106,0.0,0.0,,0.0,0.0549,,,,0.0,0.0,0.12459,0.0,0.33697000000000005,,0.0,0.0
2025-10-02 19:10:00,Estella E 1106,0.0,0.0,,0.0,0.053829999999999996,,,,0.0,0.0,0.0,0.0,0.21189,,0.0,0.0
2025-10-02 19:15:00,Estella E 1106,0.0,0.0,,0.0,0.05182,,,,0.0,0.0,0.0,0.0,0.26630000000000004,,0.0,0.0
2025-10-02 19:20:00,Estella E 1106,0.0,0.0,,0.0,0.047299999999999995,,,,0.0,0.0,0.0,0.0,0.26783999999999997,,0.0,0.0
2025-10-02 19:25:00,Estella E 1106,0.0,0.0,,0.0,0.046759999999999996,,,,0.0,0.0,0.0,0.0,0.26762,,0.0,0.0
2025-10-02 19:30:00,Estella E 1106,0.0,0.009130000000000001,,0.0,0.045950000000000005,,,,0.0,0.0,0.0,0.0,0.27559,,0.0,0.0
2025-10-02 19:35:00,Estella E 1106,0.0,0.0,0.12121,0.0,0.04435,0.0,0.0,0.03789,0.0,0.0,0.0,0.0,0.20975,0.0,0.0,0.0
2025-10-02 19:40:00,Estella E 1106,0.0,0.00878,,0.0,0.04337,,,,0.0,0.0,0.0,0.0,0.13922,,0.0,0.0
2025-10-02 19:45:00,Estella E 1106,0.0,0.0,,0.0,0.04258,,,,0.0,0.0,0.0,0.0,0.13016999999999998,,0.0,0.0
2025-10-02 19:50:00,Estella E 1106,0.0,0.0,,0.0,0.04213,,,,0.0,0.0,0.0,0.0,0.12868000000000002,,0.0,0.0
2025-10-02 19:55:00,Estella E 1106,0.0,0.0,,0.0,0.04137,,,,,,,,,,0.0,0.0
2025-10-02 20:00:00,Estella E 1106,0.0,0.0,,0.0,0.041030000000000004,,,,0.0,0.0,0.0,0.0,0.12767,,0.0,0.0
2025-10-02 20:05:00,Estella E 1106,0.0,0.0,,0.0,0.04108,,,,,,,,,,0.0,0.0
2025-10-02 20:10:00,Estella E 1106,0.0,0.0,,0.0,0.040619999999999996,,,,,,,,,,0.0,0.0
2025-10-02 20:15:00,Estella E 1106,0.0,0.0,,0.0,0.04051,,,,0.0,0.0,0.0,0.0,0.12693000000000002,,0.0,0.0
2025-10-02 20:20:00,Estella E 1106,0.0,0.0,,0.0,0.04008,,,,,,,,,,0.0,0.0
2025-10-02 20:25:00,Estella E 1106,0.0,0.0,,0.0,0.03986,,,,,,,,,,0.0,0.0
2025-10-02 20:30:00,Estella E 1106,0.0,0.0,,0.0,0.03972,,,,0.0,0.0,0.0,0.0,0.12621,,0.0,0.0
2025-10-02 20:35:00,Estella E 1106,0.0,0.0,,0.0,0.03954,,,,0.0,0.0,0.0,0.0,0.12607,,0.0,0.0
2025-10-02 20:40:00,Estella E 1106,0.0,0.0,,0.0,0.00031,,,,0.0,0.0,0.0,0.0,0.08807999999999999,,0.0,0.0
2025-10-02 20:45:00,Estella E 1106,0.0,0.0,,0.0,0.00025,,,,0.0,0.0,0.0,0.0,0.08943000000000001,,0.0,0.0
2025-10-02 20:50:00,Estella E 1106,0.0,0.0,,0.0,0.03798,,,,0.0,0.0,0.0,0.0,0.19125999999999999,,0.0,0.0
2025-10-02 20:55:00,Estella E 1106,0.0,0.0,,0.0,0.038619999999999995,,,,0.0,0.0,0.0,0.0,0.19968,,0.0,0.0
2025-10-02 21:00:00,Estella E 1106,0.0,0.0,,0.0,0.03842,,,,0.0,0.0,0.0,0.0,0.24046,,0.0,0.0
2025-10-02 21:05:00,Estella E 1106,0.0,0.0,,0.0,0.0026,,,,0.0,0.0,0.0,0.0,0.16240000000000002,,0.0,0.0
2025-10-02 21:10:00,Estella E 1106,0.0,0.0,,0.0,0.00028000000000000003,,,,0.0,0.0,0.0,0.0,0.18164,,0.0,0.0
2025-10-02 21:15:00,Estella E 1106,0.0,0.0,,0.0,0.039549999999999995,,,,0.0,0.0,0.0,0.0,0.2221,,0.0,0.0
2025-10-02 21:20:00,Estella E 1106,0.0,0.0,,0.0,0.04172,,,,0.0,0.0,0.0,0.0,0.14962,,0.0,0.0
2025-10-02 21:25:00,Estella E 1106,0.0,0.0,,0.0,0.04202,,,,0.0,0.0,0.0,0.0,0.22416999999999998,,0.0,0.0
2025-10-02 21:30:00,Estella E 1106,0.0,0.0,,0.0,0.0425,,,,0.0,0.0,0.03594,0.0,0.25956,,0.0,0.0
2025-10-02 21:35:00,Estella E 1106,0.0,0.0,,0.0,0.0422,,,,0.0,0.0,0.03535,0.0,0.25801999999999997,,0.0,0.0
2025-10-02 21:40:00,Estella E 1106,0.0,0.0,,0.0,0.04193,,,,0.0,0.0,0.03517,0.0,0.34564999999999996,,0.0,0.0
2025-10-02 21:45:00,Estella E 1106,0.0,0.0,,0.0,0.041350000000000005,,,,0.0,0.0,0.03501,0.0,0.22522999999999999,,0.0,0.0
2025-10-02 21:50:00,Estella E 1106,0.0,0.0,,0.0,0.00022,,,,0.0,0.0,0.0349,0.0,0.21768,,0.0,0.0
2025-10-02 21:55:00,Estella E 1106,0.0,0.0,,0.0,0.00020999999999999998,,,,0.0,0.0,0.03492,0.0,0.18209,,0.0,0.0
2025-10-02 22:00:00,Estella E 1106,0.0,0.0,,0.0,0.0496,,,,0.0,0.0,0.03491,0.0,0.23419,,0.0,0.0
2025-10-02 22:05:00,Estella E 1106,0.0,0.0,0.08131999999999999,0.0,0.04182,0.00884,0.0,0.0,0.0,0.0,0.0,0.0,0.13838,0.0,0.0,0.0
2025-10-02 22:10:00,Estella E 1106,0.0,0.0,,0.0,0.0416,,,,0.0,0.0,0.035,0.0,0.17342,,0.0,0.0
2025-10-02 22:15:00,Estella E 1106,0.0,0.0,0.08131000000000001,0.0,0.04133,0.00877,0.0,0.0,0.0,0.0,0.0,0.0,0.13784,0.0,0.0,0.0
2025-10-02 22:20:00,Estella E 1106,0.0,0.0,,0.0,0.04104,,,,0.0,0.0,0.0,0.0,0.13763,,0.0,0.0
2025-10-02 22:25:00,Estella E 1106,0.0,0.0,0.08134999999999999,0.0,0.00020999999999999998,0.0089,0.0,0.0,0.0,0.0,0.0,0.0,0.09766,0.0,0.0,0.0
2025-10-02 22:30:00,Estella E 1106,0.0,0.0,,0.0,0.040920000000000005,,,,0.0,0.0,0.0358,0.0,0.21337,,0.0,0.0
2025-10-02 22:35:00,Estella E 1106,0.0,0.0,,0.0,0.04271,,,,0.0,0.0,0.03523,0.0,0.21518,,0.0,0.0
2025-10-02 22:40:00,Estella E 1106,0.0,0.0,,0.0,0.04197,,,,0.0,0.0,0.0,0.0,0.17869,,0.0,0.0
2025-10-02 22:45:00,Estella E 1106,0.0,0.0,,0.0,0.0412,,,,0.0,0.0,0.0,0.0,0.1778,,0.0,0.0
2025-10-02 22:50:00,Estella E 1106,0.0,0.0,,0.0,0.04029,,,,0.0,0.0,0.0,0.0,0.17697,,0.0,0.0
2025-10-02 22:55:00,Estella E 1106,0.0,0.0,,0.0,0.040119999999999996,,,,0.0,0.0,0.0,0.0,0.17647,,0.0,0.0
2025-10-02 23:00:00,Estella E 1106,0.0,0.0,,0.0,0.03957,,,,0.0,0.0,0.0,0.0,0.17549,,0.0,0.0
2025-10-02 23:05:00,Estella E 1106,0.0,0.0,,0.0,0.03932,,,,0.0,0.0,0.0,0.0,0.16554,,0.0,0.0
2025-10-02 23:10:00,Estella E 1106,0.0,0.0,,0.0,0.00028000000000000003,,,,0.0,0.0,0.0,0.0,0.12813999999999998,,0.0,0.0
2025-10-02 23:15:00,Estella E 1106,0.0,0.0,0.08141,0.0,0.04063,0.00929,0.0,0.03907,0.0,0.0,0.0,0.0,0.13811,0.0,0.0,0.0
2025-10-02 23:20:00,Estella E 1106,0.0,0.0,,0.0,0.04117,,,,0.0,0.0,0.0,0.0,0.17694,,0.0,0.0
2025-10-02 23:25:00,Estella E 1106,0.0,0.00888,,0.0,0.04199,,,,0.0,0.0,0.0,0.0,0.18832,,0.0,0.0
2025-10-02 23:30:00,Estella E 1106,0.0,0.0,0.08134999999999999,0.0,0.04063,0.00889,0.0,0.03933,0.0,0.0,0.0,0.0,0.17699,0.0,0.0,0.0
2025-10-02 23:35:00,Estella E 1106,0.0,0.0,0.08144,0.0,0.040049999999999995,0.00886,0.0,0.039439999999999996,0.0,0.0,0.0,0.0,0.17653,0.0,0.0,0.0
2025-10-02 23:40:00,Estella E 1106,0.0,0.0,0.08152,0.0,0.03921,0.00871,0.0,0.039509999999999997,0.0,0.0,0.0,0.0,0.1758,0.0,0.0,0.0
2025-10-02 23:45:00,Estella E 1106,0.0,0.0,,0.0,0.038950000000000005,,,,0.0,0.0,0.0,0.0,0.16587000000000002,,0.0,0.0
2025-10-02 23:50:00,Estella E 1106,0.0,0.0,0.08142,0.0,0.00034,0.0,0.0,0.0,0.0,0.0,0.048240000000000005,0.0,0.13629,0.0,0.0,0.0
2025-10-02 23:55:00,Estella E 1106,0.0,0.0,0.02545,0.0,0.00019,0.0,0.0,0.0,,,,,,0.0,0.0,0.0
2025-10-03 00:00:00,Estella E 1106,0.0,0.0,0.02302,0.0,0.0409,0.0,0.0,0.0,0.0,0.0,0.08826,0.0,0.15634,0.0,0.0,0.0
2025-10-03 00:05:00,Estella E 1106,0.0,0.0,,0.0,0.04133,,,,0.0,0.0,0.08721999999999999,0.0,0.24327000000000001,,0.0,0.0
2025-10-03 00:10:00,Estella E 1106,0.0,0.0,,0.0,0.03996,,,,0.0,0.0,0.0,0.0,0.16278,,0.0,0.0
2025-10-03 00:15:00,Estella E 1106,0.0,0.0,0.04338,0.0,0.03922,0.0,0.0,0.0,0.0,0.0,0.055990000000000005,0.0,0.14382,0.0,0.0,0.0
2025-10-03 00:20:00,Estella E 1106,0.0,0.0,,0.0,0.0389,,,,0.0,0.0,0.039369999999999995,0.0,0.12652,,0.0,0.0
2025-10-03 00:25:00,Estella E 1106,0.0,0.0,0.04251,0.0,0.0004,0.0,0.0,0.0,0.0,0.0,0.039009999999999996,0.0,0.08813,0.0,1e-05,0.0
2025-10-03 00:30:00,Estella E 1106,0.0,0.0,,0.0,0.00028000000000000003,,,,0.0,0.0,0.03908,0.0,0.08788,,0.0,0.0
2025-10-03 00:35:00,Estella E 1106,0.0,0.0,,0.0,0.0371,,,,,,,,,,0.0,0.0
2025-10-03 00:40:00,Estella E 1106,0.0,0.0,,0.0,0.03821,,,,0.0,0.0,0.03896,0.0,0.12456999999999999,,0.0,0.0
2025-10-03 00:45:00,Estella E 1106,0.0,0.0,,0.0,0.00028000000000000003,,,,,,,,,,0.0,0.0
2025-10-03 00:50:00,Estella E 1106,0.0,0.0,,0.0,0.00041,,,,,,,,,,0.0,0.0
2025-10-03 00:55:00,Estella E 1106,0.0,0.0,,0.0,0.03768,,,,,,,,,,0.0,0.0
2025-10-03 01:00:00,Estella E 1106,0.0,0.0,,0.0,0.03964,,,,,,,,,,0.0,0.0
2025-10-03 01:05:00,Estella E 1106,0.0,0.0,,0.0,0.03917,,,,0.0,0.0,0.03914,0.0,0.12607,,0.0,0.0
2025-10-03 01:10:00,Estella E 1106,0.0,0.0,,0.0,0.00026000000000000003,,,,,,,,,,0.0,0.0
2025-10-03 01:15:00,Estella E 1106,0.0,0.0,,0.0,0.00025,,,,,,,,,,0.0,0.0
2025-10-03 01:20:00,Estella E 1106,0.0,0.0,,0.0,0.00023999999999999998,,,,,,,,,,0.0,0.0
2025-10-03 01:25:00,Estella E 1106,0.0,0.0,,0.0,0.0399,,,,,,,,,,0.0,0.0
2025-10-03 01:30:00,Estella E 1106,0.0,0.0,,0.0,0.04033,,,,0.0,0.0,0.039450000000000006,0.0,0.08458,,0.0,0.0
2025-10-03 01:35:00,Estella E 1106,0.0,0.0,0.0,0.0,0.039880000000000006,0.0,0.0,0.0,,,,,,0.0,0.0,0.0
2025-10-03 01:40:00,Estella E 1106,0.0,0.0,,0.0,0.00014000000000000001,,,,,,,,,,0.0,0.0
2025-10-03 01:45:00,Estella E 1106,0.0,0.0,,0.0,0.00033,,,,0.0,0.0,0.039310000000000005,0.0,0.04571,,0.0,0.0
2025-10-03 01:50:00,Estella E 1106,0.0,0.0,,0.0,0.00039,,,,0.0,0.0,0.039439999999999996,0.0,0.045880000000000004,,0.0,0.0
2025-10-03 01:55:00,Estella E 1106,0.0,0.0,,0.0,0.039880000000000006,,,,,,,,,,0.0,0.0
2025-10-03 02:00:00,Estella E 1106,0.0,0.0,,0.0,0.040170000000000004,,,,0.0,0.0,0.039520000000000007,0.0,0.08469,,0.0,0.0
2025-10-03 02:05:00,Estella E 1106,0.0,0.0,,0.0,0.039630000000000006,,,,,,,,,,0.0,0.0
2025-10-03 02:10:00,Estella E 1106,0.0,0.0,,0.0,0.00029,,,,,,,,,,0.0,0.0
2025-10-03 02:15:00,Estella E 1106,0.0,0.0,,0.0,0.00032,,,,,,,,,,0.0,0.0
2025-10-03 02:20:00,Estella E 1106,0.0,0.0,,0.0,0.00031,,,,,,,,,,0.0,0.0
2025-10-03 02:25:00,Estella E 1106,0.0,0.0,,0.0,0.040369999999999996,,,,,,,,,,0.0,0.0
2025-10-03 02:30:00,Estella E 1106,0.0,0.0,,0.0,0.04026,,,,0.0,0.0,0.039259999999999996,0.0,0.08424,,0.0,0.0
2025-10-03 02:35:00,Estella E 1106,0.0,0.0,0.0,0.0,0.03965,0.0,0.0,0.0,0.0,0.0,0.039409999999999994,0.0,0.08446,0.0,0.0,0.0
2025-10-03 02:40:00,Estella E 1106,0.0,0.0,,0.0,0.00033,,,,0.0,0.0,0.03936,0.0,0.046060000000000004,,0.0,0.0
2025-10-03 02:45:00,Estella E 1106,0.0,0.0,,0.0,0.00034,,,,0.0,0.0,0.039509999999999997,0.0,0.04566,,0.0,0.0
2025-10-03 02:50:00,Estella E 1106,0.0,0.0,,0.0,0.00023999999999999998,,,,,,,,,,0.0,0.0
2025-10-03 02:55:00,Estella E 1106,0.0,0.0,,0.0,0.03986,,,,0.0,0.0,0.03915,0.0,0.08377,,0.0,0.0
2025-10-03 03:00:00,Estella E 1106,0.0,0.0,,0.0,0.04083,,,,0.0,0.0,0.03922,0.0,0.08506999999999999,,0.0,0.0
2025-10-03 03:05:00,Estella E 1106,0.0,0.0,,0.0,0.03958,,,,0.0,0.0,0.039380000000000005,0.0,0.08446,,0.0,0.0
2025-10-03 03:10:00,Estella E 1106,0.0,0.0,,0.0,0.0004,,,,0.0,0.0,0.039479999999999994,0.0,0.04555,,0.0,0.0
2025-10-03 03:20:00,Estella E 1106,0.0,0.0,,0.0,0.00027,,,,0.0,0.0,0.03917,0.0,0.045649999999999996,,0.0,0.0
2025-10-03 03:25:00,Estella E 1106,0.0,0.0,,0.0,0.04963,,,,,,,,,,0.0,0.0
2025-10-03 03:30:00,Estella E 1106,0.0,0.0,,0.0,0.04071,,,,,,,,,,0.0,0.0
2025-10-03 03:35:00,Estella E 1106,0.0,0.0,,0.0,0.039939999999999996,,,,,,,,,,0.0,0.0
2025-10-03 03:40:00,Estella E 1106,0.0,0.0,,0.0,0.039479999999999994,,,,,,,,,,0.0,0.0
2025-10-03 03:45:00,Estella E 1106,0.0,0.0,,0.0,0.00032,,,,0.0,0.0,0.03914,0.0,0.045450000000000004,,0.0,0.0
2025-10-03 03:50:00,Estella E 1106,0.0,0.00911,0.0,0.0,0.00017999999999999998,0.0,0.0,0.0,,,,,,0.0,0.0,0.0
2025-10-03 03:55:00,Estella E 1106,0.0,0.00881,,0.0,0.00041,,,,0.0,0.0,0.03911,0.0,0.07597,,0.0,0.0
2025-10-03 04:00:00,Estella E 1106,0.0,0.0,,0.0,0.0016799999999999999,,,,0.0,0.0,0.03921,0.0,0.06633,,0.0,0.0
2025-10-03 04:05:00,Estella E 1106,0.0,0.0,,0.0,0.04187,,,,0.0,0.0,0.03928,0.0,0.10704000000000001,,0.0,0.0
2025-10-03 04:10:00,Estella E 1106,0.0,0.0,,0.0,0.041659999999999996,,,,0.0,0.0,0.03915,0.0,0.10623,,0.0,0.0
2025-10-03 04:15:00,Estella E 1106,0.0,0.0,,0.0,0.040490000000000005,,,,,,,,,,0.0,0.0
2025-10-03 04:20:00,Estella E 1106,0.0,0.0,,0.0,0.039420000000000004,,,,0.0,0.0,0.03928,0.0,0.10459,,0.0,0.0
2025-10-03 04:25:00,Estella E 1106,0.0,0.0,,0.0,0.00034,,,,0.0,0.0,0.038979999999999994,0.0,0.06595000000000001,,0.0,0.0
2025-10-03 04:30:00,Estella E 1106,0.0,0.0,,0.0,0.00026000000000000003,,,,,,,,,,0.0,0.0
2025-10-03 04:35:00,Estella E 1106,0.0,0.0,,0.0,0.00020999999999999998,,,,0.0,0.0,0.038950000000000005,0.0,0.06551,,0.0,0.0
2025-10-03 04:40:00,Estella E 1106,0.0,0.0,,0.0,0.03908,,,,0.0,0.0,0.03885,0.0,0.10363,,0.0,0.0
2025-10-03 04:45:00,Estella E 1106,0.0,0.0,,0.0,0.04043,,,,0.0,0.0,0.039009999999999996,0.0,0.10501,,0.0,0.0
2025-10-03 04:50:00,Estella E 1106,0.0,0.0,,0.0,0.039450000000000006,,,,,,,,,,0.0,0.0
2025-10-03 04:55:00,Estella E 1106,0.0,0.0,,0.0,0.00027,,,,,,,,,,0.0,0.0
2025-10-03 05:00:00,Estella E 1106,0.0,0.0,,0.0,0.00035999999999999997,,,,,,,,,,0.0,0.0
2025-10-03 05:05:00,Estella E 1106,0.0,0.0,0.01992,0.0,0.00031,0.0,0.0,0.0,,,,,,0.0,0.0,0.0
2025-10-03 05:10:00,Estella E 1106,0.0,0.0,,0.0,0.00031,,,,,,,,,,0.0,0.0
2025-10-03 05:15:00,Estella E 1106,0.0,0.0,,0.0,0.00468,,,,,,,,,,0.0,0.0
2025-10-03 05:20:00,Estella E 1106,0.0,0.0,,0.0,0.04086,,,,,,,,,,0.0,0.0
2025-10-03 05:25:00,Estella E 1106,0.0,0.0,,0.0,0.04086,,,,0.0,0.0,0.03821,0.0,0.10331,,0.0,0.0
2025-10-03 05:30:00,Estella E 1106,0.0,0.0,,0.0,0.04004,,,,0.0,0.0,0.03835,0.0,0.10285,,0.0,0.0
2025-10-03 05:35:00,Estella E 1106,0.0,0.0,,0.0,0.00047999999999999996,,,,0.0,0.0,0.038340000000000006,0.0,0.06447,,0.0,0.0
2025-10-03 05:40:00,Estella E 1106,0.0,0.0,,0.0,0.00031,,,,0.0,0.0,0.037829999999999996,0.0,0.06328,,0.0,0.0
2025-10-03 05:45:00,Estella E 1106,0.0,0.0,,0.0,0.00028000000000000003,,,,0.0,0.0,0.037880000000000004,0.0,0.0631,,0.0,0.0
2025-10-03 05:50:00,Estella E 1106,0.0,0.0,,0.0,0.00025,,,,,,,,,,0.0,0.0
2025-10-03 05:55:00,Estella E 1106,0.0,0.0,,0.0,0.04003,,,,,,,,,,0.0,0.0
2025-10-03 06:00:00,Estella E 1106,0.0,0.0,,0.0,0.039880000000000006,,,,,,,,,,0.0,0.0
2025-10-03 06:05:00,Estella E 1106,0.0,0.0,,0.0,0.039049999999999994,,,,,,,,,,0.0,0.0
2025-10-03 06:10:00,Estella E 1106,0.0,0.0,0.01873,0.0,0.00022,0.0,0.0,0.0,,,,,,0.0,0.0,0.0
2025-10-03 06:15:00,Estella E 1106,0.0,0.0,,0.0,0.00032,,,,,,,,,,0.0,0.0
2025-10-03 06:20:00,Estella E 1106,0.0,0.0,,0.0,0.00031,,,,0.0,0.0,0.03618,0.0,0.07145,,0.0,0.0
2025-10-03 06:25:00,Estella E 1106,0.0,0.0,,0.0,0.03736,,,,,,,,,,0.0,0.0
2025-10-03 06:30:00,Estella E 1106,0.0,0.0,,0.0,0.04039,,,,0.0,0.0,0.037079999999999995,0.0,0.08283,,0.0,0.0
2025-10-03 06:35:00,Estella E 1106,0.0,0.0,,0.0,0.039380000000000005,,,,0.00959,0.0,0.03686,0.0,0.09058,,0.0,0.0
2025-10-03 06:40:00,Estella E 1106,0.0,0.00893,0.0,0.0,0.00031,0.0,0.0,0.0,,,,,,0.0,0.0,0.0
2025-10-03 06:45:00,Estella E 1106,0.0,0.00903,,0.0,0.00035999999999999997,,,,,,,,,,0.0,0.0
2025-10-03 06:50:00,Estella E 1106,0.0,0.00884,,0.0,0.00035999999999999997,,,,,,,,,,0.0,0.0
2025-10-03 06:55:00,Estella E 1106,0.0,0.00886,,0.0,0.00032,,,,,,,,,,0.0,0.0
2025-10-03 07:00:00,Estella E 1106,0.0,0.00886,,0.0,0.040229999999999995,,,,0.0,0.0,0.0,0.0,0.12098,,0.0,0.0
2025-10-03 07:05:00,Estella E 1106,0.0,0.00891,0.033729999999999996,0.0,0.18228999999999998,0.030690000000000002,0.0,0.0,,,,,,0.0,0.0,0.0
2025-10-03 07:10:00,Estella E 1106,0.0,0.0088,,0.0,0.18162,,,,,,,,,,0.0,0.0
2025-10-03 07:15:00,Estella E 1106,2.66523,0.00884,,0.0,0.1767,,,,0.0,0.0,0.0,0.0,2.91338,,0.0,0.0
2025-10-03 07:20:00,Estella E 1106,0.0,0.00887,,0.0,0.00035,,,,,,,,,,0.0,0.0
2025-10-03 07:25:00,Estella E 1106,0.0,0.0,,0.0,0.00046,,,,0.0,0.0,0.0,0.0,0.08533,,0.0,0.0
2025-10-03 07:30:00,Estella E 1106,0.0,0.0,,0.0,0.05058,,,,0.0,0.0,0.0,0.0,0.13679,,0.0,0.0
2025-10-03 07:35:00,Estella E 1106,2.6334400000000002,0.008919999999999999,,0.0,0.05224,,,,0.0,0.0,0.0,0.0,2.77594,,0.0,0.0
2025-10-03 07:40:00,Estella E 1106,2.65958,0.00879,,0.0,0.05102,,,,0.0,0.0,0.0,0.0,2.8034,,0.0,0.0
2025-10-03 07:45:00,Estella E 1106,0.0,0.00876,,0.0,0.05084,,,,,,,,,,0.0,0.0
2025-10-03 07:50:00,Estella E 1106,0.0,0.00869,,0.0,0.05077,,,,0.0,0.0,0.0,0.0,0.13725,,0.0,0.0
2025-10-03 07:55:00,Estella E 1106,0.0,0.00891,,0.0,0.04955,,,,0.0,0.0,0.0,0.0,0.10141,,0.0,0.0
2025-10-03 08:00:00,Estella E 1106,0.0,0.0399,,0.0,0.0487,,,,0.0,0.0,0.0,0.0,0.09181,,0.0,0.0
2025-10-03 08:05:00,Estella E 1106,0.0,0.008960000000000001,,0.0,0.048369999999999996,,,,0.0,0.0,0.038310000000000004,0.0,0.12902000000000002,,0.0,0.0
2025-10-03 08:10:00,Estella E 1106,0.0,0.0,,0.0,0.047159999999999994,,,,0.0,0.0,0.0,0.0,0.0902,,0.0,0.0
2025-10-03 08:15:00,Estella E 1106,0.0,0.0,,0.0,0.04623,,,,0.0,0.0,0.0,0.0,0.08311,,0.0,0.0
2025-10-03 08:20:00,Estella E 1106,0.0,0.0,,0.0,0.04385,,,,0.0,0.0,0.0,0.0,0.08186,,0.0,0.0
2025-10-03 08:25:00,Estella E 1106,0.0,0.0,,0.0,0.04287,,,,0.0,0.0,0.0,0.0,0.08041,,0.0,0.0
2025-10-03 08:30:00,Estella E 1106,0.0,0.0,,0.0,0.04197,,,,0.0,0.0,0.0,0.0,0.08015,,0.0,0.0
2025-10-03 08:35:00,Estella E 1106,0.0,0.0,,0.0,0.04142,,,,0.0,0.0,0.0,0.0,0.07948999999999999,,0.0,0.0
2025-10-03 08:40:00,Estella E 1106,0.0,0.0,,0.0,0.04081,,,,0.0,0.0,0.0,0.0,0.07873000000000001,,0.0,0.0
2025-10-03 08:45:00,Estella E 1106,0.0,0.0,,0.0,0.040659999999999995,,,,0.0,0.0,0.0,0.0,0.08831,,0.0,0.0
2025-10-03 08:50:00,Estella E 1106,0.0,0.0,0.03344,0.0,0.04009,0.00897,0.0,0.0,0.0,0.0,0.0,0.0,0.08788,0.0,0.0,0.0
2025-10-03 08:55:00,Estella E 1106,0.0,0.0,0.03324,0.0,0.039740000000000004,0.00889,0.0,0.0,0.0,0.0,0.0,0.0,0.08725,0.0,0.0,0.0
2025-10-03 09:00:00,Estella E 1106,0.0,0.0,,0.0,0.00028000000000000003,,,,,,,,,,0.0,0.0
2025-10-03 09:05:00,Estella E 1106,0.0,0.0,,0.0,0.00027,,,,0.0,0.0,0.0,0.0,0.04832,,0.0,0.0
2025-10-03 09:10:00,Estella E 1106,0.0,0.0,0.033299999999999996,0.0,0.00041,0.008320000000000001,0.0,0.0,,,,,,0.0,0.0,0.0
2025-10-03 09:15:00,Estella E 1106,0.0,0.0,,0.0,0.040659999999999995,,,,,,,,,,0.0,0.0
2025-10-03 09:20:00,Estella E 1106,0.0,0.0,,0.0,0.04345,,,,0.0,0.0,0.03968,0.0,0.12976,,0.0,0.0
2025-10-03 09:25:00,Estella E 1106,0.0,0.0,0.03322,0.0,0.04184,0.007679999999999999,0.0,0.0,0.0,0.0,0.038200000000000005,0.0,0.12671,0.0,0.0,0.0
2025-10-03 09:30:00,Estella E 1106,2.67009,0.00904,,0.0,0.040729999999999995,,,,0.0,0.0,0.03658,0.0,2.88856,,0.0,0.0
2025-10-03 09:35:00,Estella E 1106,0.0,0.00877,,0.0,0.03984,,,,0.0,0.0,0.03707,0.0,0.21430000000000002,,0.0,0.0
2025-10-03 09:40:00,Estella E 1106,0.0,0.00891,,0.0,0.039520000000000007,,,,0.0,0.0,0.03665,0.0,0.21126,,0.0,0.0
2025-10-03 09:45:00,Estella E 1106,0.0,0.00867,,0.0,0.00027,,,,,,,,,,0.0,0.0
2025-10-03 09:50:00,Estella E 1106,0.0,0.0,,0.0,0.00038,,,,0.0,0.0,0.0,0.0,0.12503,,0.0,0.0
2025-10-03 09:55:00,Estella E 1106,0.0,0.0,,0.0,0.00032,,,,0.0,0.0,0.0,0.0,0.11846,,0.0,0.0
2025-10-03 10:00:00,Estella E 1106,0.0,0.0,,0.0,0.03836,,,,0.0,0.0,0.0,0.0,0.15735,,0.0,0.0
2025-10-03 10:05:00,Estella E 1106,0.0,0.00884,,0.0,0.04195,,,,0.0,0.0,0.0375,0.0,0.20538,,0.0,0.0
2025-10-03 10:10:00,Estella E 1106,0.0,0.0,,0.0,0.04083,,,,0.0,0.0,0.03687,0.0,0.21077,,0.0,0.0
2025-10-03 10:15:00,Estella E 1106,0.0,0.0,0.03297,0.0,0.040060000000000005,0.0,0.0,0.07922,0.0,0.0,0.03663,0.0,0.19432,0.0,0.0,0.0
2025-10-03 10:20:00,Estella E 1106,0.0,0.0,,0.0,0.03965,,,,0.0,0.0,0.03658,0.0,0.19477,,0.0,0.0
2025-10-03 10:25:00,Estella E 1106,0.0,0.0,0.03295,0.0,0.03925,0.0,0.0,0.07976000000000001,0.0,0.0,0.03601,0.0,0.19272,0.0,0.0,0.0
2025-10-03 10:30:00,Estella E 1106,0.0,0.0,,0.0,0.00027,,,,0.0,0.0,0.03597,0.0,0.07537999999999999,,0.0,0.0
2025-10-03 10:35:00,Estella E 1106,0.0,0.0,,0.0,0.00035,,,,0.0,0.0,0.03618,0.0,0.07542,,0.0,0.0
2025-10-03 10:40:00,Estella E 1106,0.0,0.0,,0.0,0.00029,,,,,,,,,,0.0,0.0
2025-10-03 10:45:00,Estella E 1106,0.0,0.0,0.03312,0.0,0.038810000000000004,0.0,0.0,0.0,0.0,0.0,0.036270000000000004,0.0,0.11395999999999999,0.0,0.0,0.0
2025-10-03 10:50:00,Estella E 1106,0.0,0.0,,0.0,0.041960000000000004,,,,,,,,,,0.0,0.0
2025-10-03 10:55:00,Estella E 1106,0.0,0.0,0.03357,0.0,0.04076,0.0,0.0,0.0,,,,,,0.0,0.0,0.0
2025-10-03 11:00:00,Estella E 1106,0.0,0.0,,0.0,0.03984,,,,,,,,,,0.0,0.0
2025-10-03 11:05:00,Estella E 1106,0.0,0.0,,0.0,0.039119999999999995,,,,0.0,0.0,0.03644,0.0,0.16338999999999998,,0.0,0.0
2025-10-03 11:10:00,Estella E 1106,0.0,0.0,,0.0,0.00033,,,,,,,,,,0.0,0.0
2025-10-03 11:15:00,Estella E 1106,0.0,0.0,,0.0,0.00252,,,,,,,,,,0.0,0.0
2025-10-03 11:20:00,Estella E 1106,0.0,0.0,,0.0,0.00039,,,,,,,,,,0.0,0.0
2025-10-03 11:25:00,Estella E 1106,0.0,0.0,,0.0,0.055119999999999995,,,,0.0,0.0,0.036109999999999996,0.0,0.11353,,0.0,0.0
2025-10-03 11:30:00,Estella E 1106,0.0,0.0,0.03338,0.0,0.04227,0.0,0.0,0.0,,,,,,0.0,0.0,0.0
2025-10-03 11:35:00,Estella E 1106,0.0,0.0,0.0334,0.0,0.0441,0.0,0.0,0.0,0.0,0.0,0.0,0.0,0.08245000000000001,0.0,0.0,0.0
2025-10-03 11:40:00,Estella E 1106,0.0,0.0,,0.0,0.04453,,,,0.0,0.0,0.0,0.0,0.08243,,0.0,0.0
2025-10-03 11:45:00,Estella E 1106,0.0,0.0,,0.0,0.04408,,,,0.0,0.0,0.0,0.0,0.08128,,0.0,0.0
2025-10-03 11:50:00,Estella E 1106,0.0,0.0,,0.0,0.04175,,,,0.0,0.0,0.07751999999999999,0.0,0.20062,,0.0,0.0
2025-10-03 11:55:00,Estella E 1106,0.0,0.0,0.04061,0.0,0.04019,0.00628,0.0,0.0,0.0,0.0,0.0768,0.0,0.16947,0.0,0.0,0.0
2025-10-03 12:00:00,Estella E 1106,0.0,0.0,,0.0,0.039520000000000007,,,,0.0,0.0,0.07673,0.0,0.16833,,0.0,0.0
2025-10-03 12:05:00,Estella E 1106,0.0,0.0,,0.0,0.00023999999999999998,,,,0.0,0.0,0.07437,0.0,2.85467,,2.71896,0.0
2025-10-03 12:10:00,Estella E 1106,0.0,0.0,,0.0,0.00022,,,,,,,,,,0.0,0.0
2025-10-03 12:15:00,Estella E 1106,0.0,0.0,,0.0,0.00028000000000000003,,,,,,,,,,0.0,0.0
2025-10-03 12:20:00,Estella E 1106,0.0,0.0,,0.0,0.10976999999999999,,,,0.0,0.0,0.0,0.0,0.17596,,0.0,0.0
2025-10-03 12:25:00,Estella E 1106,0.0,0.0,,0.0,0.04018,,,,0.0,0.0,0.0,0.0,0.08983,,0.0,0.0
2025-10-03 12:30:00,Estella E 1106,0.0,0.0,,0.0,0.04132,,,,0.0,0.0,0.0,0.0,0.09269,,0.0,0.0
2025-10-03 12:35:00,Estella E 1106,0.0,0.0,,0.0,0.040479999999999995,,,,0.0,0.0,0.0,0.0,0.08495,,0.0,0.0
2025-10-03 12:40:00,Estella E 1106,0.0,0.0,,0.0,0.039479999999999994,,,,0.0,0.0,0.0,0.0,0.08399,,0.0,0.0
2025-10-03 12:45:00,Estella E 1106,0.0,0.0,,0.0,0.038630000000000005,,,,,,,,,,0.0,0.0
2025-10-03 12:50:00,Estella E 1106,0.0,0.0,,0.0,0.00027,,,,0.0,0.0,0.0,0.0,0.04690999999999999,,0.0,0.0
2025-10-03 12:55:00,Estella E 1106,0.0,0.0,,0.0,0.00023999999999999998,,,,0.0,0.0,0.0,0.0,0.046990000000000004,,0.0,0.0
2025-10-03 13:00:00,Estella E 1106,0.0,0.0,,0.0,0.00035,,,,0.0,0.0,0.0,0.0,0.09972,,0.0,0.0
2025-10-03 13:05:00,Estella E 1106,0.0,0.0,,0.0,0.039630000000000006,,,,0.0,0.0,0.0,0.0,0.08582,,0.0,0.0
2025-10-03 13:10:00,Estella E 1106,0.0,0.0,,0.0,0.040909999999999995,,,,0.0,0.0,0.0,0.0,0.08731,,0.0,0.0
2025-10-03 13:15:00,Estella E 1106,0.0,0.0,,0.0,0.03997,,,,,,,,,,0.0,0.0
2025-10-03 13:20:00,Estella E 1106,0.0,0.0,,0.0,0.03897,,,,0.0,0.0,0.08154,0.0,0.16597,,0.0,0.0
2025-10-03 13:25:00,Estella E 1106,0.0,0.0,,0.0,0.0384,,,,0.0,0.0,0.08070999999999999,0.0,0.12733,,0.0,0.0
2025-10-03 13:30:00,Estella E 1106,0.0,0.0,,0.0,0.00029,,,,0.0,0.0,0.00709,0.0,0.05417,,0.0,0.0
2025-10-03 13:35:00,Estella E 1106,0.0,0.0,,0.0,0.00039,,,,0.0,0.0,0.00697,0.0,0.05353,,0.0,0.0
2025-10-03 13:40:00,Estella E 1106,0.0,0.0,,0.0,0.00304,,,,0.0,0.0,0.07952,0.0,0.16224,,0.0,0.0
2025-10-03 13:45:00,Estella E 1106,0.0,0.0,,0.0,0.04109,,,,0.0,0.0,0.07906999999999999,0.0,0.16547,,0.0,0.0
2025-10-03 13:50:00,Estella E 1106,0.0,0.0,,0.0,0.04156,,,,0.0,0.0,0.07820999999999999,0.0,0.16543,,0.0,0.0
2025-10-03 13:55:00,Estella E 1106,0.0,0.0,,0.0,0.04232,,,,0.0,0.0,0.07767,0.0,0.16526,,0.0,0.0
2025-10-03 14:00:00,Estella E 1106,0.0,0.0,,0.0,0.04069,,,,0.0,0.0,0.07820999999999999,0.0,0.16368000000000002,,0.0,0.0
2025-10-03 14:05:00,Estella E 1106,0.0,0.0,,0.0,0.03921,,,,0.0,0.0,0.07844,0.0,0.16274,,0.0,0.0
2025-10-03 14:10:00,Estella E 1106,0.0,0.0,,0.0,0.03854,,,,0.0,0.0,0.07809999999999999,0.0,0.12437999999999999,,0.0,0.0
2025-10-03 14:15:00,Estella E 1106,0.0,0.0,,0.0,0.00034,,,,0.0,0.0,0.07794,0.0,0.12394,,0.0,0.0
2025-10-03 14:20:00,Estella E 1106,0.0,0.0,,0.0,0.00028000000000000003,,,,0.0,0.0,0.07606,0.0,0.12129000000000001,,0.0,0.0
2025-10-03 14:25:00,Estella E 1106,0.0,0.0,,0.0,0.00033,,,,0.0,0.0,0.07684999999999999,0.0,0.17602,,0.0,0.0
2025-10-03 14:30:00,Estella E 1106,0.0,0.008960000000000001,,0.0,0.03854,,,,0.0,0.0,0.07673,0.0,0.1705,,0.0,0.0
2025-10-03 14:35:00,Estella E 1106,0.0,0.0,,0.0,0.040119999999999996,,,,0.0,0.0,0.07714,0.0,0.16202,,0.0,0.0
2025-10-03 14:40:00,Estella E 1106,0.0,0.0,,0.0,0.039909999999999994,,,,0.0,0.0,0.07631,0.0,0.15996000000000002,,0.0,0.0
2025-10-03 14:45:00,Estella E 1106,0.0,0.0,,0.0,0.038560000000000004,,,,0.0,0.0,0.07595,0.0,0.15838,,0.0,0.0
2025-10-03 14:50:00,Estella E 1106,0.0,0.0,,0.0,0.00025,,,,0.0,0.0,0.07626000000000001,0.0,0.12129000000000001,,0.0,0.0
2025-10-03 14:55:00,Estella E 1106,0.0,0.0,,0.0,0.00022,,,,0.0,0.0,0.07637000000000001,0.0,0.12142,,0.0,0.0
2025-10-03 15:00:00,Estella E 1106,0.0,0.0,,0.0,0.00035,,,,0.0,0.0,0.07712000000000001,0.0,0.12290000000000001,,0.0,0.0
2025-10-03 15:05:00,Estella E 1106,0.0,0.0,,0.0,0.053689999999999995,,,,0.0,0.0,0.03626,0.0,0.07895,,0.0,0.0
2025-10-03 15:10:00,Estella E 1106,0.0,0.0,,0.0,0.04011,,,,0.0,0.0,0.03642,0.0,0.08142,,0.0,0.0
2025-10-03 15:15:00,Estella E 1106,,,,,,,,,0.0,0.0,0.03644,0.0,0.08195999999999999,,0.0,
2025-10-03 15:20:00,Estella E 1106,,,,,,,,,0.0,0.0,0.0,0.0,0.04329,,0.0,
2025-10-03 15:25:00,Estella E 1106,0.0,0.0,,0.0,0.03847,,,,0.0,0.0,0.03685,0.0,0.07981999999999999,,0.0,0.0
2025-10-03 15:30:00,Estella E 1106,,,,,,,,,0.0,0.0,0.03653,0.0,0.04275,,0.0,
2025-10-03 15:35:00,Estella E 1106,0.0,0.0,,0.0,0.00022,,,,0.0,0.0,0.03656,0.0,0.12189,,0.0,0.0
2025-10-03 15:40:00,Estella E 1106,0.0,0.008960000000000001,,0.0,0.00022,,,,0.0,0.0,0.036090000000000004,0.0,0.13004,,0.0,0.0
2025-10-03 15:45:00,Estella E 1106,0.0,0.0,,0.0,0.00181,,,,0.0,0.0,0.03615,0.0,0.11998,,0.0,0.0
2025-10-03 15:50:00,Estella E 1106,0.0,0.0,,0.0,0.03853,,,,0.0,0.0,0.03587,0.0,0.15700999999999998,,0.0,0.0
2025-10-03 15:55:00,Estella E 1106,0.0,0.0,,0.0,0.04019,,,,0.0,0.0,0.03624,0.0,0.15916999999999998,,0.0,0.0
2025-10-03 16:00:00,Estella E 1106,0.0,0.00897,,0.0,0.04033,,,,0.0,0.0,0.07654999999999999,0.0,0.13941,,0.0,0.0
2025-10-03 16:05:00,Estella E 1106,0.0,0.0,,0.0,0.03915999999999999,,,,0.0,0.0,0.07639,0.0,0.13863,,0.0,0.0
2025-10-03 16:10:00,Estella E 1106,0.0,0.0,,0.0,0.03841,,,,,,,,,,0.0,0.0
2025-10-03 16:15:00,Estella E 1106,0.0,0.0,,0.0,0.00023999999999999998,,,,0.0,0.0,0.07671,0.0,0.10129,,0.0,0.0
2025-10-03 16:20:00,Estella E 1106,0.0,0.0,,0.0,0.0004,,,,0.0,0.0,0.07558,0.0,0.0999,,0.0,0.0
2025-10-03 16:25:00,Estella E 1106,0.0,0.0,,0.0,0.00020999999999999998,,,,,,,,,,0.0,0.0
2025-10-03 16:30:00,Estella E 1106,0.0,0.0,,0.0,0.03804,,,,0.0,0.0,0.07478,0.0,0.13695,,0.0,0.0
2025-10-03 16:35:00,Estella E 1106,0.0,0.0,,0.0,0.04032,,,,0.0,0.0,0.0741,0.0,0.13766,,0.0,0.0
2025-10-03 16:40:00,Estella E 1106,0.0,0.0,,0.0,0.03958,,,,0.0,0.0,0.07362,0.0,0.13554,,0.0,0.0
2025-10-03 16:45:00,Estella E 1106,0.0,0.0,,0.0,0.038299999999999994,,,,,,,,,,0.0,0.0
2025-10-03 16:50:00,Estella E 1106,0.0,0.0,,0.0,0.00031,,,,,,,,,,0.0,0.0
2025-10-03 16:55:00,Estella E 1106,0.0,0.0,,0.0,0.00035,,,,0.0,0.0,0.03501,0.0,0.059770000000000004,,0.0,0.0
2025-10-03 17:00:00,Estella E 1106,0.0,0.0,,0.0,0.00025,,,,0.0,0.0,0.03521,0.0,0.06001,,0.0,0.0
2025-10-03 17:05:00,Estella E 1106,0.0,0.0,,0.0,0.0381,,,,0.0,0.0,0.03538,0.0,0.0979,,0.0,0.0
2025-10-03 17:10:00,Estella E 1106,0.0,0.0,,0.0,0.04004,,,,0.0,0.0,0.03525,0.0,0.09861,,0.0,0.0
2025-10-03 17:15:00,Estella E 1106,0.0,0.0,,0.0,0.03965,,,,0.0,0.0,0.03499,0.0,0.09689,,0.0,0.0
2025-10-03 17:20:00,Estella E 1106,0.0,0.0,,0.0,0.03849,,,,0.0,0.0,0.03543,0.0,0.1065,,0.0,0.0
2025-10-03 17:25:00,Estella E 1106,0.0,0.02919,,0.0,0.00028000000000000003,,,,0.0,0.0,0.0355,0.0,0.08971,,0.0,0.0
2025-10-03 17:30:00,Estella E 1106,0.0,0.02859,,0.0,0.00039,,,,,,,,,,0.0,0.0
2025-10-03 17:35:00,Estella E 1106,0.0,0.0,,0.0,0.00027,,,,0.0,0.0,0.03591,0.0,0.06086,,0.0,0.0
2025-10-03 17:40:00,Estella E 1106,0.0,0.0,,0.0,0.03775,,,,0.0,0.0,0.03564,0.0,0.0974,,0.0,0.0
2025-10-03 17:45:00,Estella E 1106,0.0,0.0,,0.0,0.039670000000000004,,,,0.0,0.0,0.03539,0.0,0.09842000000000001,,0.0,0.0
2025-10-03 17:50:00,Estella E 1106,0.0,0.0,,0.0,0.03983,,,,0.0,0.0,0.03705,0.0,0.10029,,0.0,0.0
2025-10-03 17:55:00,Estella E 1106,0.0,0.0,,0.0,0.03824,,,,0.0,0.0,0.03714,0.0,0.09923,,0.0,0.0
2025-10-03 18:00:00,Estella E 1106,0.0,0.0,,0.0,0.00025,,,,0.0,0.0,0.037880000000000004,0.0,0.06375,,0.0,0.0
2025-10-03 18:05:00,Estella E 1106,0.0,0.0,,0.0,0.00038,,,,0.0,0.0,0.037829999999999996,0.0,0.06362,,0.0,0.0
2025-10-03 18:10:00,Estella E 1106,0.0,0.0,,0.0,0.0004,,,,0.0,0.0,0.03787,0.0,0.06361,,0.0,0.0
2025-10-03 18:15:00,Estella E 1106,0.0,0.0,,0.0,0.05154,,,,0.0,0.0,0.038060000000000004,0.0,0.09962,,0.0,0.0
2025-10-03 18:20:00,Estella E 1106,0.0,0.0,,0.0,0.038079999999999996,,,,0.0,0.0,0.037689999999999994,0.0,0.09977,,0.0,0.0
2025-10-03 18:25:00,Estella E 1106,0.0,0.0,,0.0,0.00033,,,,0.0,0.0,0.0,0.0,0.03557,,0.0,0.0
2025-10-03 18:30:00,Estella E 1106,0.0,0.0,,0.0,0.00031,,,,0.0,0.0,0.0,0.0,0.16144999999999998,,0.0,0.0
2025-10-03 18:35:00,Estella E 1106,0.0,0.0,,0.0,0.039990000000000005,,,,0.0,0.0,0.0,0.0,0.14682,,0.0,0.0
2025-10-03 18:40:00,Estella E 1106,0.0,0.008919999999999999,0.10186,0.0,0.03875,0.0,0.0,0.0,0.0,0.0,0.0,0.0,0.14587999999999998,0.0,0.0,0.0
2025-10-03 18:45:00,Estella E 1106,0.0,0.0,,0.0,0.00020999999999999998,,,,0.0,0.0,0.12693000000000002,0.0,0.25573,,0.0,0.0
2025-10-03 18:50:00,Estella E 1106,0.0,0.00893,,0.0,0.00033,,,,0.0,0.0,0.0,0.0,0.12792,,0.0,0.0
2025-10-03 18:55:00,Estella E 1106,0.0,0.0,,0.0,0.00041999999999999996,,,,0.0,0.0,0.0,0.0,0.11807,,0.0,0.0
2025-10-03 19:00:00,Estella E 1106,0.0,0.0,,0.0,0.00027,,,,0.0,0.0,0.0,0.0,0.19355,,0.0,0.0
2025-10-03 19:05:00,Estella E 1106,0.0,0.0,0.12342,0.0,0.040409999999999995,0.00883,0.0,0.0,0.0,0.0,0.0,0.0,0.17859,0.0,0.0,0.0
2025-10-03 19:10:00,Estella E 1106,0.0,0.0,,0.0,0.04126,,,,0.0,0.0,0.0,0.0,0.17847,,0.0,0.0
2025-10-03 19:15:00,Estella E 1106,0.0,0.0,,0.0,0.040490000000000005,,,,0.0,0.0,0.0,0.0,0.21148,,0.0,0.0
2025-10-03 19:20:00,Estella E 1106,0.0,0.0,,0.0,0.03932,,,,0.0,0.0,0.0,0.0,0.17171,,0.0,0.0
2025-10-03 19:25:00,Estella E 1106,,,,,,,,,0.0,0.0,0.0,0.0,0.22428,,0.0,
2025-10-03 19:30:00,Estella E 1106,,,,,,,,,0.0,0.0,0.0,0.0,0.3497,,0.0,
2025-10-03 19:35:00,Estella E 1106,0.0,0.0,0.12294,0.0,0.19079,0.02894,0.0,0.0,0.0,0.0,0.0,0.0,0.34857,0.0,0.0,0.0
2025-10-03 19:40:00,Estella E 1106,0.0,0.0,,0.0,0.19122999999999998,,,,0.0,0.0,0.0,0.0,0.34823000000000004,,0.0,0.0
2025-10-03 19:45:00,Estella E 1106,0.0,0.0,,0.0,0.19169,,,,0.0,0.0,0.0,0.0,0.3419,,0.0,0.0
2025-10-03 19:50:00,Estella E 1106,0.0,0.0,,0.0,0.00034,,,,0.0,0.0,0.0,0.0,0.151,,0.0,0.0
2025-10-03 19:55:00,Estella E 1106,0.0,0.0,,0.0,0.062439999999999996,,,,0.0,0.0,0.0,0.0,0.19591,,0.0,0.0
2025-10-03 20:00:00,Estella E 1106,0.0,0.0,,0.0,0.05271,,,,0.0,0.0,0.0,0.0,0.18784,,0.0,0.0
2025-10-03 20:05:00,Estella E 1106,0.0,0.0,,0.0,0.052399999999999995,,,,0.0,0.0,0.0,0.0,0.19651,,0.0,0.0
2025-10-03 20:10:00,Estella E 1106,0.0,0.0,,0.0,0.05149,,,,0.0,0.0,0.0,0.0,0.19596,,0.0,0.0
2025-10-03 20:15:00,Estella E 1106,0.0,0.0,,0.0,0.0497,,,,0.0,0.0,0.0,0.0,0.19321000000000002,,0.0,0.0
2025-10-03 20:20:00,Estella E 1106,0.0,0.00886,,0.0,0.048479999999999995,,,,0.0,0.0,0.0,0.0,0.20575,,0.0,0.0
2025-10-03 20:25:00,Estella E 1106,0.0,0.0087,,0.0,0.04747,,,,0.0,0.0,0.0,0.0,0.20036,,0.0,0.0
2025-10-03 20:30:00,Estella E 1106,0.0,0.0,,0.0,0.046560000000000004,,,,0.0,0.0,0.0,0.0,0.18772999999999998,,0.0,0.0
2025-10-03 20:35:00,Estella E 1106,0.0,0.0,,0.0,0.04571,,,,0.0,0.0,0.0,0.0,0.18669999999999998,,0.0,0.0
2025-10-03 20:40:00,Estella E 1106,,,,,,,,,0.0,0.0,0.0,0.0,0.184,,0.0,
2025-10-03 20:45:00,Estella E 1106,0.0,0.0,,0.0,0.04231,,,,0.0,0.0,0.0,0.0,0.18339,,0.0,0.0
2025-10-03 20:50:00,Estella E 1106,0.0,0.00886,,0.0,0.04163,,,,0.0,0.0,0.0,0.0,0.30237,,0.0,0.0
2025-10-03 20:55:00,Estella E 1106,,,,,,,,,0.0,0.0,0.0,0.0,0.29420999999999997,,0.0,
2025-10-03 21:00:00,Estella E 1106,0.0,0.0,,0.0,0.040350000000000004,,,,0.0,0.0,0.0,0.0,0.29242,,0.0,0.0
2025-10-03 21:05:00,Estella E 1106,0.0,0.0,,0.0,0.03989,,,,0.0,0.0,0.0,0.0,0.29086,,0.0,0.0
2025-10-03 21:10:00,Estella E 1106,0.0,0.00887,,0.0,0.039409999999999994,,,,0.0,0.0,0.0,0.0,0.21805000000000002,,0.0,0.0
2025-10-03 21:15:00,Estella E 1106,0.0,0.0,,0.0,0.00038,,,,0.0,0.0,0.0,0.0,0.16994,,0.0,0.0
2025-10-03 21:20:00,Estella E 1106,0.0,0.0,,0.0,0.041909999999999996,,,,0.0,0.0,0.0,0.0,0.21069,,0.0,0.0
2025-10-03 21:25:00,Estella E 1106,,,,,,,,,0.0,0.0,0.0,0.0,0.21125,,0.0,
2025-10-03 21:30:00,Estella E 1106,0.0,0.0,,0.0,0.04223,,,,0.0,0.0,0.0,0.0,0.20992,,0.0,0.0
2025-10-03 21:35:00,Estella E 1106,0.0,0.0,,0.0,0.04176,,,,0.0,0.0,0.0,0.0,0.24361000000000002,,0.0,0.0
2025-10-03 21:40:00,Estella E 1106,0.0,0.0,,0.0,0.040979999999999996,,,,0.0,0.0,0.0,0.0,0.20041,,0.0,0.0
2025-10-03 21:45:00,Estella E 1106,0.0,0.0,,0.0,0.04079,,,,0.0,0.0,0.0,0.0,0.20036,,0.0,0.0
2025-10-03 21:50:00,Estella E 1106,0.0,0.0,,0.0,0.04021,,,,0.0,0.0,0.0,0.0,0.2102,,0.0,0.0
2025-10-03 21:55:00,Estella E 1106,0.0,0.0,,0.0,0.03979,,,,0.0,0.0,0.0,0.0,0.16238999999999998,,0.0,0.0
2025-10-03 22:00:00,Estella E 1106,0.0,0.0,,0.0,0.00016,,,,0.0,0.0,0.0,0.0,0.16193000000000002,,0.0,0.0
2025-10-03 22:05:00,Estella E 1106,0.0,0.0,,0.0,0.00015,,,,0.0,0.0,0.0,0.0,0.16065000000000002,,0.0,0.0
2025-10-03 22:10:00,Estella E 1106,0.0,0.0,,0.0,0.05572,,,,0.0,0.0,0.0,0.0,0.19876,,0.0,0.0
2025-10-03 22:15:00,Estella E 1106,0.0,0.0,,0.0,0.040909999999999995,,,,0.0,0.0,0.0,0.0,0.21993000000000001,,0.0,0.0
2025-10-03 22:20:00,Estella E 1106,,,,,,,,,0.0,0.0,0.0,0.0,0.21027,,0.0,
2025-10-03 22:25:00,Estella E 1106,0.0,0.0,,0.0,0.04093,,,,0.0,0.0,0.0,0.0,0.21046,,0.0,0.0
2025-10-03 22:30:00,Estella E 1106,0.0,0.0,,0.0,0.0415,,,,0.0,0.0,0.0,0.0,0.26391000000000003,,0.0,0.0
2025-10-03 22:35:00,Estella E 1106,0.0,0.0,,0.0,0.04097,,,,0.0,0.0,0.0,0.0,0.22684,,0.0,0.0
2025-10-03 22:40:00,Estella E 1106,0.0,0.0,,0.0,0.04008,,,,0.0,0.0,0.0,0.0,0.26597000000000004,,0.0,0.0
2025-10-03 22:45:00,Estella E 1106,0.0,0.0,,0.0,0.00033,,,,0.0,0.0,0.0,0.0,0.26022,,0.0,0.0
2025-10-03 22:50:00,Estella E 1106,0.0,0.0,,0.0,0.00023999999999999998,,,,0.0,0.0,0.0,0.0,0.23587,,0.0,0.0
2025-10-03 22:55:00,Estella E 1106,0.0,0.0,0.12224,0.0,0.00019,0.00881,0.0,0.0,0.0,0.0,0.0,0.0,0.13824,0.0,0.0,0.0
2025-10-03 23:00:00,Estella E 1106,0.0,0.0,,0.0,0.0551,,,,0.0,0.0,0.0,0.0,0.16562000000000002,,0.0,0.0
2025-10-03 23:05:00,Estella E 1106,0.0,0.0,,0.0,0.04058,,,,0.0,0.0,0.0,0.0,0.16812,,0.0,0.0
2025-10-03 23:10:00,Estella E 1106,,,,,,,,,0.0,0.0,0.0,0.0,0.16688,,0.0,
2025-10-03 23:15:00,Estella E 1106,0.0,0.0,,0.0,0.03977,,,,0.0,0.0,0.0,0.0,0.17844,,0.0,0.0
2025-10-03 23:20:00,Estella E 1106,0.0,0.0,,0.0,0.04119,,,,0.0,0.0,0.0,0.0,0.13794,,0.0,0.0
2025-10-03 23:25:00,Estella E 1106,0.0,0.0,,0.0,0.04081,,,,0.0,0.0,0.048240000000000005,0.0,0.17565,,0.0,0.0
2025-10-03 23:30:00,Estella E 1106,0.0,0.0,,0.0,0.040100000000000004,,,,0.00943,0.0,0.047909999999999994,0.0,0.18416,,0.0,0.0
2025-10-03 23:35:00,Estella E 1106,0.0,0.0,,0.0,0.00035999999999999997,,,,0.0,0.0,0.08667,0.0,0.17471,,0.0,0.0
2025-10-03 23:40:00,Estella E 1106,0.0,0.0,,0.0,0.00017999999999999998,,,,0.0,0.0,0.08562,0.0,0.17346,,0.0,0.0
2025-10-03 23:45:00,Estella E 1106,0.0,0.0,,0.0,0.00034,,,,0.0,0.0,0.08514000000000001,0.0,0.09136,,0.0,0.0
2025-10-03 23:50:00,Estella E 1106,0.0,0.0,,0.0,0.04907,,,,0.0,0.0,0.03774,0.0,0.24289,,0.0,0.0
2025-10-03 23:55:00,Estella E 1106,0.0,0.0,,0.0,0.04132,,,,0.0,0.0,0.03772,0.0,0.20753,,0.0,0.0
2025-10-04 00:00:00,Estella E 1106,0.0,0.0,,0.0,0.04158,,,,0.0,0.0,0.07437,0.0,0.24401,,0.0,0.0
2025-10-04 00:05:00,Estella E 1106,0.0,0.0,,0.0,0.04018,,,,0.0,0.0,0.037520000000000005,0.0,0.2058,,0.0,0.0
2025-10-04 00:10:00,Estella E 1106,0.0,0.0,,0.0,0.03928,,,,0.0,0.0,0.03737,0.0,0.20439,,0.0,0.0
2025-10-04 00:15:00,Estella E 1106,0.0,0.0,,0.0,0.038810000000000004,,,,0.0,0.0,0.03737,0.0,0.16627,,0.0,0.0
2025-10-04 00:20:00,Estella E 1106,0.0,0.0,,0.0,0.00020999999999999998,,,,,,,,,,0.0,0.0
2025-10-04 00:25:00,Estella E 1106,0.0,0.0,,0.0,0.00027,,,,0.0,0.0,0.036340000000000004,0.0,0.11090000000000001,,0.0,0.0
2025-10-04 00:30:00,Estella E 1106,0.0,0.0,0.03939,0.0,0.00039,0.0,0.0,0.026170000000000002,0.0,0.0,0.036789999999999996,0.0,0.14731,0.0,0.0,0.0
2025-10-04 00:35:00,Estella E 1106,0.0,0.0,,0.0,0.03979,,,,0.0,0.0,0.036789999999999996,0.0,0.14919,,0.0,0.0
2025-10-04 00:40:00,Estella E 1106,0.0,0.0,,0.0,0.041299999999999996,,,,0.0,0.0,0.03666,0.0,0.15849000000000002,,0.0,0.0
2025-10-04 00:45:00,Estella E 1106,0.0,0.0,,0.0,0.039189999999999996,,,,0.0,0.0,0.03676,0.0,0.12079999999999999,,0.0,0.0
2025-10-04 00:50:00,Estella E 1106,0.0,0.0,,0.0,0.038869999999999995,,,,0.0,0.0,0.03682,0.0,0.12043999999999999,,0.0,0.0
2025-10-04 00:55:00,Estella E 1106,0.0,0.0,0.12376999999999999,0.0,0.00034,0.0,0.0,0.0,0.0,0.0,0.07866,0.0,0.20901,0.0,0.0,0.0
2025-10-04 01:00:00,Estella E 1106,0.0,0.0,,0.0,0.00017999999999999998,,,,0.0,0.0,0.07842,0.0,0.1245,,0.0,0.0
2025-10-04 01:05:00,Estella E 1106,0.0,0.0,,0.0,0.00041999999999999996,,,,0.0,0.0,0.07983,0.0,0.1259,,0.0,0.0
2025-10-04 01:10:00,Estella E 1106,0.0,0.0,,0.0,0.05097,,,,,,,,,,0.0,0.0
2025-10-04 01:15:00,Estella E 1106,0.0,0.0,,0.0,0.03976,,,,0.0,0.0,0.07952,0.0,0.16448,,0.0,0.0
2025-10-04 01:20:00,Estella E 1106,0.0,0.0,,0.0,0.04058,,,,0.0,0.0,0.07876000000000001,0.0,0.16327,,0.0,0.0
2025-10-04 01:25:00,Estella E 1106,0.0,0.0,,0.0,0.039299999999999995,,,,0.0,0.0,0.07873999999999999,0.0,0.16216999999999998,,0.0,0.0
2025-10-04 01:30:00,Estella E 1106,0.0,0.0,,0.0,0.03875,,,,,,,,,,0.0,0.0
2025-10-04 01:35:00,Estella E 1106,0.0,0.0,,0.0,0.00033,,,,,,,,,,0.0,0.0
2025-10-04 01:40:00,Estella E 1106,0.0,0.0,,0.0,0.00027,,,,,,,,,,0.0,0.0
2025-10-04 01:45:00,Estella E 1106,0.0,0.0,,0.0,0.00028000000000000003,,,,0.0,0.0,0.07604999999999999,0.0,0.12174,,0.0,0.0
2025-10-04 01:50:00,Estella E 1106,0.0,0.0,0.039880000000000006,0.0,0.038299999999999994,0.0,0.0,0.0,0.0,0.0,0.07739,0.0,0.16057,0.0,0.0,0.0
2025-10-04 01:55:00,Estella E 1106,,,,,,,,,0.0,0.0,0.07751000000000001,0.0,0.16129,,0.0,
2025-10-04 02:00:00,Estella E 1106,,,,,,,,,0.0,0.0,0.07783,0.0,0.12353,,0.0,
2025-10-04 02:05:00,Estella E 1106,0.0,0.0,,0.0,0.00027,,,,0.0,0.0,0.07759,0.0,0.12404000000000001,,0.0,0.0
2025-10-04 02:10:00,Estella E 1106,0.0,0.0,,0.0,0.03669,,,,0.0,0.0,0.07767,0.0,0.15950999999999999,,0.0,0.0
2025-10-04 02:15:00,Estella E 1106,0.0,0.0,,0.0,0.03787,,,,,,,,,,0.0,0.0
2025-10-04 02:20:00,Estella E 1106,0.0,0.0,,0.0,0.00022,,,,,,,,,,0.0,0.0
2025-10-04 02:25:00,Estella E 1106,0.0,0.0,,0.0,0.03713,,,,,,,,,,0.0,0.0
2025-10-04 02:30:00,Estella E 1106,0.0,0.0,,0.0,0.03742,,,,0.0,0.0,0.03696,0.0,0.08433,,0.0,0.0
2025-10-04 02:35:00,Estella E 1106,0.0,0.0,,0.0,0.00033,,,,,,,,,,0.0,0.0
2025-10-04 02:40:00,Estella E 1106,0.0,0.0,,0.0,0.00025,,,,,,,,,,0.0,0.0
2025-10-04 02:45:00,Estella E 1106,0.0,0.0,,0.0,0.00027,,,,0.0,0.0,0.03706,0.0,0.08391,,0.0,0.0
2025-10-04 02:50:00,Estella E 1106,0.0,0.0,0.040310000000000006,0.0,0.053380000000000004,0.0,0.0,0.0,0.0,0.0,0.03721,0.0,0.12054999999999999,0.0,0.0,0.0
2025-10-04 02:55:00,Estella E 1106,0.0,0.0,,0.0,0.039880000000000006,,,,0.0,0.0,0.03732,0.0,0.12265999999999999,,0.0,0.0
2025-10-04 03:00:00,Estella E 1106,0.0,0.0,,0.0,0.039450000000000006,,,,,,,,,,0.0,0.0
2025-10-04 03:05:00,Estella E 1106,0.0,0.0,,0.0,0.03882,,,,,,,,,,0.0,0.0
2025-10-04 03:10:00,Estella E 1106,0.0,0.0,,0.0,0.00039,,,,,,,,,,0.0,0.0
2025-10-04 03:15:00,Estella E 1106,0.0,0.0,,0.0,0.00038,,,,,,,,,,0.0,0.0
2025-10-04 03:20:00,Estella E 1106,0.0,0.0,,0.0,0.00035999999999999997,,,,,,,,,,0.0,0.0
2025-10-04 03:25:00,Estella E 1106,0.0,0.0,,0.0,0.03829,,,,0.0,0.0,0.037759999999999995,0.0,0.12279999999999999,,0.0,0.0
2025-10-04 03:30:00,Estella E 1106,0.0,0.0,,0.0,0.03983,,,,,,,,,,0.0,0.0
2025-10-04 03:35:00,Estella E 1106,0.0,0.0,0.04044,0.0,0.039740000000000004,0.0,0.0,0.0,,,,,,0.0,0.0,0.0
2025-10-04 03:40:00,Estella E 1106,0.0,0.0,,0.0,0.039009999999999996,,,,,,,,,,0.0,0.0
2025-10-04 03:45:00,Estella E 1106,0.0,0.0,0.04039,0.0,0.00029,0.0,0.0,0.0,,,,,,0.0,0.0,0.0
2025-10-04 03:50:00,Estella E 1106,0.0,0.0,,0.0,0.00022,,,,0.0,0.0,0.03756,0.0,0.063,,0.0,0.0
2025-10-04 03:55:00,Estella E 1106,0.0,0.0,,0.0,0.00016,,,,0.0,0.0,0.0376,0.0,0.06364,,0.0,0.0
2025-10-04 04:00:00,Estella E 1106,0.0,0.0,,0.0,0.037880000000000004,,,,,,,,,,0.0,0.0
2025-10-04 04:05:00,Estella E 1106,0.0,0.0,,0.0,0.04112,,,,,,,,,,0.0,0.0
2025-10-04 04:15:00,Estella E 1106,0.0,0.0,,0.0,0.00032,,,,,,,,,,0.0,0.0
2025-10-04 04:20:00,Estella E 1106,0.0,0.0,,0.0,0.0002,,,,,,,,,,0.0,0.0
2025-10-04 04:25:00,Estella E 1106,0.0,0.0,,0.0,0.00025,,,,,,,,,,0.0,0.0
2025-10-04 04:30:00,Estella E 1106,0.0,0.0,,0.0,0.00019,,,,,,,,,,0.0,0.0
2025-10-04 04:35:00,Estella E 1106,0.0,0.0,,0.0,0.03947,,,,,,,,,,0.0,0.0
2025-10-04 04:40:00,Estella E 1106,0.0,0.0,,0.0,0.04025,,,,,,,,,,0.0,0.0
2025-10-04 04:45:00,Estella E 1106,0.0,0.0,,0.0,0.039740000000000004,,,,,,,,,,0.0,0.0
2025-10-04 04:50:00,Estella E 1106,0.0,0.0,,0.0,0.00029,,,,,,,,,,0.0,0.0
2025-10-04 04:55:00,Estella E 1106,0.0,0.0,,0.0,0.0002,,,,,,,,,,0.0,0.0
2025-10-04 05:00:00,Estella E 1106,0.0,0.0,,0.0,0.00031,,,,0.0,0.0,0.03728,0.0,0.06264,,0.0,0.0
2025-10-04 05:05:00,Estella E 1106,,,,,,,,,0.0,0.0,0.03694,0.0,0.11616,,0.0,
2025-10-04 05:10:00,Estella E 1106,0.0,0.0,,0.0,0.04014,,,,0.0,0.0,0.03681,0.0,0.10096,,0.0,0.0
2025-10-04 05:15:00,Estella E 1106,0.0,0.0,,0.0,0.08020000000000001,,,,0.0,0.0,0.07333999999999999,0.0,0.20055,,0.0,0.0
2025-10-04 05:20:00,Estella E 1106,0.0,0.0,,0.0,0.03961,,,,0.0,0.0,0.03673,0.0,0.09969,,0.0,0.0
2025-10-04 05:25:00,Estella E 1106,0.0,0.0,0.01863,0.0,0.00023999999999999998,0.0,0.0,0.0,0.0,0.0,0.03669,0.0,0.062200000000000005,0.0,0.0,0.0
2025-10-04 05:30:00,Estella E 1106,0.0,0.0,0.01877,0.0,0.00043,0.0,0.0,0.0,0.0,0.0,0.03685,0.0,0.062200000000000005,0.0,0.0,0.0
2025-10-04 05:35:00,Estella E 1106,0.0,0.0,,0.0,0.00026000000000000003,,,,,,,,,,0.0,0.0
2025-10-04 05:40:00,Estella E 1106,0.0,0.0,,0.0,0.0546,,,,,,,,,,0.0,0.0
2025-10-04 05:45:00,Estella E 1106,0.0,0.0,,0.0,0.040530000000000004,,,,0.0,0.0,0.03613,0.0,0.10049,,0.0,0.0
2025-10-04 05:50:00,Estella E 1106,0.0,0.0,,0.0,0.039850000000000003,,,,,,,,,,0.0,0.0
2025-10-04 05:55:00,Estella E 1106,0.0,0.0,,0.0,0.03936,,,,,,,,,,0.0,0.0
2025-10-04 06:00:00,Estella E 1106,0.0,0.0,,0.0,0.00026000000000000003,,,,,,,,,,0.0,0.0
2025-10-04 06:05:00,Estella E 1106,0.0,0.0,,0.0,0.00045,,,,0.0,0.0,0.03656,0.0,0.0613,,0.0,0.0
2025-10-04 06:10:00,Estella E 1106,0.0,0.0,,0.0,0.00027,,,,0.0,0.0,0.03644,0.0,0.06139,,0.0,0.0
2025-10-04 06:15:00,Estella E 1106,0.0,0.0,,0.0,0.03789,,,,0.0,0.0,0.03649,0.0,0.09999,,0.0,0.0
2025-10-04 06:20:00,Estella E 1106,0.0,0.0,,0.0,0.040850000000000004,,,,0.0,0.0,0.036289999999999996,0.0,0.10004,,0.0,0.0
2025-10-04 06:25:00,Estella E 1106,0.0,0.0,,0.0,0.039740000000000004,,,,0.0,0.0,0.03607,0.0,0.0993,,0.0,0.0
2025-10-04 06:30:00,Estella E 1106,0.0,0.0,,0.0,0.00026000000000000003,,,,0.0,0.0,0.036090000000000004,0.0,0.06105,,0.0,0.0
2025-10-04 06:35:00,Estella E 1106,0.0,0.0,,0.0,0.00023999999999999998,,,,0.0,0.0,0.035840000000000004,0.0,0.06056,,0.0,0.0
2025-10-04 06:40:00,Estella E 1106,0.0,0.0,,0.0,0.00025,,,,,,,,,,0.0,0.0
2025-10-04 06:45:00,Estella E 1106,0.0,0.0,,0.0,0.00027,,,,,,,,,,0.0,0.0
2025-10-04 06:50:00,Estella E 1106,0.0,0.00885,,0.0,0.039850000000000003,,,,,,,,,,0.0,0.0
2025-10-04 06:55:00,Estella E 1106,0.0,0.00898,,0.0,0.04022,,,,,,,,,,0.0,0.0
2025-10-04 07:00:00,Estella E 1106,0.0,0.00885,,0.0,0.03958,,,,0.0,0.0,0.03545,0.0,0.10793000000000001,,0.0,0.0
2025-10-04 07:05:00,Estella E 1106,0.0,0.00872,,0.0,0.00026000000000000003,,,,,,,,,,0.0,0.0
2025-10-04 07:10:00,Estella E 1106,0.0,0.00879,0.01809,0.0,0.00023999999999999998,0.0,0.0,0.0,0.0,0.0,0.03531,0.0,0.06939000000000001,0.0,0.0,0.0
2025-10-04 07:15:00,Estella E 1106,0.0,0.0089,,0.0,0.00033,,,,0.0,0.0,0.03532,0.0,0.06963,,0.0,0.0
2025-10-04 07:20:00,Estella E 1106,0.0,0.0088,,0.0,0.00029,,,,,,,,,,0.0,0.0
2025-10-04 07:25:00,Estella E 1106,0.0,0.00879,,0.0,0.04058,,,,,,,,,,0.0,0.0
2025-10-04 07:30:00,Estella E 1106,0.0,0.00886,,0.0,0.039880000000000006,,,,0.0,0.0,0.03543,0.0,0.10826000000000001,,0.0,0.0
2025-10-04 07:35:00,Estella E 1106,2.5795700000000004,0.00885,,0.0,0.039490000000000004,,,,0.0,0.0,0.03435,0.0,2.64555,,0.0,0.0
2025-10-04 07:40:00,Estella E 1106,2.61458,0.00886,0.01808,0.0,0.00016,0.0,0.0,0.0,0.0,0.0,0.03594,0.0,0.07056,0.0,0.0,0.0
2025-10-04 07:45:00,Estella E 1106,0.0,0.0088,,0.0,0.00028000000000000003,,,,0.0,0.0,0.03554,0.0,0.07035,,0.0,0.0
2025-10-04 07:50:00,Estella E 1106,0.0,0.0,,0.0,0.00039,,,,0.0,0.0,0.0345,0.0,2.6565,,0.0,0.0
2025-10-04 07:55:00,Estella E 1106,2.5972600000000003,0.00884,,0.0,0.00163,,,,0.0,0.0,0.0348,0.0,2.68106,,0.0,0.0
2025-10-04 08:00:00,Estella E 1106,0.0,0.00886,,0.0,0.04021,,,,0.0,0.0,0.03593,0.0,0.11115,,0.0,0.0
2025-10-04 08:05:00,Estella E 1106,0.0,0.00887,,0.0,0.04145,,,,,,,,,,0.0,0.0
2025-10-04 08:10:00,Estella E 1106,0.0,0.00874,,0.0,0.040490000000000005,,,,0.0,0.0,0.03555,0.0,0.19357,,0.0,0.0
2025-10-04 08:15:00,Estella E 1106,0.0,0.00878,,0.0,0.039920000000000004,,,,,,,,,,0.0,0.0
2025-10-04 08:20:00,Estella E 1106,0.0,0.00886,,0.0,0.00028000000000000003,,,,,,,,,,0.0,0.0
2025-10-04 08:25:00,Estella E 1106,0.0,0.00872,,0.0,0.00035999999999999997,,,,,,,,,,0.0,0.0
2025-10-04 08:30:00,Estella E 1106,0.0,0.00873,,0.0,0.00025,,,,,,,,,,0.0,0.0
2025-10-04 08:35:00,Estella E 1106,0.0,0.0,,0.0,0.05108,,,,0.0,0.0,0.03721,0.0,0.08006,,0.0,0.0
2025-10-04 08:40:00,Estella E 1106,0.0,0.0,,0.0,0.040549999999999996,,,,0.0,0.0,0.03687,0.0,0.08170999999999999,,0.0,0.0
2025-10-04 08:45:00,Estella E 1106,0.0,0.0,,0.0,0.039560000000000005,,,,0.0,0.0,0.03661,0.0,0.08078,,0.0,0.0
2025-10-04 08:50:00,Estella E 1106,0.0,0.0,,0.0,0.00035999999999999997,,,,,,,,,,0.0,0.0
2025-10-04 08:55:00,Estella E 1106,0.0,0.0,,0.0,0.00028000000000000003,,,,,,,,,,0.0,0.0
2025-10-04 09:00:00,Estella E 1106,0.0,0.0,,0.0,0.00028000000000000003,,,,,,,,,,0.0,0.0
2025-10-04 09:05:00,Estella E 1106,0.0,0.0,,0.0,0.00028000000000000003,,,,,,,,,,0.0,0.0
2025-10-04 09:10:00,Estella E 1106,0.0,0.0,,0.0,0.03971,,,,,,,,,,0.0,0.0
2025-10-04 09:15:00,Estella E 1106,0.0,0.0,0.0,0.0,0.17973,0.0,0.0,0.0,0.0,0.0,0.03574,0.0,0.21800999999999998,0.0,0.0,0.0
2025-10-04 09:20:00,Estella E 1106,0.0,0.0,,0.0,0.17765,,,,,,,,,,0.0,0.0
2025-10-04 09:25:00,Estella E 1106,0.0,0.0,,0.0,0.17803,,,,,,,,,,0.0,0.0
2025-10-04 09:30:00,Estella E 1106,0.0,0.0,,0.0,0.17721,,,,,,,,,,0.0,0.0
2025-10-04 09:35:00,Estella E 1106,0.0,0.0,,0.0,0.00039,,,,0.0,0.0,0.03631,0.0,0.04249,,0.0,0.0
2025-10-04 09:40:00,Estella E 1106,0.0,0.0,,0.0,0.07966,,,,,,,,,,0.0,0.0
2025-10-04 09:45:00,Estella E 1106,0.0,0.0,,0.0,0.054740000000000004,,,,,,,,,,0.0,0.0
2025-10-04 09:50:00,Estella E 1106,0.0,0.0,0.0,0.0,0.054369999999999995,0.0,0.0,0.0,0.0,0.0,0.03639,0.0,0.09468,0.0,0.0,0.0
2025-10-04 09:55:00,Estella E 1106,0.0,0.0,,0.0,0.05216,,,,,,,,,,0.0,0.0
2025-10-04 10:00:00,Estella E 1106,0.0,0.0,,0.0,0.05052,,,,,,,,,,0.0,0.0
2025-10-04 10:05:00,Estella E 1106,0.0,0.0,,0.0,0.048960000000000004,,,,0.0,0.0,0.03573,0.0,0.12539,,0.0,0.0
2025-10-04 10:10:00,Estella E 1106,0.0,0.0,,0.0,0.044950000000000004,,,,0.0,0.0,0.036090000000000004,0.0,0.51709,,0.0,0.0
2025-10-04 10:15:00,Estella E 1106,0.0,0.0,,0.0,0.04437,,,,0.0,0.0,0.0362,0.0,0.12301999999999999,,0.0,0.0
2025-10-04 10:20:00,Estella E 1106,0.0,0.0,,0.0,0.04327,,,,0.0,0.0,0.03591,0.0,0.12101,,0.0,0.0
2025-10-04 10:25:00,Estella E 1106,0.0,0.0,0.0,0.0,0.0425,0.0,0.0,0.03657,0.0,0.0,0.03578,0.0,0.11974,0.0,0.0,0.0
2025-10-04 10:30:00,Estella E 1106,0.0,0.0,,0.0,0.04162,,,,0.0,0.0,0.0,0.0,0.11393,,0.0,0.0
2025-10-04 10:35:00,Estella E 1106,0.0,0.02925,,0.0,0.04119,,,,0.0,0.0,0.0,0.0,0.11269,,0.0,0.0
2025-10-04 10:40:00,Estella E 1106,0.0,0.028489999999999998,,0.0,0.04226,,,,0.0,0.0,0.0,0.0,0.11226,,0.0,0.0
2025-10-04 10:45:00,Estella E 1106,0.0,0.02861,,0.0,0.04203,,,,0.0,0.0,0.0,0.0,0.11312,,0.0,0.0
2025-10-04 10:50:00,Estella E 1106,0.0,0.02832,,0.0,0.04112,,,,0.0,0.0,0.0,0.0,0.08337,,0.0,0.0
2025-10-04 10:55:00,Estella E 1106,0.0,0.0,,0.0,0.04061,,,,0.0,0.0,0.0,0.0,0.08238,,0.0,0.0
2025-10-04 11:00:00,Estella E 1106,0.0,0.0,,0.0,0.040240000000000005,,,,0.0,0.0,0.0,0.0,0.11709,,0.0,0.0
2025-10-04 11:05:00,Estella E 1106,0.0,0.0,,0.0,0.00020999999999999998,,,,0.0,0.0,0.0,0.0,0.07701999999999999,,0.0,0.0
2025-10-04 11:10:00,Estella E 1106,0.0,0.0,,0.0,0.00027,,,,0.0,0.0,0.0,0.0,2.74544,,2.66948,0.0
2025-10-04 11:15:00,Estella E 1106,0.0,0.0,,0.0,0.00020999999999999998,,,,0.0,0.0,0.0,0.0,0.07698,,0.0,0.0
2025-10-04 11:20:00,Estella E 1106,0.0,0.0,,0.0,0.05507,,,,0.0,0.0,0.0,0.0,0.11478000000000001,,0.0,0.0
2025-10-04 11:25:00,Estella E 1106,0.0,0.0,,0.0,0.04133,,,,0.0,0.0,0.0,0.0,2.8056300000000003,,2.68901,0.0
2025-10-04 11:30:00,Estella E 1106,0.0,0.0,,0.0,0.04136,,,,0.0,0.0,0.0,0.0,0.11824,,0.0,0.0
2025-10-04 11:35:00,Estella E 1106,0.0,0.0,,0.0,0.040549999999999996,,,,0.0,0.0,0.0,0.0,0.11671,,0.0,0.0
2025-10-04 11:40:00,Estella E 1106,0.0,0.0,,0.0,0.03964,,,,0.0,0.0,0.0,0.0,0.11554,,0.0,0.0
2025-10-04 11:45:00,Estella E 1106,0.0,0.0,,0.0,0.039490000000000004,,,,0.0,0.0,0.0,0.0,0.11527,,0.0,0.0
2025-10-04 11:50:00,Estella E 1106,0.0,0.0,,0.0,0.00025,,,,0.0,0.0,0.0,0.0,0.07767,,0.0,0.0
2025-10-04 11:55:00,Estella E 1106,0.0,0.0,,0.0,0.00033,,,,0.0,0.0,0.0,0.0,0.07697,,0.0,0.0
2025-10-04 12:00:00,Estella E 1106,0.0,0.0,,0.0,0.0026,,,,0.0,0.0,0.0,0.0,0.0906,,0.0,0.0
2025-10-04 12:05:00,Estella E 1106,0.0,0.0,,0.0,0.04079,,,,0.0,0.0,0.02091,0.0,0.15056999999999998,,0.0,0.0
2025-10-04 12:10:00,Estella E 1106,0.0,0.0,,0.0,0.04303,,,,0.0,0.0,0.02092,0.0,0.15239,,0.0,0.0
2025-10-04 12:15:00,Estella E 1106,0.0,0.0,,0.0,0.04408,,,,0.0,0.0,0.020739999999999998,0.0,0.15237,,0.0,0.0
2025-10-04 12:20:00,Estella E 1106,0.0,0.0,,0.0,0.08467,,,,0.0,0.0,0.04156,0.0,0.29994,,0.0,0.0
2025-10-04 12:25:00,Estella E 1106,0.0,0.00899,,0.0,0.04133,,,,0.0,0.0,0.02087,0.0,0.15138,,0.0,0.0
2025-10-04 12:30:00,Estella E 1106,0.0,0.0,,0.0,0.04044,,,,0.0,0.0,0.02109,0.0,0.15021,,0.0,0.0
2025-10-04 12:35:00,Estella E 1106,0.0,0.0,,0.0,0.039689999999999996,,,,0.0,0.0,0.037399999999999996,0.0,0.1648,,0.0,0.0
2025-10-04 12:40:00,Estella E 1106,0.0,0.0,,0.0,0.00025,,,,0.0,0.0,0.0,0.0,0.0888,,0.0,0.0
2025-10-04 12:45:00,Estella E 1106,0.0,0.0,,0.0,0.00028000000000000003,,,,0.0,0.0,0.0,0.0,0.05602,,0.0,0.0
2025-10-04 12:50:00,Estella E 1106,0.0,0.0,,0.0,0.00033,,,,0.0,0.0,0.0,0.0,0.056229999999999995,,0.0,0.0
2025-10-04 12:55:00,Estella E 1106,0.0,0.0,,0.0,0.05607,,,,0.0,0.0,0.0,0.0,0.09405,,0.0,0.0
2025-10-04 13:00:00,Estella E 1106,0.0,0.0,,0.0,0.04064,,,,0.0,0.0,0.0,0.0,0.09675,,0.0,0.0
2025-10-04 13:05:00,Estella E 1106,0.0,0.0,,0.0,0.04102,,,,0.0,0.0,0.0,0.0,0.09648000000000001,,0.0,0.0
2025-10-04 13:10:00,Estella E 1106,0.0,0.0,,0.0,0.040229999999999995,,,,0.0,0.0,0.0,0.0,0.09556,,0.0,0.0
2025-10-04 13:15:00,Estella E 1106,0.0,0.0,,0.0,0.039520000000000007,,,,0.0,0.0,0.0,0.0,0.09309,,0.0,0.0
2025-10-04 13:20:00,Estella E 1106,0.0,0.0,,0.0,0.00025,,,,0.0,0.0,0.0,0.0,0.051840000000000004,,0.0,0.0
2025-10-04 13:25:00,Estella E 1106,0.0,0.0,,0.0,0.00033,,,,0.0,0.0,0.0,0.0,0.054439999999999995,,0.0,0.0
2025-10-04 13:30:00,Estella E 1106,0.0,0.0,,0.0,0.00028000000000000003,,,,0.0,0.0,0.0,0.0,0.05323,,0.0,0.0
2025-10-04 13:35:00,Estella E 1106,0.0,0.0,,0.0,0.05579,,,,,,,,,,0.0,0.0
2025-10-04 13:40:00,Estella E 1106,0.0,0.0,,0.0,0.04199,,,,,,,,,,0.0,0.0
2025-10-04 13:45:00,Estella E 1106,0.0,0.0,,0.0,0.04448,,,,0.0,0.0,0.0,0.0,0.09325,,0.0,0.0
2025-10-04 13:50:00,Estella E 1106,0.0,0.0,,0.0,0.04485,,,,0.0,0.0,0.0,0.0,0.09340999999999999,,0.0,0.0
2025-10-04 13:55:00,Estella E 1106,0.0,0.01564,,0.0,0.04365,,,,,,,,,,0.0,0.0
2025-10-04 14:00:00,Estella E 1106,0.0,0.01542,,0.0,0.04252,,,,0.0,0.0,0.0,0.0,0.10571,,0.0,0.0
2025-10-04 14:05:00,Estella E 1106,0.0,0.0154,,0.0,0.04108,,,,0.0,0.0,0.0,0.0,0.04932,,0.0,0.0
2025-10-04 14:10:00,Estella E 1106,0.0,0.0,,0.0,0.040420000000000005,,,,0.0,0.0,0.0,0.0,0.04962,,0.0,0.0
2025-10-04 14:15:00,Estella E 1106,0.0,0.0,,0.0,0.03989,,,,,,,,,,0.0,0.0
2025-10-04 14:20:00,Estella E 1106,0.0,0.0,,0.0,0.00061,,,,0.0,0.0,0.0,0.0,0.0058,,0.0,0.0
2025-10-04 14:25:00,Estella E 1106,0.0,0.0,,0.0,0.00025,,,,,,,,,,0.0,0.0
2025-10-04 14:30:00,Estella E 1106,0.0,0.0,,0.0,0.00043,,,,,,,,,,0.0,0.0
2025-10-04 14:35:00,Estella E 1106,0.0,0.0,0.0,0.0,0.040100000000000004,0.03394,0.0,0.0,0.0,0.0,0.0,0.0,0.16063999999999998,0.0,0.0,0.0
2025-10-04 14:40:00,Estella E 1106,0.0,0.0,,0.0,0.04177,,,,0.0,0.0,0.07705,0.0,0.16211,,0.0,0.0
2025-10-04 14:45:00,Estella E 1106,0.0,0.0,,0.0,0.04217,,,,0.0,0.0,0.07686,0.0,0.16109,,0.0,0.0
2025-10-04 14:50:00,Estella E 1106,0.0,0.0,0.04094,0.0,0.04032,0.0,0.0,0.03721,0.0,0.0,0.0165,0.0,0.14072,0.0,0.0,0.0
2025-10-04 14:55:00,Estella E 1106,0.0,0.0,,0.0,0.039409999999999994,,,,0.0,0.0,0.0,0.0,0.12276000000000001,,0.0,0.0
2025-10-04 15:00:00,Estella E 1106,0.0,0.0,,0.0,0.00028000000000000003,,,,0.0,0.0,0.0,0.0,0.08528,,0.0,0.0
2025-10-04 15:05:00,Estella E 1106,0.0,0.0,,0.0,0.00019,,,,0.0,0.0,0.0,0.0,0.08403000000000001,,0.0,0.0
2025-10-04 15:10:00,Estella E 1106,0.0,0.0,,0.0,0.00029,,,,0.0,0.0,0.0,0.0,0.08341,,0.0,0.0
2025-10-04 15:15:00,Estella E 1106,0.0,0.0,,0.0,0.0528,,,,0.0,0.0,0.0,0.0,0.04352,,0.0,0.0
2025-10-04 15:20:00,Estella E 1106,0.0,0.0,,0.0,0.040549999999999996,,,,0.0,0.0,0.0,0.0,0.12507,,0.0,0.0
2025-10-04 15:25:00,Estella E 1106,0.0,0.0,,0.0,0.039409999999999994,,,,0.0,0.0,0.0,0.0,0.15863,,0.0,0.0
2025-10-04 15:30:00,Estella E 1106,0.0,0.0,0.03897,0.0,0.038829999999999996,0.0,0.0,0.0,0.0,0.0,0.0,0.0,0.08303,0.0,0.0,0.0
2025-10-04 15:35:00,Estella E 1106,0.0,0.0,,0.0,0.03957,,,,0.0,0.0,0.0,0.0,0.08287,,0.0,0.0
2025-10-04 15:40:00,Estella E 1106,0.0,0.0,,0.0,0.00026000000000000003,,,,0.0,0.0,0.0,0.0,0.04517,,0.0,0.0
2025-10-04 15:45:00,Estella E 1106,0.0,0.0,,0.0,0.00026000000000000003,,,,0.0,0.0,0.0,0.0,0.04541,,0.0,0.0
2025-10-04 15:50:00,Estella E 1106,0.0,0.0,,0.0,0.00022,,,,,,,,,,0.0,0.0
2025-10-04 15:55:00,Estella E 1106,0.0,0.0,,0.0,0.03607,,,,0.0,0.0,0.03618,0.0,0.19294999999999998,,0.0,0.0
2025-10-04 16:00:00,Estella E 1106,0.0,0.0,,0.0,0.039689999999999996,,,,0.0,0.0,0.03617,0.0,0.19622,,0.0,0.0
2025-10-04 16:05:00,Estella E 1106,0.0,0.0,,0.0,0.04113,,,,0.0,0.0,0.03605,0.0,0.19779,,0.0,0.0
2025-10-04 16:10:00,Estella E 1106,0.0,0.0,,0.0,0.03943,,,,0.0,0.0,0.03625,0.0,0.19778,,0.0,0.0
2025-10-04 16:15:00,Estella E 1106,0.0,0.0,,0.0,0.038799999999999994,,,,0.0,0.0,0.03605,0.0,0.15922999999999998,,0.0,0.0
2025-10-04 16:20:00,Estella E 1106,0.0,0.0,,0.0,0.00028000000000000003,,,,,,,,,,0.0,0.0
2025-10-04 16:25:00,Estella E 1106,0.0,0.0,,0.0,0.00017999999999999998,,,,0.0,0.0,0.035859999999999996,0.0,0.12323999999999999,,0.0,0.0
2025-10-04 16:30:00,Estella E 1106,0.0,0.0,,0.0,0.00026000000000000003,,,,0.0,0.0,0.03567,0.0,0.1206,,0.0,0.0
2025-10-04 16:35:00,Estella E 1106,0.0,0.0,,0.0,0.037700000000000004,,,,0.0,0.0,0.03545,0.0,0.15724000000000002,,0.0,0.0
2025-10-04 16:40:00,Estella E 1106,0.0,0.009,,0.0,0.039939999999999996,,,,0.0,0.0,0.03551,0.0,0.11724,,0.0,0.0
2025-10-04 16:45:00,Estella E 1106,0.0,0.0,,0.0,0.039630000000000006,,,,0.0,0.0,0.03631,0.0,0.1591,,0.0,0.0
2025-10-04 16:50:00,Estella E 1106,0.0,0.0,,0.0,0.03864,,,,0.0,0.0,0.03604,0.0,0.15661000000000003,,0.0,0.0
2025-10-04 16:55:00,Estella E 1106,0.0,0.0,0.039509999999999997,0.0,0.00023999999999999998,0.0,0.0,0.03653,0.0,0.0,0.03597,0.0,0.11953,0.0,0.0,0.0
2025-10-04 17:00:00,Estella E 1106,0.0,0.0,0.039729999999999994,0.0,0.00043,0.0,0.0,0.03707,0.0,0.0,0.03624,0.0,0.12017,0.0,0.0,0.0
2025-10-04 17:05:00,Estella E 1106,0.0,0.0,,0.0,0.00026000000000000003,,,,0.0,0.0,0.036359999999999996,0.0,0.17119,,0.0,0.0
2025-10-04 17:10:00,Estella E 1106,0.0,0.00891,,0.0,0.00163,,,,0.0,0.0,0.03588,0.0,0.17894,,0.0,0.0
2025-10-04 17:15:00,Estella E 1106,0.0,0.00886,0.03896,0.0,0.05708,0.04829,0.0,0.03656,0.0,0.0,0.03591,0.0,0.21569,0.0,0.0,0.0
2025-10-04 17:20:00,Estella E 1106,0.0,0.00878,,0.0,0.040909999999999995,,,,0.0,0.0,0.03595,0.0,0.21764,,0.0,0.0
2025-10-04 17:25:00,Estella E 1106,0.0,0.00874,,0.0,0.04044,,,,0.0,0.0,0.0,0.0,0.18011000000000002,,0.0,0.0
2025-10-04 17:30:00,Estella E 1106,0.0,0.0,,0.0,0.039619999999999995,,,,0.0,0.0,0.0,0.0,0.16753,,0.0,0.0
2025-10-04 17:35:00,Estella E 1106,0.0,0.0,,0.0,0.038869999999999995,,,,0.0,0.0,0.0,0.0,0.25019,,0.0,0.0
2025-10-04 17:40:00,Estella E 1106,0.0,0.0,,0.0,0.00028000000000000003,,,,0.0,0.0,0.0,0.0,0.21467,,0.0,0.0
2025-10-04 17:45:00,Estella E 1106,0.0,0.0,,0.0,0.00029,,,,0.0,0.0,0.0,0.0,0.20481,,0.0,0.0
2025-10-04 17:50:00,Estella E 1106,0.0,0.0,,0.0,0.00027,,,,0.0,0.0,0.0,0.0,0.20815999999999998,,0.0,0.0
2025-10-04 17:55:00,Estella E 1106,0.0,0.0,,0.0,0.05411,,,,,,,,,,0.0,0.0
2025-10-04 18:00:00,Estella E 1106,0.0,0.0,,0.0,0.04001,,,,,,,,,,0.0,0.0
2025-10-04 18:05:00,Estella E 1106,0.0,0.00888,,0.0,0.039689999999999996,,,,,,,,,,0.0,0.0
2025-10-04 18:10:00,Estella E 1106,0.0,0.0,,0.0,0.038829999999999996,,,,0.0,0.0,0.0,0.0,0.12779000000000001,,0.0,0.0
2025-10-04 18:15:00,Estella E 1106,0.0,0.0,,0.0,0.0002,,,,,,,,,,0.0,0.0
2025-10-04 18:20:00,Estella E 1106,0.0,0.0,,0.0,0.00043,,,,0.0,0.0,0.0,0.0,0.10333,,0.0,0.0
2025-10-04 18:25:00,Estella E 1106,0.0,0.0,,0.0,0.00020999999999999998,,,,,,,,,,0.0,0.0
2025-10-04 18:30:00,Estella E 1106,0.0,0.0,,0.0,0.00022,,,,0.0,0.0,0.0,0.0,0.19374,,0.0,0.0
2025-10-04 18:35:00,Estella E 1106,0.0,0.0,,0.0,0.03882,,,,0.0,0.0,0.01115,0.0,0.26106999999999997,,0.0,0.0
2025-10-04 18:40:00,Estella E 1106,0.0,0.0,,0.0,0.04019,,,,,,,,,,0.0,0.0
2025-10-04 18:45:00,Estella E 1106,0.0,0.0,,0.0,0.00249,,,,,,,,,,0.0,0.0
2025-10-04 18:50:00,Estella E 1106,0.0,0.0,,0.0,0.037939999999999995,,,,0.0,0.0,0.008960000000000001,0.0,0.26661,,0.0,0.0
2025-10-04 18:55:00,Estella E 1106,0.0,0.0,0.12232,0.0,0.038340000000000006,0.06074,0.0,0.08174,,,,,,0.0,0.0,0.0
2025-10-04 19:00:00,Estella E 1106,0.0,0.0,,0.0,0.037880000000000004,,,,,,,,,,0.0,0.0
2025-10-04 19:05:00,Estella E 1106,0.0,0.0,,0.0,0.0376,,,,,,,,,,0.0,0.0
2025-10-04 19:10:00,Estella E 1106,0.0,0.0,,0.0,0.037840000000000006,,,,0.0,0.0,0.00878,0.0,0.31985,,0.0,0.0
2025-10-04 19:15:00,Estella E 1106,0.0,0.0,,0.0,0.03861,,,,,,,,,,0.0,0.0
2025-10-04 19:20:00,Estella E 1106,0.0,0.0,,0.0,0.03878,,,,,,,,,,0.0,0.0
2025-10-04 19:25:00,Estella E 1106,0.0,0.0,,0.0,0.03787,,,,0.0,0.0,0.0,0.0,0.26132,,0.0,0.0
2025-10-04 19:30:00,Estella E 1106,0.0,0.0,,0.0,0.037020000000000004,,,,0.0,0.0,0.035859999999999996,0.0,0.29752,,0.0,0.0
2025-10-04 19:35:00,Estella E 1106,0.0,0.0,,0.0,0.036520000000000004,,,,,,,,,,0.0,0.0
2025-10-04 19:40:00,Estella E 1106,0.0,0.0,,0.0,0.03602,,,,,,,,,,0.0,0.0
2025-10-04 19:45:00,Estella E 1106,0.0,0.0,,0.0,0.03569,,,,,,,,,,0.0,0.0
2025-10-04 19:50:00,Estella E 1106,0.0,0.0,,0.0,0.03545,,,,0.032869999999999996,0.0,0.0,0.0,0.28142,,0.0,0.0
2025-10-04 19:55:00,Estella E 1106,0.0,0.0,,0.0,0.036969999999999996,,,,0.0,0.0,0.0,0.0,0.25296,,0.0,0.0
2025-10-04 20:00:00,Estella E 1106,0.0,0.0,,0.0,0.038810000000000004,,,,,,,,,,0.0,0.0
2025-10-04 20:05:00,Estella E 1106,0.0,0.0,,0.0,0.04061,,,,,,,,,,0.0,0.0
2025-10-04 20:10:00,Estella E 1106,0.0,0.0,,0.0,0.04057,,,,,,,,,,0.0,0.0
2025-10-04 20:15:00,Estella E 1106,0.0,0.00891,,0.0,0.041,,,,,,,,,,0.0,0.0
2025-10-04 20:20:00,Estella E 1106,0.0,0.0,,0.0,0.0414,,,,0.0,0.0,0.0,0.0,0.25474,,0.0,0.0
2025-10-04 20:25:00,Estella E 1106,0.0,0.0,,0.0,0.04111,,,,0.0,0.0,0.0,0.0,0.25365,,0.0,0.0
2025-10-04 20:30:00,Estella E 1106,0.0,0.0,,0.0,0.19326,,,,,,,,,,0.0,0.0
2025-10-04 20:35:00,Estella E 1106,0.0,0.0,,0.0,0.19372999999999999,,,,,,,,,,0.0,0.0
2025-10-04 20:40:00,Estella E 1106,0.0,0.0,,0.0,0.19287,,,,0.0,0.0,0.0,0.0,0.40619,,0.0,0.0
2025-10-04 20:45:00,Estella E 1106,0.0,0.0,,0.0,0.19219999999999998,,,,,,,,,,0.0,0.0
2025-10-04 20:50:00,Estella E 1106,0.0,0.0,,0.0,0.00028000000000000003,,,,0.0,0.0,0.0,0.0,0.21431,,0.0,0.0
2025-10-04 20:55:00,Estella E 1106,0.0,0.0,,0.0,0.05946,,,,0.0,0.0,0.0,0.0,0.27206,,0.0,0.0
2025-10-04 21:00:00,Estella E 1106,0.0,0.0,,0.0,0.053899999999999997,,,,0.0,0.0,0.0,0.0,0.36625,,0.0,0.0
2025-10-04 21:05:00,Estella E 1106,0.0,0.0,,0.0,0.04985,,,,0.0,0.0,0.0,0.0,0.2292,,0.0,0.0
2025-10-04 21:10:00,Estella E 1106,0.0,0.0,,0.0,0.04961,,,,0.0,0.0,0.0,0.0,0.2286,,0.0,0.0
2025-10-04 21:15:00,Estella E 1106,0.0,0.0,,0.0,0.04918,,,,,,,,,,0.0,0.0
2025-10-04 21:20:00,Estella E 1106,0.0,0.0,,0.0,0.04821,,,,0.0,0.0,0.0,0.0,0.2281,,0.0,0.0
2025-10-04 21:25:00,Estella E 1106,0.0,0.0,,0.0,0.04696,,,,0.0,0.0,0.0,0.0,0.22678,,0.0,0.0
2025-10-04 21:30:00,Estella E 1106,0.0,0.0,0.12456999999999999,0.0,0.046060000000000004,0.00876,0.0,0.04034,0.0,0.0,0.0,0.0,0.22687000000000002,0.0,0.0,0.0
2025-10-04 21:35:00,Estella E 1106,0.0,0.0,,0.0,0.045329999999999995,,,,0.0,0.0,0.0,0.0,0.21686000000000002,,0.0,0.0
2025-10-04 21:40:00,Estella E 1106,0.0,0.0,,0.0,0.04466,,,,,,,,,,0.0,0.0
2025-10-04 21:45:00,Estella E 1106,0.0,0.0,,0.0,0.04444,,,,0.0,0.0,0.0,0.0,0.21642,,0.0,0.0
2025-10-04 21:50:00,Estella E 1106,0.0,0.0,,0.0,0.04398,,,,0.0,0.0,0.0,0.0,0.17188,,0.0,0.0
2025-10-04 21:55:00,Estella E 1106,0.0,0.0,,0.0,0.04353,,,,0.0,0.0,0.03574,0.0,0.21903,,0.0,0.0
2025-10-04 22:00:00,Estella E 1106,0.0,0.00885,,0.0,0.04172,,,,0.0,0.0,0.0,0.0,0.19078,,0.0,0.0
2025-10-04 22:05:00,Estella E 1106,0.0,0.0,,0.0,0.0409,,,,0.0,0.0,0.0,0.0,0.18071,,0.0,0.0
2025-10-04 22:10:00,Estella E 1106,0.0,0.0,,0.0,0.04026,,,,0.0,0.0,0.0,0.0,0.17992,,0.0,0.0
2025-10-04 22:15:00,Estella E 1106,0.0,0.0,,0.0,0.03983,,,,0.0,0.0,0.0,0.0,0.13921,,0.0,0.0
2025-10-04 22:20:00,Estella E 1106,0.0,0.0,,0.0,0.03939,,,,0.0,0.0,0.08811,0.0,0.22726,,0.0,0.0
2025-10-04 22:25:00,Estella E 1106,0.0,0.0,0.08139,0.0,0.03890999999999999,0.01218,0.0,0.0,0.0,0.0,0.0,0.0,0.13827,0.0,0.0,0.0
2025-10-04 22:30:00,Estella E 1106,0.0,0.0,,0.0,0.03875,,,,0.0,0.0,0.03572,0.0,0.17418,,0.0,0.0
2025-10-04 22:35:00,Estella E 1106,0.0,0.0,,0.0,0.038,,,,0.0,0.0,0.0,0.0,0.21612,,0.0,0.0
2025-10-04 22:40:00,Estella E 1106,0.0,0.0,,0.0,0.037689999999999994,,,,,,,,,,0.0,0.0
2025-10-04 22:45:00,Estella E 1106,0.0,0.0,,0.0,0.03755,,,,0.0,0.0,0.0,0.0,0.20546,,0.0,0.0
2025-10-04 22:50:00,Estella E 1106,0.0,0.0,,0.0,0.03736,,,,0.0,0.0,0.0,0.0,0.25084,,0.0,0.0
2025-10-04 22:55:00,Estella E 1106,0.0,0.00897,,0.0,0.03744,,,,,,,,,,0.0,0.0
2025-10-04 23:00:00,Estella E 1106,0.0,0.0,,0.0,0.0373,,,,,,,,,,0.0,0.0
2025-10-04 23:05:00,Estella E 1106,0.0,0.0,,0.0,0.03915999999999999,,,,,,,,,,0.0,0.0
2025-10-04 23:10:00,Estella E 1106,0.0,0.0,,0.0,0.03861,,,,,,,,,,0.0,0.0
2025-10-04 23:15:00,Estella E 1106,0.0,0.0,,0.0,0.037880000000000004,,,,0.0,0.0,0.0,0.0,0.11695,,0.0,0.0
2025-10-04 23:20:00,Estella E 1106,0.0,0.0,,0.0,0.03746,,,,0.0,0.0,0.0,0.0,0.04184,,0.0,0.0
2025-10-04 23:25:00,Estella E 1106,0.0,0.0,,0.0,0.03744,,,,0.0,0.0,0.0,0.0,0.04138,,0.0,0.0
2025-10-04 23:30:00,Estella E 1106,0.0,0.0,,0.0,0.037090000000000005,,,,0.0,0.0,0.0,0.0,0.04101,,0.0,0.0
2025-10-04 23:35:00,Estella E 1106,0.0,0.0,,0.0,0.03694,,,,0.0,0.0,0.0,0.0,0.04155,,0.0,0.0
2025-10-04 23:40:00,Estella E 1106,0.0,0.0,,0.0,0.03673,,,,0.0,0.0,0.0,0.0,0.04069,,0.0,0.0
2025-10-04 23:45:00,Estella E 1106,0.0,0.0,,0.0,0.03646,,,,0.0,0.0,0.0,0.0,0.04099,,0.0,0.0
2025-10-04 23:50:00,Estella E 1106,0.0,0.0,,0.0,0.036340000000000004,,,,0.0,0.0,0.0,0.0,0.040850000000000004,,0.0,0.0
2025-10-04 23:55:00,Estella E 1106,0.0,0.0,,0.0,0.03623,,,,0.0,0.0,0.0,0.0,0.040530000000000004,,0.0,0.0
2025-10-05 00:00:00,Estella E 1106,0.0,0.00893,,0.0,0.03585,,,,0.0,0.0,0.04827,0.0,0.13174,,0.0,0.0
2025-10-05 00:05:00,Estella E 1106,0.0,0.0,,0.0,0.00019,,,,0.0,0.0,0.08718000000000001,0.0,0.21766999999999997,,0.0,0.0
2025-10-05 00:10:00,Estella E 1106,0.0,0.0,,0.0,0.00023999999999999998,,,,0.0,0.0,0.09693,0.0,0.18367,,0.0,0.0
2025-10-05 00:15:00,Estella E 1106,0.0,0.0,,0.0,0.00016,,,,0.0,0.0,0.09688,0.0,0.18322,,0.0,0.0
2025-10-05 00:20:00,Estella E 1106,0.0,0.0,,0.0,0.00014000000000000001,,,,0.0,0.0,0.09611,0.0,0.18309,,0.0,0.0
2025-10-05 00:25:00,Estella E 1106,0.0,0.0,,0.0,0.037090000000000005,,,,0.0,0.0,0.09568,0.0,0.21802000000000002,,0.0,0.0
2025-10-05 00:30:00,Estella E 1106,0.0,0.0,,0.0,0.037700000000000004,,,,0.0,0.0,0.08172,0.0,0.20486000000000001,,0.0,0.0
2025-10-05 00:35:00,Estella E 1106,0.0,0.0,,0.0,0.037219999999999996,,,,0.0,0.0,0.08103,0.0,0.20349,,0.0,0.0
2025-10-05 00:40:00,Estella E 1106,0.0,0.0,,0.0,0.03676,,,,,,,,,,0.0,0.0
2025-10-05 00:45:00,Estella E 1106,0.0,0.0,,0.0,0.03742,,,,0.0,0.0,0.08144,0.0,0.12315999999999999,,0.0,0.0
2025-10-05 00:50:00,Estella E 1106,0.0,0.0,,0.0,0.03693,,,,,,,,,,0.0,0.0
2025-10-05 00:55:00,Estella E 1106,0.0,0.0,,0.0,0.036590000000000004,,,,0.0,0.0,0.08170999999999999,0.0,0.12244,,0.0,0.0
2025-10-05 01:00:00,Estella E 1106,0.0,0.0,,0.0,0.036539999999999996,,,,0.0,0.0,0.08189,0.0,0.1227,,0.0,0.0
2025-10-05 01:05:00,Estella E 1106,0.0,0.0,,0.0,0.036270000000000004,,,,0.0,0.0,0.08270000000000001,0.0,0.12307,,0.0,0.0
2025-10-05 01:10:00,Estella E 1106,0.0,0.0,,0.0,0.03614,,,,,,,,,,0.0,0.0
2025-10-05 01:15:00,Estella E 1106,0.0,0.0,,0.0,0.03593,,,,,,,,,,0.0,0.0
2025-10-05 01:20:00,Estella E 1106,0.0,0.0,,0.0,0.0002,,,,,,,,,,0.0,0.0
2025-10-05 01:25:00,Estella E 1106,0.0,0.0,,0.0,0.00027,,,,,,,,,,0.0,0.0
2025-10-05 01:30:00,Estella E 1106,0.0,0.0,,0.0,0.00016,,,,,,,,,,0.0,0.0
2025-10-05 01:35:00,Estella E 1106,0.0,0.0,,0.0,0.00022,,,,,,,,,,0.0,0.0
2025-10-05 01:40:00,Estella E 1106,0.0,0.0,,0.0,0.03804,,,,,,,,,,0.0,0.0
2025-10-05 01:45:00,Estella E 1106,0.0,0.0,,0.0,0.0389,,,,0.0,0.0,0.08298,0.0,0.12613,,0.0,0.0
2025-10-05 01:50:00,Estella E 1106,0.0,0.0,,0.0,0.037770000000000005,,,,,,,,,,0.0,0.0
2025-10-05 01:55:00,Estella E 1106,0.0,0.0,,0.0,0.03724,,,,,,,,,,0.0,0.0
2025-10-05 02:00:00,Estella E 1106,0.0,0.0,,0.0,0.036950000000000004,,,,0.0,0.0,0.08294,0.0,0.12397,,0.0,0.0
2025-10-05 02:05:00,Estella E 1106,0.0,0.00884,,0.0,0.03669,,,,,,,,,,0.0,0.0
2025-10-05 02:10:00,Estella E 1106,0.0,0.0,,0.0,0.03646,,,,,,,,,,0.0,0.0
2025-10-05 02:15:00,Estella E 1106,0.0,0.0,,0.0,0.0361,,,,,,,,,,0.0,0.0
2025-10-05 02:20:00,Estella E 1106,0.0,0.0,,0.0,0.036,,,,,,,,,,0.0,0.0
2025-10-05 02:25:00,Estella E 1106,0.0,0.0,,0.0,0.03561,,,,,,,,,,0.0,0.0
2025-10-05 02:30:00,Estella E 1106,0.0,0.0,,0.0,0.0002,,,,,,,,,,0.0,0.0
2025-10-05 02:35:00,Estella E 1106,0.0,0.0,,0.0,0.00017999999999999998,,,,0.0,0.0,0.08451,0.0,0.11120999999999999,,0.0,0.0
2025-10-05 02:40:00,Estella E 1106,0.0,0.0,,0.0,0.00020999999999999998,,,,0.0,0.0,0.08313,0.0,0.10995999999999999,,0.0,0.0
2025-10-05 02:45:00,Estella E 1106,0.0,0.0,,0.0,0.0002,,,,0.0096,0.0,0.0834,0.0,0.31842000000000004,,0.0,0.0
2025-10-05 02:50:00,Estella E 1106,0.0,0.0,,0.0,0.03737,,,,0.0,0.0,0.08372,0.0,0.14687,,0.0,0.0
2025-10-05 02:55:00,Estella E 1106,0.0,0.0,,0.0,0.03868,,,,,,,,,,0.0,0.0
2025-10-05 03:00:00,Estella E 1106,0.0,0.0,,0.0,0.03746,,,,,,,,,,0.0,0.0
2025-10-05 03:05:00,Estella E 1106,0.0,0.0,,0.0,0.03707,,,,,,,,,,0.0,0.0
2025-10-05 03:10:00,Estella E 1106,0.0,0.0,,0.0,0.03686,,,,,,,,,,0.0,0.0
2025-10-05 03:15:00,Estella E 1106,0.0,0.0,,0.0,0.03653,,,,,,,,,,0.0,0.0
2025-10-05 03:20:00,Estella E 1106,0.0,0.0,,0.0,0.03621,,,,,,,,,,0.0,0.0
2025-10-05 03:25:00,Estella E 1106,0.0,0.0,,0.0,0.03603,,,,,,,,,,0.0,0.0
2025-10-05 03:30:00,Estella E 1106,0.0,0.0,,0.0,0.03579,,,,,,,,,,0.0,0.0
2025-10-05 03:35:00,Estella E 1106,0.0,0.0,,0.0,0.00016,,,,,,,,,,0.0,0.0
2025-10-05 03:40:00,Estella E 1106,0.0,0.0,,0.0,0.00027,,,,,,,,,,0.0,0.0
2025-10-05 03:45:00,Estella E 1106,0.0,0.0,,0.0,0.00020999999999999998,,,,0.0,0.0,0.08488,0.0,0.11181999999999999,,0.0,0.0
2025-10-05 03:50:00,Estella E 1106,0.0,0.0,,0.0,0.00019,,,,,,,,,,0.0,0.0
2025-10-05 03:55:00,Estella E 1106,0.0,0.0,,0.0,0.03746,,,,,,,,,,0.0,0.0
2025-10-05 04:00:00,Estella E 1106,0.0,0.0,,0.0,0.03847,,,,0.0,0.0,0.08478,0.0,0.14812,,0.0,0.0
2025-10-05 04:05:00,Estella E 1106,0.0,0.0,,0.0,0.03719,,,,0.0,0.0,0.08486,0.0,0.14743,,0.0,0.0
2025-10-05 04:10:00,Estella E 1106,0.0,0.0,,0.0,0.03694,,,,0.0,0.0,0.08413,0.0,0.14645,,0.0,0.0
2025-10-05 04:15:00,Estella E 1106,0.0,0.0,,0.0,0.03657,,,,0.0,0.0,0.08538,0.0,0.14758000000000002,,0.0,0.0
2025-10-05 04:20:00,Estella E 1106,0.0,0.0,,0.0,0.036359999999999996,,,,,,,,,,0.0,0.0
2025-10-05 04:25:00,Estella E 1106,0.0,0.0,,0.0,0.03608,,,,,,,,,,0.0,0.0
2025-10-05 04:30:00,Estella E 1106,0.0,0.0,,0.0,0.03608,,,,,,,,,,0.0,0.0
2025-10-05 04:35:00,Estella E 1106,0.0,0.0,,0.0,0.0357,,,,,,,,,,0.0,0.0
2025-10-05 04:40:00,Estella E 1106,0.0,0.0,,0.0,0.00016,,,,,,,,,,0.0,0.0
2025-10-05 04:45:00,Estella E 1106,0.0,0.0,,0.0,0.00020999999999999998,,,,0.0,0.0,0.08403000000000001,0.0,0.11103,,0.0,0.0
2025-10-05 04:50:00,Estella E 1106,0.0,0.0,,0.0,0.00027,,,,,,,,,,0.0,0.0
2025-10-05 04:55:00,Estella E 1106,0.0,0.0,,0.0,0.00016,,,,0.0,0.0,0.08419,0.0,0.15800999999999998,,0.0,0.0
2025-10-05 05:00:00,Estella E 1106,0.0,0.0,,0.0,0.0378,,,,0.0,0.0,0.08441,0.0,0.14780000000000001,,0.0,0.0
2025-10-05 05:05:00,Estella E 1106,0.0,0.0,,0.0,0.03764,,,,,,,,,,0.0,0.0
2025-10-05 05:10:00,Estella E 1106,0.0,0.0,,0.0,0.037,,,,0.0,0.0,0.08372,0.0,0.14633000000000002,,0.0,0.0
2025-10-05 05:15:00,Estella E 1106,0.0,0.0,,0.0,0.07346,,,,0.0,0.0,0.16765,0.0,0.29186999999999996,,0.0,0.0
2025-10-05 05:20:00,Estella E 1106,0.0,0.0,,0.0,0.036539999999999996,,,,,,,,,,0.0,0.0
2025-10-05 05:25:00,Estella E 1106,0.0,0.0,,0.0,0.036289999999999996,,,,,,,,,,0.0,0.0
2025-10-05 05:30:00,Estella E 1106,0.0,0.0,,0.0,0.035859999999999996,,,,,,,,,,0.0,0.0
2025-10-05 05:35:00,Estella E 1106,0.0,0.0,,0.0,0.0358,,,,,,,,,,0.0,0.0
2025-10-05 05:40:00,Estella E 1106,0.0,0.0,,0.0,0.00013000000000000002,,,,,,,,,,0.0,0.0
2025-10-05 05:45:00,Estella E 1106,0.0,0.0,,0.0,0.00011,,,,,,,,,,0.0,0.0
2025-10-05 05:50:00,Estella E 1106,0.0,0.0,,0.0,0.00022,,,,,,,,,,0.0,0.0
2025-10-05 05:55:00,Estella E 1106,0.0,0.0,,0.0,0.00014000000000000001,,,,,,,,,,0.0,0.0
2025-10-05 06:00:00,Estella E 1106,0.0,0.0,,0.0,0.037340000000000005,,,,,,,,,,0.0,0.0
2025-10-05 06:05:00,Estella E 1106,0.0,0.0,,0.0,0.03822,,,,,,,,,,0.0,0.0
2025-10-05 06:10:00,Estella E 1106,0.0,0.0,,0.0,0.03724,,,,0.0,0.0,0.08297,0.0,0.14501,,0.0,0.0
2025-10-05 06:15:00,Estella E 1106,0.0,0.0,,0.0,0.036789999999999996,,,,,,,,,,0.0,0.0
2025-10-05 06:20:00,Estella E 1106,0.0,0.0,,0.0,0.036590000000000004,,,,,,,,,,0.0,0.0
2025-10-05 06:25:00,Estella E 1106,0.0,0.0,,0.0,0.036,,,,,,,,,,0.0,0.0
2025-10-05 06:30:00,Estella E 1106,0.0,0.0,,0.0,0.03606,,,,,,,,,,0.0,0.0
2025-10-05 06:35:00,Estella E 1106,0.0,0.0,,0.0,0.03566,,,,,,,,,,0.0,0.0
2025-10-05 06:40:00,Estella E 1106,0.0,0.0,,0.0,0.00016,,,,,,,,,,0.0,0.0
2025-10-05 06:45:00,Estella E 1106,0.0,0.0,,0.0,0.00016,,,,0.0,0.0,0.08131999999999999,0.0,0.11492000000000001,,0.0,0.0
2025-10-05 06:50:00,Estella E 1106,0.0,0.00885,,0.0,0.00019,,,,,,,,,,0.0,0.0
2025-10-05 06:55:00,Estella E 1106,0.0,0.0,,0.0,0.00029,,,,0.0,0.0,0.08094,0.0,0.11447,,0.0,0.0
2025-10-05 07:00:00,Estella E 1106,0.0,0.0,,0.0,0.03701,,,,0.0,0.0,0.08073999999999999,0.0,0.16034,,0.0,0.0
2025-10-05 07:05:00,Estella E 1106,0.0,0.00887,0.0195,0.0,0.037939999999999995,0.0069299999999999995,0.0,0.0,0.0,0.0,0.07948999999999999,0.0,0.31207,0.0,0.0,0.0
2025-10-05 07:10:00,Estella E 1106,0.0,0.00884,0.019489999999999997,0.0,0.19019,0.007030000000000001,0.0,0.0,0.0,0.0,0.07981999999999999,0.0,0.31179,0.0,0.0,0.0
2025-10-05 07:15:00,Estella E 1106,0.0,0.00873,,0.0,0.19127000000000002,,,,,,,,,,0.0,0.0
2025-10-05 07:20:00,Estella E 1106,0.0,0.00881,,0.0,0.19011,,,,0.0,0.0,0.037270000000000005,0.0,0.28373000000000004,,0.0,0.0
2025-10-05 07:25:00,Estella E 1106,0.0,0.00874,,0.0,0.00023999999999999998,,,,0.0,0.0,0.03779,0.0,0.09456,,0.0,0.0
2025-10-05 07:30:00,Estella E 1106,0.0,0.00873,,0.0,0.07099,,,,,,,,,,0.0,0.0
2025-10-05 07:35:00,Estella E 1106,0.0,0.00879,,0.0,0.052090000000000004,,,,,,,,,,0.0,0.0
2025-10-05 07:40:00,Estella E 1106,0.0,0.0087,0.03168,0.0,0.05145,0.007019999999999999,0.0,0.0,,,,,,0.0,0.0,0.0
2025-10-05 07:45:00,Estella E 1106,2.83404,0.00872,,0.0,0.04951,,,,,,,,,,0.0,0.0
2025-10-05 07:50:00,Estella E 1106,0.0,0.00873,,0.0,0.04819,,,,0.0,0.0,0.03867,0.0,0.14113,,0.0,0.0
2025-10-05 07:55:00,Estella E 1106,0.0,0.00867,,0.0,0.04685,,,,,,,,,,0.0,0.0
2025-10-05 08:00:00,Estella E 1106,0.0,0.00871,,0.0,0.045649999999999996,,,,,,,,,,0.0,0.0
2025-10-05 08:05:00,Estella E 1106,0.0,0.0,,0.0,0.045079999999999995,,,,0.0,0.0,0.03726,0.0,2.9413899999999997,,0.0,0.0
2025-10-05 08:10:00,Estella E 1106,2.79141,0.00878,,0.0,0.04439,,,,,,,,,,0.0,0.0
2025-10-05 08:15:00,Estella E 1106,2.83418,0.00871,,0.0,0.04032,,,,0.0,0.0,0.037770000000000005,0.0,3.00257,,0.0,0.0
2025-10-05 08:20:00,Estella E 1106,0.0,0.0087,,0.0,0.039119999999999995,,,,,,,,,,0.0,0.0
2025-10-05 08:30:00,Estella E 1106,0.0,0.00864,,0.0,0.038619999999999995,,,,,,,,,,0.0,0.0
2025-10-05 08:35:00,Estella E 1106,0.0,0.00876,,0.0,0.038,,,,,,,,,,0.0,0.0
2025-10-05 08:40:00,Estella E 1106,0.0,0.00874,,0.0,0.037770000000000005,,,,,,,,,,0.0,0.0
2025-10-05 08:45:00,Estella E 1106,0.0,0.0,0.04647,0.0,0.038630000000000005,0.0069900000000000006,0.0,0.0,0.0,0.0,0.03836,0.0,0.13587,0.0,0.0,0.0
2025-10-05 08:50:00,Estella E 1106,0.0,0.0,,0.0,0.03762,,,,0.0,0.0,0.03836,0.0,0.13455,,0.0,0.0
2025-10-05 08:55:00,Estella E 1106,0.0,0.0,,0.0,0.03737,,,,0.0,0.0,0.03849,0.0,0.13391999999999998,,0.0,0.0
2025-10-05 09:00:00,Estella E 1106,0.0,0.00881,,0.0,0.03748,,,,,,,,,,0.0,0.0
2025-10-05 09:05:00,Estella E 1106,0.0,0.0,,0.0,0.04133,,,,0.0,0.0,0.03764,0.0,0.13291999999999998,,0.0,0.0
2025-10-05 09:10:00,Estella E 1106,0.0,0.0,,0.0,0.04057,,,,,,,,,,0.0,0.0
2025-10-05 09:15:00,Estella E 1106,0.0,0.0,,0.0,0.03977,,,,0.0,0.0,0.03761,0.0,0.12934,,0.0,0.0
2025-10-05 09:20:00,Estella E 1106,0.0,0.0,,0.0,0.03885,,,,0.00957,0.0,0.03688,0.0,0.13378,,0.0,0.0
2025-10-05 09:25:00,Estella E 1106,0.0,0.0,,0.0,0.038450000000000005,,,,,,,,,,0.0,0.0
2025-10-05 09:30:00,Estella E 1106,0.0,0.0,,0.0,0.03803,,,,0.03065,0.0,0.03645,0.0,0.15269,,0.0,0.0
2025-10-05 09:35:00,Estella E 1106,0.0,0.0,,0.0,0.0376,,,,0.0,0.0,0.03615,0.0,0.12071,,0.0,0.0
2025-10-05 09:40:00,Estella E 1106,0.0,0.0,0.03914,0.0,0.037340000000000005,0.03691,0.0,0.0,0.0,0.0,0.03646,0.0,0.15441999999999997,0.0,0.0,0.0
2025-10-05 09:45:00,Estella E 1106,0.0,0.0,,0.0,0.03703,,,,0.0,0.0,0.036520000000000004,0.0,0.15353,,0.0,0.0
2025-10-05 09:50:00,Estella E 1106,0.0,0.0,,0.0,0.03683,,,,0.0,0.0,0.03693,0.0,0.08064,,0.0,0.0
2025-10-05 09:55:00,Estella E 1106,0.0,0.0,0.0,0.0,0.03646,0.00023,0.0,0.0,0.0,0.0,0.036950000000000004,0.0,0.07993,0.0,0.0,0.0
2025-10-05 10:00:00,Estella E 1106,0.0,0.0,,0.0,0.03773,,,,0.0,0.0,0.0371,0.0,0.08213,,0.0,0.0
2025-10-05 10:05:00,Estella E 1106,0.0,0.0,,0.0,0.038689999999999995,,,,,,,,,,0.0,0.0
2025-10-05 10:10:00,Estella E 1106,0.0,0.0,,0.0,0.03864,,,,,,,,,,0.0,0.0
2025-10-05 10:15:00,Estella E 1106,0.0,0.0,,0.0,0.03798,,,,0.0,0.0,0.03656,0.0,0.07983,,0.0,0.0
2025-10-05 10:20:00,Estella E 1106,0.0,0.0,,0.0,0.037630000000000004,,,,0.0,0.0,0.03669,0.0,0.12126,,0.0,0.0
2025-10-05 10:25:00,Estella E 1106,0.0,0.0,,0.0,0.03767,,,,0.0,0.0,0.03675,0.0,0.12052,,0.0,0.0
2025-10-05 10:30:00,Estella E 1106,0.0,0.0,,0.0,0.03703,,,,,,,,,,0.0,0.0
2025-10-05 10:35:00,Estella E 1106,0.0,0.0,0.040060000000000005,0.0,0.036719999999999996,0.0,0.0,0.0,0.0,0.0,0.0,0.0,0.08102,0.0,0.0,0.0
2025-10-05 10:40:00,Estella E 1106,0.0,0.0,,0.0,0.03646,,,,,,,,,,0.0,0.0
2025-10-05 10:45:00,Estella E 1106,0.0,0.0,0.03957,0.0,0.03736,0.0,0.0,0.0,,,,,,0.0,0.0,0.0
2025-10-05 10:50:00,Estella E 1106,0.0,0.0,,0.0,0.03707,,,,0.0,0.0,0.0,0.0,0.08131000000000001,,0.0,0.0
2025-10-05 10:55:00,Estella E 1106,0.0,0.0,,0.0,0.03628,,,,,,,,,,0.0,0.0
2025-10-05 11:00:00,Estella E 1106,0.0,0.0,,0.0,0.0362,,,,0.0,0.0,0.0,0.0,0.08097,,0.0,0.0
2025-10-05 11:05:00,Estella E 1106,0.0,0.0,,0.0,0.00023999999999999998,,,,0.0,0.0,0.038130000000000004,0.0,0.08424,,0.0,0.0
2025-10-05 11:10:00,Estella E 1106,0.0,0.0,,0.0,0.00022,,,,0.0,0.0,0.03749,0.0,0.08349,,0.0,0.0
2025-10-05 11:15:00,Estella E 1106,0.0,0.00881,,0.0,0.00011999999999999999,,,,0.0,0.0,0.03713,0.0,0.08287,,0.0,0.0
2025-10-05 11:20:00,Estella E 1106,0.0,0.0,,0.0,0.00014000000000000001,,,,0.0,0.0,0.03698,0.0,0.08309,,0.0,0.0
2025-10-05 11:25:00,Estella E 1106,0.0,0.0,,0.0,0.03807,,,,,,,,,,0.0,0.0
2025-10-05 11:30:00,Estella E 1106,0.0,0.0,,0.0,0.039189999999999996,,,,0.0,0.0,0.03645,0.0,0.1197,,0.0,0.0
2025-10-05 11:35:00,Estella E 1106,0.0,0.0,,0.0,0.03982,,,,0.0,0.0,0.03674,0.0,0.12153,,0.0,0.0
2025-10-05 11:40:00,Estella E 1106,0.0,0.0,,0.0,0.04021,,,,0.0,0.0,0.03681,0.0,0.12176000000000001,,0.0,0.0
2025-10-05 11:45:00,Estella E 1106,0.0,0.0,,0.0,0.038770000000000006,,,,0.0,0.0,0.07720999999999999,0.0,0.15956,,0.0,0.0
2025-10-05 11:50:00,Estella E 1106,0.0,0.0,,0.0,0.037579999999999995,,,,0.0,0.0,0.07731,0.0,0.15866999999999998,,0.0,0.0
2025-10-05 11:55:00,Estella E 1106,0.0,0.0,,0.0,0.03676,,,,,,,,,,0.0,0.0
2025-10-05 12:00:00,Estella E 1106,0.0,0.0,,0.0,0.036289999999999996,,,,0.0,0.0,0.07684999999999999,0.0,0.15758000000000003,,0.0,0.0
2025-10-05 12:05:00,Estella E 1106,0.0,0.0,,0.0,0.03602,,,,0.0,0.0,0.07753,0.0,0.15809,,0.0,0.0
2025-10-05 12:10:00,Estella E 1106,0.0,0.0,,0.0,0.035679999999999996,,,,0.0,0.0,0.07775,0.0,0.15825,,0.0,0.0
2025-10-05 12:15:00,Estella E 1106,0.0,0.0,,0.0,0.00027,,,,,,,,,,0.0,0.0
2025-10-05 12:20:00,Estella E 1106,0.0,0.0,,0.0,0.0004,,,,0.0,0.0,0.15582,0.0,0.24824000000000002,,0.0,0.0
2025-10-05 12:25:00,Estella E 1106,0.0,0.0,,0.0,0.0002,,,,0.0,0.0,0.07818000000000001,0.0,0.1243,,0.0,0.0
2025-10-05 12:30:00,Estella E 1106,0.0,0.0,,0.0,0.00022,,,,0.0,0.0,0.07725,0.0,0.32058,,0.0,0.0
2025-10-05 12:35:00,Estella E 1106,0.0,0.0,,0.0,0.03767,,,,0.0,0.0,0.07759999999999999,0.0,0.19454,,0.0,0.0
2025-10-05 12:40:00,Estella E 1106,0.0,0.0,,0.0,0.03935,,,,0.0,0.0,0.07645,0.0,0.19476,,0.0,0.0
2025-10-05 12:45:00,Estella E 1106,0.0,0.0,,0.0,0.03986,,,,,,,,,,0.0,0.0
2025-10-05 12:50:00,Estella E 1106,0.0,0.00886,,0.0,0.041460000000000004,,,,,,,,,,0.0,0.0
2025-10-05 12:55:00,Estella E 1106,0.0,0.0,,0.0,0.038299999999999994,,,,0.0,0.0,0.07997,0.0,0.19699,,0.0,0.0
2025-10-05 13:00:00,Estella E 1106,0.0,0.0,,0.0,0.03739,,,,0.0,0.0,0.081,0.0,0.19915,,0.0,0.0
2025-10-05 13:05:00,Estella E 1106,0.0,0.0,,0.0,0.036590000000000004,,,,0.0,0.0,0.08195999999999999,0.0,0.19869,,0.0,0.0
2025-10-05 13:10:00,Estella E 1106,0.0,0.0,,0.0,0.03594,,,,,,,,,,0.0,0.0
2025-10-05 13:15:00,Estella E 1106,0.0,0.0,,0.0,0.03548,,,,0.0,0.0,0.0,0.0,0.11735,,0.0,0.0
2025-10-05 13:20:00,Estella E 1106,0.0,0.0,0.07636,0.0,0.03528,0.0,0.0,0.0,0.0,0.0,0.0,0.0,0.08262,0.0,0.0,0.0
2025-10-05 13:25:00,Estella E 1106,0.0,0.0,,0.0,0.00025,,,,0.0,0.0,0.0,0.0,0.08294,,0.0,0.0
2025-10-05 13:30:00,Estella E 1106,0.0,0.0,,0.0,0.00016,,,,0.0,0.0,0.0,0.0,0.08186,,0.0,0.0
2025-10-05 13:35:00,Estella E 1106,0.0,0.0,,0.0,0.00019,,,,0.0,0.0,0.0,0.0,0.08154,,0.0,0.0
2025-10-05 13:40:00,Estella E 1106,0.0,0.0,,0.0,0.047729999999999995,,,,0.0,0.0,0.0,0.0,0.11711,,0.0,0.0
2025-10-05 13:45:00,Estella E 1106,0.0,0.0,,0.0,0.03782,,,,0.0,0.0,0.0,0.0,0.11817,,0.0,0.0
2025-10-05 13:50:00,Estella E 1106,0.0,0.0,,0.0,0.03829,,,,0.0,0.0,0.0,0.0,0.11885,,0.0,0.0
2025-10-05 13:55:00,Estella E 1106,0.0,0.0,,0.0,0.03915999999999999,,,,0.0,0.0,0.0,0.0,0.11985,,0.0,0.0
2025-10-05 14:00:00,Estella E 1106,0.0,0.0,,0.0,0.03737,,,,0.0,0.0,0.0,0.0,0.11757,,0.0,0.0
2025-10-05 14:05:00,Estella E 1106,0.0,0.0,,0.0,0.03648,,,,0.0,0.0,0.0,0.0,0.117,,0.0,0.0
2025-10-05 14:10:00,Estella E 1106,0.0,0.0,,0.0,0.03582,,,,0.0,0.0,0.0,0.0,0.08206000000000001,,0.0,0.0
2025-10-05 14:15:00,Estella E 1106,0.0,0.0,,0.0,0.03541,,,,0.0,0.0,0.0,0.0,0.08174,,0.0,0.0
2025-10-05 14:20:00,Estella E 1106,0.0,0.0,,0.0,0.03592,,,,0.0,0.0,0.03986,0.0,0.08758,,0.0,0.0
2025-10-05 14:25:00,Estella E 1106,0.0,0.0,,0.0,0.00019,,,,0.0,0.0,0.03925,0.0,0.0868,,0.0,0.0
2025-10-05 14:30:00,Estella E 1106,0.0,0.0,,0.0,0.00023999999999999998,,,,0.0,0.0,0.08148999999999999,0.0,0.13863999999999999,,0.0,0.0
2025-10-05 14:35:00,Estella E 1106,0.0,0.00877,,0.0,0.00019,,,,0.0,0.0,0.03804,0.0,0.09498000000000001,,0.0,0.0
2025-10-05 14:40:00,Estella E 1106,0.0,0.0,,0.0,0.03642,,,,0.0,0.0,0.038340000000000006,0.0,0.12207,,0.0,0.0
2025-10-05 14:45:00,Estella E 1106,0.0,0.0,,0.0,0.0389,,,,0.0,0.0,0.0,0.0,0.08587,,0.0,0.0
2025-10-05 14:50:00,Estella E 1106,0.0,0.0,,0.0,0.040240000000000005,,,,0.0,0.0,0.0,0.0,0.08629,,0.0,0.0
2025-10-05 14:55:00,Estella E 1106,0.0,0.0,,0.0,0.04003,,,,,,,,,,0.0,0.0
2025-10-05 15:00:00,Estella E 1106,0.0,0.0,,0.0,0.039490000000000004,,,,0.0,0.0,0.0,0.0,0.08421,,0.0,0.0
2025-10-05 15:05:00,Estella E 1106,0.0,0.0,,0.0,0.03714,,,,0.0,0.0,0.0,0.0,0.08270999999999999,,0.0,0.0
2025-10-05 15:10:00,Estella E 1106,0.0,0.0,,0.0,0.03616,,,,,,,,,,0.0,0.0
2025-10-05 15:15:00,Estella E 1106,0.0,0.0,,0.0,0.03567,,,,0.0,0.0,0.0,0.0,0.0815,,0.0,0.0
2025-10-05 15:20:00,Estella E 1106,0.0,0.0,,0.0,0.03505,,,,0.0,0.0,0.08094,0.0,0.16138999999999998,,0.0,0.0
2025-10-05 15:25:00,Estella E 1106,0.0,0.0,,0.0,0.0002,,,,,,,,,,0.0,0.0
2025-10-05 15:30:00,Estella E 1106,0.0,0.0,,0.0,0.00014000000000000001,,,,,,,,,,0.0,0.0
2025-10-05 15:35:00,Estella E 1106,0.0,0.0,,0.0,0.00020999999999999998,,,,,,,,,,0.0,0.0
2025-10-05 15:40:00,Estella E 1106,0.0,0.0,,0.0,0.00015,,,,0.0,0.0,0.08147,0.0,0.08687,,0.0,0.0
2025-10-05 15:45:00,Estella E 1106,0.0,0.0,,0.0,0.037630000000000004,,,,,,,,,,0.0,0.0
2025-10-05 15:50:00,Estella E 1106,0.0,0.0,,0.0,0.038270000000000005,,,,,,,,,,0.0,0.0
2025-10-05 15:55:00,Estella E 1106,0.0,0.0,,0.0,0.038579999999999996,,,,0.0,0.0,0.0815,0.0,0.12451000000000001,,0.0,0.0
2025-10-05 16:00:00,Estella E 1106,0.0,0.0,,0.0,0.038329999999999996,,,,,,,,,,0.0,0.0
2025-10-05 16:05:00,Estella E 1106,0.0,0.0,,0.0,0.03664,,,,,,,,,,0.0,0.0
2025-10-05 16:10:00,Estella E 1106,0.0,0.0,,0.0,0.03583,,,,,,,,,,0.0,0.0
2025-10-05 16:15:00,Estella E 1106,0.0,0.0,,0.0,0.03522,,,,,,,,,,0.0,0.0
2025-10-05 16:20:00,Estella E 1106,0.0,0.0,,0.0,0.00013000000000000002,,,,0.0,0.0,0.03787,0.0,0.0442,,0.0,0.0
2025-10-05 16:25:00,Estella E 1106,0.0,0.0,,0.0,0.00017999999999999998,,,,0.0,0.0,0.03779,0.0,0.0436,,0.0,0.0
2025-10-05 16:30:00,Estella E 1106,0.0,0.0,0.0,0.0,0.00019,0.0,0.0,0.0,,,,,,0.0,0.0,0.0
2025-10-05 16:35:00,Estella E 1106,0.0,0.0,0.0,0.0,0.00023999999999999998,0.0,0.0,0.0,,,,,,0.0,0.0,0.0
2025-10-05 16:40:00,Estella E 1106,0.0,0.0,,0.0,0.03673,,,,,,,,,,0.0,0.0
2025-10-05 16:45:00,Estella E 1106,0.0,0.0,,0.0,0.037759999999999995,,,,0.0,0.0,0.037939999999999995,0.0,0.08063,,0.0,0.0
2025-10-05 16:50:00,Estella E 1106,0.0,0.0,,0.0,0.03828,,,,,,,,,,0.0,0.0
2025-10-05 16:55:00,Estella E 1106,0.0,0.0,0.0,0.0,0.03818,0.0,0.0,0.0,0.0,0.0,0.03775,0.0,0.08008,0.0,0.0,0.0
2025-10-05 17:00:00,Estella E 1106,0.0,0.0,,0.0,0.03623,,,,0.0,0.0,0.038090000000000006,0.0,0.1098,,0.0,0.0
2025-10-05 17:05:00,Estella E 1106,0.0,0.0,,0.0,0.035590000000000004,,,,,,,,,,0.0,0.0
2025-10-05 17:10:00,Estella E 1106,0.0,0.0,,0.0,0.036090000000000004,,,,0.0,0.0,0.037759999999999995,0.0,0.17706,,0.0,0.0
2025-10-05 17:15:00,Estella E 1106,0.0,0.0,0.04195,0.0,0.18877000000000002,0.04331,0.0,0.00917,,,,,,0.0,0.0,0.0
2025-10-05 17:20:00,Estella E 1106,0.0,0.00901,0.04133,0.0,0.18621000000000001,0.02541,0.0,0.00906,,,,,,0.0,0.0,0.0
2025-10-05 17:25:00,Estella E 1106,0.0,0.0,,0.0,0.18661000000000003,,,,,,,,,,0.0,0.0
2025-10-05 17:30:00,Estella E 1106,0.0,0.0,0.040479999999999995,0.0,0.18527000000000002,0.03007,0.0,0.00889,,,,,,0.0,0.0,0.0
2025-10-05 17:35:00,Estella E 1106,0.0,0.0,,0.0,0.00026000000000000003,,,,,,,,,,0.0,0.0
2025-10-05 17:40:00,Estella E 1106,0.0,0.0,,0.0,0.060770000000000005,,,,,,,,,,0.0,0.0
2025-10-05 17:45:00,Estella E 1106,0.0,0.0,,0.0,0.052520000000000004,,,,,,,,,,0.0,0.0
2025-10-05 17:50:00,Estella E 1106,0.0,0.0,,0.0,0.05182,,,,0.0,0.0,0.0,0.0,0.21251,,0.0,0.0
2025-10-05 17:55:00,Estella E 1106,0.0,0.00899,0.040240000000000005,0.0,0.05166,0.0014,0.0,0.038439999999999995,0.0,0.0,0.0,0.0,0.13811,0.0,0.0,0.0
2025-10-05 18:00:00,Estella E 1106,0.0,0.0,0.039979999999999995,0.0,0.049890000000000004,0.00157,0.0,0.03811,0.0,0.0,0.0,0.0,0.14672,0.0,0.0,0.0
2025-10-05 18:05:00,Estella E 1106,0.0,0.0,,0.0,0.04851,,,,0.0,0.0,0.0,0.0,0.14397,,0.0,0.0
2025-10-05 18:10:00,Estella E 1106,0.0,0.0,,0.0,0.04501,,,,0.0,0.0,0.0,0.0,0.21186000000000002,,0.0,0.0
2025-10-05 18:15:00,Estella E 1106,0.0,0.0,,0.0,0.04426,,,,0.0,0.0,0.0,0.0,0.21033000000000002,,0.0,0.0
2025-10-05 18:20:00,Estella E 1106,0.0,0.00898,,0.0,0.04358,,,,0.0,0.0,0.03607,0.0,0.24541,,0.0,0.0
2025-10-05 18:25:00,Estella E 1106,0.0,0.0,0.12179999999999999,0.0,0.04306,0.0,0.0,0.037079999999999995,0.0,0.0,0.03572,0.0,0.24364,0.0,0.0,0.0
2025-10-05 18:30:00,Estella E 1106,0.0,0.0,,0.0,0.04156,,,,0.0,0.0,0.0,0.0,0.20527,,0.0,0.0
2025-10-05 18:35:00,Estella E 1106,0.0,0.0,,0.0,0.04285,,,,0.0,0.0,0.0,0.0,0.21611000000000002,,0.0,0.0
2025-10-05 18:40:00,Estella E 1106,0.0,0.0,,0.0,0.04244,,,,0.0,0.0,0.0,0.0,0.21547999999999998,,0.0,0.0
2025-10-05 18:45:00,Estella E 1106,0.0,0.0,,0.0,0.04158,,,,0.0,0.0,0.0,0.0,0.21456999999999998,,0.0,0.0
2025-10-05 18:50:00,Estella E 1106,0.0,0.0,,0.0,0.0409,,,,0.0,0.0,0.0,0.0,0.21411000000000002,,0.0,0.0
2025-10-05 18:55:00,Estella E 1106,0.0,0.0,,0.0,0.04281,,,,0.0,0.0,0.0,0.0,0.21522,,0.0,0.0
2025-10-05 19:00:00,Estella E 1106,0.0,0.0,,0.0,0.04212,,,,0.0,0.0,0.0,0.0,0.24423,,0.0,0.0
2025-10-05 19:05:00,Estella E 1106,0.0,0.0,,0.0,0.04112,,,,0.0,0.0,0.0,0.0,0.2484,,0.0,0.0
2025-10-05 19:10:00,Estella E 1106,0.0,0.0,,0.0,0.04064,,,,0.0,0.0,0.0,0.0,0.24727000000000002,,0.0,0.0
2025-10-05 19:15:00,Estella E 1106,0.0,0.0,,0.0,0.04002,,,,0.0,0.0,0.0,0.0,0.24747,,0.0,0.0
2025-10-05 19:20:00,Estella E 1106,0.0,0.0,,0.0,0.040659999999999995,,,,0.0,0.0,0.0,0.0,0.20611000000000002,,0.0,0.0
2025-10-05 19:25:00,Estella E 1106,0.0,0.0,,0.0,0.04015,,,,0.0,0.0,0.0,0.0,0.20535,,0.0,0.0
2025-10-05 19:30:00,Estella E 1106,0.0,0.0,,0.0,0.039229999999999994,,,,0.0,0.0,0.0,0.0,0.21597999999999998,,0.0,0.0
2025-10-05 19:35:00,Estella E 1106,0.0,0.0,,0.0,0.040420000000000005,,,,0.0,0.0,0.0,0.0,0.22916999999999998,,0.0,0.0
2025-10-05 19:40:00,Estella E 1106,0.0,0.0,,0.0,0.03964,,,,0.0,0.0,0.0,0.0,0.24786000000000002,,0.0,0.0
2025-10-05 19:45:00,Estella E 1106,0.0,0.0,,0.0,0.038950000000000005,,,,0.0,0.0,0.04822,0.0,0.29564,,0.0,0.0
2025-10-05 19:50:00,Estella E 1106,0.0,0.0,,0.0,0.038619999999999995,,,,0.0,0.0,0.047869999999999996,0.0,0.29531,,0.0,0.0
2025-10-05 19:55:00,Estella E 1106,0.0,0.0,,0.0,0.03803,,,,0.0,0.0,0.0,0.0,0.23851,,0.0,0.0
2025-10-05 20:00:00,Estella E 1106,0.0,0.0,,0.0,0.037689999999999994,,,,0.0,0.0,0.0,0.0,0.23753,,0.0,0.0
2025-10-05 20:05:00,Estella E 1106,0.0,0.0,,0.0,0.037340000000000005,,,,0.0,0.0,0.0,0.0,0.24803999999999998,,0.0,0.0
2025-10-05 20:10:00,Estella E 1106,0.0,0.0,,0.0,0.037149999999999996,,,,0.0,0.0,0.0,0.0,0.23742,,0.0,0.0
2025-10-05 20:15:00,Estella E 1106,0.0,0.0,0.15606,0.0,0.036840000000000005,0.0,0.0,0.03836,0.0,0.0,0.0,0.0,0.23793,0.0,0.0,0.0
2025-10-05 20:20:00,Estella E 1106,0.0,0.0,,0.0,0.036469999999999995,,,,0.0,0.0,0.0,0.0,0.2374,,0.0,0.0
2025-10-05 20:25:00,Estella E 1106,0.0,0.0,,0.0,0.03622,,,,0.0,0.0,0.0,0.0,0.23739,,0.0,0.0
2025-10-05 20:30:00,Estella E 1106,0.0,0.0,0.15546000000000001,0.0,0.038149999999999996,0.0,0.0,0.0384,0.0,0.0,0.03594,0.0,0.27388999999999997,0.0,0.0,0.0
2025-10-05 20:35:00,Estella E 1106,0.0,0.0,,0.0,0.03746,,,,0.0,0.0,0.0,0.0,0.27241000000000004,,0.0,0.0
2025-10-05 20:40:00,Estella E 1106,0.0,0.0,,0.0,0.036950000000000004,,,,0.0,0.0,0.0,0.0,0.27381,,0.0,0.0
2025-10-05 20:45:00,Estella E 1106,0.0,0.0,,0.0,0.03656,,,,0.0,0.0,0.0,0.0,0.23648,,0.0,0.0
2025-10-05 20:50:00,Estella E 1106,0.0,0.0,0.15572,0.0,0.03632,0.0,0.0,0.03839,0.0,0.0,0.0,0.0,0.2137,0.0,0.0,0.0
2025-10-05 20:55:00,Estella E 1106,0.0,0.0,,0.0,0.03605,,,,0.0,0.0,0.0,0.0,0.20276,,0.0,0.0
2025-10-05 21:00:00,Estella E 1106,0.0,0.0,0.12390000000000001,0.0,0.03592,0.0,0.0,0.038520000000000006,0.0,0.0,0.0,0.0,0.20276,0.0,0.0,0.0
2025-10-05 21:05:00,Estella E 1106,0.0,0.0,,0.0,0.03602,,,,0.0,0.0,0.0,0.0,0.21434,,0.0,0.0
2025-10-05 21:10:00,Estella E 1106,0.0,0.0,,0.0,0.038329999999999996,,,,0.0,0.0,0.0,0.0,0.21583000000000002,,0.0,0.0
2025-10-05 21:15:00,Estella E 1106,0.0,0.00891,0.12287000000000001,0.0,0.038840000000000006,0.00885,0.0,0.038939999999999995,0.0,0.0,0.0,0.0,0.21697,0.0,0.0,0.0
2025-10-05 21:20:00,Estella E 1106,0.0,0.0,,0.0,0.03907,,,,0.0,0.0,0.0,0.0,0.2175,,0.0,0.0
2025-10-05 21:25:00,Estella E 1106,0.0,0.0,,0.0,0.03829,,,,0.0,0.0,0.0,0.0,0.21639,,0.0,0.0
2025-10-05 21:30:00,Estella E 1106,0.0,0.0,,0.0,0.0364,,,,0.0,0.0,0.0,0.0,0.21508000000000002,,0.0,0.0
2025-10-05 21:35:00,Estella E 1106,0.0,0.0,,0.0,0.036,,,,0.0,0.0,0.0,0.0,0.21483000000000002,,0.0,0.0
2025-10-05 21:40:00,Estella E 1106,0.0,0.0,,0.0,0.03567,,,,0.0,0.0,0.0,0.0,0.21430000000000002,,0.0,0.0
2025-10-05 21:45:00,Estella E 1106,0.0,0.0,,0.0,0.03533,,,,0.0,0.0,0.0,0.0,0.17978,,0.0,0.0
2025-10-05 21:50:00,Estella E 1106,0.0,0.0,,0.0,0.00014000000000000001,,,,0.0,0.0,0.03602,0.0,0.21589,,0.0,0.0
2025-10-05 21:55:00,Estella E 1106,0.0,0.0,,0.0,0.0002,,,,0.0,0.0,0.0,0.0,0.20503,,0.0,0.0
2025-10-05 22:00:00,Estella E 1106,0.0,0.0,,0.0,0.05078,,,,0.0,0.0,0.0,0.0,0.24181999999999998,,0.0,0.0
2025-10-05 22:05:00,Estella E 1106,0.0,0.0,,0.0,0.03811,,,,0.0,0.0,0.0,0.0,0.24165999999999999,,0.0,0.0
2025-10-05 22:10:00,Estella E 1106,0.0,0.0,,0.0,0.04045,,,,0.0,0.0,0.0,0.0,0.24309999999999998,,0.0,0.0
2025-10-05 22:15:00,Estella E 1106,0.0,0.0,,0.0,0.040240000000000005,,,,0.0,0.0,0.0,0.0,0.2432,,0.0,0.0
2025-10-05 22:20:00,Estella E 1106,0.0,0.0,0.15716,0.0,0.04019,0.0,0.0,0.039729999999999994,0.0,0.0,0.0,0.0,0.24353,0.0,0.0,0.0
2025-10-05 22:25:00,Estella E 1106,0.0,0.0,,0.0,0.04001,,,,0.0,0.0,0.0,0.0,0.22104,,0.0,0.0
2025-10-05 22:30:00,Estella E 1106,0.0,0.0,0.1356,0.0,0.03904,0.00933,0.0,0.03977,0.0,0.0,0.0,0.0,0.21907,0.0,0.0,0.0
2025-10-05 22:35:00,Estella E 1106,0.0,0.0,,0.0,0.03693,,,,0.0,0.0,0.07665000000000001,0.0,0.29408999999999996,,0.0,0.0
2025-10-05 22:40:00,Estella E 1106,0.0,0.0,0.13486,0.0,0.0371,0.0,0.0,0.0395,0.0,0.0,0.04004,0.0,0.25826,0.0,0.0,0.0
2025-10-05 22:45:00,Estella E 1106,0.0,0.0,,0.0,0.03637,,,,0.0,0.0,0.039450000000000006,0.0,0.25622,,0.0,0.0
2025-10-05 22:50:00,Estella E 1106,0.0,0.0,0.13516,0.0,0.03576,0.0,0.0,0.039509999999999997,0.0,0.0,0.0,0.0,0.21722999999999998,0.0,0.0,0.0
2025-10-05 22:55:00,Estella E 1106,0.0,0.0,,0.0,0.03538,,,,0.0,0.0,0.047990000000000005,0.0,0.2442,,0.0,0.0
2025-10-05 23:00:00,Estella E 1106,0.0,0.0,,0.0,0.03493,,,,0.0,0.0,0.047630000000000006,0.0,0.24377000000000001,,0.0,0.0
2025-10-05 23:05:00,Estella E 1106,0.0,0.0,,0.0,0.00011999999999999999,,,,0.009689999999999999,0.0,0.047479999999999994,0.0,0.2201,,0.0,0.0
2025-10-05 23:10:00,Estella E 1106,0.0,0.0,,0.0,0.00015,,,,0.0,0.0,0.04725,0.0,0.17663,,0.0,0.0
2025-10-05 23:15:00,Estella E 1106,0.0,0.0,,0.0,0.00020999999999999998,,,,0.0,0.0,0.047200000000000006,0.0,0.15702000000000002,,0.0,0.0
2025-10-05 23:20:00,Estella E 1106,0.0,0.0,,0.0,0.0378,,,,0.0,0.0,0.047229999999999994,0.0,0.17135,,0.0,0.0
2025-10-05 23:25:00,Estella E 1106,0.0,0.0,,0.0,0.038310000000000004,,,,0.0,0.0,0.053090000000000005,0.0,0.17790999999999998,,0.0,0.0
2025-10-05 23:30:00,Estella E 1106,0.0,0.0,,0.0,0.038689999999999995,,,,0.0,0.0,0.032299999999999995,0.0,0.07642,,0.0,0.0
2025-10-05 23:35:00,Estella E 1106,0.0,0.0,,0.0,0.039049999999999994,,,,0.0,0.0,0.05075,0.0,0.09426000000000001,,0.0,0.0
2025-10-05 23:40:00,Estella E 1106,0.0,0.0,,0.0,0.03917,,,,0.0,0.0,0.05173,0.0,0.09526000000000001,,0.0,0.0
2025-10-05 23:45:00,Estella E 1106,0.0,0.0,,0.0,0.037950000000000005,,,,0.0,0.0,0.04875,0.0,0.09022,,0.0,0.0
2025-10-05 23:50:00,Estella E 1106,0.0,0.0,,0.0,0.03644,,,,0.0,0.0,0.04882,0.0,0.08916,,0.0,0.0
2025-10-05 23:55:00,Estella E 1106,0.0,0.0,,0.0,0.03562,,,,0.0,0.0,0.039549999999999995,0.0,0.07984999999999999,,0.0,0.0
2025-10-06 00:00:00,Estella E 1106,0.0,0.0,,0.0,0.03503,,,,0.0,0.0,0.03789,0.0,0.11868000000000001,,0.0,0.0
2025-10-06 00:05:00,Estella E 1106,0.0,0.0,,0.0,0.03467,,,,0.0,0.0,0.03781,0.0,0.08445,,0.0,0.0
2025-10-06 00:10:00,Estella E 1106,0.0,0.0,,0.0,0.00011999999999999999,,,,0.0,0.0,0.037689999999999994,0.0,0.08426,,0.0,0.0
2025-10-06 00:15:00,Estella E 1106,0.0,0.0,,0.0,0.0002,,,,0.0,0.0,0.037759999999999995,0.0,0.08405,,0.0,0.0
2025-10-06 00:20:00,Estella E 1106,0.0,0.0,,0.0,0.0027,,,,0.0,0.0,0.0378,0.0,0.11857,,0.0,0.0
2025-10-06 00:25:00,Estella E 1106,0.0,0.0,0.0,0.0,0.037340000000000005,0.0,0.0,0.039020000000000006,0.0,0.0,0.037880000000000004,0.0,0.12027,0.0,0.0,0.0
2025-10-06 00:30:00,Estella E 1106,0.0,0.0,0.0,0.0,0.037759999999999995,0.0,0.0,0.03909000000000001,0.0,0.0,0.037899999999999996,0.0,0.12084,0.0,0.0,0.0
2025-10-06 00:35:00,Estella E 1106,0.0,0.0,,0.0,0.038270000000000005,,,,0.0,0.0,0.03791,0.0,0.12081,,0.0,0.0
2025-10-06 00:40:00,Estella E 1106,0.0,0.0,,0.0,0.03848,,,,0.0,0.0,0.03796,0.0,0.12128,,0.0,0.0
2025-10-06 00:45:00,Estella E 1106,0.0,0.0,,0.0,0.037079999999999995,,,,0.0,0.0,0.038270000000000005,0.0,0.11957999999999999,,0.0,0.0
2025-10-06 00:50:00,Estella E 1106,0.0,0.0,,0.0,0.03594,,,,0.0,0.0,0.03814,0.0,0.11846,,0.0,0.0
2025-10-06 00:55:00,Estella E 1106,0.0,0.0,,0.0,0.03525,,,,0.0,0.0,0.038270000000000005,0.0,0.11826,,0.0,0.0
2025-10-06 01:00:00,Estella E 1106,0.0,0.0,,0.0,0.0348,,,,0.0,0.0,0.03857,0.0,0.11828,,0.0,0.0
2025-10-06 01:05:00,Estella E 1106,0.0,0.0,,0.0,0.0002,,,,0.0,0.0,0.038369999999999994,0.0,0.08502,,0.0,0.0
2025-10-06 01:10:00,Estella E 1106,0.0,0.0,,0.0,0.00019,,,,0.0,0.0,0.03861,0.0,0.08541,,0.0,0.0
2025-10-06 01:15:00,Estella E 1106,0.0,0.0,0.0,0.0,0.00013000000000000002,0.0,0.0,0.03964,0.0,0.0,0.03864,0.0,0.0854,0.0,0.0,0.0
2025-10-06 01:20:00,Estella E 1106,0.0,0.0,0.0,0.0,0.03576,0.0,0.0,0.03957,0.0,0.0,0.03865,0.0,0.12099,0.0,0.0,0.0
2025-10-06 01:25:00,Estella E 1106,0.0,0.0,,0.0,0.03774,,,,0.009689999999999999,0.0,0.05096,0.0,0.1436,,0.0,0.0
2025-10-06 01:30:00,Estella E 1106,0.0,0.0,0.0,0.0,0.03811,0.0,0.0,0.039630000000000006,0.0,0.0,0.04895,0.0,0.13194,0.0,0.0,0.0
2025-10-06 01:35:00,Estella E 1106,0.0,0.0,,0.0,0.038200000000000005,,,,0.0,0.0,0.04793,0.0,0.13132,,0.0,0.0
2025-10-06 01:40:00,Estella E 1106,0.0,0.0,,0.0,0.03757,,,,0.0,0.0,0.047880000000000006,0.0,0.12978,,0.0,0.0
2025-10-06 01:45:00,Estella E 1106,0.0,0.0,,0.0,0.03581,,,,0.0,0.0,0.04779,0.0,0.12843000000000002,,0.0,0.0
2025-10-06 01:50:00,Estella E 1106,0.0,0.0,,0.0,0.03516,,,,0.0,0.0,0.04784,0.0,0.12789,,0.0,0.0
2025-10-06 01:55:00,Estella E 1106,0.0,0.0,,0.0,0.03467,,,,0.0,0.0,0.04786,0.0,0.12758,,0.0,0.0
2025-10-06 02:00:00,Estella E 1106,0.0,0.0,,0.0,0.00014000000000000001,,,,0.0,0.0,0.04784,0.0,0.09387999999999999,,0.0,0.0
2025-10-06 02:05:00,Estella E 1106,0.0,0.0,,0.0,0.00020999999999999998,,,,0.0,0.0,0.047850000000000004,0.0,0.09379000000000001,,0.0,0.0
2025-10-06 02:10:00,Estella E 1106,0.0,0.0,,0.0,0.00016,,,,0.0,0.0,0.04793,0.0,0.09419,,0.0,0.0
2025-10-06 02:15:00,Estella E 1106,0.0,0.0,,0.0,0.05031,,,,0.0,0.0,0.04782,0.0,0.12877000000000002,,0.0,0.0
2025-10-06 02:20:00,Estella E 1106,0.0,0.0,,0.0,0.03699,,,,0.0,0.0,0.04795,0.0,0.13038,,0.0,0.0
2025-10-06 02:25:00,Estella E 1106,0.0,0.0,,0.0,0.03789,,,,0.0,0.0,0.04797,0.0,0.13111,,0.0,0.0
2025-10-06 02:30:00,Estella E 1106,0.0,0.0,,0.0,0.038090000000000006,,,,0.0,0.0,0.047990000000000005,0.0,0.13136,,0.0,0.0
2025-10-06 02:35:00,Estella E 1106,0.0,0.0,,0.0,0.03757,,,,0.0,0.0,0.048,0.0,0.13025,,0.0,0.0
2025-10-06 02:40:00,Estella E 1106,0.0,0.0,,0.0,0.03579,,,,0.0,0.0,0.047869999999999996,0.0,0.12866,,0.0,0.0
2025-10-06 02:45:00,Estella E 1106,0.0,0.0,,0.0,0.03523,,,,0.0,0.0,0.047990000000000005,0.0,0.12838999999999998,,0.0,0.0
2025-10-06 02:50:00,Estella E 1106,0.0,0.0,,0.0,0.03467,,,,0.0,0.0,0.04808,0.0,0.12835,,0.0,0.0
2025-10-06 02:55:00,Estella E 1106,0.0,0.0,,0.0,0.00027,,,,0.0,0.0,0.04821,0.0,0.09489,,0.0,0.0
2025-10-06 03:00:00,Estella E 1106,0.0,0.0,,0.0,0.00025,,,,0.0,0.0,0.04838,0.0,0.09512999999999999,,0.0,0.0
2025-10-06 03:05:00,Estella E 1106,0.0,0.0,,0.0,0.00013000000000000002,,,,0.0,0.0,0.04839,0.0,0.095,,0.0,0.0
2025-10-06 03:10:00,Estella E 1106,0.0,0.0,0.0,0.0,0.04977,0.0,0.0,0.04,0.0,0.0,0.048310000000000006,0.0,0.12994,0.0,0.0,0.0
2025-10-06 03:15:00,Estella E 1106,0.0,0.0,,0.0,0.19483,,,,0.0,0.0,0.04825,0.0,0.28857,,0.0,0.0
2025-10-06 03:20:00,Estella E 1106,0.0,0.0,,0.0,0.19487000000000002,,,,0.0,0.0,0.04818,0.0,0.28881999999999997,,0.0,0.0
2025-10-06 03:25:00,Estella E 1106,0.0,0.0,,0.0,0.19462000000000002,,,,0.0,0.0,0.04834,0.0,0.28926,,0.0,0.0
2025-10-06 03:30:00,Estella E 1106,0.0,0.0,,0.0,0.00022,,,,0.0,0.0,0.04809,0.0,0.09484999999999999,,0.0,0.0
2025-10-06 03:35:00,Estella E 1106,0.0,0.0,,0.0,0.0004,,,,0.0,0.0,0.04811,0.0,0.09486,,0.0,0.0
2025-10-06 03:40:00,Estella E 1106,0.0,0.0,,0.0,0.05047,,,,0.0,0.0,0.04819,0.0,0.14526,,0.0,0.0
2025-10-06 03:45:00,Estella E 1106,0.0,0.0,,0.0,0.0517,,,,0.0,0.0,0.04856,0.0,0.14576,,0.0,0.0
2025-10-06 03:50:00,Estella E 1106,0.0,0.0,,0.0,0.05037,,,,0.0,0.0,0.048530000000000004,0.0,0.10281,,0.0,0.0
2025-10-06 03:55:00,Estella E 1106,0.0,0.0,,0.0,0.048490000000000005,,,,0.0,0.0,0.04862,0.0,0.10133,,0.0,0.0
2025-10-06 04:00:00,Estella E 1106,0.0,0.0,,0.0,0.04733,,,,0.0,0.0,0.048479999999999995,0.0,0.10023,,0.0,0.0
2025-10-06 04:05:00,Estella E 1106,0.0,0.0,0.0,0.0,0.04623,0.0,0.0,0.0,0.0,0.0,0.04838,0.0,0.09895999999999999,0.0,0.0,0.0
2025-10-06 04:10:00,Estella E 1106,0.0,0.0,,0.0,0.045590000000000006,,,,0.0,0.0,0.04846,0.0,0.09837,,0.0,0.0
2025-10-06 04:15:00,Estella E 1106,0.0,0.0,,0.0,0.04499,,,,0.0,0.0,0.048490000000000005,0.0,0.09755,,0.0,0.0
2025-10-06 04:20:00,Estella E 1106,0.0,0.0,,0.0,0.04433,,,,0.0,0.0,0.04862,0.0,0.09705,,0.0,0.0
2025-10-06 04:25:00,Estella E 1106,0.0,0.0,,0.0,0.0439,,,,0.0,0.0,0.04862,0.0,0.09651,,0.0,0.0
2025-10-06 04:30:00,Estella E 1106,0.0,0.0,,0.0,0.043590000000000004,,,,0.0,0.0,0.048670000000000005,0.0,0.09437000000000001,,0.0,0.0
2025-10-06 04:35:00,Estella E 1106,0.0,0.0,,0.0,0.040659999999999995,,,,0.0,0.0,0.04828,0.0,0.09268000000000001,,0.0,0.0
2025-10-06 04:40:00,Estella E 1106,0.0,0.0,,0.0,0.0389,,,,0.0,0.0,0.048310000000000006,0.0,0.09156,,0.0,0.0
2025-10-06 04:45:00,Estella E 1106,0.0,0.0,0.0,0.0,0.0384,0.0,0.0,0.0,0.0,0.0,0.04808,0.0,0.09043999999999999,0.0,0.0,0.0
2025-10-06 04:50:00,Estella E 1106,0.0,0.0,,0.0,0.03817,,,,,,,,,,0.0,0.0
2025-10-06 04:55:00,Estella E 1106,0.0,0.0,,0.0,0.03755,,,,,,,,,,0.0,0.0
2025-10-06 05:00:00,Estella E 1106,0.0,0.0,,0.0,0.03743,,,,0.0,0.0,0.048119999999999996,0.0,0.08953,,0.0,0.0
2025-10-06 05:05:00,Estella E 1106,0.0,0.0,,0.0,0.03719,,,,0.0,0.0,0.047799999999999995,0.0,0.08886,,0.0,0.0
2025-10-06 05:10:00,Estella E 1106,0.0,0.0,,0.0,0.03683,,,,0.0,0.0,0.04747,0.0,0.08865,,0.0,0.0
2025-10-06 05:15:00,Estella E 1106,0.0,0.0,,0.0,0.07328,,,,0.0,0.0,0.09509999999999999,0.0,0.17715,,0.0,0.0
2025-10-06 05:20:00,Estella E 1106,0.0,0.0,,0.0,0.036469999999999995,,,,0.0,0.0,0.04751,0.0,0.08817,,0.0,0.0
2025-10-06 05:25:00,Estella E 1106,0.0,0.0,,0.0,0.03622,,,,0.0,0.0,0.047409999999999994,0.0,0.08795,,0.0,0.0
2025-10-06 05:30:00,Estella E 1106,0.0,0.0,,0.0,0.03617,,,,0.0,0.0,0.047270000000000006,0.0,0.08761,,0.0,0.0
2025-10-06 05:35:00,Estella E 1106,0.0,0.0,,0.0,0.035859999999999996,,,,0.0,0.0,0.04718,0.0,0.08762,,0.0,0.0
2025-10-06 05:40:00,Estella E 1106,0.0,0.0,,0.0,0.03566,,,,0.0,0.0,0.04689,0.0,0.08664,,0.0,0.0
2025-10-06 05:45:00,Estella E 1106,0.0,0.0,,0.0,0.0356,,,,,,,,,,0.0,0.0
2025-10-06 05:50:00,Estella E 1106,0.0,0.0,0.0,0.0,0.03561,0.0,0.0,0.0,0.0,0.0,0.04653,0.0,0.08612,0.0,0.0,0.0
2025-10-06 05:55:00,Estella E 1106,0.0,0.0,,0.0,0.00029,,,,0.0,0.0,0.046700000000000005,0.0,0.052719999999999996,,0.0,0.0
2025-10-06 06:00:00,Estella E 1106,0.0,0.0,,0.0,0.00027,,,,0.0,0.0,0.046770000000000006,0.0,0.05236,,0.0,0.0
2025-10-06 06:05:00,Estella E 1106,0.0,0.0,,0.0,0.00013000000000000002,,,,,,,,,,0.0,0.0
2025-10-06 06:10:00,Estella E 1106,0.0,0.0,0.0,0.0,0.00023999999999999998,0.0,0.0,0.0,,,,,,0.0,0.0,0.0
2025-10-06 06:15:00,Estella E 1106,0.0,0.0,,0.0,0.03723,,,,,,,,,,0.0,0.0
2025-10-06 06:20:00,Estella E 1106,0.0,0.0,,0.0,0.03736,,,,0.0,0.0,0.045689999999999995,0.0,0.0869,,0.0,0.0
2025-10-06 06:25:00,Estella E 1106,0.0,0.0,,0.0,0.036789999999999996,,,,0.0,0.0,0.04525,0.0,0.0867,,0.0,0.0
2025-10-06 06:30:00,Estella E 1106,0.0,0.0,,0.0,0.03683,,,,,,,,,,0.0,0.0
2025-10-06 06:35:00,Estella E 1106,0.0,0.0,0.0,0.0,0.0365,0.0,0.0,0.0,0.0,0.0,0.03541,0.0,0.07615000000000001,0.0,0.0,0.0
2025-10-06 06:40:00,Estella E 1106,0.0,0.0,,0.0,0.03774,,,,,,,,,,0.0,0.0
2025-10-06 06:45:00,Estella E 1106,0.0,0.0,,0.0,0.03724,,,,,,,,,,0.0,0.0
2025-10-06 06:50:00,Estella E 1106,0.0,0.0,,0.0,0.03653,,,,0.0,0.0,0.036340000000000004,0.0,0.07732,,0.0,0.0
2025-10-06 06:55:00,Estella E 1106,0.0,0.0,,0.0,0.036359999999999996,,,,0.0,0.0,0.03651,0.0,0.07751999999999999,,0.0,0.0
2025-10-06 07:00:00,Estella E 1106,0.0,0.0,0.0,0.0,0.03619,0.0,0.0,0.0,,,,,,0.0,0.0,0.0
2025-10-06 07:05:00,Estella E 1106,0.0,0.0,0.0,0.0,0.036770000000000004,0.0,0.0,0.0,0.0,0.0,0.03614,0.0,0.07823999999999999,0.0,0.0,0.0
2025-10-06 07:10:00,Estella E 1106,0.0,0.0,,0.0,0.03681,,,,,,,,,,0.0,0.0
2025-10-06 07:15:00,Estella E 1106,0.0,0.0,,0.0,0.03632,,,,0.0,0.0,0.03598,0.0,0.07684,,0.0,0.0
2025-10-06 07:20:00,Estella E 1106,0.0,0.0,,0.0,0.03612,,,,0.0,0.0,0.036520000000000004,0.0,0.07748000000000001,,0.0,0.0
2025-10-06 07:25:00,Estella E 1106,0.0,0.0,,0.0,0.03716,,,,0.0,0.0,0.03696,0.0,0.07891,,0.0,0.0
2025-10-06 07:30:00,Estella E 1106,0.0,0.0,0.0,0.0,0.038380000000000004,0.0,0.0,0.0,,,,,,0.0,0.0,0.0
2025-10-06 07:35:00,Estella E 1106,0.0,0.0,,0.0,0.03807,,,,,,,,,,0.0,0.0
2025-10-06 07:40:00,Estella E 1106,0.0,0.0,,0.0,0.037509999999999995,,,,0.0,0.0,0.036899999999999995,0.0,0.11298,,0.0,0.0
2025-10-06 07:45:00,Estella E 1106,0.0,0.0,0.0,0.0,0.03713,0.03253,0.0,0.0,0.0,0.0,0.03675,0.0,0.07853,0.0,0.0,0.0
2025-10-06 07:50:00,Estella E 1106,0.0,0.0,,0.0,0.03663,,,,0.0,0.0,0.0366,0.0,0.08871,,0.0,0.0
2025-10-06 07:55:00,Estella E 1106,0.0,0.0,,0.0,0.03662,,,,0.0,0.0,0.0368,0.0,0.08927,,0.0,0.0
2025-10-06 08:00:00,Estella E 1106,0.0,0.0,,0.0,0.03632,,,,0.0,0.0,0.03696,0.0,0.08931,,0.0,0.0
2025-10-06 08:05:00,Estella E 1106,0.0,0.0,,0.0,0.03633,,,,0.0,0.0,0.03668,0.0,0.0889,,0.0,0.0
2025-10-06 08:10:00,Estella E 1106,0.0,0.0,0.0,0.0,0.03662,0.01047,0.0,0.0,0.0,0.0,0.03668,0.0,0.08887,0.0,0.0,0.0
2025-10-06 08:15:00,Estella E 1106,0.0,0.0,0.0,0.0,0.03601,0.0,0.0,0.0,0.0,0.0,0.03653,0.0,0.07709,0.0,0.0,0.0
2025-10-06 08:20:00,Estella E 1106,0.0,0.0,,0.0,0.00019,,,,0.0,0.0,0.036289999999999996,0.0,0.04251,,0.0,0.0
2025-10-06 08:25:00,Estella E 1106,0.0,0.0,,0.0,0.00025,,,,0.0,0.0,0.03638,0.0,0.07664,,0.0,0.0
2025-10-06 08:30:00,Estella E 1106,0.0,0.0,,0.0,0.00016,,,,,,,,,,0.0,0.0
2025-10-06 08:35:00,Estella E 1106,0.0,0.0,,0.0,0.00020999999999999998,,,,,,,,,,0.0,0.0
2025-10-06 08:40:00,Estella E 1106,0.0,0.0,,0.0,0.03789,,,,0.0,0.0,0.0,0.0,0.07754000000000001,,0.0,0.0
2025-10-06 08:45:00,Estella E 1106,0.0,0.0,,0.0,0.038700000000000005,,,,0.0,0.0,0.0,0.0,0.07756,,0.0,0.0
2025-10-06 08:50:00,Estella E 1106,0.0,0.0,,0.0,0.038950000000000005,,,,,,,,,,0.0,0.0
2025-10-06 08:55:00,Estella E 1106,0.0,0.0,,0.0,0.03753,,,,,,,,,,0.0,0.0
2025-10-06 09:00:00,Estella E 1106,0.0,0.0,,0.0,0.03675,,,,,,,,,,0.0,0.0
2025-10-06 09:05:00,Estella E 1106,0.0,0.0,,0.0,0.03641,,,,0.0,0.0,0.0,0.0,0.07449,,0.0,0.0
2025-10-06 09:10:00,Estella E 1106,0.0,0.0,,0.0,0.03613,,,,0.0,0.0,0.0,0.0,0.11191,,0.0,0.0
2025-10-06 09:15:00,Estella E 1106,0.0,0.0,,0.0,0.03566,,,,0.0,0.0,0.0,0.0,0.11418,,0.0,0.0
2025-10-06 09:20:00,Estella E 1106,0.0,0.0,,0.0,0.03547,,,,0.0,0.0,0.0,0.0,0.1138,,0.0,0.0
2025-10-06 09:25:00,Estella E 1106,0.0,0.0,,0.0,0.00025,,,,0.0,0.0,0.0,0.0,0.07901000000000001,,0.0,0.0
2025-10-06 09:30:00,Estella E 1106,0.0,0.0,0.03357,0.0,0.00019,0.0,0.0,0.038619999999999995,,,,,,0.0,0.0,0.0
2025-10-06 09:35:00,Estella E 1106,0.0,0.0,,0.0,0.0003,,,,0.0,0.0,0.0,0.0,0.15634,,0.0,0.0
2025-10-06 09:40:00,Estella E 1106,0.0,0.0,,0.0,0.00029,,,,,,,,,,0.0,0.0
2025-10-06 09:45:00,Estella E 1106,0.0,0.0,,0.0,0.03875,,,,0.0,0.0,0.0,0.0,0.11524,,0.0,0.0
2025-10-06 09:50:00,Estella E 1106,0.0,0.0,0.033170000000000005,0.0,0.03925,0.0,0.0,0.037630000000000004,0.0,0.0,0.0,0.0,0.116,0.0,0.0,0.0
2025-10-06 09:55:00,Estella E 1106,0.0,0.0,0.033170000000000005,0.0,0.03958,0.0,0.0,0.037270000000000005,,,,,,0.0,0.0,0.0
2025-10-06 10:00:00,Estella E 1106,0.0,0.0,,0.0,0.03917,,,,,,,,,,0.0,0.0
2025-10-06 10:05:00,Estella E 1106,0.0,0.0,,0.0,0.038740000000000004,,,,0.0,0.0,0.0,0.0,0.1143,,0.0,0.0
2025-10-06 10:10:00,Estella E 1106,0.0,0.0,,0.0,0.04084,,,,0.0,0.0,0.0,0.0,0.1161,,0.0,0.0
2025-10-06 10:15:00,Estella E 1106,0.0,0.0,0.00109,0.0,0.0399,0.0,0.0,0.037079999999999995,,,,,,0.0,0.0,0.0
2025-10-06 10:20:00,Estella E 1106,0.0,0.0,,0.0,0.03882,,,,0.0,0.0,0.0,0.0,0.07976000000000001,,0.0,0.0
2025-10-06 10:25:00,Estella E 1106,0.0,0.0,,0.0,0.03811,,,,0.0,0.0,0.0,0.0,0.07934999999999999,,0.0,0.0
2025-10-06 10:30:00,Estella E 1106,0.0,0.0,,0.0,0.037329999999999995,,,,0.0,0.0,0.0,0.0,0.07865000000000001,,0.0,0.0
2025-10-06 10:35:00,Estella E 1106,0.0,0.0,,0.0,0.038939999999999995,,,,,,,,,,0.0,0.0
2025-10-06 10:40:00,Estella E 1106,0.0,0.0,,0.0,0.03875,,,,0.0,0.0,0.0,0.0,0.07961,,0.0,0.0
2025-10-06 10:45:00,Estella E 1106,0.0,0.0,,0.0,0.03668,,,,,,,,,,0.0,0.0
2025-10-06 10:50:00,Estella E 1106,0.0,0.0,,0.0,0.03676,,,,,,,,,,0.0,0.0
2025-10-06 10:55:00,Estella E 1106,0.0,0.0,,0.0,0.03635,,,,,,,,,,0.0,0.0
2025-10-06 11:00:00,Estella E 1106,0.0,0.0,0.03392,0.0,0.03596,0.01661,0.0,0.03685,0.0,0.0,0.0,0.0,0.12276000000000001,0.0,0.0,0.0
2025-10-06 11:05:00,Estella E 1106,0.0,0.0,,0.0,0.03554,,,,,,,,,,0.0,0.0
2025-10-06 11:10:00,Estella E 1106,0.0,0.0,0.0,0.0,0.00019,0.0108,0.0,0.0,,,,,,0.0,0.0,0.0
2025-10-06 11:15:00,Estella E 1106,0.0,0.0,,0.0,0.00022,,,,,,,,,,0.0,0.0
2025-10-06 11:20:00,Estella E 1106,0.0,0.0,,0.0,0.00017999999999999998,,,,,,,,,,0.0,0.0
2025-10-06 11:25:00,Estella E 1106,0.0,0.0,,0.0,0.03682,,,,,,,,,,0.0,0.0
2025-10-06 11:30:00,Estella E 1106,0.0,0.0,,0.0,0.038579999999999996,,,,,,,,,,0.0,0.0
2025-10-06 11:35:00,Estella E 1106,0.0,0.0,,0.0,0.03921,,,,,,,,,,0.0,0.0
2025-10-06 11:40:00,Estella E 1106,0.0,0.0,0.033530000000000004,0.0,0.038770000000000006,0.00419,0.0,0.0,0.0,0.0,0.0,0.0,0.08174,0.0,0.0,0.0
2025-10-06 11:45:00,Estella E 1106,0.0,0.0,0.03377,0.0,0.037219999999999996,0.00141,0.0,0.0,0.0,0.0,0.0,0.0,0.07848999999999999,0.0,0.0,0.0
2025-10-06 11:50:00,Estella E 1106,0.0,0.0,,0.0,0.03662,,,,0.0,0.0,0.0,0.0,0.11486,,0.0,0.0
2025-10-06 11:55:00,Estella E 1106,0.0,0.0,,0.0,0.03603,,,,0.0,0.0,0.0,0.0,0.11384,,0.0,0.0
2025-10-06 12:00:00,Estella E 1106,0.0,0.0,,0.0,0.03576,,,,0.0,0.0,0.0,0.0,0.11272,,0.0,0.0
2025-10-06 12:05:00,Estella E 1106,0.0,0.0,,0.0,0.03541,,,,0.0,0.0,0.0,0.0,0.07814,,0.0,0.0
2025-10-06 12:10:00,Estella E 1106,0.0,0.0,0.033049999999999996,0.0,0.00022,0.0,0.0,0.038450000000000005,,,,,,0.0,0.0,0.0
2025-10-06 12:15:00,Estella E 1106,0.0,0.0,,0.0,0.00022,,,,0.0,0.0,0.0,0.0,0.07854000000000001,,0.0,0.0
2025-10-06 12:20:00,Estella E 1106,0.0,0.0,,0.0,0.00033,,,,0.0,0.0,0.0,0.0,0.15738,,0.0,0.0
2025-10-06 12:25:00,Estella E 1106,0.0,0.0,,0.0,0.03701,,,,0.0,0.0,0.0,0.0,0.11520999999999999,,0.0,0.0
2025-10-06 12:30:00,Estella E 1106,,,,,,,,,0.0,0.0,0.0,0.0,0.15786,,0.0,
2025-10-06 12:35:00,Estella E 1106,,,,,,,,,0.0,0.0,0.0,0.0,0.13584000000000002,,0.0,
2025-10-06 12:40:00,Estella E 1106,,,,,,,,,0.0,0.0,0.0,0.0,0.15791,,0.0,
2025-10-06 12:45:00,Estella E 1106,,,,,,,,,0.0,0.0,0.0,0.0,0.15574000000000002,,0.0,
