Timestamp,Apartment,Uno M404 - B Phase,Uno M404 - Bed1 AC,Uno M404 - Common Geyser,Uno M404 - Common T Geyser,Uno M404 - Fridge,Uno M404 - Living AC,Uno M404 - Living and Terrace Lights and Fans,Uno M404 - Master Bed Lights,Uno M404 - Master Geyser,Uno M404 - Master Toilet Lights,Uno M404 - Oven,Uno M404 - R Phase,Uno M404 - Study AC,Uno M404 - Toilet 2 Geyser,Uno M404 - Toilet 2 Study Lights Fans,Uno M404 - Toilet Store Lights Fans,Uno M404 - Washing Machine,Uno M404 - Y Phase
2025-09-13 12:55:00,Uno M404,,,,,0.00145,0.00099,,,,,0.0,0.05261,,,,0.0,0.0,
2025-09-13 13:00:00,Uno M404,,0.00478,,,0.0016799999999999999,0.0013,0.04433,,,,0.0,0.052590000000000005,0.00148,0.0,0.06344,0.0,0.0,0.12645
2025-09-13 13:05:00,Uno M404,0.00646,0.00684,-0.0024700000000000004,-0.00405,0.00182,0.00152,0.06032,0.008,-0.00266,-0.0020499999999999997,0.0,0.04922,0.00054,3.5870900000000003,0.09645000000000001,-0.0024300000000000003,0.0,3.86963
2025-09-13 13:10:00,Uno M404,0.00526,0.00484,-1e-05,-0.0035499999999999998,0.00325,0.00075,0.06055,0.0061600000000000005,-0.00278,-0.0016699999999999998,0.0,0.010150000000000001,0.0015,0.0,-0.005690000000000001,-0.0023799999999999997,0.00771,0.07246999999999999
2025-09-13 13:15:00,Uno M404,0.0054,0.00463,0.0,-0.0034,0.00185,0.00015,0.06067,0.00588,-0.00285,-0.0013700000000000001,0.0,0.24836000000000003,0.00035999999999999997,0.0,-0.00515,-0.00219,0.1968,0.07202
2025-09-13 13:20:00,Uno M404,0.00658,0.0042699999999999995,0.0,-0.00328,0.00181,0.00035,0.04661,0.00713,-0.00264,-0.00146,0.0,0.05217,0.00055,0.0,-0.00492,-0.0022400000000000002,0.00011999999999999999,0.057890000000000004
2025-09-13 13:25:00,Uno M404,0.00481,0.00411,0.0,-0.0031,0.00171,0.00033,0.047729999999999995,0.00552,-0.0026,-0.00113,0.0,0.05231,4e-05,0.0,-0.0044800000000000005,-0.00213,0.00015,0.05824
2025-09-13 13:30:00,Uno M404,0.00656,0.0038399999999999997,0.0,-0.00282,0.0012,0.00014000000000000001,0.13094999999999998,0.00729,-0.0025499999999999997,-0.00098,0.0,0.05173,0.0,0.0,-0.00408,-0.00138,1e-05,0.14052
2025-09-13 13:35:00,Uno M404,0.0063,0.00347,0.0,-0.0025299999999999997,0.00051,8.999999999999999e-05,0.12671,0.00694,-0.00229,-0.0007199999999999999,0.0,0.05126,0.0,0.0,-0.0038,-0.00091,5e-05,0.13571
2025-09-13 13:40:00,Uno M404,0.00401,0.00304,0.0,-0.0022,0.00027,0.00035999999999999997,0.11170000000000001,0.00467,-0.00199,-0.00039,0.0,0.009130000000000001,0.0,0.0,-0.0035600000000000002,-0.0004,0.0071600000000000006,0.11934
2025-09-13 13:45:00,Uno M404,0.00394,0.00294,0.0,-0.00212,0.00014000000000000001,8.999999999999999e-05,0.10905,0.00468,-0.00212,-7.000000000000001e-05,0.0,0.004,0.0,0.0,-0.00329,-0.00033,0.00092,0.11716
2025-09-13 13:50:00,Uno M404,0.00372,0.00271,0.0,-0.00181,2e-05,8e-05,0.10865000000000001,0.00439,-0.00127,-0.00034,0.0,0.0035499999999999998,0.0,0.0,-0.00296,-0.00016,0.00013000000000000002,0.11634
2025-09-13 13:55:00,Uno M404,0.00587,0.0025299999999999997,0.0,-0.00115,8e-05,2e-05,0.09136,0.00626,-0.00109,-2e-05,0.0,0.0034500000000000004,0.0,0.0,-0.00289,-5.9999999999999995e-05,1e-05,0.09934
2025-09-13 14:00:00,Uno M404,0.00537,0.00249,0.0,-0.0012900000000000001,5.9999999999999995e-05,1e-05,0.08012000000000001,0.00578,-0.00117,-2e-05,0.0,0.0035800000000000003,0.0,0.0,-0.00275,-0.00035,0.0,0.08741
2025-09-13 14:05:00,Uno M404,0.00367,0.0024,0.0,-0.00113,0.0,1e-05,0.07734999999999999,0.00424,-0.0008,-5e-05,0.0,0.25503,0.0,0.0,-0.00267,-5e-05,0.25224,0.08441
2025-09-13 14:10:00,Uno M404,0.00362,0.00235,0.0,-0.00091,0.0,0.00011999999999999999,0.07456,0.00405,-0.00053,-2e-05,0.0,0.00966,0.0,0.0,-0.00257,-0.0002,0.0069500000000000004,0.08169
2025-09-13 14:15:00,Uno M404,0.00544,0.00217,0.0,-0.00034,0.0,0.0,0.1044,0.00546,-0.00062,-8e-05,0.0,0.25798000000000004,0.0,0.0,-0.00246,-1e-05,0.24936000000000003,0.11106
2025-09-13 14:20:00,Uno M404,0.00534,0.00217,0.0,-0.001,0.0,0.0,0.10732,0.00519,-0.00079,-0.00015,0.0,0.25226,0.0,0.0,-0.0024,-4e-05,0.24938,0.11389
2025-09-13 14:25:00,Uno M404,0.0038799999999999998,0.0021000000000000003,0.0,-0.00032,0.0,0.0,0.10391,0.00385,-0.00049,-0.00016,0.0,0.2675,0.0,0.0,-0.00229,-2e-05,0.26468,0.11034000000000001
2025-09-13 14:30:00,Uno M404,0.00391,0.00164,0.0,-0.0005200000000000001,0.0,0.0,0.10295,0.0038399999999999997,-0.00054,-0.0002,0.0,0.25387,0.0,0.0,-0.00237,-8.999999999999999e-05,0.25121,0.10917
2025-09-13 14:35:00,Uno M404,0.00395,0.00152,0.0,-0.00011,0.0,0.0,0.10437,0.00381,-0.00020999999999999998,-5.9999999999999995e-05,0.0,0.25158,0.0,0.0,-0.00227,-2e-05,0.24831,0.11043
2025-09-13 14:40:00,Uno M404,0.00379,0.0012,0.0,-0.00013000000000000002,0.0,0.0,0.10243000000000001,0.0035800000000000003,-0.00014000000000000001,-1e-05,0.0,0.0030600000000000002,0.0,0.0,-0.00202,0.0,0.0,0.10826000000000001
2025-09-13 14:45:00,Uno M404,0.00366,0.00054,0.0,-1e-05,0.0,0.0,0.14432,0.00346,-8e-05,0.0,0.0,0.00326,0.0,0.0,-0.00135,0.0,0.0,0.14998
2025-09-13 14:50:00,Uno M404,0.0035499999999999998,0.00035,0.0,-1e-05,0.0,0.0,0.14368999999999998,0.0035099999999999997,-0.00016,-5.9999999999999995e-05,0.0,0.00936,0.0,0.0,-0.0017,0.0,0.0,0.14930000000000002
2025-09-13 14:55:00,Uno M404,0.0034100000000000003,0.00011999999999999999,0.0,-1e-05,0.0,0.0,0.14413,0.00335,-8.999999999999999e-05,-8e-05,0.0,0.0035600000000000002,0.0,0.0,-0.0012900000000000001,0.0,0.0,0.14962999999999999
2025-09-13 15:00:00,Uno M404,0.00368,4e-05,0.0,-1e-05,0.0,2e-05,0.14515,0.00362,-2e-05,0.0,0.0,0.00331,0.0,0.0,-0.0016799999999999999,0.0,0.0,0.15103999999999998
2025-09-13 15:05:00,Uno M404,0.00731,0.00045,0.0,-1e-05,0.0,0.0,0.14309,0.00719,-1e-05,-1e-05,0.0,0.0030600000000000002,0.0,0.0,-0.0013700000000000001,0.0,0.0,0.14904
2025-09-13 15:10:00,Uno M404,0.00411,0.00063,0.0,0.0,0.0,1e-05,0.10246,0.004030000000000001,-1e-05,0.0,0.0,0.0030299999999999997,0.0,0.0,-0.00128,0.0,0.0,0.10817
2025-09-13 15:15:00,Uno M404,0.0035099999999999997,0.00031,0.0,0.0,0.0,0.0,0.09987,0.00328,-1e-05,-1e-05,0.0,0.00313,0.0,0.0,-0.00086,0.0,0.0,0.10556
2025-09-13 15:20:00,Uno M404,0.0033799999999999998,1e-05,0.0,-1e-05,0.0,0.0,0.10227,0.00314,-1e-05,-2e-05,0.0,0.00317,0.0,0.0,-0.00117,0.0,0.0,0.15961
2025-09-13 15:25:00,Uno M404,0.00523,0.0002,0.0,-1e-05,0.0,0.0,0.10031,0.00517,-2e-05,0.0,0.0,0.00328,0.0,0.0,-0.00079,0.0,0.0,0.15697
2025-09-13 15:30:00,Uno M404,0.004730000000000001,0.0,0.0,0.0,0.0,0.0,0.10125,0.00447,0.0,-1e-05,0.0,0.0032400000000000003,0.0,0.0,-0.00065,0.0,0.0,0.15697
2025-09-13 15:35:00,Uno M404,0.00328,4e-05,0.0,0.0,0.0,0.0,0.0993,0.00307,-4e-05,0.0,0.0,0.009519999999999999,0.0,0.0,-0.0006,0.0,0.0,0.15381
2025-09-13 15:40:00,Uno M404,0.00452,0.0,0.0,0.0,0.0,1e-05,0.10015,0.00441,-1e-05,0.0,0.0,0.006679999999999999,0.0,0.0,-0.00055,0.00088,0.0,0.15430000000000002
2025-09-13 15:45:00,Uno M404,0.00332,0.0,0.0,0.0,0.0,1e-05,0.10031999999999999,0.0030499999999999998,0.0,-1e-05,0.0,0.00656,0.0,0.0,-0.00061,0.00123,0.0,0.15408000000000002
2025-09-13 15:50:00,Uno M404,0.00313,0.0,0.0,-1e-05,0.0,0.0,0.09824,0.00297,0.0,0.0,0.0,0.00657,0.0,0.0,-0.00073,0.0014299999999999998,0.0,0.15134999999999998
2025-09-13 15:55:00,Uno M404,0.00322,0.0,0.0,0.0,0.0,0.0,0.10092,0.0029100000000000003,0.0,-1e-05,0.0,0.0067,0.0,0.0,-0.00031,0.00124,0.0,0.15378999999999998
2025-09-13 16:00:00,Uno M404,0.0031,0.0,0.0,0.0,0.0,0.0,0.09953000000000001,0.0029,0.0,0.0,0.0,0.00646,0.0,0.0,-0.00013000000000000002,0.00141,0.0,0.15262
2025-09-13 16:05:00,Uno M404,0.0031,0.0,0.0,0.0,0.0,0.0,0.0997,0.0029,0.0,0.0,0.0,0.00653,0.0,0.0,-0.00022,0.0014,0.0,0.15281999999999998
2025-09-13 16:10:00,Uno M404,0.00325,0.0,0.0,-1e-05,0.0,0.0,0.10091,0.0029300000000000003,0.0,0.0,0.0,0.00664,0.0,0.0,-0.00020999999999999998,0.0015,0.0,0.15364
2025-09-13 16:15:00,Uno M404,0.0045899999999999995,0.0,0.0,0.0,0.0,0.0,0.10095,0.0045,0.0,0.0,0.0,0.00642,0.0,0.0,-0.00029,0.0013700000000000001,0.0,0.15397
2025-09-13 16:20:00,Uno M404,0.00307,0.0,0.0,0.0,0.0,0.0,0.09684999999999999,0.0029,0.0,0.0,0.0,0.00649,0.0,0.0,-0.0002,0.0011200000000000001,0.0,0.14992
2025-09-13 16:25:00,Uno M404,0.009529999999999999,0.0,0.0,0.0,0.0,1e-05,0.10064000000000001,0.0029500000000000004,0.0,0.00523,0.0,0.00657,0.0,0.0,-0.0002,0.0011799999999999998,0.0,0.15344999999999998
2025-09-13 16:30:00,Uno M404,0.00461,0.0,0.0,0.0,0.0,0.0,0.10233,0.00418,0.0,0.0,0.0,0.00735,0.0,0.0,-0.00014000000000000001,0.0011200000000000001,0.0,0.15524000000000002
2025-09-13 16:35:00,Uno M404,0.00319,0.0,0.0,0.0,0.0,0.0,0.10316,0.00275,0.0,0.0,0.0,0.00783,0.0,0.0,-0.00016,0.0015400000000000001,0.0,0.17265
2025-09-13 16:40:00,Uno M404,0.00434,0.0,0.0,0.0,0.0,0.0,0.10264,0.004059999999999999,-1e-05,0.0,0.0,0.00687,0.0,0.0,-0.00015,0.0011799999999999998,0.0,0.17146
2025-09-13 16:45:00,Uno M404,0.00312,0.0,0.0,0.0,0.0,0.0,0.10149,0.00278,0.0,0.0,0.0,0.00688,0.0,0.0,-8e-05,0.0013,0.0,0.16993
2025-09-13 16:50:00,Uno M404,0.00479,0.0,0.0,0.0,0.0,0.0,0.1015,0.00439,0.0,0.0,0.0,0.00757,0.0,0.0,-0.00011999999999999999,0.00116,0.0,0.16978000000000001
2025-09-13 16:55:00,Uno M404,0.00294,0.0,0.0,0.0,0.0,0.0,0.10174,0.00254,0.0,0.0,0.0,0.0071600000000000006,0.0,0.0,-2e-05,0.00124,0.0,0.17017
2025-09-13 17:00:00,Uno M404,0.00392,0.0,0.0,0.0,0.0,0.0,0.10357,0.00348,0.0,0.0,0.0,0.00795,0.0,0.0,-4e-05,0.0016899999999999999,0.0,0.17161
2025-09-13 17:05:00,Uno M404,0.00415,0.0,0.0,0.0,0.0,0.0,0.09962,0.00382,0.0,0.0,0.0,0.00723,0.0,0.0,-0.00011999999999999999,0.0016,0.0,0.16765
2025-09-13 17:10:00,Uno M404,0.01098,0.0,0.0,0.0,0.0,0.0,0.09953000000000001,0.00418,0.0,0.00547,0.0,0.00763,0.0,0.0,-5e-05,0.00172,0.0,0.16733
2025-09-13 17:15:00,Uno M404,0.00287,0.0,0.0,0.0,0.0,0.0,0.09906999999999999,0.00239,0.0,0.0,0.0,0.0083,0.0,0.0,-2e-05,0.00145,0.0,0.16669
2025-09-13 17:20:00,Uno M404,0.00285,0.0,0.0,0.0,0.0,0.0,0.09897,0.00233,0.0,0.0,0.0,0.00763,0.0,0.0,-1e-05,0.0018,0.0,0.16635
2025-09-13 17:25:00,Uno M404,0.0029100000000000003,0.0,0.0,0.0,0.0,0.0,0.10378,0.00214,0.0,0.0,0.0,0.00788,0.0,0.0,-0.00011999999999999999,0.00115,0.0,0.1709
2025-09-13 17:30:00,Uno M404,0.00273,0.0,0.0,0.0,0.0,0.0,0.10061,0.00226,0.0,0.0,0.0,0.00851,0.0,0.0,-2e-05,0.00132,0.0,0.16804
2025-09-13 17:35:00,Uno M404,0.00453,0.0,0.0,0.0,0.0,0.0,0.1022,0.00404,0.0,0.0,0.0,0.03032,0.0,0.0,-8.999999999999999e-05,0.0007199999999999999,0.0,0.16942
2025-09-13 17:40:00,Uno M404,0.00159,0.0,0.0,0.0,0.0,0.0,0.10281,0.00273,0.0,0.0,0.0,0.008039999999999999,0.0,3.30646,0.009689999999999999,0.0008100000000000001,0.0,3.48448
2025-09-13 17:45:00,Uno M404,0.00282,0.0,0.0,0.0,0.0,0.0,0.10471,0.00287,0.0,0.0,0.0,0.00811,0.0,0.0,0.0101,0.00126,0.0,0.1837
2025-09-13 17:50:00,Uno M404,0.00277,0.0,0.0,0.0,0.0,0.0,0.1033,0.00215,0.0,0.0,0.0,0.0074,0.0,0.0,0.01021,0.0007,0.0,0.18248
2025-09-13 17:55:00,Uno M404,0.003,0.0,0.0,0.0,0.0,0.0,0.03742,0.00392,0.0,0.0,0.0,0.007679999999999999,0.0,3.31962,0.00982,0.00046,0.0,3.4321599999999997
2025-09-13 18:00:00,Uno M404,0.00161,0.0,0.0,0.0,0.0,0.0,0.03047,0.00264,0.0,0.0,0.0,0.00786,0.0,3.3449899999999997,0.00994,0.00026000000000000003,0.0,3.4511
2025-09-13 18:05:00,Uno M404,0.00252,0.0,0.0,0.0,0.0,0.0,0.02989,0.00352,0.0,0.0,0.0,0.00824,0.0,0.0,0.07051,0.00136,0.0,0.16957
2025-09-13 18:10:00,Uno M404,0.00219,0.0,0.0,0.0,0.0,0.0,0.03006,0.00202,0.0,0.0,0.0,0.008060000000000001,0.0,0.0,0.0,0.00125,0.0,0.09737
2025-09-13 18:15:00,Uno M404,0.00246,1.08826,0.0,0.0,0.0,0.0,0.03008,0.00214,0.0,0.0,0.0,0.00774,0.0,0.0,0.0,0.00109,0.0,1.18439
2025-09-13 18:20:00,Uno M404,0.02914,1.1574200000000001,0.0,0.0,0.0,0.0,0.02998,0.022690000000000002,0.0,0.00538,0.0,0.007690000000000001,0.0,0.0,-1e-05,0.00152,0.0,1.2538900000000002
2025-09-13 18:25:00,Uno M404,0.0294,1.16805,0.0,0.0,0.0,0.0,0.030010000000000002,0.02275,0.0,0.00531,0.0,0.0070599999999999994,0.0,0.0,0.0,0.0010500000000000002,0.0,1.26442
2025-09-13 18:30:00,Uno M404,0.031239999999999997,0.0,0.0,0.0,0.0,0.0,0.05966,0.02463,0.0,0.00523,0.0,0.00746,0.0,0.0,0.0,0.0016,0.0,0.12806
2025-09-13 18:35:00,Uno M404,3.2808699999999997,0.0,0.0,0.0,0.0,0.0,0.05957,0.024489999999999998,3.24938,0.00556,0.0,0.0074,0.0,0.0,-5.9999999999999995e-05,0.0015,0.0,0.12825999999999999
2025-09-13 18:40:00,Uno M404,3.27009,0.0,0.0,0.0,0.0,0.0,0.05928,0.022539999999999998,3.24049,0.00552,0.0,0.008,0.0,0.0,-4e-05,0.00113,0.0,0.12759
2025-09-13 18:45:00,Uno M404,0.02287,0.0,0.0,0.0,0.0,0.0,0.13125,0.022609999999999998,0.0,0.0,0.0,0.00733,0.0,0.0,-1e-05,0.00136,0.0,0.19919
2025-09-13 18:50:00,Uno M404,0.00261,0.0,0.0,0.0,0.0,0.0,0.05985,0.00235,0.0,0.0,0.0,0.00723,0.0,0.0,-2e-05,0.00125,0.0,0.12786
2025-09-13 18:55:00,Uno M404,0.00265,0.0,0.0,0.0,0.0,0.0,0.02852,0.00225,0.0,0.0,0.0,0.01434,0.0,0.0,-8e-05,0.00117,0.0,0.09686
2025-09-13 19:00:00,Uno M404,0.00302,0.0,0.0,0.0,0.0,0.0,0.02852,0.00267,0.0,0.0,0.0,0.014410000000000001,0.0,0.0,-2e-05,0.0013700000000000001,0.0,0.09719
2025-09-13 19:05:00,Uno M404,0.00279,0.0,0.0,0.0,0.0,0.0,0.028399999999999998,0.00225,0.0,0.0,0.0,0.01393,0.0,0.0,-8e-05,0.00111,0.0,0.09716
2025-09-13 19:10:00,Uno M404,0.00475,0.0,0.0,0.0,0.0,0.0,0.02842,0.0044599999999999996,0.0,0.0,0.0,0.013949999999999999,0.0,0.0,-8e-05,0.00148,0.0,0.09669
2025-09-13 19:15:00,Uno M404,0.00287,0.0,0.0,0.0,0.0,0.0,0.02845,0.0025299999999999997,0.0,0.0,0.0,0.01394,0.0,0.0,-0.00013000000000000002,0.00151,0.0,0.09683
2025-09-13 19:20:00,Uno M404,0.00282,0.0,0.0,0.0,0.0,0.0,0.028390000000000002,0.0024700000000000004,0.0,0.0,0.0,0.013800000000000002,0.0,0.0,-5e-05,0.0015300000000000001,0.0,0.09688
2025-09-13 19:25:00,Uno M404,0.00441,0.0,0.0,0.0,0.0,0.0,0.02834,0.00426,0.0,0.0,0.0,0.01374,0.0,0.0,-0.00011999999999999999,0.00173,0.0,0.0973
2025-09-13 19:30:00,Uno M404,0.00275,0.0,0.0,0.0,0.0,0.0,0.02829,0.0025099999999999996,0.0,0.0,0.0,0.01399,0.0,0.0,-0.00013000000000000002,0.0013700000000000001,0.0,0.09756000000000001
2025-09-13 19:35:00,Uno M404,0.00282,0.0,0.0,0.0,0.0,1e-05,0.02842,0.0025099999999999996,0.0,0.0,0.0,0.01419,0.0,0.0,-1e-05,0.0011200000000000001,0.0,0.09811
2025-09-13 19:40:00,Uno M404,0.00287,0.0,0.0,0.0,0.00161,0.0,0.05946,0.00265,0.0,0.0,0.0,0.01504,0.0,0.0,-7.000000000000001e-05,0.00166,0.0,0.06420999999999999
2025-09-13 19:45:00,Uno M404,0.0028799999999999997,0.0,0.0,0.0,0.0,4e-05,0.06559999999999999,0.00254,0.0,0.0,0.0,0.01775,0.0,0.0,0.0101,0.0017900000000000001,0.0,0.08178
2025-09-13 19:50:00,Uno M404,0.00275,0.0,0.0,0.0,0.0,0.0,0.1311,0.0026,0.0,0.0,0.0,0.03614,0.0,0.0,0.01026,0.0016899999999999999,0.0,0.14780000000000001
2025-09-13 19:55:00,Uno M404,0.0094,0.0,0.0,0.0,0.0,7.000000000000001e-05,0.12850999999999999,0.00267,0.0,0.00557,0.0,0.013470000000000001,0.0,0.0,-0.00031,0.0015,0.0,0.13293000000000002
2025-09-13 20:00:00,Uno M404,0.00277,0.0,0.0,0.0,0.0,4e-05,0.12902000000000002,0.00268,0.0,0.0,0.0,0.01365,0.0,0.0,-0.00025,0.0012900000000000001,0.0,0.13359000000000001
2025-09-13 20:05:00,Uno M404,0.00218,0.0,0.0,0.0,0.0,0.0,0.12944999999999998,0.003,0.0,0.0,0.0,0.013810000000000001,0.0,0.0,-0.00035999999999999997,0.00174,0.0,0.15497
2025-09-13 20:10:00,Uno M404,0.00222,0.0,0.0,0.0,0.0,0.0,0.12991999999999998,0.0030499999999999998,0.0,0.0,0.0,0.01388,0.0,0.0,-0.00029,0.0015400000000000001,0.0,0.15582
2025-09-13 20:15:00,Uno M404,0.0020499999999999997,0.0,0.0,0.0,0.0,1e-05,0.12728,0.00298,0.0,0.0,0.0,0.013609999999999999,0.0,0.0,-0.00058,0.00195,0.0,0.15292
2025-09-13 20:20:00,Uno M404,0.00218,0.0,0.0,0.0,0.0,0.0,0.12922999999999998,0.0029500000000000004,0.0,0.0,0.0,0.019600000000000003,0.0,0.0,-0.00047,0.00183,0.0,0.15465
2025-09-13 20:25:00,Uno M404,0.0022,0.0,0.0,0.0,0.0,0.0,0.13131,0.00307,0.0,0.0,0.0,0.01384,0.0,0.0,-0.00038,0.00176,0.0,0.15672999999999998
2025-09-13 20:30:00,Uno M404,0.0022400000000000002,0.0,0.0,0.0,0.0,0.0,0.13040000000000002,0.00298,0.0,0.0,0.8061900000000001,0.8434400000000001,0.0,0.0,-0.00031,0.00173,0.0,0.15574000000000002
2025-09-13 20:35:00,Uno M404,0.00219,0.0,0.0,0.0,0.0,0.0,0.12793000000000002,0.0030499999999999998,0.0,0.0,0.04399,0.05825,0.0,0.0,-0.00047,0.00157,0.0,0.15313
2025-09-13 20:40:00,Uno M404,0.0022400000000000002,0.0,0.0,0.0,0.0,0.0,0.1311,0.00294,0.0,0.0,0.04401,0.05799,0.0,0.0,-0.00031,0.00171,0.0,0.15643
2025-09-13 20:45:00,Uno M404,0.00222,0.0,0.0,0.0,0.0,0.0,0.13349,0.0029,0.0,0.0,0.04392,0.0579,0.0,0.0,-0.00065,0.00166,0.0,0.15904
2025-09-13 20:50:00,Uno M404,0.00231,0.0,0.0,0.0,0.0,0.0,0.13207,0.00297,0.0,0.0,0.81255,0.82721,0.0,0.0,-0.00035,0.0015400000000000001,0.0,0.15775
2025-09-13 20:55:00,Uno M404,0.0022,0.0,0.0,0.0,0.0,0.0,0.12994999999999998,0.00294,-1e-05,0.0,0.81523,0.82953,0.0,0.0,-0.00051,0.0016,0.0,0.13463999999999998
2025-09-13 21:00:00,Uno M404,0.00228,0.0,0.0,0.0,0.0,0.0,0.12869999999999998,0.00299,0.0,0.0,0.81271,0.82678,0.0,0.0,-0.00039,0.00174,0.0,0.13290000000000002
2025-09-13 21:05:00,Uno M404,0.00217,0.0,0.0,0.0,0.0,0.0,0.13057,0.00297,0.0,0.0,0.81732,0.83189,0.0,0.0,-0.00026000000000000003,0.00155,0.0,0.13518
2025-09-13 21:10:00,Uno M404,0.00219,0.0,0.0,0.0,0.0,0.0,0.12941999999999998,0.00307,0.0,0.0,0.8202999999999999,0.8341900000000001,0.0,0.0,-0.00034,0.0015300000000000001,0.0,0.13394999999999999
2025-09-13 21:15:00,Uno M404,0.00218,0.0,0.0,0.0,0.0,0.0,0.12937,0.003,0.0,0.0,0.8223400000000001,0.8361900000000001,0.0,0.0,-0.00073,0.00155,0.0,0.13393
2025-09-13 21:20:00,Uno M404,0.00226,0.0,0.0,0.0,0.0,0.0,0.12908,0.0030600000000000002,-1e-05,0.0,0.82192,0.8418300000000001,0.0,0.0,-0.0005600000000000001,0.0016,0.0,0.13384000000000001
2025-09-13 21:25:00,Uno M404,0.00215,0.0,0.0,0.0,0.0,0.0,0.12735,0.00297,0.0,0.0,0.82332,0.83696,0.0,0.0,-0.00043,0.00139,0.0,0.13216999999999998
2025-09-13 21:30:00,Uno M404,0.00231,0.0,0.0,0.0,0.0,0.0,0.13003,0.0030600000000000002,0.0,0.0,0.82135,0.83493,0.0,0.0,-0.00051,0.00155,0.0,0.13466
2025-09-13 21:35:00,Uno M404,0.00206,0.0,0.0,0.0,0.0,0.0,0.12800999999999998,0.0030099999999999997,0.0,0.0,0.82208,0.83586,0.0,0.0,-0.00035999999999999997,0.00141,0.0,0.13282
2025-09-13 21:40:00,Uno M404,0.00188,0.0,0.0,0.0,0.0,0.0,0.05849,0.00307,0.0,0.0,0.82586,0.8405199999999999,0.0,0.0,-0.00061,0.00157,0.0,0.06359000000000001
2025-09-13 21:45:00,Uno M404,0.00225,0.0,0.0,0.0,0.0,0.0,0.05856,0.0030800000000000003,0.0,0.0,0.04561,0.06013,0.0,0.0,-0.00063,0.00175,0.0,0.06344
2025-09-13 21:50:00,Uno M404,0.00235,0.0,0.0,0.0,0.0,0.0,0.05861,0.0030499999999999998,0.0,0.0,0.045329999999999995,0.05896,0.0,0.0,-0.00093,0.00195,0.0,0.06349
2025-09-13 21:55:00,Uno M404,0.00211,0.0,0.0,0.0,0.0,0.0,0.0586,0.0030499999999999998,0.0,0.0,0.045079999999999995,0.05892,0.0,0.0,-0.00029,0.0017800000000000001,0.0,0.06347
2025-09-13 22:00:00,Uno M404,0.00198,0.0,0.0,0.0,0.0,5e-05,0.13271,0.0029500000000000004,0.0,0.0,0.045259999999999995,0.059,0.0,0.0,-0.0005600000000000001,0.0013,0.0,0.13759
2025-09-13 22:05:00,Uno M404,0.02216,0.0,0.0,0.0,0.0,8.999999999999999e-05,0.13375,0.02286,0.0,0.0,0.04542,0.05989,0.0,0.0,-0.00046,0.0014299999999999998,0.0,0.15963999999999998
2025-09-13 22:10:00,Uno M404,0.02203,0.0,0.0,0.0,0.10445,0.00023,0.13191999999999998,0.02309,0.0,0.0,0.045149999999999996,0.20932,0.0,0.0,-0.00035999999999999997,0.00111,0.0,0.15753
2025-09-13 22:15:00,Uno M404,0.022010000000000002,0.0,0.0,0.0,0.10046,1e-05,0.12866,0.022969999999999997,0.0,0.0,0.04486,0.20109,0.0,0.0,-0.00011,0.0014299999999999998,0.0,0.15394
2025-09-13 22:20:00,Uno M404,0.00016,0.0,0.0,0.0,0.09865,5e-05,0.13006,0.00257,0.0,0.0,0.045090000000000005,0.19873,0.0,0.0,-0.00020999999999999998,0.00147,0.0,0.15519
2025-09-13 22:25:00,Uno M404,0.00033,0.0,0.0,0.0,0.09331,0.00011999999999999999,0.12999000000000002,0.00259,0.0,0.0,0.044770000000000004,0.19231,0.0,0.0,-0.00034,0.00134,0.0,0.15514
2025-09-13 22:30:00,Uno M404,0.00046,0.0,0.0,0.0,0.0897,0.0,0.13794,0.00257,0.0,0.0,0.04488,0.18897,0.0,0.0,-0.00034,0.0012,0.0,0.16268000000000002
2025-09-13 22:35:00,Uno M404,0.00044,0.0,0.0,0.0,0.08709,5e-05,0.13849,0.00254,0.0,0.0,0.04466,0.18571000000000001,0.0,0.0,-8e-05,0.00157,0.0,0.16381
2025-09-13 22:40:00,Uno M404,0.00015,0.0,0.0,0.0,0.08660999999999999,7.000000000000001e-05,0.13754,0.00257,0.0,0.0,0.044289999999999996,0.18517,0.0,0.0,-0.00025,0.0017800000000000001,0.0,0.16287000000000001
2025-09-13 22:45:00,Uno M404,0.00019,0.0,0.0,0.0,0.08502,5e-05,0.1389,0.0025299999999999997,0.0,0.0,0.0,0.13945,0.0,0.0,-0.00022,0.00126,0.0,0.16397
2025-09-13 22:50:00,Uno M404,0.00019,0.0,0.0,0.0,0.08206000000000001,7.000000000000001e-05,0.13794,0.0025,0.0,0.0,0.0,0.13638999999999998,0.0,0.0,-0.00013000000000000002,0.0016200000000000001,0.0,0.16332
2025-09-13 22:55:00,Uno M404,0.00047,0.0,0.0,0.0,0.0,5.9999999999999995e-05,0.13688999999999998,0.00252,0.0,0.0,0.0,0.055009999999999996,0.0,0.0,-0.00035,0.00145,0.0,0.16234
2025-09-13 23:00:00,Uno M404,0.00078,0.0,0.0,0.0,0.0,4e-05,0.13735,0.00254,0.0,0.0,0.0,0.054920000000000004,0.0,0.0,-0.00029,0.00166,0.0,0.16224
2025-09-13 23:05:00,Uno M404,0.00032,0.0,0.0,0.0,0.0,0.00014000000000000001,0.13729,0.00257,0.0,0.0,0.0,0.054869999999999995,0.0,0.0,-0.00017999999999999998,0.00134,0.0,0.16278
2025-09-13 23:10:00,Uno M404,0.00082,0.0,0.0,0.0,0.0,0.0,0.14035,0.00252,0.0,0.0,0.0,0.056,0.0,0.0,-0.00011,0.00159,0.0,0.16538999999999998
2025-09-13 23:15:00,Uno M404,0.00013000000000000002,0.0,0.0,0.0,0.09893,4e-05,0.13966,0.0025499999999999997,0.0,0.0,0.0,0.15375999999999998,0.0,0.0,-0.0004,0.00145,0.0,0.16478
2025-09-13 23:20:00,Uno M404,0.00017999999999999998,0.0,0.0,0.0,0.08389,4e-05,0.13896,0.0025,0.0,0.0,0.0,0.13924,0.0,0.0,-7.000000000000001e-05,0.00134,0.0,0.16407
2025-09-13 23:25:00,Uno M404,0.00046,0.0,0.0,0.0,0.0,0.0,0.13713,0.00254,0.0,0.0,0.0,0.05511,0.0,0.0,-5e-05,0.00145,0.0,0.16241
2025-09-13 23:30:00,Uno M404,0.028120000000000003,0.0,0.0,0.0,0.0,0.00013000000000000002,0.13819,0.02277,0.0,0.00535,0.0,0.05532,0.0,0.0,-0.00013000000000000002,0.0014,0.0,0.16341999999999998
2025-09-13 23:35:00,Uno M404,0.00023999999999999998,0.0,0.0,0.0,0.0,4e-05,0.14252,0.00246,0.0,0.0,0.0,0.05529,0.0,0.0,-4e-05,0.00148,0.0,0.16754
2025-09-13 23:40:00,Uno M404,0.00016,0.0,0.0,0.0,0.0,1e-05,0.14312,0.00244,0.0,0.0,0.0,0.05528,0.0,0.0,-0.00015,0.0014399999999999999,0.0,0.16816
2025-09-13 23:45:00,Uno M404,0.00032,0.0,0.0,0.0,0.10845,5.9999999999999995e-05,0.14074,0.0024100000000000002,0.0,0.0,0.0,0.16336,0.0,0.0,-0.00011999999999999999,0.00139,0.0,0.16573
2025-09-13 23:50:00,Uno M404,1e-05,0.0,0.0,0.0,0.08728,0.0,0.13926,0.0025,0.0,0.0,0.0,0.14231,0.0,0.0,-0.00015,0.00152,0.0,0.16357
2025-09-13 23:55:00,Uno M404,0.00791,0.0,0.0,0.0,0.0,2e-05,0.14358,0.00222,0.0,0.00583,0.0,0.05576,0.0,0.0,-0.00025,0.0016899999999999999,0.0,0.16855
2025-09-14 00:00:00,Uno M404,0.00017999999999999998,0.0,0.0,0.0,0.0,1e-05,0.14094,0.00244,0.0,0.0,0.0,0.055850000000000004,0.0,0.0,-0.00013000000000000002,0.0015400000000000001,0.0,0.16599
2025-09-14 00:05:00,Uno M404,2e-05,0.0,0.0,0.0,0.0,0.0,0.13666999999999999,0.0023799999999999997,0.0,0.0,0.0,0.05626,0.0,0.0,-0.00017999999999999998,0.00161,0.0,0.16187
2025-09-14 00:10:00,Uno M404,2e-05,0.0,0.0,0.0,0.0,0.0,0.13729,0.0024,0.0,0.0,0.0,0.05621,0.0,0.0,-8e-05,0.00148,0.0,0.16174000000000002
2025-09-14 00:15:00,Uno M404,5e-05,0.0,0.0,0.0,0.0,0.0,0.12916,0.00234,0.0,0.0,0.0,0.055979999999999995,0.0,0.0,-2e-05,0.00152,0.0,0.15394
2025-09-14 00:20:00,Uno M404,0.0004,0.0,0.0,0.0,0.0,0.0,0.13163999999999998,0.00233,0.0,0.0,0.0,0.055909999999999994,0.0,0.0,-2e-05,0.00161,0.0,0.15661000000000003
2025-09-14 00:25:00,Uno M404,0.0,0.0,0.0,0.0,0.09472,0.0,0.13071000000000002,0.00232,0.0,0.0,0.0,0.15034,0.0,0.0,-8.999999999999999e-05,0.00148,0.0,0.15563
2025-09-14 00:30:00,Uno M404,0.00016,0.0,0.0,0.0,0.08092,0.0,0.12941999999999998,0.00228,0.0,0.0,0.0,0.13718,0.0,0.0,-8.999999999999999e-05,0.00146,0.0,0.15414
2025-09-14 00:35:00,Uno M404,2e-05,0.0,0.0,0.0,0.0,0.0,0.13493,0.00221,0.0,0.0,0.0,0.05664,0.0,0.0,-8.999999999999999e-05,0.0015300000000000001,0.0,0.15972
2025-09-14 00:40:00,Uno M404,2e-05,0.0,0.0,0.0,0.0,0.0,0.13036,0.00227,0.0,0.0,0.0,0.0572,0.0,0.0,-2e-05,0.0015300000000000001,0.0,0.15535
2025-09-14 00:45:00,Uno M404,0.00045,0.0,0.0,0.0,0.0,0.0,0.13172,0.00218,0.0,0.0,0.0,0.056909999999999995,0.0,0.0,-0.00019,0.0010400000000000001,0.0,0.15638
2025-09-14 00:50:00,Uno M404,0.0,0.0,0.0,0.0,0.0,0.0,0.13238,0.00218,0.0,0.0,0.0,0.05702,0.0,0.0,-1e-05,0.00151,0.0,0.15685
2025-09-14 00:55:00,Uno M404,0.00039,0.0,0.0,0.0,0.0,0.0,0.13001,0.00214,0.0,0.0,0.0,0.05709,0.0,0.0,-5e-05,0.0015400000000000001,0.0,0.15472999999999998
2025-09-14 01:00:00,Uno M404,0.00027,0.0,0.0,0.0,0.0,0.0,0.13243000000000002,0.00219,0.0,0.0,0.0,0.05705,0.0,0.0,-1e-05,0.00159,0.0,0.13634000000000002
2025-09-14 01:05:00,Uno M404,0.0,1.03632,0.0,0.0,0.09243000000000001,0.0,0.13207,0.00206,0.0,0.0,0.0,0.14948,0.0,0.0,-2e-05,0.00061,0.0,1.2452699999999999
2025-09-14 01:10:00,Uno M404,7.000000000000001e-05,0.027510000000000003,0.0,0.0,0.08072,0.0,0.13013,0.00202,0.0,0.0,0.0,0.13853000000000001,0.0,0.0,-4e-05,0.00082,0.0,0.23384
2025-09-14 01:15:00,Uno M404,0.0,0.027469999999999998,0.0,0.0,0.0,0.0,0.13263,0.00202,0.0,0.0,0.0,0.01492,0.0,0.0,-5.9999999999999995e-05,0.00085,0.0,0.23499
2025-09-14 01:20:00,Uno M404,0.0,0.027579999999999997,0.0,0.0,0.0,0.0,0.12925,0.00182,0.0,0.0,0.0,0.0149,0.0,0.0,0.0,0.00113,0.0,0.23115
2025-09-14 01:25:00,Uno M404,0.0,0.027579999999999997,0.0,0.0,0.0,0.0,0.12952000000000002,0.0017900000000000001,0.0,0.0,0.0,0.01523,0.0,0.0,-2e-05,0.00113,0.0,0.23066
2025-09-14 01:30:00,Uno M404,0.00783,0.02752,0.0,0.0,0.0,0.0,0.1335,0.00149,0.0,0.00588,0.0,0.014960000000000001,0.0,0.0,0.0,0.0009,0.0,0.25473
2025-09-14 01:35:00,Uno M404,0.0076500000000000005,0.027559999999999998,0.0,0.0,0.0,0.0,0.13066,0.0012900000000000001,0.0,0.005719999999999999,0.0,0.01497,0.0,0.0,-1e-05,0.0014,0.0,0.2307
2025-09-14 01:40:00,Uno M404,0.0076100000000000004,0.027489999999999997,0.0,0.0,0.09637000000000001,0.0,0.13194,0.00171,0.0,0.00574,0.0,0.11141,0.0,0.0,0.0,0.0013,0.0,0.2317
2025-09-14 01:45:00,Uno M404,,0.027559999999999998,,,0.08251,0.0,0.13212000000000002,,,,0.0,0.09772,0.0,0.0,-2e-05,0.0012900000000000001,0.0,0.2321
2025-09-14 01:50:00,Uno M404,0.015290000000000002,0.05532,0.0,0.0,0.0,0.0,0.25992000000000004,0.00326,0.0,0.01186,0.0,0.07626000000000001,0.0,0.0,0.0,0.00366,0.0,0.46096
2025-09-14 01:55:00,Uno M404,0.007730000000000001,1.1675,0.0,0.0,0.0,0.0,0.13154,0.0015300000000000001,0.0,0.00566,0.0,0.015880000000000002,0.0,0.0,0.0,0.00152,0.0,1.37017
2025-09-14 02:00:00,Uno M404,0.0077,1.16925,0.0,0.0,0.0,0.0,-1e-05,0.00148,0.0,0.0059900000000000005,0.0,0.00483,0.0,0.0,0.01077,0.0,0.0,1.27197
2025-09-14 02:05:00,Uno M404,0.0,0.027579999999999997,0.0,0.0,0.0,0.0,0.02916,0.00174,0.0,0.0,0.0,0.00467,0.0,0.0,0.0,0.0,0.0,0.12900999999999999
2025-09-14 02:10:00,Uno M404,1e-05,0.02759,0.0,0.0,0.10729000000000001,0.0,0.02914,0.00166,0.0,0.0,0.0,0.11213,0.0,0.0,0.0,0.0,0.0,0.12890000000000001
2025-09-14 02:15:00,Uno M404,8.999999999999999e-05,0.027579999999999997,0.0,0.0,0.08771999999999999,0.0,0.02913,0.00151,0.0,0.0,0.0,0.09304000000000001,0.0,0.0,0.0,0.0,0.0,0.12859
2025-09-14 02:20:00,Uno M404,0.0,0.02788,0.0,0.0,0.0,0.0,0.0291,0.0017900000000000001,0.0,0.0,0.0,0.0049900000000000005,0.0,0.0,-5e-05,0.0,0.0,0.12940000000000002
2025-09-14 02:25:00,Uno M404,1e-05,0.027620000000000002,0.0,0.0,0.0,0.0,0.02912,0.0018,0.0,0.0,0.0,0.00508,0.0,0.0,0.0,0.0,0.0,0.12878
2025-09-14 02:30:00,Uno M404,1e-05,0.02791,0.0,0.0,0.0,0.0,0.02914,0.00181,0.0,0.0,0.0,0.0049299999999999995,0.0,0.0,0.0,0.0,0.0,0.12909
2025-09-14 02:35:00,Uno M404,0.0,1.16835,0.0,0.0,0.0,0.0,0.02919,0.00189,0.0,0.0,0.0,0.00487,0.0,0.0,0.0,0.0,0.0,1.26887
2025-09-14 02:40:00,Uno M404,0.0,1.17651,0.0,0.0,0.0,0.0,0.02921,0.00131,0.0,0.0,0.0,0.00501,0.0,0.0,0.0,0.0,0.0,1.27758
2025-09-14 02:45:00,Uno M404,0.0,0.027800000000000002,0.0,0.0,0.0,0.0,0.0291,0.00147,0.0,0.0,0.0,0.00508,0.0,0.0,-1e-05,0.0,0.0,0.12913999999999998
2025-09-14 02:50:00,Uno M404,0.0,0.02755,0.0,0.0,0.09422,0.0,0.02917,0.00157,0.0,0.0,0.0,0.09904,0.0,0.0,0.0,0.0,0.0,0.1288
2025-09-14 02:55:00,Uno M404,5.9999999999999995e-05,0.027739999999999997,0.0,0.0,0.0818,0.0,0.02915,0.00146,0.0,0.0,0.0,0.08676,0.0,0.0,0.0,0.0,0.0,0.1293
2025-09-14 03:00:00,Uno M404,0.0,0.027690000000000003,0.0,0.0,0.0,0.0,0.02914,0.00158,0.0,0.0,0.0,0.00508,0.0,0.0,-2e-05,0.0,0.0,0.1291
2025-09-14 03:05:00,Uno M404,0.0,0.02798,0.0,0.0,0.0,0.0,0.02916,0.00197,0.0,0.0,0.0,0.00501,0.0,0.0,0.0,0.0,0.0,0.12919999999999998
2025-09-14 03:10:00,Uno M404,0.0,1.17913,0.0,0.0,0.0,0.0,0.0293,0.00134,0.0,0.0,0.0,0.00523,0.0,0.0,0.0,0.0,0.0,1.28021
2025-09-14 03:15:00,Uno M404,0.0,0.02793,0.0,0.0,0.0,0.0,0.0291,0.0014199999999999998,0.0,0.0,0.0,0.00491,0.0,0.0,-2e-05,0.0,0.0,0.12959
2025-09-14 03:20:00,Uno M404,5e-05,0.02782,0.0,0.0,0.0,0.0,0.02921,0.0015300000000000001,0.0,0.0,0.0,0.00474,0.0,0.0,0.0,0.0,0.0,0.13006
2025-09-14 03:25:00,Uno M404,4e-05,0.027800000000000002,0.0,0.0,0.09972,0.0,0.02919,0.0015300000000000001,0.0,0.0,0.0,0.10468999999999999,0.0,0.0,-2e-05,0.0,0.0,0.12938999999999998
2025-09-14 03:30:00,Uno M404,7.000000000000001e-05,0.02785,0.0,0.0,0.08412,0.0,0.02919,0.00165,0.0,0.0,0.0,0.08902,0.0,0.0,0.0,0.0,0.0,0.1296
2025-09-14 03:35:00,Uno M404,0.0,0.02782,0.0,0.0,0.0,0.0,0.0292,0.00184,0.0,0.0,0.0,0.00491,0.0,0.0,0.0,0.0,0.0,0.12977
2025-09-14 03:40:00,Uno M404,0.0,1.1748399999999999,0.0,0.0,0.0,0.0,0.02927,0.00198,0.0,0.0,0.0,0.00523,0.0,0.0,0.0,0.0,0.0,1.27504
2025-09-14 03:45:00,Uno M404,0.0,1.1822300000000001,0.0,0.0,0.0,0.0,0.0293,0.00185,0.0,0.0,0.0,0.0051600000000000005,0.0,0.0,-7.000000000000001e-05,0.0,0.0,1.28396
2025-09-14 03:50:00,Uno M404,0.0,0.02789,0.0,0.0,0.0,0.0,0.02915,0.00159,0.0,0.0,0.0,0.005059999999999999,0.0,0.0,-1e-05,0.0,0.0,0.13002
2025-09-14 03:55:00,Uno M404,0.0,0.02795,0.0,0.0,0.0,0.0,0.02921,0.00122,0.0,0.0,0.0,0.00541,0.0,0.0,-1e-05,0.0,0.0,0.13037
2025-09-14 04:00:00,Uno M404,0.0,0.028140000000000002,0.0,0.0,0.0,0.0,0.02909,0.0014,0.0,0.0,0.0,0.004940000000000001,0.0,0.0,-1e-05,0.0,0.0,0.13072999999999999
2025-09-14 04:05:00,Uno M404,0.0,1.17237,0.0,0.0,0.09259999999999999,0.0,0.0293,0.00182,0.0,0.0,0.0,0.09758,0.0,0.0,0.0,0.0,0.0,1.27412
2025-09-14 04:10:00,Uno M404,0.0,1.1751500000000001,0.0,0.0,0.08105,0.0,0.02937,0.00158,0.0,0.0,0.0,0.08589,0.0,0.0,0.0,0.0,0.0,1.27701
2025-09-14 04:15:00,Uno M404,1e-05,0.02793,0.0,0.0,0.0,0.0,0.02919,0.00164,0.0,0.0,0.0,0.00481,0.0,0.0,0.0,0.0,0.0,0.12966999999999998
2025-09-14 04:20:00,Uno M404,8e-05,0.02791,0.0,0.0,0.0,0.0,0.02913,0.0013700000000000001,0.0,0.0,0.0,0.00501,0.0,0.0,-2e-05,0.0,0.0,0.12997
2025-09-14 04:25:00,Uno M404,1e-05,0.027960000000000002,0.0,0.0,0.0,0.0,0.02917,0.0016200000000000001,0.0,0.0,0.0,0.004940000000000001,0.0,0.0,-1e-05,0.0,0.0,0.1305
2025-09-14 04:30:00,Uno M404,2e-05,0.028,0.0,0.0,0.0,0.0,0.02916,0.00185,0.0,0.0,0.0,0.00518,0.0,0.0,-1e-05,0.0,0.0,0.13041999999999998
2025-09-14 04:35:00,Uno M404,4e-05,1.1778199999999999,0.0,0.0,0.0,0.0,0.02929,0.00157,0.0,0.0,0.0,0.0048,0.0,0.0,0.0,0.0,0.0,1.2794100000000002
2025-09-14 04:40:00,Uno M404,0.00015,0.028030000000000003,0.0,0.0,0.10451,0.0,0.02919,0.00145,0.0,0.0,0.0,0.10948000000000001,0.0,0.0,0.0,0.0,0.0,0.13049000000000002
2025-09-14 04:45:00,Uno M404,4e-05,0.02789,0.0,0.0,0.08636,0.0,0.0292,0.00159,0.0,0.0,0.0,0.09109,0.0,0.0,0.0,0.0,0.0,0.12987
2025-09-14 04:50:00,Uno M404,0.0,0.02794,0.0,0.0,0.0,0.0,0.02915,0.00146,0.0,0.0,0.0,0.00519,0.0,0.0,0.0,0.0,0.0,0.13016
2025-09-14 04:55:00,Uno M404,1e-05,0.02802,0.0,0.0,0.0,0.0,0.02914,0.00184,0.0,0.0,0.0,0.00505,0.0,0.0,0.0,0.0,0.0,0.13044
2025-09-14 05:00:00,Uno M404,1e-05,1.17881,0.0,0.0,0.0,0.0,0.02933,0.0014,0.0,0.0,0.0,0.004900000000000001,0.0,0.0,0.0,0.0,0.0,1.2801
2025-09-14 05:05:00,Uno M404,0.0,0.028030000000000003,0.0,0.0,0.0,0.0,0.02914,0.0015300000000000001,0.0,0.0,0.0,0.004690000000000001,0.0,0.0,0.0,0.0,0.0,0.13040000000000002
2025-09-14 05:10:00,Uno M404,1e-05,0.027710000000000002,0.0,0.0,0.0,0.0,0.02909,0.0017900000000000001,0.0,0.0,0.0,0.00529,0.0,0.0,0.0,0.0,0.0,0.12922
2025-09-14 05:15:00,Uno M404,0.0,0.027780000000000003,0.0,0.0,0.0,0.0,0.02913,0.00128,0.0,0.0,0.0,0.0049299999999999995,0.0,0.0,0.0,0.0,0.0,0.12957
2025-09-14 05:20:00,Uno M404,4e-05,1.17028,0.0,0.0,0.09803,0.0,0.02926,0.00165,0.0,0.0,0.0,0.12604,0.0,0.0,0.0,0.0,0.0,1.2715999999999998
2025-09-14 05:25:00,Uno M404,0.0,0.028050000000000002,0.0,0.0,0.08378000000000001,0.0,0.02916,0.0015400000000000001,0.0,0.0,0.0,0.08847,0.0,0.0,0.0,0.0,0.0,0.1295
2025-09-14 05:30:00,Uno M404,1e-05,0.03018,0.0,0.0,0.0,0.0,0.02913,0.0015300000000000001,0.0,0.0,0.0,0.00483,0.0,0.0,0.0,0.0,0.0,0.13115000000000002
2025-09-14 05:35:00,Uno M404,0.0,0.03024,0.0,0.0,0.0,0.0,0.0293,0.00152,0.0,0.0,0.0,0.00479,0.0,0.0,-1e-05,0.0,0.0,0.13138
2025-09-14 05:40:00,Uno M404,0.0,0.030019999999999998,0.0,0.0,0.0,0.0,0.02928,0.00161,0.0,0.0,0.0,0.00526,0.0,0.0,0.0,0.0,0.0,0.13135
2025-09-14 05:45:00,Uno M404,0.0,0.03015,0.0,0.0,0.0,0.0,0.02924,0.00135,0.0,0.0,0.0,0.00481,0.0,0.0,0.0,0.0,0.0,0.13154
2025-09-14 05:50:00,Uno M404,0.0,0.027649999999999997,0.0,0.0,0.0,0.0,0.02917,0.00135,0.0,0.0,0.0,0.00509,0.0,0.0,0.0,0.0,0.0,0.12859
2025-09-14 05:55:00,Uno M404,0.0,0.02764,0.0,0.0,0.0,0.0,0.02913,0.00164,0.0,0.0,0.0,0.00511,0.0,0.0,0.0,0.0,0.0,0.12875999999999999
2025-09-14 06:00:00,Uno M404,0.0,0.02752,0.0,0.0,0.09572,0.0,0.02912,0.0014199999999999998,0.0,0.0,0.0,0.10049,0.0,0.0,0.0,0.0,0.0,0.12843000000000002
2025-09-14 06:05:00,Uno M404,4e-05,0.03007,0.0,0.0,0.08133,0.0,0.02922,0.00146,0.0,0.0,0.0,0.08679,0.0,0.0,0.0,0.0,0.0,0.13091
2025-09-14 06:10:00,Uno M404,4e-05,0.034140000000000004,0.0,0.0,0.0,0.0,0.0293,0.00113,0.0,0.0,0.0,0.00526,0.0,0.0,0.0,0.0,0.0,0.1348
2025-09-14 06:15:00,Uno M404,0.0,0.0297,0.0,0.0,0.0,0.0,0.02929,0.00132,0.0,0.0,0.0,0.00546,0.0,0.0,0.0,0.0,0.0,0.13002
2025-09-14 06:20:00,Uno M404,0.0,0.02995,0.0,0.0,0.0,0.0,0.02929,0.0015300000000000001,0.0,0.0,0.0,0.0054800000000000005,0.0,0.0,0.0,0.0,0.0,0.13069999999999998
2025-09-14 06:25:00,Uno M404,0.0,0.034140000000000004,0.0,0.0,0.0,0.0,0.0292,0.0012,0.0,0.0,0.0,0.00528,0.0,0.0,0.0,0.0,0.0,0.13488999999999998
2025-09-14 06:30:00,Uno M404,0.0,0.02964,0.0,0.0,0.0,0.0,0.02921,0.00098,0.0,0.0,0.0,0.00501,0.0,0.0,0.0,0.0,0.0,0.12972
2025-09-14 06:35:00,Uno M404,0.0,0.02955,0.0,0.0,0.0,0.0,0.02922,0.00126,0.0,0.0,0.0,0.00533,0.0,0.0,0.0,0.0,0.0,0.12986
2025-09-14 06:40:00,Uno M404,0.0,0.027350000000000003,0.0,0.0,0.09259,0.0,0.02933,0.00117,0.0,0.0,0.0,0.09762,0.0,0.0,0.0,0.0,0.0,0.12779000000000001
2025-09-14 06:45:00,Uno M404,0.0,0.03384,0.0,0.0,0.07981,0.0,0.02923,0.00138,0.0,0.0,0.0,0.08531,0.0,0.0,0.0,0.0,0.0,0.13429
2025-09-14 06:50:00,Uno M404,0.0,0.02963,0.0,0.0,0.0,0.0,0.02929,0.0015300000000000001,0.0,0.0,0.0,0.00512,0.0,0.0,0.0,0.0,0.0,0.1298
2025-09-14 06:55:00,Uno M404,0.0,0.02966,0.0,0.0,0.0,0.0,0.02924,0.00122,0.0,0.0,0.0,0.00505,0.0,0.0,0.0,0.0,0.0,0.12975
2025-09-14 07:00:00,Uno M404,1e-05,0.02951,0.0,0.0,0.0,0.0,0.02932,0.0012900000000000001,0.0,0.0,0.0,0.00528,0.0,0.0,0.0,0.0,0.0,0.12935
2025-09-14 07:05:00,Uno M404,0.0,0.02699,0.0,0.0,0.0,0.0,0.02933,0.00111,0.0,0.0,0.0,0.00515,0.0,0.0,0.0,0.0,0.0,0.12648
2025-09-14 07:10:00,Uno M404,0.0,0.02963,0.0,0.0,0.0,0.0,0.02933,0.00091,0.0,0.0,0.0,0.00535,0.0,0.0,-1e-05,0.0,0.0,0.12913
2025-09-14 07:15:00,Uno M404,0.0,1.15248,0.0,0.0,0.0,0.0,0.02942,0.00126,0.0,0.0,0.0,0.00615,0.0,0.0,0.0,0.0,0.0,1.25095
2025-09-14 07:20:00,Uno M404,0.0,1.1484,0.0,0.0,0.09142,0.0,0.02941,0.0014199999999999998,0.0,0.0,0.0,0.09659000000000001,0.0,0.0,0.0,0.0,0.0,1.24603
2025-09-14 07:25:00,Uno M404,0.0,1.15199,0.0,0.0,0.07916,0.0,0.0294,0.0008399999999999999,0.0,0.0,0.0,0.08419,0.0,0.0,0.0,0.0,0.0,1.2508800000000002
2025-09-14 07:30:00,Uno M404,2e-05,0.028390000000000002,0.0,0.0,0.0,0.0,0.02935,0.00055,0.0,0.0,0.0,0.00504,0.0,0.0,0.0,0.0,0.0,0.12733
2025-09-14 07:35:00,Uno M404,0.0,0.027129999999999998,0.0,0.0,0.0,0.0,0.02932,0.0005899999999999999,0.0,0.0,0.0,0.00498,0.0,0.0,0.0,0.0,0.0,0.1264
2025-09-14 07:40:00,Uno M404,0.0,0.027039999999999998,0.0,0.0,0.0,0.0,0.02923,0.00098,0.0,0.0,0.0,0.00498,0.0,0.0,0.0,0.0,0.0,0.12639
2025-09-14 07:45:00,Uno M404,0.0,0.0272,0.0,0.0,0.0,0.0,0.02932,0.00045,0.0,0.0,0.0,0.00512,0.0,0.0,0.0,0.0,0.0,0.12699
2025-09-14 07:50:00,Uno M404,0.0,0.02973,0.0,0.0,0.0,0.0,0.02923,0.00078,0.0,0.0,0.0,0.004860000000000001,0.0,0.0,-1e-05,0.0,0.0,0.12990000000000002
2025-09-14 07:55:00,Uno M404,0.0,0.02962,0.0,0.0,0.0,0.0,0.02934,0.00068,0.0,0.0,0.0,0.00546,0.0,0.0,0.0,0.0,0.0,0.12982
2025-09-14 08:00:00,Uno M404,2e-05,0.02966,0.0,0.0,0.09282,0.0,0.02932,0.0008,0.0,0.0,0.0,0.09781999999999999,0.0,0.0,0.0,0.0,0.0,0.12982
2025-09-14 08:05:00,Uno M404,0.0,0.02994,0.0,0.0,0.08008,0.0,0.02919,0.00134,0.0,0.0,0.0,0.0851,0.0,0.0,-1e-05,0.0,0.0,0.13041
2025-09-14 08:10:00,Uno M404,0.0,1.15645,0.0,0.0,0.0,0.0,0.0294,0.00138,0.0,0.0,0.0,0.00523,0.0,0.0,0.0,0.0,0.0,1.25621
2025-09-14 08:15:00,Uno M404,1e-05,1.16228,0.0,0.0,0.0,0.0,0.02935,0.00092,0.0,0.0,0.0,0.00509,0.0,0.0,0.0,0.0,0.0,1.26125
2025-09-14 08:20:00,Uno M404,0.0,0.00016,0.0,0.0,0.0,0.0,0.02933,0.0010500000000000002,0.0,0.0,0.0,0.0051600000000000005,0.0,0.0,0.0,0.0,0.0,0.10118
2025-09-14 08:25:00,Uno M404,4e-05,0.00058,0.0,0.0,0.0,0.0,0.0292,0.00145,0.0,0.0,0.0,0.00514,0.0,0.0,0.01081,0.0,0.0,0.04593
2025-09-14 08:30:00,Uno M404,0.0079,0.00047999999999999996,0.0,0.0,0.0,0.0,0.02907,0.00085,0.0,0.00584,0.0,0.00542,0.0,0.0,0.01073,0.0,0.0,0.04572
2025-09-14 08:35:00,Uno M404,0.008,0.00038,0.0,0.0,0.0,0.0,-5.9999999999999995e-05,0.00022,0.0,0.00584,0.0,0.03156,0.0,0.0,0.01063,0.0019299999999999999,0.0,0.01495
2025-09-14 08:40:00,Uno M404,3.42146,0.00035,0.0,0.0,0.09429000000000001,0.0,-2e-05,0.02196,3.3867800000000003,0.012029999999999999,0.0,0.1029,0.0,0.0,0.01067,0.00175,0.0,0.01502
2025-09-14 08:45:00,Uno M404,0.02826,0.00019,0.0,0.0,0.08279,0.0,-1e-05,0.02206,0.0,0.0058,0.0,0.09135,0.0,0.0,0.01062,0.0018,0.0,0.01495
2025-09-14 08:50:00,Uno M404,0.0,0.00022,0.0,0.0,0.0,0.0,-1e-05,0.00038,0.0,0.0,0.0,0.00857,0.0,0.0,0.01057,0.0017900000000000001,0.0,0.015189999999999999
2025-09-14 08:55:00,Uno M404,0.0,0.00027,0.0,0.0,0.0,0.0,-1e-05,0.0005200000000000001,0.0,0.0,0.0,0.00839,0.0,0.0,0.01053,0.00175,0.0,0.015
2025-09-14 09:00:00,Uno M404,0.0,0.00016,0.0,0.0,0.0,0.0,-4e-05,0.00026000000000000003,0.0,0.0,0.0,0.0085,0.0,0.0,0.01059,0.00199,0.0,0.01493
2025-09-14 09:05:00,Uno M404,1e-05,0.00022,0.0,0.0,0.0,0.0,-1e-05,0.00032,0.0,0.0,0.0,0.00873,0.0,0.0,0.01061,0.00189,0.0,0.01492
2025-09-14 09:10:00,Uno M404,0.0,0.00011999999999999999,0.0,0.0,0.0,0.0,-1e-05,0.00047999999999999996,0.0,0.0,0.0,0.00839,0.0,0.0,0.01055,0.00181,0.0,0.014839999999999999
2025-09-14 09:15:00,Uno M404,0.0,0.00014000000000000001,0.0,0.0,0.0,0.0,0.0,0.00019,0.0,0.0,0.0,0.00838,0.0,0.0,0.01055,0.0019299999999999999,0.0,0.01473
2025-09-14 09:20:00,Uno M404,2e-05,0.00011,0.0,0.0,0.10154,0.0,0.0,0.00064,0.0,0.0,0.0,0.10981999999999999,0.0,0.0,0.01065,0.0019199999999999998,0.0,0.014839999999999999
2025-09-14 09:25:00,Uno M404,2e-05,0.00016,0.0,0.0,0.08286,0.0,0.0,0.00045,0.0,0.0,0.0,0.09090999999999999,0.0,0.0,0.01065,0.00196,0.0,0.01491
2025-09-14 09:30:00,Uno M404,0.0,7.000000000000001e-05,0.0,0.0,0.0,0.0,-1e-05,0.00014000000000000001,0.0,0.0,0.0,0.00818,0.0,0.0,0.01057,0.00206,0.0,0.01489
2025-09-14 09:35:00,Uno M404,2e-05,0.00017999999999999998,0.0,0.0,0.0,0.0,0.0,0.0004,0.0,0.0,0.0,0.00813,0.0,0.0,0.010369999999999999,0.0020099999999999996,0.0,0.01455
2025-09-14 09:40:00,Uno M404,0.0,0.00026000000000000003,0.0,0.0,0.0,0.0,-1e-05,0.00038,0.0,0.0,0.0,0.00792,0.0,0.0,0.010320000000000001,0.00195,0.0,0.01463
2025-09-14 09:45:00,Uno M404,0.0,0.00035,0.0,0.0,0.0,0.0,-2e-05,0.0005200000000000001,0.0,0.0,0.0,0.00785,0.0,0.0,0.01042,0.0020099999999999996,0.0,0.01463
2025-09-14 09:50:00,Uno M404,0.0,0.00027,0.0,0.0,0.0,0.0,-1e-05,0.00044,0.0,0.0,0.0,0.00788,0.0,0.0,0.0105,0.00217,0.0,0.0147
2025-09-14 09:55:00,Uno M404,0.0,0.0004,0.0,0.0,0.0,0.0,-1e-05,0.00047,0.0,0.0,0.0,0.00796,0.0,0.0,0.01043,0.00199,0.0,0.0146
2025-09-14 10:00:00,Uno M404,0.0,0.00031,0.0,0.0,0.0,0.0,0.0,0.0009699999999999999,0.0,0.0,0.0,0.0076,0.0,0.0,0.0104,0.00204,0.0,0.01462
2025-09-14 10:05:00,Uno M404,8.999999999999999e-05,0.00019,0.0,0.0,0.08606,0.0,0.0,0.00061,0.0,0.0,0.0,0.09347,0.0,0.0,0.0104,0.00197,0.0,0.01451
2025-09-14 10:10:00,Uno M404,0.0,0.00038,0.0,0.0,0.0,0.0,-5e-05,0.00086,0.0,0.0,0.0,0.007809999999999999,0.0,0.0,0.01042,0.00204,0.0,0.01465
2025-09-14 10:15:00,Uno M404,0.0,0.00017999999999999998,0.0,0.0,0.0,0.0,-1e-05,0.00082,0.0,0.0,0.0,0.00796,0.0,0.0,0.01035,0.0021000000000000003,0.0,0.01444
2025-09-14 10:20:00,Uno M404,7.000000000000001e-05,0.00017999999999999998,0.0,0.0,0.0,0.0,0.0,0.00054,0.0,0.0,0.0,0.008039999999999999,0.0,0.0,0.0104,0.0020299999999999997,0.0,0.01457
2025-09-14 10:25:00,Uno M404,0.0,0.00016,0.0,0.0,0.0,0.0,0.0,0.00055,0.0,0.0,0.0,0.00817,0.0,0.0,0.010289999999999999,0.00188,0.0,0.01457
2025-09-14 10:30:00,Uno M404,0.0,0.00011999999999999999,0.0,0.0,0.0,0.0,-1e-05,0.00035,0.0,0.0,0.0,0.00782,0.0,0.0,0.010289999999999999,0.00202,0.0,0.01449
2025-09-14 10:35:00,Uno M404,0.0,0.00017999999999999998,0.0,0.0,0.0,0.0,0.0,0.00034,0.0,0.0,0.0,0.00835,0.0,0.0,0.01033,0.00197,0.0,0.01453
2025-09-14 10:40:00,Uno M404,0.0,0.00011,0.0,0.0,0.0,0.0,0.0,0.00047,0.0,0.0,0.0,0.00779,0.0,0.0,0.01035,0.0020299999999999997,0.0,0.01469
2025-09-14 10:45:00,Uno M404,1e-05,0.00028000000000000003,0.0,0.0,0.09040000000000001,0.0,0.0,0.00038,0.0,0.0,0.0,0.09799,0.0,0.0,0.01021,0.00204,0.0,0.014369999999999999
2025-09-14 10:50:00,Uno M404,5e-05,0.0004,0.0,0.0,0.07801999999999999,0.0,-2e-05,0.00049,0.0,0.0,0.0,0.08571,0.0,0.0,0.01022,0.00217,0.0,0.01452
2025-09-14 10:55:00,Uno M404,7.000000000000001e-05,0.00014000000000000001,0.0,0.0,0.0,0.0,-1e-05,0.00078,0.0,0.0,0.0,0.00789,0.0,0.0,0.01033,0.0019,0.0,0.01463
2025-09-14 11:00:00,Uno M404,0.0,0.00025,0.0,0.0,0.0,0.0,0.0,0.00065,0.0,0.0,0.0,0.0077,0.0,0.0,0.01028,0.00196,0.0,0.01464
2025-09-14 11:05:00,Uno M404,0.0,0.00031,0.0,0.0,0.0,0.0,-8.999999999999999e-05,0.00069,0.0,0.0,0.0,0.00764,0.0,0.0,0.01025,0.0022299999999999998,0.0,0.01444
2025-09-14 11:10:00,Uno M404,0.0,0.00041999999999999996,0.0,0.0,0.0,0.0,0.0,0.00044,0.0,0.0,0.0,0.00779,0.0,0.0,0.01019,0.00215,0.0,0.01438
2025-09-14 11:15:00,Uno M404,0.0,0.00033,0.0,0.0,0.0,0.0,0.0,0.00079,0.0,0.0,0.0,0.0076,0.0,0.0,0.01018,0.00209,0.0,0.01449
2025-09-14 11:20:00,Uno M404,0.0,0.00028000000000000003,0.0,0.0,0.0,0.0,-1e-05,0.00064,0.0,0.0,0.0,0.00767,0.0,0.0,0.01013,0.0020299999999999997,0.0,0.0145
2025-09-14 11:25:00,Uno M404,2e-05,0.0002,0.0,0.0,0.09395,0.0,-1e-05,0.00062,0.0,0.0,0.0,0.10124,0.0,0.0,0.0103,0.00206,0.0,0.01463
2025-09-14 11:30:00,Uno M404,0.0,0.0004,0.0,0.0,0.07941,0.0,0.0,0.00126,0.0,0.0,0.0,0.0866,0.0,0.0,0.01036,0.0020099999999999996,0.0,0.01462
2025-09-14 11:35:00,Uno M404,2e-05,0.00028000000000000003,0.0,0.0,0.00011999999999999999,0.0,-8e-05,0.0010500000000000002,0.0,0.0,0.0,0.01618,0.0,0.0,0.010320000000000001,0.00197,0.0,0.01451
2025-09-14 11:40:00,Uno M404,1e-05,0.00032,0.0,0.0,0.0,0.0,-1e-05,0.00161,0.0,0.0,0.0,0.01468,0.0,0.0,0.01033,0.002,0.0,0.0146
2025-09-14 11:45:00,Uno M404,0.0,0.00031,0.0,0.0,0.10611,0.0,0.0,0.00109,0.0,0.0,0.0,0.12042,0.0,0.0,0.01041,0.00216,0.0,0.01469
2025-09-14 11:50:00,Uno M404,0.0,0.00035999999999999997,0.0,0.0,0.08847,0.0,-8.999999999999999e-05,0.00175,0.0,0.0,0.0,0.10281,0.0,0.0,0.01041,0.00202,0.0,0.01463
2025-09-14 11:55:00,Uno M404,0.0,0.00051,0.0,0.0,0.08139,0.0,-0.00011,0.00152,0.0,0.0,0.0,0.09540000000000001,0.0,0.0,0.01041,0.00199,0.0,0.01479
2025-09-14 12:00:00,Uno M404,1e-05,0.00046,0.0,0.0,0.0,0.0,-0.00013000000000000002,0.00158,0.0,0.0,0.0,0.01431,0.0,0.0,0.0103,0.00222,0.0,0.01462
2025-09-14 12:05:00,Uno M404,1e-05,0.0005600000000000001,0.0,0.0,0.0,0.0,-0.00015,0.00188,0.0,0.0,0.0,0.01392,0.0,0.0,0.01045,0.00212,0.0,0.01483
2025-09-14 12:10:00,Uno M404,0.00744,0.00049,0.0,0.0,0.0,0.0,0.02943,0.0014399999999999999,0.0,0.005730000000000001,0.0,0.15392,0.0,0.0,0.01036,0.0022299999999999998,0.0,0.04582
2025-09-14 12:15:00,Uno M404,0.00747,0.00075,0.0,0.0,0.0,1e-05,0.02926,0.00177,0.0,0.00567,0.0,0.13677,0.0,0.0,0.01028,0.00227,0.0,0.04567
2025-09-14 12:20:00,Uno M404,1e-05,0.00102,0.0,0.0,0.09937,7.000000000000001e-05,-0.00062,0.0020099999999999996,0.0,0.0,0.0,0.14809,0.0,0.0,0.010199999999999999,0.00222,0.0,0.01473
2025-09-14 12:25:00,Uno M404,1e-05,0.0012900000000000001,0.0,0.0,0.08406999999999999,0.00011,-0.0008,0.00218,0.0,0.0,0.0,0.13271,0.0,0.0,0.010230000000000001,0.00209,0.0,0.01471
2025-09-14 12:30:00,Uno M404,0.0,0.00139,0.0,0.0,0.0,1e-05,-0.001,0.0022,0.0,0.0,0.0,0.04963,0.0,0.0,0.01027,0.00219,0.0,0.01487
2025-09-14 12:35:00,Uno M404,0.0,0.0014,0.0,0.0,0.0,0.00026000000000000003,-0.00088,0.00214,0.0,0.0,0.0,0.049159999999999995,0.0,0.0,0.010369999999999999,0.00199,0.0,0.01504
2025-09-14 12:40:00,Uno M404,1e-05,0.001,0.0,0.0,0.0,8.999999999999999e-05,-0.00063,0.0020800000000000003,0.0,0.0,0.0,0.04947,0.0,0.0,0.01043,0.00212,0.0,0.01493
2025-09-14 12:45:00,Uno M404,0.0,0.00117,0.0,0.0,0.0,0.00016,-0.00058,0.00214,0.0,0.0,0.0,0.04924,0.0,0.0,0.01033,0.00195,0.0,0.01493
2025-09-14 12:50:00,Uno M404,0.0001,0.0025,0.0,0.0,0.0,0.00026000000000000003,-0.00206,0.00436,0.0,0.0,0.0,0.09908,0.0,0.0,0.02066,0.0043,0.0,0.02994
2025-09-14 12:55:00,Uno M404,4e-05,0.00227,0.0,0.0,0.0,0.0005200000000000001,-0.0020499999999999997,0.00436,0.0,0.0,0.0,0.09906000000000001,0.0,0.0,0.02095,0.00366,0.0,0.03043
2025-09-14 13:00:00,Uno M404,7.000000000000001e-05,0.00252,0.0,0.0,0.19108,0.0008,-0.00202,0.004370000000000001,0.0,0.0,0.0,0.28914,0.0,0.0,0.02104,0.004,0.0,0.0305
2025-09-14 13:05:00,Uno M404,4e-05,0.00106,0.0,0.0,0.08244,0.00015,-0.00107,0.00227,0.0,0.0,0.0,0.13172999999999999,0.0,0.0,0.01035,0.00209,0.0,0.015179999999999999
2025-09-14 13:10:00,Uno M404,5e-05,0.0012900000000000001,0.0,0.0,0.0,0.00037,-0.00109,0.00221,0.0,0.0,0.0,0.04965,0.0,0.0,0.01047,0.00189,0.0,0.01516
2025-09-14 13:15:00,Uno M404,0.0,0.0013700000000000001,0.0,0.0,0.0,0.00025,-0.00108,0.00217,0.0,0.0,0.0,0.04967,0.0,0.0,0.01056,0.0019399999999999999,0.0,0.01532
2025-09-14 13:20:00,Uno M404,0.0,0.0009599999999999999,0.0,0.0,0.0,0.00044,-0.00075,0.00228,0.0,0.0,0.0,0.04943,0.0,0.0,0.01055,0.0017800000000000001,0.0,0.01516
2025-09-14 13:25:00,Uno M404,0.0,0.00083,0.0,0.0,0.0,0.00011,-0.0008900000000000001,0.00214,0.0,0.0,0.0,0.04951,0.0,0.0,0.01042,0.0018,0.0,0.01511
2025-09-14 13:30:00,Uno M404,0.0,0.00088,0.0,0.0,0.0,0.0004,-0.00069,0.00214,0.0,0.0,0.0,0.04939,0.0,0.0,0.01053,0.0019399999999999999,0.0,0.015189999999999999
2025-09-14 13:35:00,Uno M404,0.0,0.00094,0.0,0.0,0.0,0.00051,-0.00095,0.00213,0.0,0.0,0.0,0.0499,0.0,0.0,0.01062,0.0019199999999999998,0.0,0.015359999999999999
2025-09-14 13:40:00,Uno M404,0.0,0.00107,0.0,0.0,0.09595000000000001,0.00034,-0.0011200000000000001,0.00219,0.0,0.0,0.0,0.14463,0.0,0.0,0.01053,0.00216,0.0,0.01523
2025-09-14 13:45:00,Uno M404,2e-05,0.00122,0.0,0.0,0.0825,0.00015,-0.00078,0.00222,0.0,0.0,0.0,0.13152,0.0,0.0,0.01047,0.0019199999999999998,0.0,0.01516
2025-09-14 13:50:00,Uno M404,0.0,0.0011,0.0,0.0,0.0,0.0003,-0.00065,0.00219,0.0,0.0,0.0,0.04956,0.0,0.0,0.010539999999999999,0.00207,0.0,0.01533
2025-09-14 13:55:00,Uno M404,0.0,0.0013,0.0,0.0,0.0,0.00026000000000000003,-0.00147,0.00215,0.0,0.0,0.0,0.049530000000000005,0.0,0.0,0.01057,0.0021000000000000003,0.0,0.015269999999999999
2025-09-14 14:00:00,Uno M404,0.0,0.00114,0.0,0.0,0.0,0.00028000000000000003,-0.0008100000000000001,0.00212,0.0,0.0,0.0,0.04985,0.0,0.0,0.01057,0.0018700000000000001,0.0,0.01517
2025-09-14 14:05:00,Uno M404,0.0,0.0011899999999999999,0.0,0.0,0.0,0.00032,-0.00099,0.00211,0.0,0.0,0.0,0.049710000000000004,0.0,0.0,0.01047,0.0018,0.0,0.01516
2025-09-14 14:10:00,Uno M404,0.0,0.0014199999999999998,0.0,0.0,0.0,0.00035,-0.0008900000000000001,0.00225,0.0,0.0,0.0,0.0495,0.0,0.0,0.01046,0.00206,0.0,0.01524
2025-09-14 14:15:00,Uno M404,2e-05,0.00113,0.0,0.0,0.11309999999999999,0.00017999999999999998,-0.00189,0.00215,0.0,0.0,0.0,0.16182,0.0,0.0,0.010490000000000001,0.00204,0.0,0.015220000000000001
2025-09-14 14:20:00,Uno M404,0.0,0.0012900000000000001,0.0,0.0,0.08758,0.00013000000000000002,-0.00087,0.0022400000000000002,0.0,0.0,0.0,0.1368,0.0,0.0,0.01053,0.00213,0.0,0.015220000000000001
2025-09-14 14:25:00,Uno M404,0.0,0.0012900000000000001,0.0,0.0,0.0,0.00011999999999999999,-0.0018,0.00218,0.0,0.0,0.0,0.04952,0.0,0.0,0.0105,0.0020299999999999997,0.0,0.015179999999999999
2025-09-14 14:30:00,Uno M404,1e-05,0.0010500000000000002,0.0,0.0,0.0,0.00028000000000000003,-0.00132,0.00214,0.0,0.0,0.0,0.04954,0.0,0.0,0.01055,0.0022,0.0,0.015130000000000001
2025-09-14 14:35:00,Uno M404,0.0,0.00133,0.0,0.0,0.0,0.00014000000000000001,-0.00207,0.0022,0.0,0.0,0.0,0.04983,0.0,0.0,0.010539999999999999,0.0018700000000000001,0.0,0.01529
2025-09-14 14:40:00,Uno M404,0.0,0.00101,0.0,0.0,0.0,0.00034,-0.00125,0.00217,0.0,0.0,0.0,0.04962,0.0,0.0,0.01062,0.0019,0.0,0.01516
2025-09-14 14:45:00,Uno M404,0.0,0.0011,0.0,0.0,0.0,0.00041999999999999996,-0.0012,0.00217,0.0,0.0,0.0,0.04949,0.0,0.0,0.01056,0.00188,0.0,0.01515
2025-09-14 14:50:00,Uno M404,0.0,0.00134,0.0,0.0,0.0,0.00022,-0.0017900000000000001,0.0022,0.0,0.0,0.0,0.04954,0.0,0.0,0.01053,0.0018700000000000001,0.0,0.01525
2025-09-14 14:55:00,Uno M404,0.0,0.0016899999999999999,0.0,0.0,0.09956,0.00025,-0.00174,0.00222,0.0,0.0,0.0,0.14793,0.0,0.0,0.01059,0.0020800000000000003,0.0,0.01525
2025-09-14 15:00:00,Uno M404,1e-05,0.0015,0.0,0.0,0.08362,0.00058,-0.0010500000000000002,0.0022,0.0,0.0,0.0,0.13232,0.0,0.0,0.01059,0.0018,0.0,0.01525
2025-09-14 15:05:00,Uno M404,0.0,0.00145,0.0,0.0,0.0,0.00062,-0.00082,0.00225,0.0,0.0,0.0,0.04952,0.0,0.0,0.01035,0.0020099999999999996,0.0,0.01526
2025-09-14 15:10:00,Uno M404,0.0,0.00149,0.0,0.0,0.0,0.00082,-0.00146,0.00233,0.0,0.0,0.0,0.04917,0.0,0.0,0.01036,0.00219,0.0,0.015099999999999999
2025-09-14 15:15:00,Uno M404,0.0,0.00121,0.0,0.0,0.0,0.0008399999999999999,-0.0016899999999999999,0.00234,0.0,0.0,0.0,0.04876,0.0,0.0,0.01052,0.00216,0.0,0.01517
2025-09-14 15:20:00,Uno M404,0.0,0.0012900000000000001,0.0,0.0,0.0,0.00069,-0.00183,0.00225,0.0,0.0,0.0,0.04901,0.0,0.0,0.01056,0.00215,0.0,0.015220000000000001
2025-09-14 15:25:00,Uno M404,0.0,0.0015,0.0,0.0,0.0,0.00067,-0.0016200000000000001,0.00219,0.0,0.0,0.0,0.04879,0.0,0.0,0.01056,0.00212,0.0,0.015189999999999999
2025-09-14 15:30:00,Uno M404,0.0,0.0012900000000000001,0.0,0.0,0.0,0.0008399999999999999,-0.00092,0.00219,0.0,0.0,0.0,0.04897,0.0,0.0,0.01046,0.00217,0.0,0.015179999999999999
2025-09-14 15:35:00,Uno M404,4e-05,0.00146,0.0,0.0,0.09728,0.00093,-0.00101,0.00228,0.0,0.0,0.0,0.14534,0.0,0.0,0.0104,0.00212,0.0,0.015050000000000001
2025-09-14 15:40:00,Uno M404,0.0,0.00135,0.0,0.0,0.08195999999999999,0.0008100000000000001,-0.0014299999999999998,0.00226,0.0,0.0,0.0,0.13009,0.0,0.0,0.01045,0.00222,0.0,0.01524
2025-09-14 15:45:00,Uno M404,0.0,0.0013700000000000001,0.0,0.0,0.0,0.0015,-0.00092,0.00229,0.0,0.0,0.0,0.049,0.0,0.0,0.01039,0.00204,0.0,0.01504
2025-09-14 15:50:00,Uno M404,5e-05,0.00134,0.0,0.0,0.0,0.00095,-0.0014199999999999998,0.00229,0.0,0.0,0.0,0.04915,0.0,0.0,0.01034,0.00199,0.0,0.015099999999999999
2025-09-14 15:55:00,Uno M404,3.53311,0.00145,0.0,3.52541,0.0,0.0008100000000000001,0.02028,0.00213,0.0,0.005719999999999999,0.0,0.056299999999999996,0.0,0.0,0.01057,0.00207,0.0,0.037520000000000005
2025-09-14 16:00:00,Uno M404,3.51873,0.0016899999999999999,0.0,3.51134,,,0.02036,0.0022,0.0,0.0057,,,0.0,0.0,0.0106,,,0.03772
2025-09-14 16:05:00,Uno M404,3.54477,0.0017,0.0,3.53757,0.0,0.0009,0.02017,0.0020800000000000003,0.0,0.00584,0.0,0.05735,0.0,0.0,0.01034,0.0013700000000000001,0.0,0.03725
2025-09-14 16:10:00,Uno M404,0.007730000000000001,0.0,0.0,0.0,0.09851,0.00044,0.02028,0.00182,0.0,0.0057599999999999995,0.0,0.15514,0.0,0.0,0.01043,0.00171,0.0,0.03638
2025-09-14 16:15:00,Uno M404,0.00792,1.00258,0.0,0.0,0.0825,5.9999999999999995e-05,0.01806,0.00148,0.0,0.00577,0.0,0.12473000000000001,0.0,0.0,-4e-05,0.0016899999999999999,0.0,1.02403
2025-09-14 16:20:00,Uno M404,3.51564,1.17054,0.0,3.5085900000000003,0.0,0.00014000000000000001,0.12437000000000001,0.00174,0.0,0.00577,0.0,0.04301,0.0,0.0,0.0107,0.00108,0.0,1.3825699999999999
2025-09-14 16:25:00,Uno M404,0.00741,1.19765,0.0,0.0,0.0,0.0,0.11946999999999999,0.00155,0.0,0.005860000000000001,0.0,0.04376,0.0,0.0,0.0,0.00182,0.0,1.41097
2025-09-14 16:30:00,Uno M404,0.013630000000000001,1.2031800000000001,0.0,0.0,0.0,0.0,0.1168,0.00237,0.0,0.01233,0.0,0.049710000000000004,0.0,0.0,0.01068,0.01534,0.0,1.4031
2025-09-14 16:35:00,Uno M404,0.0,0.02766,0.0,0.0,0.0,0.0,0.11651,0.00217,0.0,0.0,0.0,0.02505,0.0,0.0,-2e-05,0.0,0.0,0.21538
2025-09-14 16:40:00,Uno M404,0.0,0.027620000000000002,0.0,0.0,0.0,0.0,0.1115,0.00213,0.0,0.0,0.0,0.02575,0.0,0.0,0.0,0.0,0.0,0.20965
2025-09-14 16:45:00,Uno M404,0.0,0.02792,0.0,0.0,0.0,0.0,0.10897,0.00225,0.0,0.0,0.0,0.02499,0.0,0.0,-4e-05,0.0,0.0,0.2077
2025-09-14 16:50:00,Uno M404,0.0,1.17156,0.0,0.0,0.09190000000000001,0.0,0.10955,0.00233,0.0,0.0,0.0,0.11252,0.0,0.0,0.0,0.0,0.0,1.34722
2025-09-14 16:55:00,Uno M404,0.0,1.17951,0.0,0.0,0.0,0.0,0.11012000000000001,0.00213,0.0,0.0,0.0,0.0214,0.0,0.0,0.0,0.0,0.0,1.35565
2025-09-14 17:00:00,Uno M404,0.0,0.027039999999999998,0.0,0.0,0.0,0.0,0.10576,0.00218,0.0,0.0,0.0,0.01948,0.0,0.0,-1e-05,0.0,0.0,0.19963
2025-09-14 17:05:00,Uno M404,0.0,0.02693,0.0,0.0,0.0,0.0,0.104,0.0020800000000000003,0.0,0.0,0.0,0.019579999999999997,0.0,0.0,-2e-05,0.0,0.0,0.1981
2025-09-14 17:10:00,Uno M404,0.0,0.026940000000000002,0.0,0.0,0.0,0.0,0.10422,0.00219,0.0,0.0,0.0,0.01583,0.0,0.0,0.0,0.0,0.0,0.19798
2025-09-14 17:15:00,Uno M404,0.0,0.026850000000000002,0.0,0.0,0.0,0.0,0.1039,0.00222,0.0,0.0,0.0,0.011009999999999999,0.0,0.0,0.0,0.0,0.0,0.19733
2025-09-14 17:20:00,Uno M404,0.0,1.17066,0.0,0.0,0.0,0.0,0.10424,0.00212,0.0,0.0,0.0,0.01079,0.0,0.0,0.0,0.0,0.0,1.34067
2025-09-14 17:25:00,Uno M404,0.0,0.02674,0.0,0.0,,,0.10201,0.00204,0.0,0.0,,,0.0,0.0,0.0,,,0.19487000000000002
2025-09-14 17:30:00,Uno M404,0.0,0.02653,0.0,0.0,0.08746,0.0,0.09977,0.00221,0.0,0.0,0.0,0.09831999999999999,0.0,0.0,0.0,0.0,0.0,0.19219
2025-09-14 17:35:00,Uno M404,0.0,0.02673,0.0,0.0,0.0,0.0,0.09964,0.00219,0.0,0.0,0.0,0.0108,0.0,0.0,0.0,0.0,0.0,0.19269999999999998
2025-09-14 17:40:00,Uno M404,0.0,1.16059,0.0,0.0,0.0,0.0,0.09945999999999999,0.00213,0.0,0.0,0.0,0.009630000000000001,0.0,0.0,0.0,0.0,0.0,1.3249300000000002
2025-09-14 17:45:00,Uno M404,0.0,0.02658,0.0,0.0,0.0,0.0,0.08917,0.00209,0.0,0.0,0.0,0.007679999999999999,0.0,0.0,0.0,0.0,0.0,0.18112999999999999
2025-09-14 17:50:00,Uno M404,0.0,0.026600000000000002,0.0,0.0,0.0,0.0,0.08564,0.00219,0.0,0.0,0.0,0.004019999999999999,0.0,0.0,0.0,0.0,0.0,0.17744
2025-09-14 17:55:00,Uno M404,0.0,0.0263,0.0,0.0,0.0,0.0,0.08562,0.00221,0.0,0.0,0.0,0.00441,0.0,0.0,0.0,0.0,0.0,0.17658000000000001
2025-09-14 18:00:00,Uno M404,0.0,1.16093,0.0,0.0,0.0,0.0,0.08702,0.00227,0.0,0.0,0.0,0.00381,0.0,0.0,0.0,0.0,0.0,1.3133800000000002
2025-09-14 18:05:00,Uno M404,0.0,0.02588,0.0,0.0,0.11227,0.0,0.08745,0.00221,0.0,0.0,0.0,0.14767,0.0,3.32823,0.009349999999999999,0.00148,0.0,3.51492
2025-09-14 18:10:00,Uno M404,0.0,0.02675,0.0,0.0,0.08508,0.0,0.08662,0.0023799999999999997,0.0,0.0,0.0,0.11798,0.0,0.0,0.009859999999999999,0.0,0.0,0.21189
2025-09-14 18:15:00,Uno M404,0.0,0.0257,0.0,0.0,0.0,0.0,0.08742,0.0022400000000000002,0.0,0.0,0.0,0.033,0.0,3.2620500000000003,0.00967,0.0,0.0,3.46942
2025-09-14 18:20:00,Uno M404,0.0,1.13651,0.0,0.0,0.0,0.0,0.0873,0.00248,0.0,0.0,0.0,0.033030000000000004,0.0,3.19483,0.00951,0.0,0.0,4.51158
2025-09-14 18:25:00,Uno M404,0.0,1.14254,0.0,0.0,0.0,0.0,0.08849,0.00219,0.0,0.0,0.0,0.03681,0.0,0.0,0.0,0.00209,0.0,1.31501
2025-09-14 18:30:00,Uno M404,0.0,0.02604,0.0,0.0,0.0,0.0,0.08681,0.00211,0.0,0.0,0.0,0.04388,0.0,0.0,0.0,0.00155,0.0,0.19729
2025-09-14 18:35:00,Uno M404,0.0,0.02603,0.0,0.0,0.0,0.0,0.08489000000000001,0.0019199999999999998,0.0,0.0,0.0,0.06465,0.0,0.0,0.0,0.00166,0.0,0.19588
2025-09-14 18:40:00,Uno M404,0.0,0.02552,0.0,0.0,0.0,0.0,0.08728,0.00177,0.0,0.0,0.0,0.045340000000000005,0.0,0.0,0.0,0.002,0.0,0.1364
2025-09-14 18:45:00,Uno M404,0.027809999999999998,0.02557,0.0,0.0,0.08606,0.0,0.13135,0.02189,0.0,0.005719999999999999,0.0,0.16556,0.0,0.0,0.0,0.00183,0.0,0.18059
2025-09-14 18:50:00,Uno M404,0.028030000000000003,0.02637,0.0,0.0,0.0,0.0,0.13154,0.02204,0.0,0.0057,0.0,0.09428,0.0,0.0,0.0,0.0019199999999999998,0.0,0.18192
2025-09-14 18:55:00,Uno M404,0.02792,0.02638,0.0,0.0,0.0,0.0,0.13336,0.022019999999999998,0.0,0.0056500000000000005,0.0,0.09026999999999999,0.0,0.0,0.0,0.00166,0.0,0.18361000000000002
2025-09-14 19:00:00,Uno M404,0.027960000000000002,0.02631,0.0,0.0,0.0,0.0,0.13513999999999998,0.02195,0.0,0.005719999999999999,0.0,0.09006,0.0,0.0,0.0,0.00181,0.0,0.18515
2025-09-14 19:05:00,Uno M404,0.05098,0.02655,0.0,0.0,0.0,0.0,0.06037,0.022010000000000002,0.0,0.02852,0.0,0.10334,0.0,0.0,0.01265,0.01559,0.0,0.12448000000000001
2025-09-14 19:10:00,Uno M404,0.03021,0.0,0.0,0.0,0.0,0.0,0.060770000000000005,0.00013000000000000002,0.0,0.02818,0.0,0.09015000000000001,0.0,0.0,0.01142,0.00209,0.0,0.07648999999999999
2025-09-14 19:15:00,Uno M404,0.03004,0.0,0.0,0.0,0.09776,0.0,0.06019,0.00011,0.0,0.027899999999999998,0.0,0.18713,0.0,0.0,0.01166,0.00206,0.0,0.07596
2025-09-14 19:20:00,Uno M404,0.03,0.0,0.0,0.0,0.08391,0.0,0.05999,0.00011999999999999999,0.0,0.028030000000000003,0.0,0.17344,0.0,0.0,0.01141,0.00212,0.0,0.07606
2025-09-14 19:25:00,Uno M404,0.030449999999999998,0.0,0.0,0.0,0.0,0.0,0.06017,0.0002,0.0,0.028579999999999998,0.0,0.09051000000000001,0.0,0.0,0.01112,0.002,0.0,0.07559
2025-09-14 19:30:00,Uno M404,0.03071,0.0,0.0,0.0,0.0,0.0,0.060149999999999995,0.00035,0.0,0.02856,0.0,0.08992,0.0,0.0,0.01108,0.00213,0.0,0.0755
2025-09-14 19:35:00,Uno M404,0.03086,0.0,0.0,0.0,0.0,0.0,0.06063,0.00014000000000000001,0.0,0.028829999999999998,0.0,0.10392,0.0,0.0,0.0,0.01548,0.0,0.06339
2025-09-14 19:40:00,Uno M404,0.03073,0.0,0.0,0.0,0.0,0.0,0.06016,0.00022,0.0,0.02872,0.0,0.10406,0.0,0.0,-1e-05,0.015460000000000002,0.0,0.08416
2025-09-14 19:45:00,Uno M404,5.9999999999999995e-05,0.0,0.0,0.0,0.0,0.0,0.060289999999999996,0.00074,0.0,0.0,0.0,0.10392,0.0,0.0,0.0,0.01526,0.0,0.0843
2025-09-14 19:50:00,Uno M404,0.03108,0.0,0.0,0.0,0.0,0.0,0.06025,0.0004,0.0,0.02914,0.0,0.10402,0.0,0.0,-1e-05,0.01526,0.0,0.08475
2025-09-14 19:55:00,Uno M404,0.02444,0.0,0.0,0.0,0.1085,0.0,0.02832,0.00015,0.0,0.02239,0.0,0.15178999999999998,0.0,0.0,-2e-05,0.0,0.0,0.03151
2025-09-14 20:00:00,Uno M404,0.02477,0.0,0.0,0.0,0.08843000000000001,0.0,0.02819,0.00025,0.0,0.022690000000000002,0.0,0.13175,0.0,0.0,0.0,0.0,0.0,0.03143
2025-09-14 20:05:00,Uno M404,0.024739999999999998,0.0,0.0,0.0,0.0,0.0,0.02816,0.00026000000000000003,0.0,0.022699999999999998,0.0,0.04394,0.0,0.0,0.0,0.0,0.0,0.03143
2025-09-14 20:10:00,Uno M404,0.02472,0.0,0.0,0.0,0.0,0.0,0.028120000000000003,0.0002,0.0,0.022699999999999998,0.0,0.04392,0.0,0.0,-2e-05,0.0,0.0,0.0312
2025-09-14 20:15:00,Uno M404,0.0249,0.0,0.0,0.0,0.0,0.0,0.028140000000000002,0.00014000000000000001,0.0,0.02274,0.0,0.0441,0.0,0.0,0.0,0.0,0.0,0.03149
2025-09-14 20:20:00,Uno M404,0.024489999999999998,0.0,0.0,0.0,0.0,0.0,0.028149999999999998,0.00026000000000000003,0.0,0.022609999999999998,0.0,0.044039999999999996,0.0,0.0,0.0,0.0,0.0,0.03137
2025-09-14 20:25:00,Uno M404,0.024210000000000002,0.0,0.0,0.0,0.0,0.0,0.02825,0.00011999999999999999,0.0,0.02229,0.0,0.04302,0.0,0.0,-1e-05,0.0,0.0,0.03148
2025-09-14 20:30:00,Uno M404,0.02462,0.0,0.0,0.0,0.0,0.0,0.02829,5.9999999999999995e-05,0.0,0.02259,0.0,0.04187,0.0,0.0,0.0,0.0,0.0,0.0313
2025-09-14 20:35:00,Uno M404,0.02444,0.0,0.0,0.0,0.0,0.0,0.0282,0.00011999999999999999,0.0,0.02264,0.0,0.04086,0.0,0.0,0.0,0.0,0.0,0.03165
2025-09-14 20:40:00,Uno M404,0.0246,0.0,0.0,0.0,0.09118000000000001,0.0,0.0281,0.00013000000000000002,0.0,0.02262,0.0,0.13049000000000002,0.0,0.0,-1e-05,0.0,0.0,0.03147
2025-09-14 20:45:00,Uno M404,0.024399999999999998,0.0,0.0,0.0,0.0,0.0,0.02819,0.00019,0.0,0.02239,0.0,0.039259999999999996,0.0,0.0,0.0,0.0,0.0,0.03141
2025-09-14 20:50:00,Uno M404,0.024390000000000002,0.0,0.0,0.0,0.0,0.0,0.028050000000000002,0.00017999999999999998,0.0,0.02256,0.0,0.03846,0.0,0.0,0.0,0.0,0.0,0.03135
2025-09-14 20:55:00,Uno M404,0.024329999999999997,0.0,0.0,0.0,0.0,0.0,0.02813,0.00047,0.0,0.022359999999999998,0.0,0.03791,0.0,0.0,0.0,0.0,0.0,0.03134
2025-09-14 21:00:00,Uno M404,0.024329999999999997,0.0,0.0,0.0,0.0,0.0,0.02819,7.000000000000001e-05,0.0,0.02243,0.0,0.03749,0.0,0.0,-2e-05,0.0,0.0,0.03131
2025-09-14 21:05:00,Uno M404,0.022969999999999997,0.0,0.0,0.0,0.0,0.0,0.02826,0.0,0.0,0.02116,0.0,0.03846,0.0,0.0,0.0,0.0,0.0,0.03125
2025-09-14 21:10:00,Uno M404,0.022969999999999997,0.0,0.0,0.0,0.0,0.0,0.02829,0.0,0.0,0.0211,0.0,0.03493,0.0,0.0,0.0,0.0,0.0,0.03121
2025-09-14 21:15:00,Uno M404,0.02302,0.0,0.0,0.0,0.0984,0.0,0.02826,5.9999999999999995e-05,0.0,0.02116,0.0,0.13287000000000002,0.0,0.0,0.0,0.0,0.0,0.03116
2025-09-14 21:20:00,Uno M404,0.023149999999999997,0.0,0.0,0.0,0.08156000000000001,0.0,0.0282,4e-05,0.0,0.02131,0.0,0.11633,0.0,0.0,0.0,0.0,0.0,0.031149999999999997
2025-09-14 21:25:00,Uno M404,0.02311,0.0,0.0,0.0,0.0,0.0,0.02832,2e-05,0.0,0.02133,0.0,0.03507,0.0,0.0,0.0,0.0,0.0,0.03137
2025-09-14 21:30:00,Uno M404,0.02327,0.0,0.0,0.0,0.0,0.0,0.02827,4e-05,0.0,0.02134,0.0,0.03388,0.0,0.0,0.0,0.0,0.0,0.03147
2025-09-14 21:35:00,Uno M404,0.04364,0.0,0.0,0.0,0.0,0.0,0.02828,0.02184,0.0,0.02138,0.0,0.056299999999999996,0.0,0.0,-1e-05,0.0,0.0,0.05263
2025-09-14 21:40:00,Uno M404,0.043840000000000004,0.0,0.0,0.0,0.0,0.0,0.0282,0.02197,0.0,0.02147,0.0,0.03344,0.0,0.0,0.0,0.0,0.0,0.05241
2025-09-14 21:45:00,Uno M404,0.023399999999999997,0.0,0.0,0.0,0.11170999999999999,0.0,0.028120000000000003,0.00020999999999999998,0.0,0.0215,0.0,0.14495,0.0,0.0,0.0,0.0,0.0,0.03139
2025-09-14 21:50:00,Uno M404,0.0233,0.0,0.0,0.0,0.08639,0.0,0.028079999999999997,0.0005200000000000001,0.0,0.02148,0.0,0.11928,0.0,0.0,0.0,0.0,0.0,0.03135
2025-09-14 21:55:00,Uno M404,0.02327,0.0,0.0,0.0,0.0,0.0,0.02818,0.0004,0.0,0.02144,0.0,0.03349,0.0,0.0,0.0,0.0,0.0,0.031239999999999997
2025-09-14 22:00:00,Uno M404,0.02314,0.0,0.0,0.0,0.0,0.0,0.028120000000000003,0.00031,0.0,0.02129,0.0,0.03359,0.0,0.0,-1e-05,0.0,0.0,0.03128
2025-09-14 22:05:00,Uno M404,0.023350000000000003,0.0,0.0,0.0,0.0,0.0,0.02816,0.00035999999999999997,0.0,0.02136,0.0,0.03352,0.0,0.0,0.0,0.0,0.0,0.03129
2025-09-14 22:10:00,Uno M404,0.0232,0.0,0.0,0.0,0.0,0.0,0.02818,0.00031,0.0,0.0212,0.0,0.0559,0.0,0.0,0.0,0.0022,0.0,0.03128
2025-09-14 22:15:00,Uno M404,0.02135,0.0,0.0,0.0,0.0,0.0,0.0599,0.0219,0.0,0.0,0.0,0.05193,0.0,0.0,0.0,0.00227,0.0,0.08415
2025-09-14 22:20:00,Uno M404,0.02168,0.0,0.0,0.0,0.0,0.0,0.05915,0.0221,0.0,0.0,0.0,0.06995,0.0,0.0,0.0,0.00229,0.0,0.08374
2025-09-14 22:25:00,Uno M404,0.02163,0.0,0.0,0.0,0.09443,0.0,0.05896,0.02213,0.0,0.0,0.0,0.13679,0.0,0.0,0.0,0.00221,0.0,0.08312
2025-09-14 22:30:00,Uno M404,4e-05,0.0,0.0,0.0,0.08015,4e-05,0.05888,0.00113,0.0,0.0,0.0,0.14973,0.0,0.0,0.0,0.0022400000000000002,0.0,0.08301
2025-09-14 22:35:00,Uno M404,1e-05,0.0,0.0,0.0,0.0,0.00019,0.05879,0.0016200000000000001,0.0,0.0,0.0,0.07011,0.0,0.0,0.009710000000000002,0.0019,0.0,0.09384
2025-09-14 22:40:00,Uno M404,0.00015,0.0,0.0,0.0,0.0,4e-05,0.05881,0.00134,0.0,0.0,0.0,0.06885,0.0,0.0,0.0,0.0021000000000000003,0.0,0.08279
2025-09-14 22:45:00,Uno M404,0.00013000000000000002,0.0,0.0,0.0,0.0,5.9999999999999995e-05,0.05885,0.0018700000000000001,0.0,0.0,0.0,0.04266,0.0,0.0,0.0,0.00226,0.0,0.08343
2025-09-14 22:50:00,Uno M404,0.02153,0.0,0.0,0.0,0.0,0.00011,-0.00031,0.02213,0.0,0.0,0.0,0.03549,0.0,0.0,0.0,0.00226,0.0,0.022879999999999998
2025-09-14 22:55:00,Uno M404,0.0,0.026609999999999998,0.0,0.0,0.0,0.0,-0.00017999999999999998,0.00161,0.0,0.0,0.0,0.00419,0.0,0.0,-1e-05,0.0,0.0,0.11045999999999999
2025-09-14 23:00:00,Uno M404,0.0,1.03832,0.0,0.0,0.10926000000000001,0.0,-2e-05,0.00157,0.0,0.0,0.0,0.11278,0.0,0.0,0.0,0.0,0.0,1.1191600000000002
2025-09-14 23:05:00,Uno M404,0.0,0.026600000000000002,0.0,0.0,0.08503,0.0,-0.00053,0.00126,0.0,0.0,0.0,0.088,0.0,0.0,0.0,0.0,0.0,0.10698
2025-09-14 23:10:00,Uno M404,0.0,0.0265,0.0,0.0,0.0,0.0,-5.9999999999999995e-05,0.00113,0.0,0.0,0.0,0.0035499999999999998,0.0,0.0,0.0,0.0,0.0,0.10572
2025-09-14 23:15:00,Uno M404,0.0,0.02671,0.0,0.0,0.0,0.0,-5.9999999999999995e-05,0.00135,0.0,0.0,0.0,0.0035800000000000003,0.0,0.0,0.0,0.0,0.0,0.10546
2025-09-14 23:20:00,Uno M404,0.0,0.02677,0.0,0.0,0.0,0.0,-0.00032,0.00108,0.0,0.0,0.0,0.0038599999999999997,0.0,0.0,0.0,0.0,0.0,0.10481
2025-09-14 23:25:00,Uno M404,0.0,0.02659,0.0,0.0,0.0,0.0,-0.00015,0.00128,0.0,0.0,0.0,0.00411,0.0,0.0,0.0,0.0,0.0,0.10459
2025-09-14 23:30:00,Uno M404,0.0,0.02664,0.0,0.0,0.0,0.0,-1e-05,0.00141,0.0,0.0,0.0,0.00379,0.0,0.0,0.0,0.0,0.0,0.10389
2025-09-14 23:35:00,Uno M404,0.0,1.14825,0.0,0.0,0.0,0.0,0.0,0.00107,0.0,0.0,0.0,0.00439,0.0,0.0,-1e-05,0.0,0.0,1.22513
2025-09-14 23:40:00,Uno M404,0.00014000000000000001,0.02673,0.0,0.0,0.09353,0.0,-0.00019,0.00087,0.0,0.0,0.0,0.09727,0.0,0.0,0.0,0.0,0.0,0.10449
2025-09-14 23:45:00,Uno M404,0.0,0.02665,0.0,0.0,0.0,0.0,-1e-05,0.00092,0.0,0.0,0.0,0.00361,0.0,0.0,0.0,0.0,0.0,0.0925
2025-09-14 23:50:00,Uno M404,1e-05,0.026879999999999998,0.0,0.0,0.0,0.0,-0.00011999999999999999,0.00058,0.0,0.0,0.0,0.004070000000000001,0.0,0.0,0.0,0.0,0.0,0.09267
2025-09-14 23:55:00,Uno M404,0.0,0.02624,0.0,0.0,0.0,0.0,-2e-05,0.00093,0.0,0.0,0.0,0.00411,0.0,0.0,0.0,0.0,0.0,0.09226000000000001
2025-09-15 00:00:00,Uno M404,0.0,1.1461,0.0,0.0,0.0,0.0,0.0,0.001,0.0,0.0,0.0,0.00417,0.0,0.0,0.0,0.0,0.0,1.21151
2025-09-15 00:05:00,Uno M404,0.0,0.02633,0.0,0.0,0.0,0.0,-5e-05,0.00047,0.0,0.0,0.0,0.00395,0.0,0.0,0.0,0.0,0.0,0.0922
2025-09-15 00:10:00,Uno M404,5e-05,0.02619,0.0,0.0,0.0,0.0,-2e-05,0.00066,0.0,0.0,0.0,0.00423,0.0,0.0,0.0,0.0,0.0,0.09203
2025-09-15 00:15:00,Uno M404,4e-05,0.02628,0.0,0.0,0.12744,0.0,0.0,0.00065,0.0,0.0,0.0,0.13094,0.0,0.0,0.0,0.0,0.0,0.09236
2025-09-15 00:20:00,Uno M404,0.0,1.142,0.0,0.0,0.08693000000000001,0.0,0.0,0.0009699999999999999,0.0,0.0,0.0,0.09093000000000001,0.0,0.0,0.0,0.0,0.0,1.2076600000000002
2025-09-15 00:25:00,Uno M404,0.0,0.026170000000000002,0.0,0.0,0.0,0.0,-1e-05,0.0010400000000000001,0.0,0.0,0.0,0.0035600000000000002,0.0,0.0,0.0,0.0,0.0,0.09185
2025-09-15 00:30:00,Uno M404,2e-05,0.02632,0.0,0.0,0.0,0.0,0.0,0.00107,0.0,0.0,0.0,0.00372,0.0,0.0,0.0,0.0,0.0,0.09222
2025-09-15 00:35:00,Uno M404,1e-05,0.02641,0.0,0.0,0.0,0.0,-4e-05,0.00111,0.0,0.0,0.0,0.00365,0.0,0.0,0.0,0.0,0.0,0.09212999999999999
2025-09-15 00:40:00,Uno M404,0.0,1.14396,0.0,0.0,0.0,0.0,0.0,0.00108,0.0,0.0,0.0,0.00369,0.0,0.0,0.0,0.0,0.0,1.20866
2025-09-15 00:45:00,Uno M404,0.0,0.02637,0.0,0.0,0.0,0.0,-1e-05,0.00127,0.0,0.0,0.0,0.00348,0.0,0.0,0.0,0.0,0.0,0.09212000000000001
2025-09-15 00:50:00,Uno M404,4e-05,0.02644,0.0,0.0,0.0,0.0,-2e-05,0.0009699999999999999,0.0,0.0,0.0,0.004030000000000001,0.0,0.0,-1e-05,0.0,0.0,0.09259
2025-09-15 00:55:00,Uno M404,1e-05,0.02665,0.0,0.0,0.09902,0.0,-5.9999999999999995e-05,0.0016699999999999998,0.0,0.0,0.0,0.10246,0.0,0.0,0.0,0.0,0.0,0.09322
2025-09-15 01:00:00,Uno M404,5e-05,1.15348,0.0,0.0,0.08379,0.0,-1e-05,0.00115,0.0,0.0,0.0,0.08743000000000001,0.0,0.0,0.0,0.0,0.0,1.2193800000000001
2025-09-15 01:05:00,Uno M404,0.0,0.02666,0.0,0.0,0.0,0.0,-2e-05,0.0011200000000000001,0.0,0.0,0.0,0.004070000000000001,0.0,0.0,0.0,0.0,0.0,0.09415000000000001
2025-09-15 01:10:00,Uno M404,0.0,0.026600000000000002,0.0,0.0,0.0,0.0,-4e-05,0.00095,0.0,0.0,0.0,0.00577,0.0,0.0,0.0,0.0,0.0,0.09387000000000001
2025-09-15 01:15:00,Uno M404,0.0,1.14936,0.0,0.0,0.0,0.0,0.0,0.00132,0.0,0.0,0.0,0.00423,0.0,0.0,0.0,0.0,0.0,1.2162
2025-09-15 01:20:00,Uno M404,0.0,0.026809999999999997,0.0,0.0,0.0,0.0,-0.00011,0.00111,0.0,0.0,0.0,0.00368,0.0,0.0,0.0,0.0,0.0,0.09437999999999999
2025-09-15 01:25:00,Uno M404,0.0,0.0265,0.0,0.0,0.0,0.0,-8.999999999999999e-05,0.00115,0.0,0.0,0.0,0.004019999999999999,0.0,0.0,0.0,0.0,0.0,0.09386
2025-09-15 01:30:00,Uno M404,0.0,0.026699999999999998,0.0,0.0,0.0,0.0,0.0,0.0008900000000000001,0.0,0.0,0.0,0.00474,0.0,0.0,0.0,0.0,0.0,0.09375
2025-09-15 01:35:00,Uno M404,0.0,0.02684,0.0,0.0,0.0,0.0,-2e-05,0.00058,0.0,0.0,0.0,0.00442,0.0,0.0,0.0,0.0,0.0,0.09476000000000001
2025-09-15 01:40:00,Uno M404,0.0,0.02673,0.0,0.0,0.09395999999999999,0.0,-1e-05,0.00046,0.0,0.0,0.0,0.09820000000000001,0.0,0.0,-1e-05,0.0,0.0,0.09423999999999999
2025-09-15 01:45:00,Uno M404,0.0,0.02684,0.0,0.0,0.0,0.0,-1e-05,0.0010500000000000002,0.0,0.0,0.0,0.00425,0.0,0.0,0.0,0.0,0.0,0.09469
2025-09-15 01:50:00,Uno M404,0.0,1.15195,0.0,0.0,0.0,0.0,0.0,0.00046,0.0,0.0,0.0,0.0041600000000000005,0.0,0.0,0.0,0.0,0.0,1.2190699999999999
2025-09-15 01:55:00,Uno M404,0.0,0.026969999999999997,0.0,0.0,0.0,0.0,0.0,0.0005899999999999999,0.0,0.0,0.0,0.00396,0.0,0.0,-1e-05,0.0,0.0,0.0953
2025-09-15 02:00:00,Uno M404,1e-05,0.026940000000000002,0.0,0.0,0.0,0.0,-1e-05,0.00045,0.0,0.0,0.0,0.00419,0.0,0.0,0.0,0.0,0.0,0.09547
2025-09-15 02:05:00,Uno M404,0.0,0.026809999999999997,0.0,0.0,0.0,0.0,0.0,0.00074,0.0,0.0,0.0,0.00417,0.0,0.0,0.0,0.0,0.0,0.09477
2025-09-15 02:10:00,Uno M404,0.0,0.02678,0.0,0.0,0.0,0.0,0.0,0.00026000000000000003,0.0,0.0,0.0,0.00452,0.0,0.0,0.0,0.0,0.0,0.09462999999999999
2025-09-15 02:15:00,Uno M404,2e-05,0.026850000000000002,0.0,0.0,0.0,0.0,-2e-05,0.00031,0.0,0.0,0.0,0.004070000000000001,0.0,0.0,-1e-05,0.0,0.0,0.09503
2025-09-15 02:20:00,Uno M404,0.0,0.02673,0.0,0.0,0.09369,0.0,0.0,0.00044,0.0,0.0,0.0,0.09759000000000001,0.0,0.0,0.0,0.0,0.0,0.0948
2025-09-15 02:25:00,Uno M404,2e-05,1.16797,0.0,0.0,0.0,0.0,0.0,0.00044,0.0,0.0,0.0,0.00456,0.0,0.0,0.0,0.0,0.0,1.23482
2025-09-15 02:30:00,Uno M404,0.0,0.02673,0.0,0.0,0.0,0.0,-1e-05,0.00073,0.0,0.0,0.0,0.004070000000000001,0.0,0.0,-1e-05,0.0,0.0,0.09487000000000001
2025-09-15 02:35:00,Uno M404,0.0,0.026719999999999997,0.0,0.0,0.0,0.0,-1e-05,0.00067,0.0,0.0,0.0,0.00439,0.0,0.0,0.0,0.0,0.0,0.09477
2025-09-15 02:40:00,Uno M404,0.0,1.1516600000000001,0.0,0.0,0.0,0.0,0.0,0.00041999999999999996,0.0,0.0,0.0,0.00432,0.0,0.0,0.0,0.0,0.0,1.21916
2025-09-15 02:45:00,Uno M404,1e-05,0.02662,0.0,0.0,0.0,0.0,0.0,0.00069,0.0,0.0,0.0,0.0039700000000000004,0.0,0.0,0.0,0.0,0.0,0.09467
2025-09-15 02:50:00,Uno M404,0.0,0.0268,0.0,0.0,0.0,0.0,-4e-05,0.00091,0.0,0.0,0.0,0.00434,0.0,0.0,0.0,0.0,0.0,0.09494
2025-09-15 02:55:00,Uno M404,0.0,1.14815,0.0,0.0,0.0,0.0,0.0,0.00076,0.0,0.0,0.0,0.00424,0.0,0.0,0.0,0.0,0.0,1.21603
2025-09-15 03:00:00,Uno M404,0.0,0.02689,0.0,0.0,0.0,0.0,0.0,0.00092,0.0,0.0,0.0,0.00425,0.0,0.0,0.0,0.0,0.0,0.09543
2025-09-15 03:05:00,Uno M404,1e-05,0.026510000000000002,0.0,0.0,0.09434999999999999,0.0,0.0,0.00047999999999999996,0.0,0.0,0.0,0.09837,0.0,0.0,0.0,0.0,0.0,0.09409000000000001
2025-09-15 03:10:00,Uno M404,4e-05,1.1481700000000001,0.0,0.0,0.08104,0.0,0.0,0.00049,0.0,0.0,0.0,0.08488,0.0,0.0,0.0,0.0,0.0,1.21564
2025-09-15 03:15:00,Uno M404,0.0,0.02674,0.0,0.0,0.0,0.0,0.0,0.00045,0.0,0.0,0.0,0.00405,0.0,0.0,0.0,0.0,0.0,0.09469
2025-09-15 03:20:00,Uno M404,0.0,0.0264,0.0,0.0,0.0,0.0,0.0,0.0004,0.0,0.0,0.0,0.004070000000000001,0.0,0.0,0.0,0.0,0.0,0.09437999999999999
2025-09-15 03:25:00,Uno M404,0.0,1.1523800000000002,0.0,0.0,0.0,0.0,0.0,0.00044,0.0,0.0,0.0,0.00387,0.0,0.0,0.0,0.0,0.0,1.21986
2025-09-15 03:30:00,Uno M404,2e-05,0.02675,0.0,0.0,0.0,0.0,0.0,0.00069,0.0,0.0,0.0,0.0040999999999999995,0.0,0.0,0.0,0.0,0.0,0.09465000000000001
2025-09-15 03:35:00,Uno M404,0.0,0.02655,0.0,0.0,0.0,0.0,0.0,0.00039,0.0,0.0,0.0,0.00464,0.0,0.0,0.0,0.0,0.0,0.09448000000000001
2025-09-15 03:40:00,Uno M404,2e-05,1.14356,0.0,0.0,0.0,0.0,0.0,0.00047,0.0,0.0,0.0,0.00405,0.0,0.0,0.0,0.0,0.0,1.2100799999999998
2025-09-15 03:45:00,Uno M404,0.0,0.02674,0.0,0.0,0.09453,0.0,0.0,0.00039,0.0,0.0,0.0,0.09831000000000001,0.0,0.0,0.0,0.0,0.0,0.09481999999999999
2025-09-15 03:50:00,Uno M404,0.0,0.026850000000000002,0.0,0.0,0.08152,0.0,-1e-05,0.00065,0.0,0.0,0.0,0.08492,0.0,0.0,0.0,0.0,0.0,0.09520999999999999
2025-09-15 03:55:00,Uno M404,0.0,1.1569500000000001,0.0,0.0,0.0,0.0,0.0,0.00041,0.0,0.0,0.0,0.00369,0.0,0.0,0.0,0.0,0.0,1.22458
2025-09-15 04:00:00,Uno M404,0.0,0.026789999999999998,0.0,0.0,0.0,0.0,-2e-05,0.00055,0.0,0.0,0.0,0.00368,0.0,0.0,0.0,0.0,0.0,0.09512000000000001
2025-09-15 04:05:00,Uno M404,0.0,0.02675,0.0,0.0,0.0,0.0,0.0,0.00126,0.0,0.0,0.0,0.0035800000000000003,0.0,0.0,-2e-05,0.0,0.0,0.09514
2025-09-15 04:10:00,Uno M404,8.999999999999999e-05,0.02698,0.0,0.0,0.0,0.0,-1e-05,0.00068,0.0,0.0,0.0,0.0034100000000000003,0.0,0.0,0.0,0.0,0.0,0.09517
2025-09-15 04:15:00,Uno M404,0.0,0.026850000000000002,0.0,0.0,0.0,0.0,-1e-05,0.00124,0.0,0.0,0.0,0.00375,0.0,0.0,0.0,0.0,0.0,0.09518
2025-09-15 04:20:00,Uno M404,0.0,0.02687,0.0,0.0,0.0,0.0,-1e-05,0.0011899999999999999,0.0,0.0,0.0,0.00352,0.0,0.0,-1e-05,0.0,0.0,0.09544
2025-09-15 04:25:00,Uno M404,0.0,0.02677,0.0,0.0,0.09522,0.0,-5e-05,0.00079,0.0,0.0,0.0,0.09852,0.0,0.0,0.0,0.0,0.0,0.09437999999999999
2025-09-15 04:30:00,Uno M404,7.000000000000001e-05,0.02691,0.0,0.0,0.08203,0.0,-5.9999999999999995e-05,0.00102,0.0,0.0,0.0,0.08576,0.0,0.0,0.0,0.0,0.0,0.09464
2025-09-15 04:35:00,Uno M404,8.999999999999999e-05,0.026879999999999998,0.0,0.0,0.0,0.0,-1e-05,0.00061,0.0,0.0,0.0,0.00375,0.0,0.0,0.0,0.0,0.0,0.09518
2025-09-15 04:40:00,Uno M404,0.0,0.026920000000000003,0.0,0.0,0.0,0.0,-2e-05,0.00099,0.0,0.0,0.0,0.0034500000000000004,0.0,0.0,0.0,0.0,0.0,0.09518
2025-09-15 04:45:00,Uno M404,0.0,0.02691,0.0,0.0,0.0,0.0,-0.00029,0.00115,0.0,0.0,0.0,0.00375,0.0,0.0,0.0,0.0,0.0,0.09468
2025-09-15 04:50:00,Uno M404,0.0,0.02671,0.0,0.0,0.0,0.0,-4e-05,0.00067,0.0,0.0,0.0,0.0034500000000000004,0.0,0.0,0.0,0.0,0.0,0.09464
2025-09-15 04:55:00,Uno M404,5e-05,0.02675,0.0,0.0,0.0,0.0,-2e-05,0.0008399999999999999,0.0,0.0,0.0,0.00373,0.0,0.0,0.0,0.0,0.0,0.09444
2025-09-15 05:00:00,Uno M404,2e-05,1.14682,0.0,0.0,0.0,0.0,-1e-05,0.00086,0.0,0.0,0.0,0.00346,0.0,0.0,0.0,0.0,0.0,1.21426
2025-09-15 05:05:00,Uno M404,0.0,0.02671,0.0,0.0,0.09442,0.0,0.0,0.00172,0.0,0.0,0.0,0.09789,0.0,0.0,0.0,0.0,0.0,0.09442
2025-09-15 05:10:00,Uno M404,0.0,0.02664,0.0,0.0,0.08111,0.0,-4e-05,0.00115,0.0,0.0,0.0,0.08416,0.0,0.0,0.0,0.0,0.0,0.09423999999999999
2025-09-15 05:15:00,Uno M404,0.0,0.02693,0.0,0.0,0.0,0.0,-4e-05,0.00075,0.0,0.0,0.0,0.00333,0.0,0.0,0.0,0.0,0.0,0.09484999999999999
2025-09-15 05:20:00,Uno M404,0.0,0.02684,0.0,0.0,0.0,0.0,0.0,0.00078,0.0,0.0,0.0,0.00372,0.0,0.0,0.0,0.0,0.0,0.09429000000000001
2025-09-15 05:25:00,Uno M404,0.0,1.14381,0.0,0.0,0.0,0.0,-5e-05,0.00094,0.0,0.0,0.0,0.00396,0.0,0.0,0.0,0.0,0.0,1.21068
2025-09-15 05:30:00,Uno M404,0.0,0.02671,0.0,0.0,0.0,0.0,-7.000000000000001e-05,0.0010500000000000002,0.0,0.0,0.0,0.0035600000000000002,0.0,0.0,0.0,0.0,0.0,0.0942
2025-09-15 05:35:00,Uno M404,0.0,0.02646,0.0,0.0,0.0,0.0,0.0,0.00127,0.0,0.0,0.0,0.00362,0.0,0.0,0.0,0.0,0.0,0.09329000000000001
2025-09-15 05:40:00,Uno M404,1e-05,0.02644,0.0,0.0,0.0,0.0,0.0,0.00122,0.0,0.0,0.0,0.00331,0.0,0.0,0.0,0.0,0.0,0.09293000000000001
2025-09-15 05:45:00,Uno M404,0.0,0.02637,0.0,0.0,0.09398000000000001,0.0,-1e-05,0.00061,0.0,0.0,0.0,0.09716,0.0,0.0,0.0,0.0,0.0,0.09273
2025-09-15 05:50:00,Uno M404,0.0,1.14106,0.0,0.0,0.08034000000000001,0.0,0.0,0.0008900000000000001,0.0,0.0,0.0,0.08331999999999999,0.0,0.0,0.0,0.0,0.0,1.2068299999999998
2025-09-15 05:55:00,Uno M404,2e-05,0.026350000000000002,0.0,0.0,0.0,0.0,-7.000000000000001e-05,0.00064,0.0,0.0,0.0,0.00347,0.0,0.0,0.0,0.0,0.0,0.09240999999999999
2025-09-15 06:00:00,Uno M404,0.0,0.026449999999999998,0.0,0.0,0.0,0.0,0.0,0.0011799999999999998,0.0,0.0,0.0,0.00359,0.0,0.0,0.0,0.0,0.0,0.09236
2025-09-15 06:05:00,Uno M404,4e-05,0.026109999999999998,0.0,0.0,0.0,0.0,-7.000000000000001e-05,0.0005200000000000001,0.0,0.0,0.0,0.0033900000000000002,0.0,0.0,0.0,0.0,0.0,0.0916
2025-09-15 06:10:00,Uno M404,0.0,0.02594,0.0,0.0,0.0,0.0,0.0,0.00098,0.0,0.0,0.0,0.00372,0.0,0.0,0.0,0.0,0.0,0.09092
2025-09-15 06:15:00,Uno M404,0.0,1.13096,0.0,0.0,0.0,0.0,0.0,0.00102,0.0,0.0,0.0,0.00362,0.0,0.0,0.0,0.0,0.0,1.19527
2025-09-15 06:20:00,Uno M404,0.0,0.02587,0.0,0.0,0.0,0.0,-1e-05,0.00054,0.0,0.0,0.0,0.00367,0.0,0.0,0.0,0.0,0.0,0.09023
2025-09-15 06:25:00,Uno M404,1e-05,0.02568,0.0,0.0,0.09523000000000001,0.0,0.0,0.0008,0.0,0.0,0.0,0.0986,0.0,0.0,0.0,0.0,0.0,0.08954000000000001
2025-09-15 06:30:00,Uno M404,0.0,0.02577,0.0,0.0,0.08087000000000001,0.0,-1e-05,0.00076,0.0,0.0,0.0,0.08406,0.0,0.0,0.0,0.0,0.0,0.08986
2025-09-15 06:35:00,Uno M404,0.0,0.02571,0.0,0.0,0.0,0.0,0.0,0.00075,0.0,0.0,0.0,0.00362,0.0,0.0,0.0,0.0,0.0,0.08959
2025-09-15 06:40:00,Uno M404,2e-05,1.1207,0.0,0.0,0.0,0.0,0.0,0.00068,0.0,0.0,0.0,0.00346,0.0,0.0,0.0,0.0,0.0,1.1833699999999998
2025-09-15 06:45:00,Uno M404,0.0,0.02548,0.0,0.0,0.0,0.0,-1e-05,0.00087,0.0,0.0,0.0,0.00354,0.0,0.0,0.0,0.0,0.0,0.08837
2025-09-15 06:50:00,Uno M404,0.0,0.02556,0.0,0.0,0.0,0.0,0.0,0.00125,0.0,0.0,0.0,0.00365,0.0,0.0,0.0,0.0,0.0,0.08974
2025-09-15 06:55:00,Uno M404,0.0,0.02558,0.0,0.0,0.0,0.0,-1e-05,0.00109,0.0,0.0,0.0,0.0034500000000000004,0.0,0.0,0.0,0.0,0.0,0.08925
2025-09-15 07:00:00,Uno M404,0.0,0.02579,0.0,0.0,0.0,0.0,0.0,0.0013700000000000001,0.0,0.0,0.0,0.00376,0.0,0.0,0.0,0.0,0.0,0.09015000000000001
2025-09-15 07:05:00,Uno M404,0.0,1.12924,0.0,0.0,0.09749,0.0,0.0,0.00093,0.0,0.0,0.0,0.1008,0.0,0.0,0.0,0.0,0.0,1.1928299999999998
2025-09-15 07:10:00,Uno M404,0.02913,0.02571,0.0,0.0,0.08195999999999999,0.0,-1e-05,0.00039,0.0,0.02739,0.0,0.08564,0.0,0.0,0.06983,0.0,0.0,0.16056
2025-09-15 07:15:00,Uno M404,3.1822199999999996,0.02577,0.0,3.1543099999999997,0.0,0.0,-5e-05,0.0007199999999999999,0.0,0.0264,0.0,0.00375,0.0,0.0,0.06502,0.0,0.0,0.15578
2025-09-15 07:20:00,Uno M404,0.02912,0.02547,0.0,0.0,0.0,0.0,0.0,0.00023999999999999998,0.0,0.02693,0.0,0.00398,0.0,0.0,0.06445000000000001,0.0,0.0,0.15459
2025-09-15 07:25:00,Uno M404,3.23036,0.0257,0.0,3.20219,0.0,0.0,-1e-05,0.00045,0.0,0.0265,0.0,0.00424,0.0,0.0,0.06024,0.0,0.0,0.15103
2025-09-15 07:30:00,Uno M404,3.25823,0.025589999999999998,0.0,3.22991,0.0,0.0,-2e-05,0.00020999999999999998,0.0,0.02662,0.0,0.00425,0.0,0.0,0.05848,0.0,0.0,0.14851
2025-09-15 07:35:00,Uno M404,3.2015100000000003,0.02584,0.0,3.1739499999999996,0.0,0.0,0.0,5e-05,0.0,0.0261,0.0,0.00439,0.0,0.0,0.05755,0.0,0.0,0.14884
2025-09-15 07:40:00,Uno M404,3.2042800000000002,0.0,0.0,3.17671,0.0,0.0,-1e-05,1e-05,0.0,0.02614,0.0,0.00452,0.0,0.0,0.06049,0.0,0.0,0.12614
2025-09-15 07:45:00,Uno M404,3.19932,0.0,0.0,3.1716100000000003,0.10165,0.0,-0.00011,0.0,0.0,0.02619,0.0,0.10625,0.0,0.0,0.059789999999999996,0.0,0.0,0.12522
2025-09-15 07:50:00,Uno M404,0.00705,0.0,0.0,0.0,0.08299,0.0,-2e-05,0.0,0.0,0.00558,0.0,0.15047,0.0,0.0,0.05989,0.0,0.0,0.12398
2025-09-15 07:55:00,Uno M404,0.0070999999999999995,0.0,0.0,0.0,0.0,0.0,-1e-05,0.0,0.0,0.00552,0.0,0.061799999999999994,0.0,0.0,0.06489,0.00207,0.0,0.12941999999999998
2025-09-15 08:00:00,Uno M404,0.00714,0.0,0.0,0.0,0.0,0.0,0.0,0.0,0.0,0.00574,0.0,0.05797,0.0,0.0,0.06996,0.0019199999999999998,0.0,0.15702000000000002
2025-09-15 08:05:00,Uno M404,3.07805,0.0,0.0,0.0,0.0,0.0,0.0,0.02184,3.0501799999999997,0.0055,0.0,0.051770000000000004,0.0,0.0,0.06132,0.0022,0.0,0.14714
2025-09-15 08:10:00,Uno M404,3.08181,0.0,0.0,0.0,0.0,0.0,-1e-05,0.02174,3.05404,0.0054800000000000005,0.0,0.055619999999999996,0.0,0.0,0.056299999999999996,0.00215,0.0,0.14163
2025-09-15 08:15:00,Uno M404,3.30478,0.0,0.0,0.0,0.0,0.0,-0.00031,0.02208,3.27671,0.00564,0.0,0.05718,0.0,0.0,0.0503,0.0022299999999999998,0.0,0.14021
2025-09-15 08:20:00,Uno M404,0.02168,0.0,0.0,0.0,0.0,0.0,-5.9999999999999995e-05,0.02221,0.0,0.0,0.0,0.05686,0.0,0.0,0.04453,0.0019299999999999999,0.0,0.13343
2025-09-15 08:25:00,Uno M404,0.02146,0.0,0.0,0.0,0.0,0.0,0.01329,0.02191,0.0,0.0,0.0,0.05089,0.0,0.0,0.01211,0.00215,0.0,0.03015
2025-09-15 08:30:00,Uno M404,0.0,0.0,0.0,0.0,0.0877,0.0,0.01345,0.00011999999999999999,0.0,0.0,0.0,0.1305,0.0,0.0,-1e-05,0.00195,0.0,0.01661
2025-09-15 08:35:00,Uno M404,0.0,0.0,0.0,0.0,0.0,0.0,0.0135,0.00041999999999999996,0.0,0.0,0.0,0.03392,0.0,0.0,0.0,0.0,0.0,0.01648
2025-09-15 08:40:00,Uno M404,0.0,0.0,0.0,0.0,0.0,0.0,-5.9999999999999995e-05,0.00025,0.0,0.0,0.0,0.004690000000000001,0.0,0.0,-1e-05,0.0,0.0,0.0005899999999999999
2025-09-15 08:45:00,Uno M404,1e-05,0.0,0.0,0.0,0.0,0.0,-5.9999999999999995e-05,0.00020999999999999998,0.0,0.0,0.0,0.0046500000000000005,0.0,0.0,0.0,0.0,0.0,0.0008900000000000001
2025-09-15 08:50:00,Uno M404,0.0,0.0,0.0,0.0,0.0,0.0,0.0,0.00034,0.0,0.0,0.0,0.00422,0.0,0.0,0.0,0.0,0.0,0.00047
2025-09-15 08:55:00,Uno M404,0.0,0.0,0.0,0.0,0.0,0.0,-1e-05,0.00041999999999999996,0.0,0.0,0.0,0.00422,0.0,0.0,0.0,0.0,0.0,0.00073
2025-09-15 09:00:00,Uno M404,0.0,0.0,0.0,0.0,0.0,0.0,0.0,0.00038,0.0,0.0,0.0,0.00415,0.0,0.0,0.0,0.0,0.0,0.00058
2025-09-15 09:05:00,Uno M404,0.0,0.0,0.0,0.0,0.0,0.0,0.0,0.0002,0.0,0.0,0.0,0.00463,0.0,0.0,-1e-05,0.0,0.0,0.00099
2025-09-15 09:10:00,Uno M404,0.0,0.0,0.0,0.0,0.09207,0.0,0.0,0.00013000000000000002,0.0,0.0,0.0,0.09595000000000001,0.0,0.0,0.0,0.0,0.0,0.00068
2025-09-15 09:15:00,Uno M404,2e-05,0.0,0.0,0.0,0.0,0.0,0.0,5.9999999999999995e-05,0.0,0.0,0.0,0.00456,0.0,0.0,-2e-05,0.0,0.0,0.00086
2025-09-15 09:20:00,Uno M404,0.0,0.0,0.0,0.0,0.0,0.0,0.0,0.00019,0.0,0.0,0.0,0.00422,0.0,0.0,0.0,0.0,0.0,0.00147
2025-09-15 09:25:00,Uno M404,0.0,0.0,0.0,0.0,0.0,0.0,0.0,0.00028000000000000003,0.0,0.0,0.0,0.00457,0.0,0.0,0.0,0.0,0.0,0.00062
2025-09-15 09:30:00,Uno M404,0.0,0.0,0.0,0.0,0.0,0.0,0.0,0.00015,0.0,0.0,0.0,0.00451,0.0,0.0,0.0,0.0,0.0,0.00065
2025-09-15 09:35:00,Uno M404,1e-05,0.0,0.0,0.0,0.0,0.0,0.0,0.00035999999999999997,0.0,0.0,0.0,0.004719999999999999,0.0,0.0,0.0,0.0,0.0,0.00098
2025-09-15 09:40:00,Uno M404,0.0,0.0,0.0,0.0,0.0,0.0,-2e-05,0.00026000000000000003,0.0,0.0,0.0,0.00429,0.0,0.0,0.0,0.0,0.0,0.00113
2025-09-15 09:45:00,Uno M404,0.0,0.0,0.0,0.0,0.0,0.0,-1e-05,0.00028000000000000003,0.0,0.0,0.0,0.00419,0.0,0.0,-1e-05,0.0,0.0,0.0007199999999999999
2025-09-15 09:50:00,Uno M404,0.0,0.0,0.0,0.0,0.0,0.0,-1e-05,0.00027,0.0,0.0,0.0,0.00429,0.0,0.0,0.0,0.0,0.0,0.00085
2025-09-15 09:55:00,Uno M404,0.0,0.0,0.0,0.0,0.093,0.0,0.0,5.9999999999999995e-05,0.0,0.0,0.0,0.0969,0.0,0.0,0.0,0.0,0.0,0.0005600000000000001
2025-09-15 10:00:00,Uno M404,0.0,0.0,0.0,0.0,0.08045999999999999,0.0,0.0,0.00031,0.0,0.0,0.0,0.08447,0.0,0.0,0.0,0.0,0.0,0.00087
2025-09-15 10:05:00,Uno M404,0.0,0.0,0.0,0.0,0.0,0.0,0.0,0.00055,0.0,0.0,0.0,0.00409,0.0,0.0,0.0,0.0,0.0,0.00053
2025-09-15 10:10:00,Uno M404,0.0,0.0,0.0,0.0,0.0,0.0,0.0,0.00015,0.0,0.0,0.0,0.00412,0.0,0.0,0.0,0.0,0.0,0.00125
2025-09-15 10:15:00,Uno M404,0.0,0.0,0.0,0.0,0.0,0.0,-1e-05,0.00016,0.0,0.0,0.0,0.00432,0.0,0.0,0.0,0.0,0.0,0.00049
2025-09-15 10:20:00,Uno M404,4e-05,0.0,0.0,0.0,0.0,0.0,-1e-05,5.9999999999999995e-05,0.0,0.0,0.0,0.00422,0.0,0.0,0.0,0.0,0.0,0.00066
2025-09-15 10:25:00,Uno M404,0.0,0.0,0.0,0.0,0.0,0.0,0.0,0.0002,0.0,0.0,0.0,0.00452,0.0,0.0,0.0,0.0,0.0,0.00076
2025-09-15 10:30:00,Uno M404,0.0,0.0,0.0,0.0,0.0,0.0,0.0,0.00015,0.0,0.0,0.0,0.004070000000000001,0.0,0.0,0.0,0.0,0.0,0.00095
2025-09-15 10:35:00,Uno M404,0.0,0.0,0.0,0.0,0.10031999999999999,0.0,-1e-05,0.00025,0.0,0.0,0.0,0.10422,0.0,0.0,0.0,0.0,0.0,0.00095
2025-09-15 10:40:00,Uno M404,0.0,0.0,0.0,0.0,0.08306999999999999,0.0,-1e-05,0.00026000000000000003,0.0,0.0,0.0,0.08666,0.0,0.0,0.0,0.0,0.0,0.0016200000000000001
2025-09-15 10:45:00,Uno M404,0.0,0.0,0.0,0.0,0.0,0.0,0.0,0.00046,0.0,0.0,0.0,0.0039,0.0,0.0,0.0,0.0,0.0,0.00085
2025-09-15 10:50:00,Uno M404,0.0,0.0,0.0,0.0,0.0,0.0,0.0,0.00039,0.0,0.0,0.0,0.00404,0.0,0.0,0.0,0.0,0.0,0.00094
2025-09-15 10:55:00,Uno M404,0.0,0.0,0.0,0.0,0.0,0.0,-2e-05,0.00026000000000000003,0.0,0.0,0.0,0.00405,0.0,0.0,0.0,0.0,0.0,0.00148
2025-09-15 11:00:00,Uno M404,0.0,0.0,0.0,0.0,0.0,0.0,0.0,0.00054,0.0,0.0,0.0,0.00372,0.0,0.0,0.0,0.0,0.0,0.00107
2025-09-15 11:05:00,Uno M404,1e-05,0.0,0.0,0.0,0.0,0.0,0.0,0.00053,0.0,0.0,0.0,0.0037400000000000003,0.0,0.0,0.0,0.0,0.0,0.0010500000000000002
2025-09-15 11:10:00,Uno M404,0.0,0.0,0.0,0.0,0.0,0.0,-1e-05,0.00041,0.0,0.0,0.0,0.00372,0.0,0.0,0.0,0.0,0.0,0.0011
2025-09-15 11:15:00,Uno M404,0.0,0.0,0.0,0.0,0.0,0.0,0.0,0.00091,0.0,0.0,0.0,0.0037,0.0,0.0,0.0,0.0,0.0,0.00101
2025-09-15 11:20:00,Uno M404,0.0,0.0,0.0,0.0,0.08945,0.0,-1e-05,0.0007199999999999999,0.0,0.0,0.0,0.09273,0.0,0.0,0.0,0.0,0.0,0.00078
2025-09-15 11:25:00,Uno M404,0.0,0.0,0.0,0.0,0.0,0.0,-0.00020999999999999998,0.00107,0.0,0.0,0.0,0.00415,0.0,0.0,0.0,0.0,0.0,0.0012
2025-09-15 11:30:00,Uno M404,0.0,0.0,0.0,0.0,0.0,0.0,0.0,0.0011799999999999998,0.0,0.0,0.0,0.0037400000000000003,0.0,0.0,0.0,0.0,0.0,0.0009
2025-09-15 11:35:00,Uno M404,0.0,0.0,0.0,0.0,0.0,0.0,0.0,0.00058,0.0,0.0,0.0,0.00354,0.0,0.0,0.0,0.0,0.0,0.00134
2025-09-15 11:40:00,Uno M404,0.0,0.0,0.0,0.0,0.0,0.0,-2e-05,0.0005899999999999999,0.0,0.0,0.0,0.00379,0.0,0.0,0.0,0.0,0.0,0.00117
2025-09-15 11:45:00,Uno M404,0.0,0.0,0.0,0.0,0.0,0.0,-1e-05,0.00068,0.0,0.0,0.0,0.0035099999999999997,0.0,0.0,0.0,0.0,0.0,0.00174
2025-09-15 11:50:00,Uno M404,0.0,0.0,0.0,0.0,0.0,0.0,-1e-05,0.00149,0.0,0.0,0.0,0.0033799999999999998,0.0,0.0,0.0,0.0,0.0,0.00157
2025-09-15 11:55:00,Uno M404,2e-05,0.0,0.0,0.0,0.0,0.0,-4e-05,0.00124,0.0,0.0,0.0,0.00342,0.0,0.0,0.0,0.0,0.0,0.0016799999999999999
2025-09-15 12:00:00,Uno M404,0.0,0.0,0.0,0.0,0.09297,0.0,-5.9999999999999995e-05,0.00082,0.0,0.0,0.0,0.09572,0.0,0.0,-1e-05,0.0,0.0,0.00177
2025-09-15 12:05:00,Uno M404,0.0,0.0,0.0,0.0,0.0040999999999999995,0.0,-0.00051,0.00133,0.0,0.0,0.0,0.00751,0.0,0.0,0.0,0.0,0.0,0.0017900000000000001
2025-09-15 12:10:00,Uno M404,5e-05,0.0,0.0,0.0,0.0,1e-05,-0.00067,0.00186,0.0,0.0,0.0,0.00335,0.0,0.0,-1e-05,0.0,0.0,0.00139
2025-09-15 12:15:00,Uno M404,0.0,0.0,0.0,0.0,0.0,0.0,-0.00011,0.00157,0.0,0.0,0.0,0.003,0.0,0.0,0.0,0.0,0.0,0.00175
2025-09-15 12:20:00,Uno M404,0.0,0.0,0.0,0.0,0.0,0.0,-0.00014000000000000001,0.00159,0.0,0.0,0.0,0.0035099999999999997,0.0,0.0,-1e-05,0.0,0.0,0.0015
2025-09-15 12:25:00,Uno M404,2e-05,0.0,0.0,0.0,0.0,0.0,-0.00023,0.00134,0.0,0.0,0.0,0.00315,0.0,0.0,-1e-05,0.0,0.0,0.00134
2025-09-15 12:30:00,Uno M404,0.0,0.0,0.0,0.0,0.0,2e-05,-0.00031,0.00152,0.0,0.0,0.0,0.0029300000000000003,0.0,0.0,0.0,0.0,0.0,0.0017900000000000001
2025-09-15 12:35:00,Uno M404,0.0,0.0,0.0,0.0,0.0,5e-05,-0.00032,0.0016,0.0,0.0,0.0,0.00271,0.0,0.0,-4e-05,0.0,0.0,0.00156
2025-09-15 12:40:00,Uno M404,0.0,0.0,0.0,0.0,0.0,2e-05,-0.00047,0.00182,0.0,0.0,0.0,0.0030099999999999997,0.0,0.0,0.0,0.0,0.0,0.0014
2025-09-15 12:45:00,Uno M404,0.0,0.0,0.0,0.0,0.10373,0.0,0.0,0.00173,0.0,0.0,0.0,0.10607,0.0,0.0,0.0,0.0,0.0,0.00181
2025-09-15 12:50:00,Uno M404,0.0,0.0,0.0,0.0,0.17613,7e-05,-0.00017999999999999998,0.00342,0.0,0.0,0.0,0.18112,0.0,0.0,0.0,0.0,0.0,0.00346
2025-09-15 12:55:00,Uno M404,0.0,0.0,0.0,0.0,0.0,8e-05,-0.00056,0.0033799999999999998,0.0,0.0,0.0,0.005679999999999999,0.0,0.0,-2e-05,0.0,0.0,0.00391
2025-09-15 13:00:00,Uno M404,0.00011999999999999999,0.0,0.0,0.0,0.0,0.00017999999999999998,-0.00076,0.00379,0.0,0.0,0.0,0.0048200000000000005,0.0,0.0,-2e-05,0.0,0.0,0.00392
2025-09-15 13:05:00,Uno M404,0.0,0.0,0.0,0.0,0.0,0.00011999999999999999,-0.00039,0.0019199999999999998,0.0,0.0,0.0,0.00268,0.0,0.0,-1e-05,0.0,0.0,0.00177
2025-09-15 13:10:00,Uno M404,0.0,0.0,0.0,0.0,0.0,0.00019,-0.00095,0.00189,0.0,0.0,0.0,0.00264,0.0,0.0,-1e-05,0.0,0.0,0.00195
2025-09-15 13:15:00,Uno M404,0.0,0.0,0.0,0.0,0.0,0.00011,-0.00020999999999999998,0.0017800000000000001,0.0,0.0,0.0,0.0030099999999999997,0.0,0.0,-2e-05,0.0,0.0,0.00196
2025-09-15 13:20:00,Uno M404,0.0,0.0,0.0,0.0,0.0,2e-05,-0.00073,0.00161,0.0,0.0,0.0,0.0025499999999999997,0.0,0.0,-2e-05,0.0,0.0,0.00163
2025-09-15 13:25:00,Uno M404,0.0,0.0,0.0,0.0,0.0,0.00022,-0.00034,0.0018,0.0,0.0,0.0,0.0028599999999999997,0.0,0.0,-1e-05,0.0,0.0,0.00214
2025-09-15 13:30:00,Uno M404,0.0,0.0,0.0,0.0,0.0,7.000000000000001e-05,-8.999999999999999e-05,0.0018,0.0,0.0,0.0,0.00276,0.0,0.0,0.0,0.0,0.0,0.00172
2025-09-15 13:35:00,Uno M404,0.0,0.0,0.0,0.0,0.09824,8e-05,-0.00043,0.00174,0.0,0.0,0.0,0.10054,0.0,0.0,-1e-05,0.0,0.0,0.00204
2025-09-15 13:40:00,Uno M404,8e-05,0.0,0.0,0.0,0.08428000000000001,8.999999999999999e-05,-0.00038,0.00146,0.0,0.0,0.0,0.08693000000000001,0.0,0.0,-1e-05,0.0,0.0,0.0016
2025-09-15 13:45:00,Uno M404,0.0,0.0,0.0,0.0,0.0,0.00011999999999999999,-5.9999999999999995e-05,0.00188,0.0,0.0,0.0,0.0031,0.0,0.0,-1e-05,0.0,0.0,0.00207
2025-09-15 13:50:00,Uno M404,0.0,0.0,0.0,0.0,0.0,0.00026000000000000003,-0.00092,0.00268,0.0,0.0,0.0,0.0064,0.0,0.0,-2e-05,0.0,0.0,0.0030600000000000002
2025-09-15 13:55:00,Uno M404,0.0,0.0,0.0,0.0,0.0,7.000000000000001e-05,-0.00061,0.00174,0.0,0.0,0.0,0.00285,0.0,0.0,-2e-05,0.0,0.0,0.0019
2025-09-15 14:00:00,Uno M404,8e-05,0.0,0.0,0.0,0.0,7.000000000000001e-05,-0.00023,0.00151,0.0,0.0,0.0,0.0029300000000000003,0.0,0.0,-1e-05,0.0,0.0,0.00164
2025-09-15 14:05:00,Uno M404,0.0,0.0,0.0,0.0,0.0,0.0,-0.00019,0.00177,0.0,0.0,0.0,0.00279,0.0,0.0,-1e-05,0.0,0.0,0.00183
2025-09-15 14:10:00,Uno M404,7.000000000000001e-05,0.0,0.0,0.0,0.0,0.00014000000000000001,-0.00079,0.00173,0.0,0.0,0.0,0.0029300000000000003,0.0,0.0,0.0,0.0,0.0,0.00152
2025-09-15 14:15:00,Uno M404,5e-05,0.0,0.0,0.0,0.0,1e-05,-2e-05,0.00202,0.0,0.0,0.0,0.00333,0.0,0.0,-2e-05,0.0,0.0,0.0019
2025-09-15 14:20:00,Uno M404,0.0,0.0,0.0,0.0,0.0,4e-05,-0.0004,0.00185,0.0,0.0,0.0,0.0030499999999999998,0.0,0.0,-2e-05,0.0,0.0,0.00176
2025-09-15 14:25:00,Uno M404,1e-05,0.0,0.0,0.0,0.0912,0.0,-1e-05,0.00151,0.0,0.0,0.0,0.10108,0.0,0.0,0.0,0.0,0.0,0.0015400000000000001
2025-09-15 14:30:00,Uno M404,1e-05,0.0,0.0,0.0,0.0,5.9999999999999995e-05,-2e-05,0.00152,0.0,0.0,0.0,0.010289999999999999,0.0,0.0,0.0,0.0,0.0,0.0013700000000000001
2025-09-15 14:35:00,Uno M404,0.0,0.0,0.0,0.0,0.00122,0.0,0.0,0.00164,0.0,0.0,0.0,0.011519999999999999,0.0,0.0,0.0,0.0,0.0,0.00184
2025-09-15 14:40:00,Uno M404,0.0,0.0,0.0,0.0,0.09834999999999999,0.0,-0.00013000000000000002,0.00132,0.0,0.0,0.0,0.10864,0.0,0.0,-1e-05,0.0,0.0,0.00136
2025-09-15 14:45:00,Uno M404,4e-05,0.0,0.0,0.0,0.08638,0.0,-2e-05,0.00111,0.0,0.0,0.0,0.09655,0.0,0.0,-1e-05,0.0,0.0,0.00115
2025-09-15 14:50:00,Uno M404,0.0,0.0,0.0,0.0,0.10241,0.0,-2e-05,0.00092,0.0,0.0,0.0,0.11259000000000001,0.0,0.0,0.0,0.0,0.0,0.0014299999999999998
2025-09-15 14:55:00,Uno M404,0.0,0.0,0.0,0.0,0.09040999999999999,0.0,-0.00026000000000000003,0.00108,0.0,0.0,0.0,0.10062,0.0,0.0,0.0,0.0,0.0,0.00166
2025-09-15 15:00:00,Uno M404,0.0,0.0,0.0,0.0,0.08517,0.0,-2e-05,0.0012,0.0,0.0,0.0,0.09498000000000001,0.0,0.0,0.0,0.0,0.0,0.00134
2025-09-15 15:05:00,Uno M404,0.0,0.0,0.0,0.0,0.0,0.0,-1e-05,0.0014,0.0,0.0,0.0,0.01038,0.0,0.0,-2e-05,0.0,0.0,0.0014
2025-09-15 15:10:00,Uno M404,2e-05,0.0,0.0,0.0,0.0,2e-05,-5.9999999999999995e-05,0.00121,0.0,0.0,0.8034600000000001,0.81376,0.0,0.0,0.0,0.0,0.0,0.00128
2025-09-15 15:15:00,Uno M404,0.0,0.0,0.0,0.0,0.0,0.0,-0.00011,0.00138,0.0,0.0,0.0442,0.053899999999999997,0.0,0.0,0.0,0.0,0.0,0.00147
2025-09-15 15:20:00,Uno M404,0.0,0.0,0.0,0.0,0.10186,0.0,-2e-05,0.00099,0.0,0.0,0.04431,0.15472,0.0,0.0,0.0,0.0,0.0,0.0016
2025-09-15 15:25:00,Uno M404,0.0,0.0,0.0,0.0,0.08718000000000001,0.0,-1e-05,0.0008900000000000001,0.0,0.0,0.04445,0.13437000000000002,0.0,0.0,0.0,0.0,0.0,0.00128
2025-09-15 15:30:00,Uno M404,0.0,0.0,0.0,0.0,0.0,0.0,-1e-05,0.00064,0.0,0.0,0.04464,0.04793,0.0,0.0,-1e-05,0.0,0.0,0.0017
2025-09-15 15:35:00,Uno M404,0.0,0.0,0.0,0.0,0.0,0.0,-4e-05,0.00062,0.0,0.0,0.04442,0.04786,0.0,0.0,-1e-05,0.0,0.0,0.00163
2025-09-15 15:40:00,Uno M404,0.0,0.0,0.0,0.0,0.0,0.0,-2e-05,0.00039,0.0,0.0,0.04416,0.04754,0.0,0.0,-1e-05,0.0,0.0,0.00152
2025-09-15 15:45:00,Uno M404,0.0,0.0,0.0,0.0,0.0,0.0,-4e-05,0.00033,0.0,0.0,0.04431,0.04782,0.0,0.0,0.0,0.0,0.0,0.00148
2025-09-15 15:50:00,Uno M404,0.0,0.0,0.0,0.0,0.0,0.0,-5.9999999999999995e-05,0.00035999999999999997,0.0,0.0,0.04415,0.04796,0.0,0.0,-1e-05,0.0,0.0,0.0019199999999999998
2025-09-15 15:55:00,Uno M404,0.0,0.0,0.0,0.0,0.0,0.0,0.0,0.00029,0.0,0.0,0.04399,0.04757,0.0,0.0,-1e-05,0.0,0.0,0.0014
2025-09-15 16:00:00,Uno M404,1e-05,0.0,0.0,0.0,0.10417,0.0,0.0,0.0007199999999999999,0.0,0.0,0.04412,0.15171,0.0,0.0,-2e-05,0.0,0.0,0.00115
2025-09-15 16:05:00,Uno M404,0.0,0.0,0.0,0.0,0.0859,0.0,0.0,0.00055,0.0,0.0,0.04418,0.13353,0.0,0.0,-1e-05,0.0,0.0,0.00139
2025-09-15 16:10:00,Uno M404,0.0,0.0,0.0,0.0,0.0,0.0,-1e-05,0.00046,0.0,0.0,0.04473,0.04845,0.0,0.0,-1e-05,0.0,0.0,0.00121
2025-09-15 16:15:00,Uno M404,2e-05,0.0,0.0,0.0,0.0,0.0,-1e-05,0.00054,0.0,0.0,0.044649999999999995,0.04803,0.0,0.0,-1e-05,0.0,0.0,0.0016
2025-09-15 16:20:00,Uno M404,0.0,0.0,0.0,0.0,0.0,0.0,-4e-05,0.0008,0.0,0.0,0.04458,0.04796,0.0,0.0,-5e-05,0.0,0.0,0.0013
2025-09-15 16:25:00,Uno M404,0.0,0.0,0.0,0.0,0.0,0.0,0.0,0.0007199999999999999,0.0,0.0,0.04378,0.04728,0.0,0.0,-1e-05,0.0,0.0,0.00159
2025-09-15 16:30:00,Uno M404,0.0,0.0,0.0,0.0,0.0,0.0,-1e-05,0.00082,0.0,0.0,0.043609999999999996,0.047240000000000004,0.0,0.0,0.0,0.0,0.0,0.00139
2025-09-15 16:35:00,Uno M404,7.000000000000001e-05,0.0,0.0,0.0,0.0,0.0,-1e-05,0.0006,0.0,0.0,0.0439,0.047299999999999995,0.0,0.0,0.0,0.0,0.0,0.0010500000000000002
2025-09-15 16:40:00,Uno M404,0.0,0.0,0.0,0.0,0.0,0.0,0.0,0.00047999999999999996,0.0,0.0,0.04398,0.047439999999999996,0.0,0.0,0.0,0.0,0.0,0.0014299999999999998
2025-09-15 16:45:00,Uno M404,0.0,0.0,0.0,0.0,0.10201,0.0,-0.00020999999999999998,0.00068,0.0,0.0,0.04363,0.14831999999999998,0.0,0.0,-2e-05,0.0,0.0,0.00159
2025-09-15 16:50:00,Uno M404,0.0,0.0,0.0,0.0,0.08535,0.0,-2e-05,0.00093,0.0,0.0,0.04333,0.13168000000000002,0.0,0.0,0.0,0.0,0.0,0.0013700000000000001
2025-09-15 16:55:00,Uno M404,0.0,0.0,0.0,0.0,0.0,0.0,-2e-05,0.00078,0.0,0.0,0.04333,0.04678,0.0,0.0,0.0,0.0,0.0,0.00152
2025-09-15 17:00:00,Uno M404,0.0,0.0,0.0,0.0,0.0,0.0,0.0,0.0007199999999999999,0.0,0.0,0.043429999999999996,0.04678,0.0,0.0,-5.9999999999999995e-05,0.0,0.0,0.00134
2025-09-15 17:05:00,Uno M404,4e-05,0.0,0.0,0.0,0.0,0.0,0.0,0.00073,0.0,0.0,0.04348,0.047380000000000005,0.0,0.0,-2e-05,0.0,0.0,0.00125
2025-09-15 17:10:00,Uno M404,0.0,0.0,0.0,0.0,0.0,0.0,-1e-05,0.00035,0.0,0.0,0.04308,0.04671,0.0,0.0,0.0,0.0,0.0,0.00186
2025-09-15 17:15:00,Uno M404,0.0,0.0,0.0,0.0,0.0,0.0,0.0,0.00032,0.0,0.0,0.04316,0.04664,0.0,0.0,-1e-05,0.0,0.0,0.0013
2025-09-15 17:20:00,Uno M404,2e-05,0.0,0.0,0.0,0.0,0.0,-5.9999999999999995e-05,0.00047,0.0,0.0,0.04308,0.046619999999999995,0.0,0.0,-1e-05,0.0,0.0,0.00099
2025-09-15 17:25:00,Uno M404,0.0,0.0,0.0,0.0,0.0,0.0,-1e-05,0.00047,0.0,0.0,0.043,0.046380000000000005,0.0,0.0,0.0,0.0,0.0,0.00125
2025-09-15 17:30:00,Uno M404,0.0,0.0,0.0,0.0,0.09825,0.0,-1e-05,0.00032,0.0,0.0,0.04281,0.14398,0.0,0.0,-1e-05,0.0,0.0,0.00113
2025-09-15 17:35:00,Uno M404,0.0,0.0,0.0,0.0,0.08322,0.0,-1e-05,0.00054,0.0,0.0,0.04278,0.12893000000000002,0.0,0.0,0.0,0.0,0.0,0.0012900000000000001
2025-09-15 17:40:00,Uno M404,2e-05,0.0,0.0,0.0,0.0,0.0,0.0,0.00035999999999999997,0.0,0.0,0.04285,0.046579999999999996,0.0,0.0,-1e-05,0.0,0.0,0.00126
2025-09-15 17:45:00,Uno M404,0.0,0.0,0.0,0.0,0.0,0.0,-5.9999999999999995e-05,0.00041,0.0,0.0,0.04271,0.04618,0.0,0.0,-1e-05,0.0,0.0,0.00126
2025-09-15 17:50:00,Uno M404,0.0,0.0,0.0,0.0,0.0,0.0,-4e-05,0.0005600000000000001,0.0,0.0,0.04283,0.0464,0.0,0.0,0.0,0.0,0.0,0.00127
2025-09-15 17:55:00,Uno M404,1e-05,0.0,0.0,0.0,0.0,0.0,0.0,0.00031,0.0,0.0,0.04294,0.04623,0.0,0.0,-2e-05,0.0,0.0,0.00132
2025-09-15 18:00:00,Uno M404,0.0,0.0,0.0,0.0,0.0,0.0,-0.00011,0.00049,0.0,0.0,0.04315,0.046759999999999996,0.0,0.0,0.0,0.0,0.0,0.00166
2025-09-15 18:05:00,Uno M404,0.0,0.0,0.0,0.0,0.0,0.0,0.0,0.0010500000000000002,0.0,0.0,0.04324,0.04671,0.0,0.0,-1e-05,0.0,0.0,0.00122
2025-09-15 18:10:00,Uno M404,0.0,0.0,0.0,0.0,0.10442,0.0,0.0,0.0007199999999999999,0.0,0.0,0.043,0.1505,0.0,0.0,-1e-05,0.0,0.0,0.00146
2025-09-15 18:15:00,Uno M404,0.0,0.0,0.0,0.0,0.08668000000000001,0.0,0.0,0.0011200000000000001,0.0,0.0,0.04312,0.13272,0.0,0.0,-1e-05,0.0,0.0,0.0011899999999999999
2025-09-15 18:20:00,Uno M404,0.0,0.0,0.0,0.0,0.0,0.0,-0.00041,0.00092,0.0,0.0,0.04338,0.04672,0.0,0.0,0.0,0.0,0.0,0.00117
2025-09-15 18:25:00,Uno M404,0.0,0.0,0.0,0.0,0.0,0.0,0.0,0.00049,0.0,0.0,0.043429999999999996,0.04675,0.0,0.0,0.0,0.0,0.0,0.0012900000000000001
2025-09-15 18:30:00,Uno M404,0.0,0.0,0.0,0.0,0.0,0.0,-1e-05,0.0005200000000000001,0.0,0.0,0.04342,0.0466,0.0,0.0,0.0,0.0,0.0,0.00188
2025-09-15 18:35:00,Uno M404,0.0,0.0,0.0,0.0,0.0,0.0,-5.9999999999999995e-05,0.00045,0.0,0.0,0.04346,0.04678,0.0,0.0,-2e-05,0.0,0.0,0.00133
2025-09-15 18:40:00,Uno M404,0.0,0.0,0.0,0.0,0.0,0.0,0.0,0.00031,0.0,0.0,0.04279,0.046200000000000005,0.0,0.0,-1e-05,0.0,0.0,0.0014199999999999998
2025-09-15 18:45:00,Uno M404,0.0,0.0,0.0,0.0,0.0,0.0,-1e-05,0.00055,0.0,0.0,0.04308,0.046579999999999996,0.0,0.0,0.0,0.0,0.0,0.0013700000000000001
2025-09-15 18:50:00,Uno M404,0.0,,0.0,0.0,0.11053,0.0,,0.00082,0.0,0.0,0.04327,0.15697,,,,0.0,0.0,
2025-09-15 18:55:00,Uno M404,9e-05,0.0,0.0,0.0,0.7913700000000001,0.0,-0.00078,0.00243,0.0,0.0,0.38979,1.2065400000000002,0.0,0.0,-0.00021,0.0,0.0,0.009989999999999999
2025-09-15 19:00:00,Uno M404,0.0,0.0,0.0,0.0,0.0,0.0,0.0,0.0012,0.0,0.0,0.08726,0.09495999999999999,0.0,0.0,0.0,0.0,0.0,0.0027400000000000002
2025-09-15 19:05:00,Uno M404,0.0,0.0,0.0,0.0,0.0,0.0,-5e-05,0.00087,0.0,0.0,0.04376,0.04721,0.0,0.0,-7.000000000000001e-05,0.0,0.0,0.00132
2025-09-15 19:10:00,Uno M404,,0.0,,,0.0,0.0,-4e-05,,,,0.04371,0.047,0.0,0.0,-1e-05,0.0,0.0,0.00163
2025-09-15 19:15:00,Uno M404,0.0,0.0,0.0,0.0,0.0,0.0,-1e-05,0.0009699999999999999,0.0,0.0,0.0438,0.046990000000000004,0.0,0.0,0.0,0.0,0.0,0.0016899999999999999
2025-09-15 19:20:00,Uno M404,0.0,0.0,0.0,0.0,0.0,0.0,-5.9999999999999995e-05,0.00041,0.0,0.0,0.04366,0.046869999999999995,0.0,0.0,0.0,0.0,0.0,0.00147
2025-09-15 19:25:00,Uno M404,5e-05,0.0,0.0,0.0,0.0,0.0,-1e-05,0.00139,0.0,0.0,0.0436,0.04709000000000001,0.0,0.0,0.0,0.0,0.0,0.00115
2025-09-15 19:30:00,Uno M404,0.0,0.0,0.0,0.0,0.0,0.0,-0.00015,0.0008900000000000001,0.0,0.0,0.04375,0.04709000000000001,0.0,0.0,0.0,0.0,0.0,0.00182
2025-09-15 19:35:00,Uno M404,1e-05,0.0,0.0,0.0,0.0917,0.0,-1e-05,0.00049,0.0,0.0,0.04382,0.13842,0.0,0.0,-2e-05,0.0,0.0,0.0015
2025-09-15 19:40:00,Uno M404,1e-05,0.0,0.0,0.0,0.0,0.0,-2e-05,0.00088,0.0,0.0,0.04389,0.04758,0.0,0.0,-2e-05,0.0,0.0,0.0014
2025-09-15 19:45:00,Uno M404,0.0,0.0,0.0,0.0,0.0,0.0,-0.00027,0.0014,0.0,0.0,0.04406,0.047850000000000004,0.0,0.0,-1e-05,0.0,0.0,0.00164
2025-09-15 19:50:00,Uno M404,0.0,0.0,0.0,0.0,0.0,0.0,0.0,0.00069,0.0,0.0,0.04431,0.047659999999999994,0.0,0.0,0.0,0.0,0.0,0.00157
2025-09-15 19:55:00,Uno M404,0.028,0.0,0.0,0.0,0.0,0.0,0.02842,0.02196,0.0,0.00584,0.04494,0.05529,0.0,0.0,-1e-05,0.0,0.0,0.03152
2025-09-15 20:00:00,Uno M404,0.03125,0.0,0.0,0.0,0.0,0.0,0.02818,0.00031,0.0,0.02946,0.0,0.03425,0.0,0.0,0.00929,0.0,0.0,0.04258
2025-09-15 20:05:00,Uno M404,0.03185,0.0,0.0,0.0,0.10095,0.0,0.028149999999999998,0.00053,0.0,0.02954,0.0,0.11141,0.0,0.0,0.00914,0.0,0.0,0.04232
2025-09-15 20:10:00,Uno M404,3.55378,0.0,0.0,3.52326,0.08882,0.0,0.10334,0.00015,0.0,0.02871,0.0,0.1004,0.0,0.0,0.00912,0.0,0.0,0.11744
2025-09-15 20:15:00,Uno M404,3.49621,0.0,0.0,3.46625,0.0,0.0,0.10181,0.00011999999999999999,0.0,0.02838,0.0,0.01139,0.0,0.0,0.00912,0.0,0.0,0.11616
2025-09-15 20:20:00,Uno M404,3.45344,0.0,0.0,3.42403,0.0,0.0,0.10125,0.00014000000000000001,0.0,0.02802,0.0,0.011460000000000001,0.0,0.0,0.00924,0.0,0.0,0.11572
2025-09-15 20:25:00,Uno M404,3.49332,0.0,0.0,3.46358,0.0,0.0,0.10024,0.0004,0.0,0.02823,0.0,0.0127,0.0,0.0,0.0092,0.0,0.0,0.11445
2025-09-15 20:30:00,Uno M404,0.0,0.0,0.0,0.0,0.0,0.0,0.10208,0.00016,0.0,0.0,0.0,0.01248,0.0,0.0,0.009460000000000001,0.0,0.0,0.11688
2025-09-15 20:35:00,Uno M404,0.0,0.0,0.0,0.0,0.0,0.0,0.12908,0.00041999999999999996,0.0,0.0,0.0,0.01227,0.0,0.0,0.00956,0.0,0.0,0.14372
2025-09-15 20:40:00,Uno M404,1e-05,0.0,0.0,0.0,0.0,0.0,0.12287999999999999,8.999999999999999e-05,0.0,0.0,0.0,0.011779999999999999,0.0,0.0,0.00959,0.0,0.0,0.13724
2025-09-15 20:45:00,Uno M404,0.0,0.0,0.0,0.0,0.10441,0.0,0.10995,0.00014000000000000001,0.0,0.0,0.0,0.11712,0.0,0.0,0.009470000000000001,0.0,0.0,0.12444
2025-09-15 20:50:00,Uno M404,0.0,0.0,0.0,0.0,0.0857,0.0,0.11945,0.00026000000000000003,0.0,0.0,0.0,0.0973,0.0,0.0,0.00949,0.0,0.0,0.13365000000000002
2025-09-15 20:55:00,Uno M404,0.0,0.0,0.0,0.0,0.0,0.0,0.12111,0.00014000000000000001,0.0,0.0,0.0,0.01199,0.0,0.0,0.009470000000000001,0.0,0.0,0.13541
2025-09-15 21:00:00,Uno M404,4e-05,0.0,0.0,0.0,0.0,0.0,0.11911,0.0005899999999999999,0.0,0.0,0.0,0.011640000000000001,0.0,0.0,0.00943,0.0,0.0,0.13326
2025-09-15 21:05:00,Uno M404,0.0,0.0,0.0,0.0,0.0,0.0,0.12027,0.00023999999999999998,0.0,0.0,0.0,0.00474,0.0,0.0,0.00932,0.0,0.0,0.13413999999999998
2025-09-15 21:10:00,Uno M404,0.0,0.0,0.0,0.0,0.0,0.0,0.11234000000000001,0.00061,0.0,0.0,0.0,0.00458,0.0,0.0,0.00934,0.0,0.0,0.12628
2025-09-15 21:15:00,Uno M404,0.0,0.0,0.0,0.0,0.0,0.0,0.11481999999999999,0.0002,0.0,0.0,0.0,0.0046,0.0,0.0,0.00939,0.0,0.0,0.129
2025-09-15 21:20:00,Uno M404,0.0,0.0,0.0,0.0,0.0,0.0,0.11766,0.00026000000000000003,0.0,0.0,0.0,0.00543,0.0,0.0,0.00926,0.0,0.0,0.13152
2025-09-15 21:25:00,Uno M404,0.0,0.0,0.0,0.0,0.0,0.0,0.11681,8e-05,0.0,0.0,0.0,0.005889999999999999,0.0,0.0,0.0,0.0,0.0,0.20831
2025-09-15 21:30:00,Uno M404,5.9999999999999995e-05,0.0,0.0,0.0,0.09453,0.0,0.12073,0.00011,0.0,0.0,0.0,0.09877,0.0,0.0,0.0,0.0,0.0,0.20942
2025-09-15 21:35:00,Uno M404,0.0,0.0,0.0,0.0,0.0,0.0,0.1135,0.00026000000000000003,0.0,0.0,0.0,0.00533,0.0,0.0,0.0,0.0,0.0,0.19987
2025-09-15 21:40:00,Uno M404,0.0,0.0,0.0,0.0,0.0,0.0,0.11248000000000001,0.0002,0.0,0.0,0.0,0.00477,0.0,0.0,0.0,0.0,0.0,0.19804
2025-09-15 21:45:00,Uno M404,0.02149,0.0,0.0,0.0,0.0,0.0,0.02813,0.02181,0.0,0.0,0.0,0.026760000000000003,0.0,0.0,-2e-05,0.0,0.0,0.04306
2025-09-15 21:50:00,Uno M404,0.02142,0.0,0.0,0.0,0.0,0.0,0.028149999999999998,0.02175,0.0,0.0,0.0,0.00754,0.0,0.0,0.0,0.00216,0.0,0.04296
2025-09-15 21:55:00,Uno M404,0.0,0.027530000000000002,0.0,0.0,0.0,0.0,-1e-05,0.00013000000000000002,0.0,0.0,0.0,0.00464,0.0,0.0,0.0,0.0,0.0,0.11255
2025-09-15 22:00:00,Uno M404,0.0,1.08447,0.0,0.0,0.0,0.0,0.0,0.00032,0.0,0.0,0.0,0.0058200000000000005,0.0,0.0,0.0,0.0,0.0,1.1683299999999999
2025-09-15 22:05:00,Uno M404,0.0,1.1421400000000002,0.0,0.0,0.0,0.0,0.0,0.00023999999999999998,0.0,0.0,0.0,0.00439,0.0,0.0,0.0,0.0,0.0,1.225
2025-09-15 22:10:00,Uno M404,0.0,0.02773,0.0,0.0,0.10024,0.0,-1e-05,8.999999999999999e-05,0.0,0.0,0.0,0.10476,0.0,0.0,0.0,0.0,0.0,0.11089
2025-09-15 22:15:00,Uno M404,0.0,0.027620000000000002,0.0,0.0,0.08593,0.0,0.0,8.999999999999999e-05,0.0,0.0,0.0,0.09048,0.0,0.0,0.0,0.0,0.0,0.11092
2025-09-15 22:20:00,Uno M404,0.0,0.027710000000000002,0.0,0.0,0.0,0.0,0.0,0.00016,0.0,0.0,0.0,0.00501,0.0,0.0,0.0,0.0,0.0,0.11055
2025-09-15 22:25:00,Uno M404,0.0,0.02768,0.0,0.0,0.0,0.0,0.0,0.00015,0.0,0.0,0.0,0.004900000000000001,0.0,0.0,0.0,0.0,0.0,0.11009000000000001
2025-09-15 22:30:00,Uno M404,0.0,0.027219999999999998,0.0,0.0,0.0,0.0,0.0,0.00013000000000000002,0.0,0.0,0.0,0.0048,0.0,0.0,0.0,0.0,0.0,0.09723000000000001
2025-09-15 22:35:00,Uno M404,1e-05,1.15845,0.0,0.0,0.0,0.0,0.0,1e-05,0.0,0.0,0.0,0.00477,0.0,0.0,0.0,0.0,0.0,1.22724
2025-09-15 22:40:00,Uno M404,5e-05,0.02705,0.0,0.0,0.0,0.0,0.0,2e-05,0.0,0.0,0.0,0.0045899999999999995,0.0,0.0,0.0,0.0,0.0,0.09645999999999999
2025-09-15 22:45:00,Uno M404,0.0,0.027149999999999997,0.0,0.0,0.0,0.0,0.0,0.0,0.0,0.0,0.0,0.0047,0.0,0.0,0.0,0.0,0.0,0.09715
2025-09-15 22:50:00,Uno M404,0.0,0.02718,0.0,0.0,0.09702,0.0,0.0,4e-05,0.0,0.0,0.0,0.10153,0.0,0.0,0.0,0.0,0.0,0.0968
2025-09-15 22:55:00,Uno M404,0.0,1.15802,0.0,0.0,0.0,0.0,0.0,0.00013000000000000002,0.0,0.0,0.0,0.00492,0.0,0.0,0.0,0.0,0.0,1.22675
2025-09-15 23:00:00,Uno M404,0.0,0.02736,0.0,0.0,0.0,0.0,0.0,5.9999999999999995e-05,0.0,0.0,0.0,0.0045899999999999995,0.0,0.0,0.0,0.0,0.0,0.09752
2025-09-15 23:05:00,Uno M404,0.0,0.02734,0.0,0.0,0.0,0.0,0.0,0.0002,0.0,0.0,0.0,0.00498,0.0,0.0,0.0,0.0,0.0,0.09759999999999999
2025-09-15 23:10:00,Uno M404,0.0,0.027420000000000003,0.0,0.0,0.0,0.0,0.0,2e-05,0.0,0.0,0.0,0.00477,0.0,0.0,0.0,0.0,0.0,0.0973
2025-09-15 23:15:00,Uno M404,0.0,0.02734,0.0,0.0,0.0,0.0,0.0,8.999999999999999e-05,0.0,0.0,0.0,0.00453,0.0,0.0,0.0,0.0,0.0,0.09766
2025-09-15 23:20:00,Uno M404,2e-05,0.02736,0.0,0.0,0.0,0.0,0.0,0.00016,0.0,0.0,0.0,0.0048,0.0,0.0,0.0,0.0,0.0,0.09738
2025-09-15 23:25:00,Uno M404,0.0,0.02734,0.0,0.0,0.0,0.0,0.0,0.00013000000000000002,0.0,0.0,0.0,0.00457,0.0,0.0,0.0,0.0,0.0,0.09762
2025-09-15 23:30:00,Uno M404,0.0,0.02745,0.0,0.0,0.09613,0.0,-1e-05,0.00026000000000000003,0.0,0.0,0.0,0.10078,0.0,0.0,0.0,0.0,0.0,0.09803
2025-09-15 23:35:00,Uno M404,4e-05,1.16403,0.0,0.0,0.0,0.0,0.0,0.00016,0.0,0.0,0.0,0.00477,0.0,0.0,0.0,0.0,0.0,1.2333900000000002
2025-09-15 23:40:00,Uno M404,0.0,0.027309999999999997,0.0,0.0,0.0,0.0,0.0,0.00026000000000000003,0.0,0.0,0.0,0.0044800000000000005,0.0,0.0,0.0,0.0,0.0,0.09784000000000001
2025-09-15 23:45:00,Uno M404,0.0,0.02739,0.0,0.0,0.0,0.0,-1e-05,5.9999999999999995e-05,0.0,0.0,0.0,0.00445,0.0,0.0,0.0,0.0,0.0,0.09809
2025-09-15 23:50:00,Uno M404,0.0,1.1660599999999999,0.0,0.0,0.0,0.0,0.0,0.00014000000000000001,0.0,0.0,0.0,0.00491,0.0,0.0,-1e-05,0.0,0.0,1.23599
2025-09-15 23:55:00,Uno M404,0.0,0.02748,0.0,0.0,0.0,0.0,0.0,0.00015,0.0,0.0,0.0,0.00491,0.0,0.0,0.0,0.0,0.0,0.0983
2025-09-16 00:00:00,Uno M404,0.0,0.027579999999999997,0.0,0.0,0.0,0.0,0.0,0.00017999999999999998,0.0,0.0,0.0,0.00474,0.0,0.0,0.0,0.0,0.0,0.0984
2025-09-16 00:05:00,Uno M404,0.0,1.1679300000000001,0.0,0.0,0.0,0.0,0.0,5e-05,0.0,0.0,0.0,0.00464,0.0,0.0,0.0,0.0,0.0,1.23858
2025-09-16 00:10:00,Uno M404,0.0,0.027809999999999998,0.0,0.0,0.09414,0.0,0.0,7.000000000000001e-05,0.0,0.0,0.0,0.09809,0.0,0.0,0.0,0.0,0.0,0.09931999999999999
2025-09-16 00:15:00,Uno M404,5e-05,0.027780000000000003,0.0,0.0,0.0,0.0,-1e-05,0.00032,0.0,0.0,0.0,0.00432,0.0,0.0,0.0,0.0,0.0,0.09945999999999999
2025-09-16 00:20:00,Uno M404,1e-05,1.16929,0.0,0.0,0.0,0.0,0.0,0.00033,0.0,0.0,0.0,0.0043,0.0,0.0,0.0,0.0,0.0,1.23985
2025-09-16 00:25:00,Uno M404,1e-05,0.02775,0.0,0.0,0.0,0.0,0.0,0.00011,0.0,0.0,0.0,0.00428,0.0,0.0,0.0,0.0,0.0,0.09955
2025-09-16 00:30:00,Uno M404,2e-05,0.02761,0.0,0.0,0.0,0.0,-1e-05,0.00017999999999999998,0.0,0.0,0.0,0.00432,0.0,0.0,0.0,0.0,0.0,0.09892000000000001
2025-09-16 00:35:00,Uno M404,0.0,1.16877,0.0,0.0,0.0,0.0,0.0,0.00031,0.0,0.0,0.0,0.00437,0.0,0.0,0.0,0.0,0.0,1.2397799999999999
2025-09-16 00:40:00,Uno M404,0.0,,0.0,0.0,0.0,0.0,,8.999999999999999e-05,0.0,0.0,0.0,0.0045899999999999995,,,,0.0,0.0,
2025-09-16 00:45:00,Uno M404,0.0,0.02775,0.0,0.0,0.0,0.0,0.0,0.00017999999999999998,0.0,0.0,0.0,0.00456,0.0,0.0,0.0,0.0,0.0,0.09958
2025-09-16 00:50:00,Uno M404,0.0,1.1664700000000001,0.0,0.0,0.09086,0.0,0.0,0.00016,0.0,0.0,0.0,0.09512999999999999,0.0,0.0,0.0,0.0,0.0,1.23729
2025-09-16 00:55:00,Uno M404,0.0,0.02754,0.0,0.0,0.0,0.0,0.0,0.00029,0.0,0.0,0.0,0.00458,0.0,0.0,0.0,0.0,0.0,0.09874
2025-09-16 01:00:00,Uno M404,0.0,0.027690000000000003,0.0,0.0,0.0,0.0,0.0,8.999999999999999e-05,0.0,0.0,0.0,0.00431,0.0,0.0,0.0,0.0,0.0,0.0993
2025-09-16 01:05:00,Uno M404,0.0,1.17411,0.0,0.0,0.0,0.0,0.0,0.00015,0.0,0.0,0.0,0.00458,0.0,0.0,0.0,0.0,0.0,1.24563
2025-09-16 01:10:00,Uno M404,2e-05,0.028,0.0,0.0,0.0,0.0,0.0,0.00011999999999999999,0.0,0.0,0.0,0.00434,0.0,0.0,0.0,0.0,0.0,0.10004
2025-09-16 01:15:00,Uno M404,0.0,0.02792,0.0,0.0,0.0,0.0,0.0,0.00011,0.0,0.0,0.0,0.004690000000000001,0.0,0.0,0.0,0.0,0.0,0.10026
2025-09-16 01:20:00,Uno M404,0.0,1.1773099999999999,0.0,0.0,0.0,0.0,0.0,0.00029,0.0,0.0,0.0,0.00478,0.0,0.0,0.0,0.0,0.0,1.2490299999999999
2025-09-16 01:25:00,Uno M404,0.0,1.17399,0.0,0.0,0.0,0.0,0.0,0.00035999999999999997,0.0,0.0,0.0,0.00488,0.0,0.0,0.0,0.0,0.0,1.24603
2025-09-16 01:30:00,Uno M404,0.0,1.17523,0.0,0.0,0.09394,0.0,0.0,0.0005600000000000001,0.0,0.0,0.0,0.09827,0.0,0.0,0.0,0.0,0.0,1.2471199999999998
2025-09-16 01:35:00,Uno M404,1e-05,1.17765,0.0,0.0,0.0,0.0,0.0,0.00034,0.0,0.0,0.0,0.00438,0.0,0.0,0.0,0.0,0.0,1.24956
2025-09-16 01:40:00,Uno M404,4e-05,1.17862,0.0,0.0,0.0,0.0,0.0,0.00022,0.0,0.0,0.0,0.00456,0.0,0.0,0.0,0.0,0.0,1.25102
2025-09-16 01:45:00,Uno M404,0.0,0.027440000000000003,0.0,0.0,0.0,0.0,0.0,0.00014000000000000001,0.0,0.0,0.0,0.00434,0.0,0.0,0.0,0.0,0.0,0.09925
2025-09-16 01:50:00,Uno M404,0.0,0.02779,0.0,0.0,0.0,0.0,0.0,0.00013000000000000002,0.0,0.0,0.0,0.00423,0.0,0.0,-1e-05,0.0,0.0,0.09923
2025-09-16 01:55:00,Uno M404,1e-05,0.02785,0.0,0.0,0.0,0.0,0.0,0.0004,0.0,0.0,0.0,0.00423,0.0,0.0,0.0,0.0,0.0,0.10004
2025-09-16 02:00:00,Uno M404,0.0,0.027719999999999998,0.0,0.0,0.0,0.0,0.0,0.00022,0.0,0.0,0.0,0.00425,0.0,0.0,0.0,0.0,0.0,0.09941
2025-09-16 02:05:00,Uno M404,0.0,0.027829999999999997,0.0,0.0,0.0,0.0,0.0,0.00025,0.0,0.0,0.0,0.00436,0.0,0.0,0.0,0.0,0.0,0.09961
2025-09-16 02:10:00,Uno M404,0.0,0.02801,0.0,0.0,0.09615,0.0,0.0,0.00041,0.0,0.0,0.0,0.10021,0.0,0.0,0.0,0.0,0.0,0.10035
2025-09-16 02:15:00,Uno M404,0.0,1.16597,0.0,0.0,0.0,0.0,0.0,0.00038,0.0,0.0,0.0,0.00455,0.0,0.0,0.0,0.0,0.0,1.2375699999999998
2025-09-16 02:20:00,Uno M404,0.0,1.1753900000000002,0.0,0.0,0.0,0.0,0.0,0.00068,0.0,0.0,0.0,0.0041600000000000005,0.0,0.0,0.0,0.0,0.0,1.2474100000000001
2025-09-16 02:25:00,Uno M404,8e-05,1.18451,0.0,0.0,0.0,0.0,0.0,0.00028000000000000003,0.0,0.0,0.0,0.00462,0.0,0.0,0.0,0.0,0.0,1.2564600000000001
2025-09-16 02:30:00,Uno M404,2e-05,0.028,0.0,0.0,0.0,0.0,0.0,0.00034,0.0,0.0,0.0,0.00431,0.0,0.0,0.0,0.0,0.0,0.10052
2025-09-16 02:35:00,Uno M404,0.0,0.0281,0.0,0.0,0.0,0.0,-1e-05,0.00032,0.0,0.0,0.0,0.00423,0.0,0.0,0.0,0.0,0.0,0.10069
2025-09-16 02:40:00,Uno M404,0.0,0.02825,0.0,0.0,0.0,0.0,0.0,0.00061,0.0,0.0,0.0,0.00409,0.0,0.0,0.0,0.0,0.0,0.10105
2025-09-16 02:45:00,Uno M404,1e-05,0.02822,0.0,0.0,0.0,0.0,0.0,0.00053,0.0,0.0,0.0,0.00408,0.0,0.0,0.0,0.0,0.0,0.10145
2025-09-16 02:50:00,Uno M404,0.0,0.02823,0.0,0.0,0.09695000000000001,0.0,-1e-05,0.00046,0.0,0.0,0.0,0.1008,0.0,0.0,0.0,0.0,0.0,0.10109
2025-09-16 02:55:00,Uno M404,0.0,1.17237,0.0,0.0,0.0,0.0,0.0,0.0005200000000000001,0.0,0.0,0.0,0.00436,0.0,0.0,0.0,0.0,0.0,1.2444300000000001
2025-09-16 03:00:00,Uno M404,0.0,0.02827,0.0,0.0,0.0,0.0,0.0,0.0005200000000000001,0.0,0.0,0.0,0.00395,0.0,0.0,0.0,0.0,0.0,0.10107
2025-09-16 03:05:00,Uno M404,5.9999999999999995e-05,0.02819,0.0,0.0,0.0,0.0,0.0,0.00111,0.0,0.0,0.0,0.00377,0.0,0.0,0.0,0.0,0.0,0.10098
2025-09-16 03:10:00,Uno M404,1e-05,0.02834,0.0,0.0,0.0,0.0,-1e-05,0.00078,0.0,0.0,0.0,0.00418,0.0,0.0,0.0,0.0,0.0,0.10112
2025-09-16 03:15:00,Uno M404,0.0,0.028300000000000002,0.0,0.0,0.0,0.0,0.0,0.00127,0.0,0.0,0.0,0.0041600000000000005,0.0,0.0,0.0,0.0,0.0,0.10139
2025-09-16 03:20:00,Uno M404,0.0,1.17788,0.0,0.0,0.0,0.0,0.0,0.00020999999999999998,0.0,0.0,0.0,0.00495,0.0,0.0,0.0,0.0,0.0,1.25031
2025-09-16 03:25:00,Uno M404,0.0,0.02843,0.0,0.0,0.0,0.0,0.0,0.0010400000000000001,0.0,0.0,0.0,0.00396,0.0,0.0,0.0,0.0,0.0,0.10166
2025-09-16 03:30:00,Uno M404,0.0,0.02823,0.0,0.0,0.09806000000000001,0.0,0.0,0.0002,0.0,0.0,0.0,0.102,0.0,0.0,0.0,0.0,0.0,0.10139
2025-09-16 03:35:00,Uno M404,0.0,0.02836,0.0,0.0,0.0,0.0,-1e-05,0.00087,0.0,0.0,0.0,0.00425,0.0,0.0,0.0,0.0,0.0,0.10142
2025-09-16 03:40:00,Uno M404,0.0,0.02832,0.0,0.0,0.0,0.0,0.0,0.001,0.0,0.0,0.0,0.00408,0.0,0.0,0.0,0.0,0.0,0.10101
2025-09-16 03:45:00,Uno M404,0.0,1.17,0.0,0.0,0.0,0.0,0.0,0.00029,0.0,0.0,0.0,0.00395,0.0,0.0,0.0,0.0,0.0,1.24238
2025-09-16 03:50:00,Uno M404,5e-05,1.1768800000000001,0.0,0.0,0.0,0.0,0.0,0.00016,0.0,0.0,0.0,0.00396,0.0,0.0,0.0,0.0,0.0,1.24918
2025-09-16 03:55:00,Uno M404,0.0,0.02829,0.0,0.0,0.0,0.0,0.0,0.00039,0.0,0.0,0.0,0.00395,0.0,0.0,0.0,0.0,0.0,0.10168
2025-09-16 04:00:00,Uno M404,0.0,0.02847,0.0,0.0,0.0,0.0,0.0,0.00025,0.0,0.0,0.0,0.00395,0.0,0.0,0.0,0.0,0.0,0.10215
2025-09-16 04:05:00,Uno M404,0.0,0.028390000000000002,0.0,0.0,0.0,0.0,-1e-05,0.0006,0.0,0.0,0.0,0.00396,0.0,0.0,0.0,0.0,0.0,0.10185
2025-09-16 04:10:00,Uno M404,0.0,0.02855,0.0,0.0,0.10142,0.0,0.0,0.00047,0.0,0.0,0.0,0.10558,0.0,0.0,0.0,0.0,0.0,0.10213
2025-09-16 04:15:00,Uno M404,4e-05,1.1824700000000001,0.0,0.0,0.08732,0.0,0.0,0.00032,0.0,0.0,0.0,0.09124,0.0,0.0,0.0,0.0,0.0,1.25518
2025-09-16 04:20:00,Uno M404,0.0,0.02825,0.0,0.0,0.0,0.0,-1e-05,0.0004,0.0,0.0,0.0,0.0038,0.0,0.0,-1e-05,0.0,0.0,0.10135
2025-09-16 04:25:00,Uno M404,0.0,0.028120000000000003,0.0,0.0,0.0,0.0,0.0,0.00079,0.0,0.0,0.0,0.00405,0.0,0.0,-1e-05,0.0,0.0,0.10125
2025-09-16 04:30:00,Uno M404,0.0,0.02827,0.0,0.0,0.0,0.0,-1e-05,0.00038,0.0,0.0,0.0,0.00419,0.0,0.0,0.0,0.0,0.0,0.10162
2025-09-16 04:35:00,Uno M404,0.0,0.02832,0.0,0.0,0.0,0.0,-4e-05,0.00099,0.0,0.0,0.0,0.00405,0.0,0.0,-1e-05,0.0,0.0,0.10161
2025-09-16 04:40:00,Uno M404,0.0,1.1799000000000002,0.0,0.0,0.0,0.0,0.0,0.00086,0.0,0.0,0.0,0.00408,0.0,0.0,0.0,0.0,0.0,1.25248
2025-09-16 04:45:00,Uno M404,0.0,0.028120000000000003,0.0,0.0,0.0,0.0,0.0,0.00078,0.0,0.0,0.0,0.00423,0.0,0.0,0.0,0.0,0.0,0.10141
2025-09-16 04:50:00,Uno M404,0.0,0.02818,0.0,0.0,0.10709,0.0,0.0,0.00029,0.0,0.0,0.0,0.11075,0.0,0.0,0.0,0.0,0.0,0.101
2025-09-16 04:55:00,Uno M404,0.0,0.02819,0.0,0.0,0.09029999999999999,0.0,0.0,0.0006,0.0,0.0,0.0,0.09386,0.0,0.0,0.0,0.0,0.0,0.1015
2025-09-16 05:00:00,Uno M404,0.0,1.17802,0.0,0.0,0.0,0.0,0.0,0.00032,0.0,0.0,0.0,0.0038599999999999997,0.0,0.0,0.0,0.0,0.0,1.2504000000000002
2025-09-16 05:05:00,Uno M404,0.0,0.02801,0.0,0.0,0.0,0.0,-1e-05,0.00020999999999999998,0.0,0.0,0.0,0.00375,0.0,0.0,-1e-05,0.0,0.0,0.10064000000000001
2025-09-16 05:10:00,Uno M404,0.0,0.02807,0.0,0.0,0.0,0.0,-1e-05,0.00011,0.0,0.0,0.0,0.00449,0.0,0.0,0.0,0.0,0.0,0.10036
2025-09-16 05:15:00,Uno M404,5e-05,0.02788,0.0,0.0,0.0,0.0,0.0,0.00027,0.0,0.0,0.0,0.00437,0.0,0.0,0.0,0.0,0.0,0.10027
2025-09-16 05:20:00,Uno M404,0.0,1.16508,0.0,0.0,0.0,0.0,-1e-05,0.00108,0.0,0.0,0.0,0.00412,0.0,0.0,0.0,0.0,0.0,1.2366700000000002
2025-09-16 05:25:00,Uno M404,1e-05,0.02788,0.0,0.0,0.0,0.0,0.0,0.00028000000000000003,0.0,0.0,0.0,0.00383,0.0,0.0,0.0,0.0,0.0,0.09972
2025-09-16 05:30:00,Uno M404,0.0,0.027719999999999998,0.0,0.0,0.0,0.0,0.0,0.00035,0.0,0.0,0.0,0.00405,0.0,0.0,0.0,0.0,0.0,0.09959
2025-09-16 05:35:00,Uno M404,0.0,0.02775,0.0,0.0,0.09334,0.0,0.0,0.0002,0.0,0.0,0.0,0.097,0.0,0.0,0.0,0.0,0.0,0.09913
2025-09-16 05:40:00,Uno M404,0.0,0.027800000000000002,0.0,0.0,0.0,0.0,-2e-05,0.00038,0.0,0.0,0.0,0.00409,0.0,0.0,0.0,0.0,0.0,0.09927
2025-09-16 05:45:00,Uno M404,2e-05,1.15907,0.0,0.0,0.0,0.0,0.0,0.00019,0.0,0.0,0.0,0.0044599999999999996,0.0,0.0,0.0,0.0,0.0,1.22925
2025-09-16 05:50:00,Uno M404,0.0,0.02752,0.0,0.0,0.0,0.0,0.0,0.00015,0.0,0.0,0.0,0.00372,0.0,0.0,0.0,0.0,0.0,0.09824
2025-09-16 05:55:00,Uno M404,1e-05,0.02752,0.0,0.0,0.0,0.0,0.0,5e-05,0.0,0.0,0.0,0.004019999999999999,0.0,0.0,0.0,0.0,0.0,0.09811
2025-09-16 06:00:00,Uno M404,0.0,0.027579999999999997,0.0,0.0,0.0,0.0,0.0,0.00047999999999999996,0.0,0.0,0.0,0.00421,0.0,0.0,0.0,0.0,0.0,0.09863
2025-09-16 06:05:00,Uno M404,0.0,1.1527,0.0,0.0,0.0,0.0,0.0,0.00054,0.0,0.0,0.0,0.0039700000000000004,0.0,0.0,0.0,0.0,0.0,1.22257
2025-09-16 06:10:00,Uno M404,0.0,1.41249,0.0,0.0,0.0,0.0,0.0,0.00035999999999999997,0.0,0.0,0.0,0.00414,0.0,0.0,0.0,0.0,0.0,1.4811800000000002
2025-09-16 06:15:00,Uno M404,1e-05,0.027059999999999997,0.0,0.0,0.09356,0.0,0.0,0.0004,0.0,0.0,0.0,0.09729,0.0,0.0,0.0,0.0,0.0,0.09597
2025-09-16 06:20:00,Uno M404,0.0,0.026879999999999998,0.0,0.0,0.0,0.0,0.0,5e-05,0.0,0.0,0.0,0.00394,0.0,0.0,0.0,0.0,0.0,0.09619
2025-09-16 06:25:00,Uno M404,0.0,0.02689,0.0,0.0,0.0,0.0,-1e-05,0.00041999999999999996,0.0,0.0,0.0,0.0039700000000000004,0.0,0.0,0.0,0.0,0.0,0.09523999999999999
2025-09-16 06:30:00,Uno M404,0.0,1.13846,0.0,0.0,0.0,0.0,0.0,0.00035,0.0,0.0,0.0,0.004030000000000001,0.0,0.0,0.0,0.0,0.0,1.20501
2025-09-16 06:35:00,Uno M404,1e-05,0.02662,0.0,0.0,0.0,0.0,0.0,0.00093,0.0,0.0,0.0,0.00377,0.0,0.0,0.0,0.0,0.0,0.09423999999999999
2025-09-16 06:40:00,Uno M404,0.0,0.02674,0.0,0.0,0.0,0.0,0.0,0.00067,0.0,0.0,0.0,0.0039700000000000004,0.0,0.0,0.0,0.0,0.0,0.09426000000000001
2025-09-16 06:45:00,Uno M404,0.0,0.02691,0.0,0.0,0.0,0.0,0.0,0.00025,0.0,0.0,0.0,0.00438,0.0,0.0,0.0,0.0,0.0,0.09512000000000001
2025-09-16 06:50:00,Uno M404,1e-05,0.02689,0.0,0.0,0.0,0.0,0.0,0.00035999999999999997,0.0,0.0,0.0,0.00418,0.0,0.0,0.0,0.0,0.0,0.09543
2025-09-16 06:55:00,Uno M404,0.0,0.026789999999999998,0.0,0.0,0.09209,0.0,0.0,0.00068,0.0,0.0,0.0,0.09572,0.0,0.0,0.0,0.0,0.0,0.09512000000000001
2025-09-16 07:00:00,Uno M404,0.0076500000000000005,0.02699,0.0,0.0,0.0,0.0,0.0,0.0,0.0,0.00604,0.0,0.0038799999999999998,0.0,0.0,0.0,0.0,0.0,0.09609999999999999
2025-09-16 07:05:00,Uno M404,0.0,0.02678,0.0,0.0,0.0,0.0,0.0,0.0004,0.0,0.0,0.0,0.004030000000000001,0.0,0.0,0.0,0.0,0.0,0.09527
2025-09-16 07:10:00,Uno M404,0.0,1.13179,0.0,0.0,0.0,0.0,0.0,0.00078,0.0,0.0,0.0,0.0040999999999999995,0.0,0.0,0.0,0.0,0.0,1.1990399999999999
2025-09-16 07:15:00,Uno M404,4e-05,0.026609999999999998,0.0,0.0,0.0,0.0,0.0,0.00049,0.0,0.0,0.0,0.00362,0.0,0.0,0.0,0.0,0.0,0.09398000000000001
2025-09-16 07:20:00,Uno M404,0.0,0.02659,0.0,0.0,0.0,0.0,-1e-05,0.00035999999999999997,0.0,0.0,0.0,0.00404,0.0,0.0,0.0,0.0,0.0,0.09429000000000001
2025-09-16 07:25:00,Uno M404,0.0,0.026600000000000002,0.0,0.0,0.0,0.0,0.0,0.00023999999999999998,0.0,0.0,0.0,0.00411,0.0,0.0,0.0,0.0,0.0,0.09376000000000001
2025-09-16 07:30:00,Uno M404,0.0,1.13255,0.0,0.0,0.0,0.0,0.0,0.00049,0.0,0.0,0.0,0.00415,0.0,0.0,0.0,0.0,0.0,1.1985299999999999
2025-09-16 07:35:00,Uno M404,0.0,0.02665,0.0,0.0,0.09079000000000001,0.0,0.0,0.00029,0.0,0.0,0.0,0.09462999999999999,0.0,0.0,0.0,0.0,0.0,0.09359
2025-09-16 07:40:00,Uno M404,0.0,0.026719999999999997,0.0,0.0,0.0,0.0,0.0,0.00020999999999999998,0.0,0.0,0.0,0.00393,0.0,0.0,0.0,0.0,0.0,0.0937
2025-09-16 07:45:00,Uno M404,0.0,0.02684,0.0,0.0,0.0,0.0,-2e-05,0.00049,0.0,0.0,0.0,0.00377,0.0,0.0,0.0,0.0,0.0,0.09417
2025-09-16 07:50:00,Uno M404,0.0,1.13623,0.0,0.0,0.0,0.0,0.0,0.00028000000000000003,0.0,0.0,0.0,0.00383,0.0,0.0,0.0,0.0,0.0,1.20279
2025-09-16 07:55:00,Uno M404,0.0,0.026539999999999998,0.0,0.0,0.0,0.0,0.0,0.00033,0.0,0.0,0.0,0.00367,0.0,0.0,0.0,0.0,0.0,0.09368000000000001
2025-09-16 08:00:00,Uno M404,0.0,0.026879999999999998,0.0,0.0,0.0,0.0,0.0,0.00086,0.0,0.0,0.0,0.0038,0.0,0.0,0.0,0.0,0.0,0.09523999999999999
2025-09-16 08:05:00,Uno M404,0.0,0.02674,0.0,0.0,0.0,0.0,0.0,0.00086,0.0,0.0,0.0,0.0038,0.0,0.0,0.0,0.0,0.0,0.09404000000000001
2025-09-16 08:10:00,Uno M404,0.030809999999999997,1.13862,0.0,0.0,0.0,0.0,0.0,0.00015,0.0,0.02903,0.0,0.0038399999999999997,0.0,0.0,0.0,0.0,0.0,1.2049400000000001
2025-09-16 08:15:00,Uno M404,0.03084,0.02671,0.0,0.0,0.09307,0.0,0.0,0.00058,0.0,0.02902,0.0,0.09638,0.0,0.0,0.0,0.0,0.0,0.09401999999999999
2025-09-16 08:20:00,Uno M404,0.03059,0.02638,0.0,0.0,0.0,0.0,0.0,0.0007199999999999999,0.0,0.02869,0.0,0.0037,0.0,0.0,0.0,0.0,0.0,0.09314
2025-09-16 08:25:00,Uno M404,0.03047,1.12775,0.0,0.0,0.0,0.0,0.0,0.00078,0.0,0.02865,0.0,0.00352,0.0,0.0,0.0,0.0,0.0,1.19343
2025-09-16 08:30:00,Uno M404,0.03049,0.026420000000000003,0.0,0.0,0.0,0.0,0.0,0.00053,0.0,0.02855,0.0,0.0033799999999999998,0.0,0.0,0.0,0.0,0.0,0.09262999999999999
2025-09-16 08:35:00,Uno M404,0.030440000000000002,0.02633,0.0,0.0,0.0,0.0,-5e-05,0.00034,0.0,0.02853,0.0,0.0037400000000000003,0.0,0.0,0.12902000000000002,0.0,0.0,0.22282
2025-09-16 08:40:00,Uno M404,0.02989,0.02647,0.0,0.0,0.0,0.0,-0.00031,0.0005899999999999999,0.0,0.028300000000000002,0.0,0.00382,0.0,0.0,0.12682,0.0,0.0,0.2206
2025-09-16 08:45:00,Uno M404,0.02376,1.1478199999999998,0.0,0.0,0.0,0.0,0.0,0.00041999999999999996,0.0,0.02194,0.0,0.00347,0.0,0.0,0.11795,0.0,0.0,1.33209
2025-09-16 08:50:00,Uno M404,0.023809999999999998,0.0,0.0,0.0,0.0,0.0,0.0,0.00045,0.0,0.02208,0.0,0.0038799999999999998,0.0,0.0,0.10704999999999999,0.0,0.0,0.17518999999999998
2025-09-16 08:55:00,Uno M404,0.023870000000000002,0.0,0.0,0.0,0.09306,0.0,-1e-05,0.00062,0.0,0.021929999999999998,0.0,0.09634000000000001,0.0,0.0,0.10968000000000001,0.0,0.0,0.18869
2025-09-16 09:00:00,Uno M404,0.02389,0.0,0.0,0.0,0.0,0.0,-1e-05,0.00051,0.0,0.02206,0.0,0.0035299999999999997,0.0,0.0,0.10717,0.0,0.0,0.1845
2025-09-16 09:05:00,Uno M404,0.023620000000000002,0.0,0.0,0.0,0.0,0.0,-1e-05,0.00034,0.0,0.02189,0.0,0.00354,0.0,0.0,0.10321,0.0,0.0,0.18133000000000002
2025-09-16 09:10:00,Uno M404,0.023489999999999997,0.0,0.0,0.0,0.0,0.0,0.0,0.00079,0.0,0.02171,0.0,0.00381,0.0,0.0,0.09554,0.0,0.0,0.17339
2025-09-16 09:15:00,Uno M404,0.0237,0.0,0.0,0.0,0.0,0.0,0.0,0.00027,0.0,0.02187,0.0,0.0038799999999999998,0.0,0.0,0.08819,0.0,0.0,0.16529
2025-09-16 09:20:00,Uno M404,0.02343,0.0,0.0,0.0,0.0,0.0,0.0,0.00044,0.0,0.02157,0.0,0.00331,0.0,0.0,0.08846,0.0,0.0,0.16555
2025-09-16 09:25:00,Uno M404,0.023329999999999997,0.0,0.0,0.0,0.0,1e-05,-1e-05,0.00034,0.0,0.02142,0.0,0.00337,0.0,0.0,0.0922,0.0,0.0,0.16803
2025-09-16 09:30:00,Uno M404,0.02336,0.0,0.0,0.0,0.0,0.0,0.0,0.00055,0.0,0.02135,0.0,0.00319,0.0,0.0,0.09664,0.0,0.0,0.17321999999999999
2025-09-16 09:35:00,Uno M404,0.02275,0.0,0.0,0.0,0.09522,0.0,0.0,0.00025,0.0,0.02095,0.0,0.09799,0.0,0.0,0.09992,0.0,0.0,0.17709
2025-09-16 09:40:00,Uno M404,0.02275,0.0,0.0,0.0,0.0,0.0,-5.9999999999999995e-05,0.00045,0.0,0.02103,0.0,0.00344,0.0,0.0,0.10174,0.0,0.0,0.17933000000000002
2025-09-16 09:45:00,Uno M404,0.02281,0.0,0.0,0.0,0.0,0.0,0.0,0.0005600000000000001,0.0,0.02091,0.0,0.0035499999999999998,0.0,0.0,0.08052,0.0,0.0,0.157
2025-09-16 09:50:00,Uno M404,0.022350000000000002,0.0,0.0,0.0,0.0,0.0,-2e-05,0.00046,0.0,0.02061,0.0,0.00483,0.0,0.0,0.08083,0.0,0.0,0.15687
2025-09-16 09:55:00,Uno M404,0.0222,0.0,0.0,0.0,0.0,0.0,0.0,0.0005200000000000001,0.0,0.02044,0.0,0.00331,0.0,0.0,0.09793,0.0,0.0,0.17378
2025-09-16 10:00:00,Uno M404,0.02852,0.0,0.0,0.0,0.0,2e-05,0.0,0.00045,0.0,0.026760000000000003,0.0,0.00381,0.0,0.0,0.08824,0.0,0.0,0.16353
2025-09-16 10:05:00,Uno M404,0.02842,0.0,0.0,0.0,0.0,0.0,0.0,0.00044,0.0,0.02666,0.0,0.01088,0.0,0.0,0.07690000000000001,0.0,0.0,0.15203999999999998
2025-09-16 10:10:00,Uno M404,0.022350000000000002,0.0,0.0,0.0,0.0,0.0,0.0,0.00015,0.0,0.02056,0.0,0.12172,0.0,0.0,0.08281999999999999,0.0,0.0,0.08594
2025-09-16 10:15:00,Uno M404,0.02233,0.0,0.0,0.0,0.09881000000000001,0.0,0.0,0.00022,0.0,0.02057,0.0,0.21298,0.0,0.0,0.07107,0.0,0.0,0.07432
2025-09-16 10:20:00,Uno M404,0.02228,0.0,0.0,0.0,0.08341,0.0,-2e-05,0.00067,0.0,0.02048,0.0,0.17843,0.0,0.0,0.06677,0.0,0.0,0.07004
2025-09-16 10:25:00,Uno M404,0.02218,0.0,0.0,0.0,0.0,0.0,0.0,0.00035999999999999997,0.0,0.02034,0.0,0.10826000000000001,0.0,0.0,0.06714,0.0,0.0,0.07023
2025-09-16 10:30:00,Uno M404,0.02218,0.0,0.0,0.0,0.0,0.0,-1e-05,0.00039,0.0,0.02045,0.0,0.10351,0.0,0.0,0.06459999999999999,0.0,0.0,0.0677
2025-09-16 10:35:00,Uno M404,0.0221,0.0,0.0,0.0,0.0,1e-05,-2e-05,0.0004,0.0,0.02027,0.0,0.10343000000000001,0.0,0.0,0.07608,0.0,0.0,0.07934000000000001
2025-09-16 10:40:00,Uno M404,0.02224,0.0,0.0,0.0,0.0,0.0,0.0,0.00032,0.0,0.02034,0.0,0.10633,0.0,0.0,0.05762,0.0,0.0,0.06093
2025-09-16 10:45:00,Uno M404,0.022269999999999998,0.0,0.0,0.0,0.09763,0.0,-1e-05,0.00078,0.0,0.02051,0.74015,0.94152,0.0,0.0,0.061689999999999995,0.0,0.0,0.06472
2025-09-16 10:50:00,Uno M404,0.02209,0.0,0.0,0.0,0.08658,1e-05,0.0,0.0007099999999999999,0.0,0.02029,0.040780000000000004,0.24819999999999998,0.0,0.0,0.05734,0.0,0.0,0.06063
2025-09-16 10:55:00,Uno M404,0.02203,0.0,0.0,0.0,0.0,1e-05,-7.000000000000001e-05,0.00064,0.0,0.020309999999999998,0.72766,0.83996,0.0,0.0,0.05176,0.0,0.0,0.054979999999999994
2025-09-16 11:00:00,Uno M404,0.02206,0.0,0.0,0.0,0.0,0.0,-8.999999999999999e-05,0.00094,0.0,0.020329999999999997,0.72984,0.8212200000000001,0.0,0.0,0.05158,0.0,0.0,0.054729999999999994
2025-09-16 11:05:00,Uno M404,0.0222,0.0,0.0,0.0,0.0,2e-05,-7.000000000000001e-05,0.0008100000000000001,0.0,0.020399999999999998,0.7425900000000001,0.82041,0.0,0.0,0.05213,0.0,0.0,0.05535
2025-09-16 11:10:00,Uno M404,0.02214,0.0,0.0,0.0,0.0,1e-05,-5.9999999999999995e-05,0.00067,0.0,0.02036,0.73776,0.8460700000000001,0.0,0.0,0.05453,0.0,0.0,0.0579
2025-09-16 11:15:00,Uno M404,0.02204,0.0,0.0,0.0,0.09806000000000001,0.0,-2e-05,0.00076,0.0,0.020329999999999997,0.73949,0.9432699999999999,0.0,0.0,0.05602,0.0,0.0,0.059609999999999996
2025-09-16 11:20:00,Uno M404,0.02239,0.0,0.0,0.0,0.0843,7.000000000000001e-05,-2e-05,0.00079,0.0,0.02069,0.7371,0.91713,0.0,0.0,0.05212,0.0,0.0,0.05553
2025-09-16 11:25:00,Uno M404,0.02239,0.0,0.0,0.0,0.0,0.00015,-0.00022,0.0014,0.0,0.0205,0.041210000000000004,0.12099,0.0,0.0,0.05421,0.0,0.0,0.05776
2025-09-16 11:30:00,Uno M404,0.02214,0.0,0.0,0.0,0.0,0.00013000000000000002,-0.00049,0.00172,0.0,0.020399999999999998,0.0412,0.15124,0.0,0.0,0.051859999999999996,0.0,0.0,0.055159999999999994
2025-09-16 11:35:00,Uno M404,0.02249,0.0,0.0,0.0,0.0,1e-05,-2e-05,0.00155,0.0,0.02057,0.041479999999999996,0.11642,0.0,0.0,0.05152,0.0,0.0,0.05486
2025-09-16 11:40:00,Uno M404,0.022690000000000002,0.0,0.0,0.0,0.0,1e-05,0.0,0.0008399999999999999,0.0,0.020829999999999998,0.0416,0.11775,0.0,0.0,0.05076,0.0,0.0,0.05364
2025-09-16 11:45:00,Uno M404,0.022420000000000002,0.0,0.0,0.0,0.0,0.0,0.0,0.00051,0.0,0.02061,0.04152,0.11494,0.0,0.0,0.05672,0.0,0.0,0.05964
2025-09-16 11:50:00,Uno M404,0.02287,0.0,0.0,0.0,0.0,0.0,0.0,0.00017999999999999998,0.0,0.02091,0.04175,0.11619,0.0,0.0,0.054130000000000005,0.0,0.0,0.05715
2025-09-16 11:55:00,Uno M404,0.02284,0.0,0.0,0.0,0.09301000000000001,0.0,0.0,8e-05,0.0,0.02097,0.04165,0.20675,0.0,0.0,0.05076,0.0,0.0,0.053869999999999994
2025-09-16 12:00:00,Uno M404,0.023010000000000003,0.0,0.0,0.0,0.0,0.0,0.0,0.00014000000000000001,0.0,0.021,0.04152,0.11184000000000001,0.0,0.0,0.05194,0.0,0.0,0.05489
2025-09-16 12:05:00,Uno M404,0.02281,0.0,0.0,0.0,0.0,0.0,0.0,4e-05,0.0,0.021,0.04134,0.11261,0.0,0.0,0.05367,0.0,0.0,0.05682
2025-09-16 12:10:00,Uno M404,0.02311,0.0,0.0,0.0,0.0,0.0,0.0,0.0004,0.0,0.02124,0.04149,0.10783,0.0,0.0,0.05048,0.0,0.0,0.053450000000000004
2025-09-16 12:15:00,Uno M404,0.02296,0.0,0.0,0.0,0.0,0.0,0.0,4e-05,0.0,0.02117,0.04218,0.10997,0.0,0.0,0.05323,0.0,0.0,0.056
2025-09-16 12:20:00,Uno M404,0.023100000000000002,0.0,0.0,0.0,0.0,0.0,0.0,0.0002,0.0,0.02102,0.04251,0.11072,0.0,0.0,0.05677,0.0,0.0,0.05973
2025-09-16 12:25:00,Uno M404,0.023100000000000002,0.0,0.0,0.0,0.0,0.0,0.0,0.00011999999999999999,0.0,0.02117,0.04183,0.10859999999999999,0.0,0.0,0.052090000000000004,0.0,0.0,0.05508
2025-09-16 12:30:00,Uno M404,0.02321,0.0,0.0,0.0,0.10590999999999999,0.0,0.0,0.00019,0.0,0.0212,0.04265,0.2169,0.0,0.0,0.03646,0.0,0.0,0.03933
2025-09-16 12:35:00,Uno M404,0.023510000000000003,0.0,0.0,0.0,0.08792,0.0,-1e-05,0.00031,0.0,0.02151,0.04271,0.19965,0.0,0.0,0.03678,0.0,0.0,0.03995
2025-09-16 12:40:00,Uno M404,0.02348,0.0,0.0,0.0,0.0,0.0,0.0,0.00031,0.0,0.02143,0.04301,0.1142,0.0,0.0,0.03667,0.0,0.0,0.039619999999999995
2025-09-16 12:45:00,Uno M404,0.02359,0.0,0.0,0.0,0.0,0.0,0.0,0.00041999999999999996,0.0,0.02154,0.04265,0.11172,0.0,0.0,0.03632,0.0,0.0,0.03953
2025-09-16 12:50:00,Uno M404,0.04732,0.0,0.0,0.0,0.0,0.0,0.0,0.00078,0.0,0.04336,0.08545,0.22597,0.0,0.0,0.07038,0.0,0.0,0.07686
2025-09-16 12:55:00,Uno M404,0.024,0.0,0.0,0.0,0.0,0.0,0.0,0.00049,0.0,0.02183,0.04382,0.11309999999999999,0.0,0.0,0.03518,0.0,0.0,0.03841
2025-09-16 13:00:00,Uno M404,0.04863,0.0,0.0,0.0,0.0,0.0,0.0,0.00131,0.0,0.044270000000000004,0.08998,0.23364,0.0,0.0,0.06974,0.0,0.0,0.07642
2025-09-16 13:05:00,Uno M404,0.02476,0.0,0.0,0.0,0.0,0.0,-5.9999999999999995e-05,0.00086,0.0,0.02281,0.045,0.12445,0.0,0.0,0.04942,0.0,0.0,0.05267
2025-09-16 13:10:00,Uno M404,0.02467,0.0,0.0,0.0,0.09689,8e-05,0.0285,0.0011200000000000001,0.0,0.02271,0.0,0.17523,0.0,0.0,0.0499,0.0,0.0,0.0834
2025-09-16 13:15:00,Uno M404,0.02479,0.0,0.0,0.0,0.0,0.00029,0.02826,0.00141,0.0,0.022690000000000002,0.0,0.07833,0.0,0.0,0.04998,0.0,0.0,0.08315
2025-09-16 13:20:00,Uno M404,0.02484,0.0,0.0,0.0,0.0,8e-05,0.0281,0.00155,0.0,0.02275,0.0,0.07823000000000001,0.0,0.0,0.04821,0.0,0.0,0.08138
2025-09-16 13:25:00,Uno M404,0.02477,0.0,0.0,0.0,0.0,0.0009699999999999999,0.02795,0.00181,0.0,0.02275,0.0,0.07683,0.0,0.0,0.04997,0.0,0.0,0.0832
2025-09-16 13:30:00,Uno M404,0.02481,0.0,0.0,0.0,0.0,0.0004,0.02789,0.00188,0.0,0.022670000000000003,0.0,0.07403,0.0,0.0,0.049100000000000005,0.0,0.0,0.08206999999999999
2025-09-16 13:35:00,Uno M404,0.02457,0.0,0.0,0.0,0.0,0.0002,0.02776,0.0015400000000000001,0.0,0.022539999999999998,0.0,0.07396,0.0,0.0,0.048420000000000005,0.0,0.0,0.08141
2025-09-16 13:40:00,Uno M404,0.02422,0.0,0.0,0.0,0.0,0.00027,0.02786,0.00135,0.0,0.022260000000000002,0.0,0.06831,0.0,0.0,0.0485,0.0,0.0,0.08147
2025-09-16 13:45:00,Uno M404,0.02444,0.0,0.0,0.0,0.10468999999999999,0.00019,0.02785,0.00164,0.0,0.02234,0.0,0.15003,0.0,0.0,0.047409999999999994,0.0,0.0,0.08037000000000001
2025-09-16 13:50:00,Uno M404,0.07371,0.0,0.0,0.0,0.26085,0.00026999999999999995,0.08359,0.00513,0.0,0.0672,0.0,0.39624000000000004,0.0,0.0,0.14634999999999998,0.0,0.0,0.24485
2025-09-16 13:55:00,Uno M404,0.04872,0.0,0.0,0.0,0.0,0.00014000000000000001,0.05572,0.0033,0.0,0.044520000000000004,0.0,0.15168,0.0,0.0,0.09731999999999999,0.0,0.0,0.163
2025-09-16 14:00:00,Uno M404,0.04864,0.0,0.0,0.0,0.0,8e-05,0.055920000000000004,0.0028799999999999997,0.0,0.044520000000000004,0.0,0.15713999999999997,0.0,0.0,0.10112,0.0,0.0,0.16696
2025-09-16 14:05:00,Uno M404,0.024399999999999998,0.0,0.0,0.0,0.0,5.9999999999999995e-05,0.02798,0.00132,0.0,0.022269999999999998,0.0,0.07690999999999999,0.0,0.0,0.05065,0.0,0.0,0.08348
2025-09-16 14:10:00,Uno M404,0.024239999999999998,0.0,0.0,0.0,0.0,2e-05,0.02793,0.00133,0.0,0.02215,0.0,0.07747,0.0,0.0,0.06287,0.0,0.0,0.09584999999999999
2025-09-16 14:15:00,Uno M404,0.02416,0.0,0.0,0.0,0.0,0.0,0.02794,0.0012900000000000001,0.0,0.0221,0.0,0.07490999999999999,0.0,0.0,0.05305,0.0,0.0,0.08604
2025-09-16 14:20:00,Uno M404,0.02376,0.0,0.0,0.0,0.0,0.00011999999999999999,0.028030000000000003,0.00114,0.0,0.02183,0.0,0.07442,0.0,0.0,0.06064,0.0,0.0,0.09359999999999999
2025-09-16 14:25:00,Uno M404,0.02366,0.0,0.0,0.0,0.09369,1e-05,0.02792,0.00064,0.0,0.02166,0.0,0.16716999999999999,0.0,0.0,0.05123,0.0,0.0,0.08443
2025-09-16 14:30:00,Uno M404,0.02373,0.0,0.0,0.0,0.0,8.999999999999999e-05,0.02794,0.0012,0.0,0.02183,0.0,0.07422,0.0,0.0,0.05414,0.0,0.0,0.08716
2025-09-16 14:35:00,Uno M404,0.02366,0.0,0.0,0.0,0.0,0.00011,0.028,0.00121,0.0,0.02171,0.0,0.09381,0.0,0.0,0.05163,0.0,0.0,0.08478
2025-09-16 14:40:00,Uno M404,0.030440000000000002,0.0,0.0,0.0,0.0,5.9999999999999995e-05,0.02788,0.0015300000000000001,0.0,0.02842,0.0,0.06453,0.0,0.0,0.05053,0.0,0.0,0.08381
2025-09-16 14:45:00,Uno M404,0.02367,0.0,0.0,0.0,0.10656,8.999999999999999e-05,0.028,0.00079,0.0,0.02169,0.0,0.17875,0.0,0.0,0.05044,0.0,0.0,0.08368
2025-09-16 14:50:00,Uno M404,0.023600000000000003,0.0,0.0,0.0,0.08867,0.00019,0.02801,0.00151,0.0,0.02173,0.0,0.15652000000000002,0.0,0.0,0.054259999999999996,0.0,0.0,0.08743000000000001
2025-09-16 14:55:00,Uno M404,0.02375,0.0,0.0,0.0,0.0,0.00011,0.02788,0.00134,0.0,0.0218,0.0,0.06844,0.0,0.0,0.05307,0.0,0.0,0.08602
2025-09-16 15:00:00,Uno M404,0.02373,0.0,0.0,0.0,0.0,0.00017999999999999998,0.027809999999999998,0.00128,0.0,0.02178,0.0,0.06905,0.0,0.0,0.052270000000000004,0.0,0.0,0.08517
2025-09-16 15:05:00,Uno M404,0.02386,0.0,0.0,0.0,0.0,0.00019,0.02798,0.0010400000000000001,0.0,0.02184,0.0,0.06902,0.0,0.0,0.05594,0.0,0.0,0.08884
2025-09-16 15:10:00,Uno M404,0.02376,0.0,0.0,0.0,0.0,0.00015,0.02801,0.00138,0.0,0.02184,0.0,0.069,0.0,0.0,0.05311,0.0,0.0,0.08616
2025-09-16 15:15:00,Uno M404,0.02366,0.0,0.0,0.0,0.0,0.00017999999999999998,0.02788,0.0013700000000000001,0.0,0.02175,0.0,0.0704,0.0,0.0,0.05465999999999999,0.0,0.0,0.08757
2025-09-16 15:20:00,Uno M404,0.02393,0.0,0.0,0.0,0.0,4e-05,0.028050000000000002,0.00139,0.0,0.02182,0.0,0.06670000000000001,0.0,0.0,0.05576,0.0,0.0,0.08871
2025-09-16 15:25:00,Uno M404,0.023710000000000002,0.0,0.0,0.0,0.09459999999999999,7.000000000000001e-05,0.027960000000000002,0.00128,0.0,0.0217,0.0,0.16018000000000002,0.0,0.0,0.06476000000000001,0.0,0.0,0.09778
2025-09-16 15:30:00,Uno M404,0.0238,0.0,0.0,0.0,0.0,0.00026000000000000003,0.02793,0.0014199999999999998,0.0,0.02174,0.0,0.06620999999999999,0.0,0.0,0.053579999999999996,0.0,0.0,0.08660999999999999
2025-09-16 15:35:00,Uno M404,0.02375,0.0,0.0,0.0,0.0,0.00011,0.02788,0.00111,0.0,0.02181,0.0,0.07772,0.0,0.0,0.05827,0.0,0.0,0.09121
2025-09-16 15:40:00,Uno M404,0.023530000000000002,0.0,0.0,0.0,0.0,2e-05,0.02791,0.0012900000000000001,0.0,0.02147,0.0,0.0747,0.0,0.0,0.053450000000000004,0.0,0.0,0.08662
2025-09-16 15:45:00,Uno M404,0.02377,0.0,0.0,0.0,0.0,0.0,0.02793,0.00106,0.0,0.02182,0.0,0.08084000000000001,0.0,0.0,0.056909999999999995,0.0,0.0,0.08973
2025-09-16 15:50:00,Uno M404,0.02348,0.0,0.0,0.0,0.0,1e-05,0.028140000000000002,0.00047999999999999996,0.0,0.02154,0.0,0.07142,0.0,0.0,0.053509999999999995,0.0,0.0,0.08619
2025-09-16 15:55:00,Uno M404,0.02361,0.0,0.0,0.0,0.0,0.0,0.027989999999999998,0.0007099999999999999,0.0,0.0217,0.0,0.07154,0.0,0.0,0.05241,0.0,0.0,0.08542
2025-09-16 16:00:00,Uno M404,0.0238,0.0,0.0,0.0,0.09595000000000001,0.0,0.02816,0.00025,0.0,0.02182,0.0,0.16378,0.0,0.0,0.052520000000000004,0.0,0.0,0.08536
2025-09-16 16:05:00,Uno M404,0.05042,0.0,0.0,0.0,0.0,0.0,0.028140000000000002,0.02191,0.0,0.02798,0.0,0.07012,0.0,0.0,0.055659999999999994,0.0,0.0,0.0885
2025-09-16 16:10:00,Uno M404,0.02989,0.0,0.0,0.0,0.0,0.0,0.02826,0.00011,0.0,0.028,0.0,0.06873,0.0,0.0,0.0668,0.0,0.0,0.09956999999999999
2025-09-16 16:15:00,Uno M404,0.02989,0.0,0.0,0.0,0.0,0.0,0.02819,1e-05,0.0,0.028079999999999997,0.0,0.06893,0.0,0.0,0.05292,0.0,0.0,0.08571
2025-09-16 16:20:00,Uno M404,0.02995,0.0,0.0,0.0,0.0,0.0,0.02825,8.999999999999999e-05,0.0,0.02816,0.0,0.07786,0.0,0.0,0.05354,0.0,0.0,0.08644
2025-09-16 16:25:00,Uno M404,0.02376,,0.0,0.0,0.0,0.0,,2e-05,0.0,0.02197,0.0,0.07174,,,,0.0,0.0,
2025-09-16 16:30:00,Uno M404,0.0238,0.0,0.0,0.0,0.0,0.0,0.02822,4e-05,0.0,0.02191,0.0,0.07962999999999999,0.0,0.0,0.05374,0.0,0.0,0.0867
2025-09-16 16:35:00,Uno M404,0.02377,0.0,0.0,0.0,0.10325,0.0,0.02816,0.0,0.0,0.022010000000000002,0.0,0.18228,0.0,0.0,0.05559,0.0,0.0,0.08835
2025-09-16 16:40:00,Uno M404,0.023710000000000002,0.0,0.0,0.0,0.08509,0.0,0.02828,1e-05,0.0,0.02197,0.0,0.154,0.0,0.0,0.054509999999999996,0.0,0.0,0.08737
2025-09-16 16:45:00,Uno M404,0.023629999999999998,0.0,0.0,0.0,0.0,0.0,0.028300000000000002,1e-05,0.0,0.02189,0.0,0.07053,0.0,0.0,0.05367,0.0,0.0,0.08660999999999999
2025-09-16 16:50:00,Uno M404,0.023629999999999998,0.0,0.0,0.0,0.0,0.0,0.028329999999999998,0.0,0.0,0.02188,0.0,0.06953,0.0,0.0,0.05547,0.0,0.0,0.08825
2025-09-16 16:55:00,Uno M404,0.02361,0.0,0.0,0.0,0.0,0.0,0.02823,2e-05,0.0,0.02184,0.0,0.07051,0.0,0.0,0.052770000000000004,0.0,0.0,0.08548
2025-09-16 17:00:00,Uno M404,0.023809999999999998,,0.0,0.0,0.0,0.0,,0.0,0.0,0.02204,0.0,0.06531,,,,0.0,0.0,
2025-09-16 17:05:00,Uno M404,0.02392,0.0,0.0,0.0,0.0,0.0,0.02826,1e-05,0.0,0.022019999999999998,0.0,0.06909,0.0,0.0,0.05808,0.0,0.0,0.09090999999999999
2025-09-16 17:10:00,Uno M404,3.43085,0.0,0.0,3.40158,0.0,0.0,0.028120000000000003,4e-05,0.0,0.027530000000000002,0.0,0.06752,0.0,0.0,0.045399999999999996,0.0,0.0,0.07805
2025-09-16 17:15:00,Uno M404,3.425,0.0,0.0,3.39617,0.09245,0.0,0.0281,1e-05,0.0,0.02748,0.0,0.15915,0.0,0.0,0.047549999999999995,0.0,0.0,0.08017
2025-09-16 17:20:00,Uno M404,3.3943000000000003,0.0,0.0,3.36556,0.0,0.0,0.02816,0.0,0.0,0.02725,0.0,0.06604,0.0,0.0,0.047119999999999995,0.0,0.0,0.07992
2025-09-16 17:25:00,Uno M404,3.39001,0.0,0.0,3.36127,0.0,0.0,0.028149999999999998,0.0,0.0,0.027280000000000002,0.0,0.06661,0.0,0.0,0.04643,0.0,0.0,0.07952
2025-09-16 17:30:00,Uno M404,3.39587,0.0,0.0,3.36713,0.0,0.0,0.02823,0.0,0.0,0.02727,0.0,0.07121,0.0,0.0,0.04868,0.0,0.0,0.0815
2025-09-16 17:35:00,Uno M404,0.0,0.0,0.0,0.0,0.0,0.0,0.028210000000000002,1e-05,0.0,0.0,0.0,0.06886,0.0,0.0,0.051789999999999996,0.0,0.0,0.0844
2025-09-16 17:40:00,Uno M404,0.0,0.0,0.0,0.0,0.0,0.0,0.02832,0.0,0.0,0.0,0.0,0.07515999999999999,0.0,0.0,0.05224,0.0,0.0,0.08656
2025-09-16 17:45:00,Uno M404,0.0,0.0,0.0,0.0,0.0,0.0,0.02818,0.0,0.0,0.0,0.0,0.09023,0.0,0.0,0.05005,0.0,0.0,0.08272
2025-09-16 17:50:00,Uno M404,0.0,0.0,0.0,0.0,0.09502,0.0,0.028140000000000002,0.00017999999999999998,0.0,0.0,0.0,0.16476,0.0,0.0,0.053509999999999995,0.0,0.0,0.08604
2025-09-16 17:55:00,Uno M404,0.0,0.0,0.0,0.0,0.0,0.0,0.02813,8e-05,0.0,0.0,0.0,0.075,0.0,0.0,0.05082,0.0,0.0,0.08328
2025-09-16 18:00:00,Uno M404,0.0,0.0,0.0,0.0,0.0,0.0,0.02822,0.0,0.0,0.0,0.0,0.07468999999999999,0.0,0.0,0.056350000000000004,0.0,0.0,0.08904999999999999
2025-09-16 18:05:00,Uno M404,0.0,0.0,0.0,0.0,0.0,0.0,0.028120000000000003,1e-05,0.0,0.0,0.0,0.07512,0.0,0.0,0.05146,0.0,0.0,0.08392000000000001
2025-09-16 18:10:00,Uno M404,0.0,0.0,0.0,0.0,0.0,0.0,0.02841,1e-05,0.0,0.0,0.0,0.06173,0.0,0.0,0.05109,0.0,0.0,0.08379
2025-09-16 18:15:00,Uno M404,0.0,0.0,0.0,0.0,0.0,0.0,0.02816,5e-05,0.0,0.0,0.0,0.05124,0.0,0.0,0.051840000000000004,0.0,0.0,0.08455
2025-09-16 18:20:00,Uno M404,0.02156,0.0,0.0,0.0,0.0,0.0,0.02836,0.02175,0.0,0.0,0.0,0.07318000000000001,0.0,0.0,0.0513,0.01264,0.0,0.08399
2025-09-16 18:25:00,Uno M404,0.0,0.0,0.0,0.0,0.11159999999999999,0.0,0.02838,0.0,0.0,0.0,0.0,0.18392,0.0,0.0,0.05677,0.01247,0.0,0.08947
2025-09-16 18:30:00,Uno M404,0.0,0.0,0.0,0.0,0.08854000000000001,0.0,0.02835,5e-05,0.0,0.0,0.0,0.16022999999999998,0.0,0.0,0.050320000000000004,0.012320000000000001,0.0,0.08293
2025-09-16 18:35:00,Uno M404,0.0,0.0,0.0,0.0,0.0,0.0,0.1022,0.0,0.0,0.0,0.0,0.06602,0.0,0.0,0.05083,0.01226,0.0,0.15737
2025-09-16 18:40:00,Uno M404,0.0,0.0,0.0,0.0,0.0,0.0,0.1024,5e-05,0.0,0.0,0.0,0.06554,0.0,0.0,0.04994,0.01225,0.0,0.15657
2025-09-16 18:45:00,Uno M404,0.0,0.0,0.0,0.0,0.0,0.0,0.09919,1e-05,0.0,0.0,0.0,0.033979999999999996,0.0,0.0,0.04968,0.0,0.0,0.15331999999999998
2025-09-16 18:50:00,Uno M404,0.0,0.0,0.0,0.0,0.0,0.0,0.09956999999999999,0.0,0.0,0.0,0.0,0.034140000000000004,0.0,0.0,0.0,0.0,0.0,0.10255
2025-09-16 18:55:00,Uno M404,0.0,0.0,0.0,0.0,0.0,0.0,0.0993,0.0,0.0,0.0,0.0,0.033960000000000004,0.0,0.0,0.0,0.0,0.0,0.10232
2025-09-16 19:00:00,Uno M404,0.0,0.0,0.0,0.0,0.0,0.0,0.10121,0.0,0.0,0.0,0.0,0.03381,0.0,0.0,0.0,0.0,0.0,0.1043
2025-09-16 19:05:00,Uno M404,0.0,0.0,0.0,0.0,0.09054000000000001,0.0,0.09953000000000001,1e-05,0.0,0.0,0.0,0.1242,0.0,0.0,0.0,0.0,0.0,0.10260999999999999
2025-09-16 19:10:00,Uno M404,0.0,0.0,0.0,0.0,0.0,0.0,0.0352,0.0,0.0,0.0,0.0,0.03386,0.0,0.0,0.0,0.0,0.0,0.03832
2025-09-16 19:15:00,Uno M404,0.0,0.0,0.0,0.0,0.0,0.0,0.03514,1e-05,0.0,0.0,0.0,0.03372,0.0,0.0,0.0,0.0,0.0,0.03814
2025-09-16 19:20:00,Uno M404,0.0,0.0,0.0,0.0,0.0,0.0,0.02872,1e-05,0.0,0.0,0.0,0.03368,0.0,0.0,0.0,0.0,0.0,0.03185
2025-09-16 19:25:00,Uno M404,5.9999999999999995e-05,0.0,0.0,0.0,0.0,0.0,0.02867,1e-05,0.0,0.0,0.0,0.03383,0.0,0.0,0.0,0.0,0.0,0.03177
2025-09-16 19:30:00,Uno M404,0.0,0.0,0.0,0.0,0.0,0.0,0.028730000000000002,5e-05,0.0,0.0,0.0,0.03363,0.0,0.0,0.0,0.0,0.0,0.03185
2025-09-16 19:35:00,Uno M404,4e-05,0.0,0.0,0.0,0.0,0.0,0.02924,5.9999999999999995e-05,0.0,0.0,0.0,0.033729999999999996,0.0,0.0,0.0,0.0,0.0,0.03229
2025-09-16 19:40:00,Uno M404,0.0,0.0,0.0,0.0,0.09340000000000001,0.0,0.0287,0.0,0.0,0.0,0.0,0.1271,0.0,0.0,0.0,0.0,0.0,0.03189
2025-09-16 19:45:00,Uno M404,0.0,0.0,0.0,0.0,0.0,0.0,0.02869,1e-05,0.0,0.0,0.0,0.03427,0.0,0.0,0.0,0.0,0.0,0.03185
2025-09-16 19:50:00,Uno M404,0.0,0.0,0.0,0.0,0.0,0.0,0.02859,1e-05,0.0,0.0,0.0,0.03403,0.0,0.0,0.0,0.0,0.0,0.03195
2025-09-16 19:55:00,Uno M404,0.0,0.0,0.0,0.0,0.0,0.0,0.02862,0.00011,0.0,0.0,0.0,0.04089,0.0,0.0,0.0,0.0,0.0,0.03183
2025-09-16 20:00:00,Uno M404,0.0,0.0,0.0,0.0,0.0,0.0,0.10049,0.00014000000000000001,0.0,0.0,0.0,0.04708,0.0,0.0,0.0,0.0,0.0,0.10357999999999999
2025-09-16 20:05:00,Uno M404,0.0,0.0,0.0,0.0,0.0,0.0,0.09887,0.0002,0.0,0.0,0.80016,0.8407100000000001,0.0,0.0,0.0,0.0,0.0,0.10209
2025-09-16 20:10:00,Uno M404,0.0,0.0,0.0,0.0,0.09322,0.0,0.09881000000000001,4e-05,0.0,0.0,0.8054199999999999,0.93912,0.0,0.0,0.0,0.0,0.0,0.10193
2025-09-16 20:15:00,Uno M404,0.0,0.0,0.0,0.0,0.0,0.0,0.10088,7.000000000000001e-05,0.0,0.0,0.80752,0.8482799999999999,0.0,0.0,0.0,0.0,0.0,0.10376
2025-09-16 20:20:00,Uno M404,0.0,0.0,0.0,0.0,0.0,0.0,0.09903,5.9999999999999995e-05,0.0,0.0,0.80729,0.84785,0.0,0.0,0.0,0.0,0.0,0.10229
2025-09-16 20:25:00,Uno M404,4e-05,0.0,0.0,0.0,0.0,0.0,0.10028000000000001,0.00025,0.0,0.0,0.80569,0.84635,0.0,0.0,0.0,0.0,0.0,0.10353
2025-09-16 20:30:00,Uno M404,0.00771,0.0,0.0,0.0,0.09978000000000001,0.0,0.09684999999999999,0.0,0.0,0.00601,0.80477,0.96921,0.0,0.0,0.0,0.0,0.0,0.10014
2025-09-16 20:35:00,Uno M404,0.0,0.0,0.0,0.0,0.08807,0.0,0.09867000000000001,0.00022,0.0,0.0,0.04498,0.17276,0.0,0.0,0.0,0.0,0.0,0.12282
2025-09-16 20:40:00,Uno M404,0.0,0.0,0.0,0.0,0.0,0.0,0.09669,5e-05,0.0,0.0,0.04481,0.08486,0.0,0.0,0.0,0.0,0.0,0.12063
2025-09-16 20:45:00,Uno M404,0.0,0.0,0.0,0.0,0.0,0.0,0.09634999999999999,0.0002,0.0,0.0,0.04464,0.08458,0.0,0.0,0.0,0.0,0.0,0.12046
2025-09-16 20:50:00,Uno M404,1e-05,0.0,0.0,0.0,0.0,0.0,0.09762,0.00028000000000000003,0.0,0.0,0.04513,0.0851,0.0,0.0,0.0,0.0,0.0,0.12178
2025-09-16 20:55:00,Uno M404,0.0,0.0,0.0,0.0,0.0,0.0,0.09643,0.00022,0.0,0.0,0.045340000000000005,0.08549,0.0,0.0,0.0,0.0,0.0,0.12056
2025-09-16 21:00:00,Uno M404,0.0,0.0,0.0,0.0,0.09861,0.0,0.09698999999999999,0.00035,0.0,0.0,0.04523,0.20696,0.0,0.0,0.0,0.0,0.0,0.12118999999999999
2025-09-16 21:05:00,Uno M404,0.0,0.0,0.0,0.0,0.08628,0.0,0.09617,0.00049,0.0,0.0,0.04524,0.17081,0.0,0.0,0.0,0.0,0.0,0.12027
2025-09-16 21:10:00,Uno M404,0.0,0.0,0.0,0.0,0.0,0.0,0.0983,0.00053,0.0,0.0,0.04541,0.08575,0.0,0.0,-1e-05,0.0,0.0,0.12247
2025-09-16 21:15:00,Uno M404,0.0,0.0,0.0,0.0,0.0,0.0,0.10081,0.0005200000000000001,0.0,0.0,0.04539,0.08494,0.0,0.0,0.0,0.0,0.0,0.12495999999999999
2025-09-16 21:20:00,Uno M404,1e-05,0.0,0.0,0.0,0.0,0.0,0.10017,0.0008100000000000001,0.0,0.0,0.04546,0.08552,0.0,0.0,0.0,0.0,0.0,0.12433
2025-09-16 21:25:00,Uno M404,0.0,0.0,0.0,0.0,0.0,0.0,0.10038,0.00091,0.0,0.0,0.04589,0.08497,0.0,0.0,0.0,0.0,0.0,0.12455
2025-09-16 21:30:00,Uno M404,0.0,0.0,0.0,0.0,0.09999,0.0,0.10015,0.0007199999999999999,0.0,0.0,0.0,0.13942,0.0,0.0,0.0,0.0,0.0,0.12434999999999999
2025-09-16 21:35:00,Uno M404,0.0,0.0,0.0,0.0,0.08501,0.0,0.1015,0.00075,0.0,0.0,0.0,0.125,0.0,0.0,0.0,0.0,0.0,0.1254
2025-09-16 21:40:00,Uno M404,0.0,0.0,0.0,0.0,0.0,0.0,0.09944,0.00099,0.0,0.0,0.0,0.040229999999999995,0.0,0.0,0.0,0.0,0.0,0.12365999999999999
2025-09-16 21:45:00,Uno M404,0.0,0.0,0.0,0.0,0.0,0.0,0.10075,0.00098,0.0,0.0,0.0,0.03961,0.0,0.0,0.0,0.0,0.0,0.12491
2025-09-16 21:50:00,Uno M404,0.0,0.0,0.0,0.0,0.0,1e-05,0.10199,0.00113,0.0,0.0,0.0,0.039549999999999995,0.0,0.0,-1e-05,0.0,0.0,0.12596
2025-09-16 21:55:00,Uno M404,0.0,0.0,0.0,0.0,0.0,0.0,0.09968,0.00114,0.0,0.0,0.0,0.03954,0.0,0.0,0.0,0.0,0.0,0.12392
2025-09-16 22:00:00,Uno M404,8e-05,0.0,0.0,0.0,0.0,0.0,0.09966,0.00128,0.0,0.0,0.0,0.040920000000000005,0.0,0.0,0.0,0.0,0.0,0.12384999999999999
2025-09-16 22:05:00,Uno M404,0.0,0.0,0.0,0.0,0.10064000000000001,1e-05,0.09986,0.0008,0.0,0.0,0.0,0.16456,0.0,0.0,0.0,0.0,0.0,0.12415999999999999
2025-09-16 22:10:00,Uno M404,0.0,0.0,0.0,0.0,0.08781,0.0,0.10018,0.00033,0.0,0.0,0.0,0.12835,0.0,0.0,0.0,0.0,0.0,0.12409999999999999
2025-09-16 22:15:00,Uno M404,0.0,0.0,0.0,0.0,0.0,0.0,0.13002,0.00041,0.0,0.0,0.0,0.040159999999999994,0.0,0.0,0.0,0.0,0.0,0.15405000000000002
2025-09-16 22:20:00,Uno M404,2e-05,0.0,0.0,0.0,0.0,0.0,0.13016,0.00038,0.0,0.0,0.0,0.044109999999999996,0.0,0.0,0.01183,0.0022299999999999998,0.0,0.16722
2025-09-16 22:25:00,Uno M404,0.0,0.0,0.0,0.0,0.0,2e-05,0.13109,0.00044,0.0,0.0,0.0,0.04335,0.0,0.0,0.0,0.00215,0.0,0.15513
2025-09-16 22:30:00,Uno M404,0.0,0.0,0.0,0.0,0.0,0.0,0.13224,0.00045,0.0,0.0,0.0,0.04315,0.0,0.0,0.0,0.00197,0.0,0.15619999999999998
2025-09-16 22:35:00,Uno M404,0.0,0.0,0.0,0.0,0.0,0.0,0.13183,0.00035999999999999997,0.0,0.0,0.0,0.054369999999999995,0.0,0.0,0.02545,0.01278,0.0,0.16191
2025-09-16 22:40:00,Uno M404,0.0,0.0,0.0,0.0,0.10097,0.0,0.0,0.0004,0.0,0.0,0.0,0.11785999999999999,0.0,0.0,0.0,0.0,0.0,0.00215
2025-09-16 22:45:00,Uno M404,0.0,0.0,0.0,0.0,0.0861,0.0,0.0,0.00025,0.0,0.0,0.0,0.10305,0.0,0.0,0.0,0.0,0.0,0.0023
2025-09-16 22:50:00,Uno M404,0.0,0.0,0.0,0.0,0.0,1e-05,0.0,0.00020999999999999998,0.0,0.0,0.0,0.01692,0.0,0.0,0.0,0.0,0.0,0.00207
2025-09-16 22:55:00,Uno M404,0.0,0.0,0.0,0.0,0.0,0.0,0.0,0.0002,0.0,0.0,0.0,0.01697,0.0,0.0,0.0,0.0,0.0,0.00182
2025-09-16 23:00:00,Uno M404,0.0,0.0,0.0,0.0,0.0,0.0,0.0,0.00026000000000000003,0.0,0.0,0.0,0.01704,0.0,0.0,0.0,0.0,0.0,0.00233
2025-09-16 23:05:00,Uno M404,0.0,0.0,0.0,0.0,0.0,0.0,0.0,0.00013000000000000002,0.0,0.0,0.0,0.01725,0.0,0.0,0.0,0.0,0.0,0.00189
2025-09-16 23:10:00,Uno M404,0.0,0.0,0.0,0.0,0.0,0.0,0.0,0.00044,0.0,0.0,0.0,0.01705,0.0,0.0,0.0,0.0,0.0,0.0019399999999999999
2025-09-16 23:15:00,Uno M404,0.0,0.0,0.0,0.0,0.10061,0.0,0.0,4e-05,0.0,0.0,0.0,0.11742,0.0,0.0,0.0,0.0,0.0,0.00206
2025-09-16 23:20:00,Uno M404,0.0,0.0,0.0,0.0,0.08529,0.0,0.0,0.00022,0.0,0.0,0.0,0.10247,0.0,0.0,0.0,0.0,0.0,0.00206
2025-09-16 23:25:00,Uno M404,0.0,0.0,0.0,0.0,0.0,0.0,0.0,0.00027,0.0,0.0,0.0,0.017079999999999998,0.0,0.0,0.0,0.0,0.0,0.00199
2025-09-16 23:30:00,Uno M404,0.0,0.0,0.0,0.0,0.0,0.0,0.0,7.000000000000001e-05,0.0,0.0,0.0,0.01714,0.0,0.0,0.0,0.0,0.0,0.00197
2025-09-16 23:35:00,Uno M404,0.0,0.0,0.0,0.0,0.0,0.0,0.0,0.00019,0.0,0.0,0.0,0.01727,0.0,0.0,0.0,0.0,0.0,0.00254
2025-09-16 23:40:00,Uno M404,0.0,0.0,0.0,0.0,0.0,0.0,0.0,0.0002,0.0,0.0,0.0,0.01739,0.0,0.0,0.0,0.0,0.0,0.00221
2025-09-16 23:45:00,Uno M404,0.0,0.0,0.0,0.0,0.0,0.0,0.0,0.00015,0.0,0.0,0.0,0.01742,0.0,0.0,-1e-05,0.0,0.0,0.00228
2025-09-16 23:50:00,Uno M404,0.0,0.0,0.0,0.0,0.11325,0.0,0.0,0.00028000000000000003,0.0,0.0,0.0,0.13025,0.0,0.0,0.0,0.0,0.0,0.00206
2025-09-16 23:55:00,Uno M404,0.0,0.0,0.0,0.0,0.09004999999999999,0.0,0.0,0.00014000000000000001,0.0,0.0,0.0,0.10709,0.0,0.0,-1e-05,0.0,0.0,0.00204
2025-09-17 00:00:00,Uno M404,1e-05,0.0,0.0,0.0,0.0,0.0,0.0,8e-05,0.0,0.0,0.0,0.01726,0.0,0.0,0.0,0.0,0.0,0.0020099999999999996
2025-09-17 00:05:00,Uno M404,0.0,0.0,0.0,0.0,0.0,0.0,0.0,8e-05,0.0,0.0,0.0,0.017410000000000002,0.0,0.0,0.0,0.0,0.0,0.0022
2025-09-17 00:10:00,Uno M404,0.0,0.0,0.0,0.0,0.0,0.0,0.0,0.00047999999999999996,0.0,0.0,0.0,0.017410000000000002,0.0,0.0,0.0,0.0,0.0,0.00215
2025-09-17 00:15:00,Uno M404,0.0,0.0,0.0,0.0,0.0,0.0,0.0,0.00026000000000000003,0.0,0.0,0.0,0.01722,0.0,0.0,0.0,0.0,0.0,0.00204
2025-09-17 00:20:00,Uno M404,4e-05,0.0,0.0,0.0,0.0,0.0,0.0,0.00019,0.0,0.0,0.0,0.0172,0.0,0.0,0.0,0.0,0.0,0.00207
2025-09-17 00:25:00,Uno M404,,0.0,,,,,0.0,,,,,,0.0,0.0,0.0,,,0.00195
2025-09-17 00:30:00,Uno M404,2e-05,0.0,0.0,0.0,0.09673999999999999,0.0,0.0046500000000000005,0.00014000000000000001,0.0,0.0,0.0,0.11370000000000001,0.0,0.0,0.0,0.0,0.0,0.00799
2025-09-17 00:35:00,Uno M404,0.0,,0.0,0.0,0.0,0.0,,1e-05,0.0,0.0,0.0,0.01742,,,,0.0,0.0,
2025-09-17 00:40:00,Uno M404,0.0,0.0,0.0,0.0,0.0,0.0,0.0,8e-05,0.0,0.0,0.0,0.07028,0.0,0.0,0.0,0.0,0.0,0.00834
2025-09-17 00:45:00,Uno M404,0.0,0.0,0.0,0.0,0.0,0.0,0.0,8.999999999999999e-05,0.0,0.0,0.0,0.01725,0.0,0.0,0.0,0.0,0.0,0.0020299999999999997
2025-09-17 00:50:00,Uno M404,0.0,0.0,0.0,0.0,0.0,0.0,0.0,0.0,0.0,0.0,0.0,0.017329999999999998,0.0,0.0,-1e-05,0.0,0.0,0.0020800000000000003
2025-09-17 00:55:00,Uno M404,0.0,0.0,0.0,0.0,0.0,0.0,0.0,8e-05,0.0,0.0,0.0,0.01739,0.0,0.0,0.0,0.0,0.0,0.00231
2025-09-17 01:00:00,Uno M404,0.0,0.0,0.0,0.0,0.0,0.0,0.0,0.00015,0.0,0.0,0.0,0.01755,0.0,0.0,0.0,0.0,0.0,0.00199
2025-09-17 01:05:00,Uno M404,0.0,0.0,0.0,0.0,0.0,0.0,0.0,0.00028000000000000003,0.0,0.0,0.0,0.017839999999999998,0.0,0.0,0.0,0.0,0.0,0.0022299999999999998
2025-09-17 01:10:00,Uno M404,0.0,0.0,0.0,0.0,0.09512999999999999,0.0,0.0,0.00016,0.0,0.0,0.0,0.11264,0.0,0.0,0.0,0.0,0.0,0.00217
2025-09-17 01:15:00,Uno M404,0.0,0.0,0.0,0.0,0.0,0.0,0.0,0.00015,0.0,0.0,0.0,0.01807,0.0,0.0,0.0,0.0,0.0,0.00196
2025-09-17 01:20:00,Uno M404,0.0,0.0,0.0,0.0,0.0,0.0,0.0,1e-05,0.0,0.0,0.0,0.0178,0.0,0.0,-1e-05,0.0,0.0,0.00189
2025-09-17 01:25:00,Uno M404,7.000000000000001e-05,0.0,0.0,0.0,0.0,0.0,0.0,8e-05,0.0,0.0,0.0,0.01782,0.0,0.0,-1e-05,0.0,0.0,0.00197
2025-09-17 01:30:00,Uno M404,0.0,0.0,0.0,0.0,0.0,0.0,0.0040999999999999995,7.000000000000001e-05,0.0,0.0,0.0,0.01777,0.0,0.0,0.0,0.0,0.0,0.00717
2025-09-17 01:35:00,Uno M404,5e-05,0.0,0.0,0.0,0.0,0.0,0.0,8.999999999999999e-05,0.0,0.0,0.0,0.01785,0.0,0.0,-1e-05,0.0,0.0,0.00215
2025-09-17 01:40:00,Uno M404,0.0,0.0,0.0,0.0,0.0,0.0,0.0,4e-05,0.0,0.0,0.0,0.01796,0.0,0.0,0.0,0.0,0.0,0.00222
2025-09-17 01:45:00,Uno M404,0.0,0.0,0.0,0.0,0.09570000000000001,0.0,0.0,0.00015,0.0,0.0,0.0,0.11322,0.0,0.0,0.0,0.0,0.0,0.00189
2025-09-17 01:50:00,Uno M404,0.0,0.0,0.0,0.0,0.0,0.0,0.0,1e-05,0.0,0.0,0.0,0.018,0.0,0.0,0.0,0.0,0.0,0.00202
2025-09-17 01:55:00,Uno M404,0.0,0.0,0.0,0.0,0.0,0.0,0.0,0.00011999999999999999,0.0,0.0,0.0,0.01747,0.0,0.0,-1e-05,0.0,0.0,0.00207
2025-09-17 02:00:00,Uno M404,0.0,0.0,0.0,0.0,0.0,0.0,0.0,0.0,0.0,0.0,0.0,0.01738,0.0,0.0,0.0,0.0,0.0,0.00294
2025-09-17 02:05:00,Uno M404,0.0,0.0,0.0,0.0,0.0,0.0,0.0,0.00015,0.0,0.0,0.0,0.0176,0.0,0.0,0.0,0.0,0.0,0.00256
2025-09-17 02:10:00,Uno M404,0.0,0.0,0.0,0.0,0.0,0.0,0.0,0.00017999999999999998,0.0,0.0,0.0,0.01782,0.0,0.0,0.0,0.0,0.0,0.00213
2025-09-17 02:15:00,Uno M404,0.0,0.0,0.0,0.0,0.0,0.0,0.0,8e-05,0.0,0.0,0.0,0.01776,0.0,0.0,0.0,0.0,0.0,0.00195
2025-09-17 02:20:00,Uno M404,0.0,0.0,0.0,0.0,0.09966,0.0,0.0,5.9999999999999995e-05,0.0,0.0,0.0,0.12798,0.0,0.0,0.0,0.0,0.0,0.00215
2025-09-17 02:25:00,Uno M404,0.03172,0.02675,0.0,0.0,0.08566,0.0,0.0,1e-05,0.0,0.02991,0.0,0.09029000000000001,0.0,0.0,0.0,0.0,0.0,0.1022
2025-09-17 02:30:00,Uno M404,0.03158,1.06698,0.0,0.0,0.0,0.0,0.0040999999999999995,5e-05,0.0,0.02986,0.0,0.00471,0.0,0.0,0.0,0.0,0.0,1.14454
2025-09-17 02:35:00,Uno M404,0.0,0.02657,0.0,0.0,0.0,0.0,0.0,0.00015,0.0,0.0,0.0,0.0045899999999999995,0.0,0.0,0.0,0.0,0.0,0.09820999999999999
2025-09-17 02:40:00,Uno M404,0.0,0.02665,0.0,0.0,0.0,0.0,0.0,0.00023999999999999998,0.0,0.0,0.0,0.00464,0.0,0.0,0.0,0.0,0.0,0.09792000000000001
2025-09-17 02:45:00,Uno M404,0.0,0.02684,0.0,0.0,0.0,0.0,0.0,0.00019,0.0,0.0,0.0,0.00479,0.0,0.0,0.0,0.0,0.0,0.09769
2025-09-17 02:50:00,Uno M404,0.0,0.026719999999999997,0.0,0.0,0.0,0.0,0.0,0.00035999999999999997,0.0,0.0,0.0,0.00515,0.0,0.0,0.0,0.0,0.0,0.09676
2025-09-17 02:55:00,Uno M404,0.0,0.02686,0.0,0.0,0.0,0.0,0.0,0.0002,0.0,0.0,0.0,0.0045899999999999995,0.0,0.0,0.0,0.0,0.0,0.09645999999999999
2025-09-17 03:00:00,Uno M404,0.0,0.02684,0.0,0.0,0.09433,0.0,0.0,0.00016,0.0,0.0,0.0,0.09856000000000001,0.0,0.0,0.0,0.0,0.0,0.09652
2025-09-17 03:05:00,Uno M404,0.0,1.14548,0.0,0.0,0.0,0.0,0.0,0.00041,0.0,0.0,0.0,0.00432,0.0,0.0,0.0,0.0,0.0,1.2146700000000001
2025-09-17 03:10:00,Uno M404,0.0,1.14967,0.0,0.0,0.0,0.0,0.0,0.00029,0.0,0.0,0.0,0.00422,0.0,0.0,0.0,0.0,0.0,1.2186700000000001
2025-09-17 03:15:00,Uno M404,0.0,1.15494,0.0,0.0,0.0,0.0,0.0,8.999999999999999e-05,0.0,0.0,0.0,0.0040999999999999995,0.0,0.0,0.0,0.0,0.0,1.22414
2025-09-17 03:20:00,Uno M404,0.0,0.02699,0.0,0.0,0.0,0.0,0.004690000000000001,0.00011,0.0,0.0,0.0,0.00398,0.0,0.0,0.0,0.0,0.0,0.1029
2025-09-17 03:25:00,Uno M404,1e-05,0.02686,0.0,0.0,0.0,0.0,0.0,0.00022,0.0,0.0,0.0,0.00377,0.0,0.0,0.0,0.0,0.0,0.09617
2025-09-17 03:30:00,Uno M404,0.0,0.026920000000000003,0.0,0.0,0.0,0.0,0.0,7.000000000000001e-05,0.0,0.0,0.0,0.004030000000000001,0.0,0.0,0.0,0.0,0.0,0.09648000000000001
2025-09-17 03:35:00,Uno M404,0.0,0.02677,0.0,0.0,0.10686,0.0,0.0,2e-05,0.0,0.0,0.0,0.11078,0.0,0.0,0.0,0.0,0.0,0.09623999999999999
2025-09-17 03:40:00,Uno M404,0.0,0.026850000000000002,0.0,0.0,0.0891,0.0,0.0,0.00011,0.0,0.0,0.0,0.09306,0.0,0.0,0.0,0.0,0.0,0.09639
2025-09-17 03:45:00,Uno M404,0.0,0.02689,0.0,0.0,0.0,0.0,0.0,0.00034,0.0,0.0,0.0,0.00425,0.0,0.0,0.0,0.0,0.0,0.09591
2025-09-17 03:50:00,Uno M404,0.0,0.026920000000000003,0.0,0.0,0.0,0.0,0.0,0.0002,0.0,0.0,0.0,0.00391,0.0,0.0,0.0,0.0,0.0,0.09633
2025-09-17 03:55:00,Uno M404,0.0,0.02707,0.0,0.0,0.0,0.0,0.0,0.00032,0.0,0.0,0.0,0.0041600000000000005,0.0,0.0,0.0,0.0,0.0,0.09665
2025-09-17 04:00:00,Uno M404,0.0,1.15028,0.0,0.0,0.0,0.0,0.0,0.0002,0.0,0.0,0.0,0.0040999999999999995,0.0,0.0,0.0,0.0,0.0,1.21947
2025-09-17 04:05:00,Uno M404,0.0,0.17433,0.0,0.0,0.0,0.0,0.0,0.00011999999999999999,0.0,0.0,0.0,0.00387,0.0,0.0,0.0,0.0,0.0,0.24345
2025-09-17 04:10:00,Uno M404,0.0,0.02718,0.0,0.0,0.0,0.0,0.0,0.0004,0.0,0.0,0.0,0.00382,0.0,0.0,0.0,0.0,0.0,0.09689
2025-09-17 04:15:00,Uno M404,5.9999999999999995e-05,0.02708,0.0,0.0,0.09820000000000001,0.0,0.0,0.00013000000000000002,0.0,0.0,0.0,0.10228,0.0,0.0,0.0,0.0,0.0,0.09670000000000001
2025-09-17 04:20:00,Uno M404,0.0,0.027120000000000002,0.0,0.0,0.08585,0.0,0.0,0.00011999999999999999,0.0,0.0,0.0,0.0902,0.0,0.0,0.0,0.0,0.0,0.09644
2025-09-17 04:25:00,Uno M404,0.0,0.02691,0.0,0.0,0.0,0.0,0.0,0.0005600000000000001,0.0,0.0,0.0,0.00409,0.0,0.0,0.0,0.0,0.0,0.09592
2025-09-17 04:30:00,Uno M404,0.0,1.14816,0.0,0.0,0.0,0.0,0.0,8.999999999999999e-05,0.0,0.0,0.0,0.00421,0.0,0.0,0.0,0.0,0.0,1.2173900000000002
2025-09-17 04:35:00,Uno M404,0.0,1.15398,0.0,0.0,0.0,0.0,0.0,7.000000000000001e-05,0.0,0.0,0.0,0.00411,0.0,0.0,0.0,0.0,0.0,1.22239
2025-09-17 04:40:00,Uno M404,0.0,0.02699,0.0,0.0,0.0,0.0,0.0,8.999999999999999e-05,0.0,0.0,0.0,0.00395,0.0,0.0,0.0,0.0,0.0,0.09636
2025-09-17 04:45:00,Uno M404,0.0,0.02693,0.0,0.0,0.0,0.0,0.0,1e-05,0.0,0.0,0.0,0.0038599999999999997,0.0,0.0,0.0,0.0,0.0,0.09598000000000001
2025-09-17 04:50:00,Uno M404,0.0,0.026670000000000003,0.0,0.0,0.0,0.0,0.0,5.9999999999999995e-05,0.0,0.0,0.0,0.00395,0.0,0.0,0.0,0.0,0.0,0.09547
2025-09-17 04:55:00,Uno M404,0.0,0.02674,0.0,0.0,0.09556,0.0,0.0,0.00051,0.0,0.0,0.0,0.09937,0.0,0.0,0.0,0.0,0.0,0.09498000000000001
2025-09-17 05:00:00,Uno M404,0.0,1.14314,0.0,0.0,0.0,0.0,0.0,0.00028000000000000003,0.0,0.0,0.0,0.00435,0.0,0.0,0.0,0.0,0.0,1.2121099999999998
2025-09-17 05:05:00,Uno M404,0.0,1.15148,0.0,0.0,0.0,0.0,0.0,0.00011,0.0,0.0,0.0,0.00391,0.0,0.0,0.0,0.0,0.0,1.2201600000000001
2025-09-17 05:10:00,Uno M404,0.0,0.02678,0.0,0.0,0.0,0.0,0.0,0.00014000000000000001,0.0,0.0,0.0,0.0039,0.0,0.0,0.0,0.0,0.0,0.09541
2025-09-17 05:15:00,Uno M404,0.0,0.02677,0.0,0.0,0.0,0.0,0.0,0.00011,0.0,0.0,0.0,0.00414,0.0,0.0,0.0,0.0,0.0,0.09498000000000001
2025-09-17 05:20:00,Uno M404,0.0,0.02674,0.0,0.0,0.0,0.0,0.0,0.00031,0.0,0.0,0.0,0.00418,0.0,0.0,0.0,0.0,0.0,0.09514
2025-09-17 05:25:00,Uno M404,0.0,1.13401,0.0,0.0,0.0,0.0,0.0,0.00017999999999999998,0.0,0.0,0.0,0.00428,0.0,0.0,0.0,0.0,0.0,1.2021700000000002
2025-09-17 05:30:00,Uno M404,0.0,1.14944,0.0,0.0,0.0,0.0,0.0,0.0,0.0,0.0,0.0,0.00411,0.0,0.0,0.0,0.0,0.0,1.21733
2025-09-17 05:35:00,Uno M404,0.0,0.02646,0.0,0.0,0.09376000000000001,0.0,0.0,2e-05,0.0,0.0,0.0,0.09772,0.0,0.0,0.0,0.0,0.0,0.09431
2025-09-17 05:40:00,Uno M404,5e-05,0.02625,0.0,0.0,0.0,0.0,0.0,0.0002,0.0,0.0,0.0,0.0041600000000000005,0.0,0.0,0.0,0.0,0.0,0.09351000000000001
2025-09-17 05:45:00,Uno M404,0.0,0.026269999999999998,0.0,0.0,0.0,0.0,0.0,0.00017999999999999998,0.0,0.0,0.0,0.00404,0.0,0.0,0.0,0.0,0.0,0.09359999999999999
2025-09-17 05:50:00,Uno M404,0.0,1.13577,0.0,0.0,0.0,0.0,0.0,5e-05,0.0,0.0,0.0,0.00391,0.0,0.0,0.0,0.0,0.0,1.20298
2025-09-17 05:55:00,Uno M404,0.0,0.026260000000000002,0.0,0.0,0.0,0.0,0.0,0.00011999999999999999,0.0,0.0,0.0,0.00412,0.0,0.0,0.0,0.0,0.0,0.09323999999999999
2025-09-17 06:00:00,Uno M404,0.0,0.02632,0.0,0.0,0.0,0.0,0.0,0.00011999999999999999,0.0,0.0,0.0,0.00415,0.0,0.0,0.0,0.0,0.0,0.09356999999999999
2025-09-17 06:05:00,Uno M404,0.0,0.026260000000000002,0.0,0.0,0.0,0.0,0.0,0.00019,0.0,0.0,0.0,0.00429,0.0,0.0,0.0,0.0,0.0,0.09309
2025-09-17 06:10:00,Uno M404,0.0,1.12698,0.0,0.0,0.0,0.0,0.0,2e-05,0.0,0.0,0.0,0.00408,0.0,0.0,0.0,0.0,0.0,1.19312
2025-09-17 06:15:00,Uno M404,0.0,0.02615,0.0,0.0,0.09112,0.0,0.0,8.999999999999999e-05,0.0,0.0,0.0,0.09529,0.0,0.0,0.0,0.0,0.0,0.09275
2025-09-17 06:20:00,Uno M404,0.0,0.025920000000000002,0.0,0.0,0.0,0.0,0.0,4e-05,0.0,0.0,0.0,0.00435,0.0,0.0,0.0,0.0,0.0,0.09175
2025-09-17 06:25:00,Uno M404,0.0,0.02591,0.0,0.0,0.0,0.0,0.0,0.0,0.0,0.0,0.0,0.00455,0.0,0.0,0.0,0.0,0.0,0.09179000000000001
2025-09-17 06:30:00,Uno M404,0.0,0.02595,0.0,0.0,0.0,0.0,0.0,0.00020999999999999998,0.0,0.0,0.0,0.00432,0.0,0.0,0.0,0.0,0.0,0.09182
2025-09-17 06:35:00,Uno M404,0.0,1.11474,0.0,0.0,0.0,0.0,0.0,8.999999999999999e-05,0.0,0.0,0.0,0.0041600000000000005,0.0,0.0,0.0,0.0,0.0,1.17981
2025-09-17 06:40:00,Uno M404,0.0,0.02605,0.0,0.0,0.0,0.0,0.0,2e-05,0.0,0.0,0.0,0.00396,0.0,0.0,0.0,0.0,0.0,0.09148
2025-09-17 06:45:00,Uno M404,0.0,0.02597,0.0,0.0,0.0,0.0,0.0,0.0,0.0,0.0,0.0,0.00415,0.0,0.0,0.0,0.0,0.0,0.09186
2025-09-17 06:50:00,Uno M404,0.0,0.02606,0.0,0.0,0.0,0.0,0.0,4e-05,0.0,0.0,0.0,0.00437,0.0,0.0,0.0,0.0,0.0,0.09162000000000001
2025-09-17 06:55:00,Uno M404,0.0,0.02614,0.0,0.0,0.09126000000000001,0.0,0.0,0.00016,0.0,0.0,0.0,0.09527,0.0,0.0,0.0,0.0,0.0,0.09204999999999999
2025-09-17 07:00:00,Uno M404,0.0,1.1177300000000001,0.0,0.0,0.0,0.0,0.0,5e-05,0.0,0.0,0.0,0.00428,0.0,0.0,0.0,0.0,0.0,1.18249
2025-09-17 07:05:00,Uno M404,2e-05,0.0517,0.0,0.0,0.0,0.0,0.0,0.0,0.0,0.0,0.0,0.008140000000000001,0.0,0.0,0.0,0.0,0.0,0.18181999999999998
2025-09-17 07:10:00,Uno M404,0.0,0.02563,0.0,0.0,0.0,0.0,0.0,8e-05,0.0,0.0,0.0,0.0047,0.0,0.0,0.0,0.0,0.0,0.09062
2025-09-17 07:15:00,Uno M404,0.0,0.02581,0.0,0.0,0.0,0.0,0.0,5.9999999999999995e-05,0.0,0.0,0.0,0.0041600000000000005,0.0,0.0,0.0,0.0,0.0,0.09059
2025-09-17 07:20:00,Uno M404,0.0,1.12259,0.0,0.0,0.0,0.0,0.0,8e-05,0.0,0.0,0.0,0.00417,0.0,0.0,0.0,0.0,0.0,1.18779
2025-09-17 07:25:00,Uno M404,0.00736,0.02574,0.0,0.0,0.0,0.0,0.0,0.0,0.0,0.00578,0.0,0.0038900000000000002,0.0,0.0,0.08832999999999999,0.0,0.0,0.18009
2025-09-17 07:30:00,Uno M404,0.0,0.02586,0.0,0.0,0.10317,0.0,0.0,8.999999999999999e-05,0.0,0.0,0.0,0.10694,0.0,0.0,0.08825,0.0,0.0,0.18027
2025-09-17 07:35:00,Uno M404,0.0,0.02591,0.0,0.0,0.08547,0.0,0.0,5e-05,0.0,0.0,0.0,0.08917,0.0,0.0,0.08145000000000001,0.0,0.0,0.17421999999999999
2025-09-17 07:40:00,Uno M404,0.0,1.12103,0.0,0.0,0.0,0.0,0.0,0.00054,0.0,0.0,0.0,0.00396,0.0,0.0,0.08048000000000001,0.0,0.0,1.2672
2025-09-17 07:45:00,Uno M404,0.0,0.02578,0.0,0.0,0.0,0.0,0.0,4e-05,0.0,0.0,0.0,0.0038399999999999997,0.0,0.0,0.07718000000000001,0.0,0.0,0.16979
2025-09-17 07:50:00,Uno M404,0.0,0.025670000000000002,0.0,0.0,0.0,0.0,0.0,4e-05,0.0,0.0,0.0,0.00395,0.0,0.0,0.08120000000000001,0.0,0.0,0.17274
2025-09-17 07:55:00,Uno M404,0.0,0.02586,0.0,0.0,0.0,0.0,0.0,0.00029,0.0,0.0,0.0,0.00379,0.0,0.0,0.08594,0.0,0.0,0.17805
2025-09-17 08:00:00,Uno M404,0.0,1.12378,0.0,0.0,0.0,0.0,0.0,7.000000000000001e-05,0.0,0.0,0.0,0.0038599999999999997,0.0,0.0,0.07958,0.0,0.0,1.26864
2025-09-17 08:05:00,Uno M404,0.0,0.025670000000000002,0.0,0.0,0.0,0.0,0.0,1e-05,0.0,0.0,0.0,0.0038399999999999997,0.0,0.0,0.07842,0.0,0.0,0.16972
2025-09-17 08:10:00,Uno M404,0.0,0.025920000000000002,0.0,0.0,0.09477,0.0,0.0,0.00011,0.0,0.0,0.0,0.09824,0.0,0.0,0.08065,0.0,0.0,0.1729
2025-09-17 08:15:00,Uno M404,0.0,0.02572,0.0,0.0,0.0,0.0,0.0,0.00041999999999999996,0.0,0.0,0.0,0.0038,0.0,0.0,0.07482,0.0,0.0,0.16644
2025-09-17 08:20:00,Uno M404,0.0,1.03516,0.0,0.0,0.0,0.0,0.0,0.00026000000000000003,0.0,0.0,0.0,0.00383,0.0,0.0,0.07044,0.0,0.0,1.16994
2025-09-17 08:25:00,Uno M404,0.0,0.02553,0.0,0.0,0.0,0.0,0.0,0.00034,0.0,0.0,0.0,0.0038599999999999997,0.0,0.0,0.06825,0.0,0.0,0.1589
2025-09-17 08:30:00,Uno M404,0.0,0.02553,0.0,0.0,0.0,0.0,0.0,8e-05,0.0,0.0,0.0,0.00445,0.0,0.0,0.05783,0.0,0.0,0.14829
2025-09-17 08:35:00,Uno M404,0.0,1.11607,0.0,0.0,0.0,0.0,0.0,0.00045,0.0,0.0,0.0,0.00425,0.0,0.0,0.05328,0.0,0.0,1.23393
2025-09-17 08:40:00,Uno M404,1e-05,0.025670000000000002,0.0,0.0,0.0,0.0,0.0,0.00013000000000000002,0.0,0.0,0.0,0.00419,0.0,0.0,0.04968,0.0,0.0,0.14057
2025-09-17 08:45:00,Uno M404,0.0,0.025670000000000002,0.0,0.0,0.0,0.0,0.0,0.00011,0.0,0.0,0.0,0.00401,0.0,0.0,0.04999,0.0,0.0,0.14097
2025-09-17 08:50:00,Uno M404,0.0,0.05132,0.0,0.0,0.18581999999999999,0.0,0.0,0.00058,0.0,0.0,0.0,0.19316,0.0,0.0,0.09754,0.0,0.0,0.27912
2025-09-17 08:55:00,Uno M404,0.0,1.12275,0.0,0.0,0.0,0.0,0.0,0.00045,0.0,0.0,0.0,0.0038599999999999997,0.0,0.0,0.04592,0.0,0.0,1.23364
2025-09-17 09:00:00,Uno M404,0.0,0.02556,0.0,0.0,0.0,0.0,0.0,0.00023999999999999998,0.0,0.0,0.0,0.00367,0.0,0.0,0.04307,0.0,0.0,0.1338
2025-09-17 09:05:00,Uno M404,0.0,0.02532,0.0,0.0,0.0,0.0,0.0,0.0002,0.0,0.0,0.0,0.00381,0.0,0.0,0.04186,0.0,0.0,0.13135
2025-09-17 09:10:00,Uno M404,0.0,0.0253,0.0,0.0,0.0,0.0,0.0,0.0004,0.0,0.0,0.0,0.0038,0.0,0.0,0.04253,0.0,0.0,0.13229
2025-09-17 09:15:00,Uno M404,0.0,1.1187799999999999,0.0,0.0,0.0,0.0,0.0,0.00023999999999999998,0.0,0.0,0.0,0.00375,0.0,0.0,0.0405,0.0,0.0,1.2234800000000001
2025-09-17 09:20:00,Uno M404,0.0,0.02519,0.0,0.0,0.0,0.0,0.0,0.00054,0.0,0.0,0.0,0.00347,0.0,0.0,0.03933,0.0,0.0,0.12843000000000002
2025-09-17 09:25:00,Uno M404,0.0,0.02529,0.0,0.0,0.109,2e-05,0.0,0.00033,0.0,0.0,0.0,0.11234000000000001,0.0,0.0,0.05603,0.0,0.0,0.14525
2025-09-17 09:30:00,Uno M404,0.0,0.02518,0.0,0.0,0.08606,2e-05,0.0,0.00035,0.0,0.0,0.0,0.08927,0.0,0.0,0.03683,0.0,0.0,0.12556
2025-09-17 09:35:00,Uno M404,4e-05,0.0025099999999999996,0.0,0.0,0.0,0.0,0.0,0.00028000000000000003,0.0,0.0,0.0,0.1032,0.0,0.0,0.038270000000000005,0.0,0.0,0.1038
2025-09-17 09:40:00,Uno M404,0.00738,0.00019,0.0,0.0,0.0,5.9999999999999995e-05,0.0,0.00015,0.0,0.005679999999999999,0.0,0.10035,0.0,0.0,0.09391,0.0,0.0,0.09837
2025-09-17 09:45:00,Uno M404,0.00724,0.00011999999999999999,0.0,0.0,0.0,1e-05,0.0,8e-05,0.0,0.0056500000000000005,0.0,0.09873,0.0,0.0,0.08554,0.0,0.0,0.08984
2025-09-17 09:50:00,Uno M404,0.0,0.00035,0.0,0.0,0.0,0.0,0.0,0.00064,0.0,0.0,0.0,0.08702,0.0,0.0,0.052399999999999995,0.0,0.0,0.05683
2025-09-17 09:55:00,Uno M404,0.0,0.00013000000000000002,0.0,0.0,0.0,0.0,0.0,0.00028000000000000003,0.0,0.0,0.0,0.08497,0.0,0.0,0.05657,0.0,0.0,0.060899999999999996
2025-09-17 10:00:00,Uno M404,0.0,0.00011,0.0,0.0,0.0,0.0,0.0,0.00023999999999999998,0.0,0.0,0.0,0.08319,0.0,0.0,0.03006,0.0,0.0,0.03463
2025-09-17 10:05:00,Uno M404,0.0,0.00013000000000000002,0.0,0.0,0.09040000000000001,0.0,0.0,0.00044,0.0,0.0,0.0,0.17306,0.0,0.0,0.06431,0.0,0.0,0.06878000000000001
2025-09-17 10:10:00,Uno M404,0.0,0.00027,0.0,0.0,0.0,0.0,0.0,0.00041,0.0,0.0,0.0,0.08254,0.0,0.0,0.0632,0.0,0.0,0.06754
2025-09-17 10:15:00,Uno M404,0.00731,0.00025,0.0,0.0,0.0,0.0,0.0,0.00019,0.0,0.00561,0.0,0.08192,0.0,0.0,0.06886,0.0,0.0,0.07332
2025-09-17 10:20:00,Uno M404,0.02919,0.0002,0.0,0.0,0.0,0.0,0.0046500000000000005,0.00011,0.0,0.027350000000000003,0.0,0.07129,0.0,0.0,0.06114,0.0,0.0,0.07147
2025-09-17 10:25:00,Uno M404,0.023370000000000002,0.00023,0.0,0.0,0.0,0.0,0.0,0.00026000000000000003,0.0,0.02153,0.0,0.07933,0.0,0.0,0.05048,0.0,0.0,0.05504
2025-09-17 10:30:00,Uno M404,0.0,0.00020999999999999998,0.0,0.0,0.0,1e-05,0.0,0.00047999999999999996,0.0,0.0,0.0,0.07549,0.0,0.0,0.05128,0.0,0.0,0.05603
2025-09-17 10:35:00,Uno M404,0.0,0.00032,0.0,0.0,0.0,0.0,0.0,0.00067,0.0,0.0,0.0,0.07812000000000001,0.0,0.0,0.052649999999999995,0.0,0.0,0.057229999999999996
2025-09-17 10:40:00,Uno M404,0.0,0.00034,0.0,0.0,0.08931,0.0,0.0,0.0005899999999999999,0.0,0.0,0.0,0.17253,0.0,0.0,0.05093,0.0,0.0,0.055450000000000006
2025-09-17 10:45:00,Uno M404,0.0,0.00027,0.0,0.0,0.0,4e-05,0.0,0.0007199999999999999,0.0,0.0,0.0,0.08409,0.0,0.0,0.05155,0.0,0.0,0.05626
2025-09-17 10:50:00,Uno M404,0.0,0.00035,0.0,0.0,0.0,1e-05,0.0,0.00061,0.0,0.0,0.0,0.08412,0.0,0.0,0.05191,0.0,0.0,0.05626
2025-09-17 10:55:00,Uno M404,0.0,0.00041999999999999996,0.0,0.0,0.11248000000000001,5.9999999999999995e-05,0.0,0.00078,0.0,0.0,0.7354299999999999,0.93992,0.0,0.0,0.05099,0.0,0.0,0.055479999999999995
2025-09-17 11:00:00,Uno M404,0.0,0.00051,0.0,0.0,0.08843999999999999,5e-05,0.0,0.00082,0.0,0.0,0.041280000000000004,0.21578999999999998,0.0,0.0,0.05754,0.0,0.0,0.062119999999999995
2025-09-17 11:05:00,Uno M404,0.0,0.00029,0.0,0.0,0.0,4e-05,0.0,0.00061,0.0,0.0,0.04058,0.13044,0.0,0.0,0.055189999999999996,0.0,0.0,0.05969
2025-09-17 11:10:00,Uno M404,0.0,0.0006,0.0,0.0,0.0,5e-05,0.0,0.0008900000000000001,0.0,0.0,0.7553500000000001,0.83902,0.0,0.0,0.0476,0.0,0.0,0.052399999999999995
2025-09-17 11:15:00,Uno M404,1e-05,0.00043,0.0,0.0,0.0,8e-05,-2e-05,0.00181,0.0,0.0,0.74336,0.82685,0.0,0.0,0.04893,0.0,0.0,0.05335
2025-09-17 11:20:00,Uno M404,0.0,0.0005899999999999999,0.0,0.0,0.0,0.00028000000000000003,0.0,0.00135,0.0,0.0,0.7475700000000001,0.8272999999999999,0.0,0.0,0.04777,0.0,0.0,0.052469999999999996
2025-09-17 11:25:00,Uno M404,0.0,0.00086,0.0,0.0,0.09665,0.0003,0.0,0.00132,0.0,0.0,0.7497999999999999,0.93347,0.0,0.0,0.049479999999999996,0.0,0.0,0.05441
2025-09-17 11:30:00,Uno M404,0.0,0.00108,0.0,0.0,0.0837,0.00055,-2e-05,0.00197,0.0,0.0,0.75825,0.97003,0.0,0.0,0.047619999999999996,0.0,0.0,0.05213
2025-09-17 11:35:00,Uno M404,0.0,0.00108,0.0,0.0,0.0,0.00075,0.0,0.0019199999999999998,0.0,0.0,0.042570000000000004,0.17079,0.0,0.0,0.055130000000000005,0.0,0.0,0.06005
2025-09-17 11:40:00,Uno M404,1e-05,0.00086,0.0,0.0,0.0,0.00091,-2e-05,0.0016899999999999999,0.0,0.0,0.04221,0.11783,0.0,0.0,0.06179,0.0,0.0,0.06645999999999999
2025-09-17 11:45:00,Uno M404,0.0,0.00085,0.0,0.0,0.10402,0.0008399999999999999,-2e-05,0.00184,0.0,0.0,0.04195,0.22219999999999998,0.0,0.0,0.05164,0.0,0.0,0.0562
2025-09-17 11:50:00,Uno M404,0.0,0.00109,0.0,0.0,0.08702,0.00092,-7.000000000000001e-05,0.00181,0.0,0.0,0.0421,0.21293,0.0,0.0,0.0514,0.0,0.0,0.056159999999999995
2025-09-17 11:55:00,Uno M404,0.0,0.00074,0.0,0.0,0.0,0.00125,-0.00020999999999999998,0.0019399999999999999,0.0,0.0,0.0423,0.11753,0.0,0.0,0.04888,0.0,0.0,0.05586
2025-09-17 12:00:00,Uno M404,0.0,0.00115,0.0,0.0,0.0,0.0011,-8e-05,0.0020099999999999996,0.0,0.0,0.04239,0.11684,0.0,0.0,0.056280000000000004,0.0,0.0,0.06116
2025-09-17 12:05:00,Uno M404,0.0,0.0008900000000000001,0.0,0.0,0.0,0.00124,0.0,0.00185,0.0,0.0,0.0425,0.11631,0.0,0.0,0.05185,0.0,0.0,0.05719
2025-09-17 12:10:00,Uno M404,0.0,0.0009599999999999999,0.0,0.0,0.0,0.00102,-5e-05,0.0019199999999999998,0.0,0.0,0.04267,0.12552,0.0,0.0,0.05163,0.0,0.0,0.056479999999999995
2025-09-17 12:15:00,Uno M404,0.0,0.00098,0.0,0.0,0.0,0.0010400000000000001,-8.999999999999999e-05,0.00204,0.0,0.0,0.04203,0.11669,0.0,0.0,0.047369999999999995,0.0,0.0,0.05243
2025-09-17 12:20:00,Uno M404,4e-05,0.00108,0.0,0.0,0.09793,0.0015400000000000001,-1e-05,0.00175,0.0,0.0,0.04271,0.23799,0.0,0.0,0.06566,0.0,0.0,0.07067
2025-09-17 12:25:00,Uno M404,0.0,0.00079,0.0,0.0,0.08355,0.00095,-0.00016,0.00206,0.0,0.0,0.04248,0.19983,0.0,0.0,0.047369999999999995,0.0,0.0,0.05211
2025-09-17 12:30:00,Uno M404,0.0,0.0010500000000000002,0.0,0.0,,,-0.00011,0.00198,0.0,0.0,,,0.0,0.0,0.05044,,,0.055049999999999995
2025-09-17 12:35:00,Uno M404,0.0,0.0008900000000000001,0.0,0.0,0.0,0.00131,-8e-05,0.00213,0.0,0.0,0.04369,0.11837,0.0,0.0,0.048,0.0,0.0,0.05178
2025-09-17 12:40:00,Uno M404,0.0,0.00093,0.0,0.0,0.0,0.0011200000000000001,-8.999999999999999e-05,0.00209,0.0,0.0,0.04333,0.11544,0.0,0.0,0.04556,0.0,0.0,0.050409999999999996
2025-09-17 12:45:00,Uno M404,0.0,0.00075,0.0,0.0,0.0,0.0012900000000000001,-8e-05,0.00198,0.0,0.0,0.04341,0.11629,0.0,0.0,0.04525,0.0,0.0,0.04995
2025-09-17 12:50:00,Uno M404,0.0,0.00212,0.0,0.0,0.0,0.0030299999999999997,-0.00016,0.00408,0.0,0.0,0.08759,0.23445,0.0,0.0,0.10034,0.0,0.0,0.10984000000000001
2025-09-17 12:55:00,Uno M404,0.0,0.0018700000000000001,0.0,0.0,0.1989,0.00314,-9e-05,0.0037,0.0,0.0,0.0883,0.43142,0.0,0.0,0.09395999999999999,0.0,0.0,0.10413
2025-09-17 13:00:00,Uno M404,0.00020000000000000004,0.00226,0.0,0.0,0.17104,0.00322,-0.00038,0.0038499999999999997,0.0,0.0,0.08904000000000001,0.41092,0.0,0.0,0.09434000000000001,0.0,0.0,0.10432
2025-09-17 13:05:00,Uno M404,7.000000000000001e-05,0.00094,0.0,0.0,0.0,0.00146,-0.00019,0.00215,0.0,0.0,0.04531,0.11594,0.0,0.0,0.04524,0.0,0.0,0.04985
2025-09-17 13:10:00,Uno M404,1e-05,0.00085,0.0,0.0,0.0,0.00126,-0.00031,0.00206,0.0,0.0,0.0444,0.11567,0.0,0.0,0.047990000000000005,0.0,0.0,0.05276
2025-09-17 13:15:00,Uno M404,0.0,0.00087,0.0,0.0,0.0,0.00152,-0.00011999999999999999,0.00197,0.0,0.0,0.04474,0.11141,0.0,0.0,0.04858,0.0,0.0,0.053399999999999996
2025-09-17 13:20:00,Uno M404,4e-05,,0.0,0.0,0.0,0.00126,,0.0020800000000000003,0.0,0.0,0.044649999999999995,0.11647,,,,0.0,0.0,
2025-09-17 13:25:00,Uno M404,0.0,0.00085,0.0,0.0,0.0,0.0013700000000000001,-8e-05,0.0020499999999999997,0.0,0.0,0.045149999999999996,0.11428,0.0,0.0,0.05103,0.0,0.0,0.05594
2025-09-17 13:30:00,Uno M404,4e-05,0.00082,0.0,0.0,0.10614,0.00147,-0.00019,0.00184,0.0,0.0,0.044700000000000004,0.22153,0.0,0.0,0.0505,0.0,0.0,0.05532
2025-09-17 13:35:00,Uno M404,2e-05,0.00066,0.0,0.0,0.08896,0.0008100000000000001,0.10202,0.0020099999999999996,0.0,0.0,0.0,0.15941,0.0,0.0,0.04851,0.0,0.0,0.15688999999999997
2025-09-17 13:40:00,Uno M404,0.0,0.00099,0.0,0.0,0.0,0.0014399999999999999,0.0988,0.002,0.0,0.0,0.0,0.07676000000000001,0.0,0.0,0.048729999999999996,0.0,0.0,0.15380000000000002
2025-09-17 13:45:00,Uno M404,0.0,0.00086,0.0,0.0,0.0,0.00083,0.09927,0.002,0.0,0.0,0.0,0.06977,0.0,0.0,0.05364,0.0,0.0,0.15916999999999998
2025-09-17 13:50:00,Uno M404,2e-05,0.0006,0.0,0.0,0.0,0.00078,0.10083,0.0016,0.0,0.0,0.0,0.07795999999999999,0.0,0.0,0.052090000000000004,0.0,0.0,0.15941
2025-09-17 13:55:00,Uno M404,0.0,0.00058,0.0,0.0,0.0,0.00054,0.10055,0.0016200000000000001,0.0,0.0,0.0,0.08106000000000001,0.0,0.0,0.05882,0.0,0.0,0.16554
2025-09-17 14:00:00,Uno M404,0.0,0.00065,0.0,0.0,0.10296,0.00055,0.09819,0.0016,0.0,0.0,0.0,0.19687000000000002,0.0,0.0,0.053950000000000005,0.0,0.0,0.15854
2025-09-17 14:05:00,Uno M404,1e-05,0.00063,0.0,0.0,0.08704,0.0003,0.09784000000000001,0.0016699999999999998,0.0,0.0,0.0,0.16537000000000002,0.0,0.0,0.05045,0.0,0.0,0.15465
2025-09-17 14:10:00,Uno M404,0.0,0.00061,0.0,0.0,0.0,0.00051,0.09781999999999999,0.0015400000000000001,0.0,0.0,0.0,0.08199,0.0,0.0,0.052770000000000004,0.0,0.0,0.15685
2025-09-17 14:15:00,Uno M404,1e-05,0.0008,0.0,0.0,0.0,0.00026000000000000003,0.09809999999999999,0.00155,0.0,0.0,0.0,0.06833,0.0,0.0,0.05238,0.0,0.0,0.15681
2025-09-17 14:20:00,Uno M404,0.0,0.00053,0.0,0.0,0.0,0.0004,0.09819,0.0016699999999999998,0.0,0.0,0.0,0.07178,0.0,0.0,0.05081,0.0,0.0,0.15486000000000003
2025-09-17 14:25:00,Uno M404,0.0,0.00062,0.0,0.0,0.0,0.0007099999999999999,0.10156,0.00157,0.0,0.0,0.0,0.06849,0.0,0.0,0.05393,0.0,0.0,0.16169999999999998
2025-09-17 14:30:00,Uno M404,0.0,0.00051,0.0,0.0,0.0,0.00074,0.0989,0.0014,0.0,0.0,0.0,0.06859,0.0,0.0,0.0514,0.0,0.0,0.15666999999999998
2025-09-17 14:35:00,Uno M404,0.0,0.00066,0.0,0.0,0.10115,0.00013000000000000002,0.09919,0.00139,0.0,0.0,0.0,0.1726,0.0,0.0,0.05241,0.0,0.0,0.15783000000000003
2025-09-17 14:40:00,Uno M404,0.0,0.00086,0.0,0.0,0.08523,0.00044,0.10025,0.00151,0.0,0.0,0.0,0.15450999999999998,0.0,0.0,0.0487,0.0,0.0,0.15512
2025-09-17 14:45:00,Uno M404,2e-05,0.00058,0.0,0.0,0.0,0.0005600000000000001,0.09829,0.00152,0.0,0.0,0.0,0.06953,0.0,0.0,0.05083,0.0,0.0,0.15536000000000003
2025-09-17 14:50:00,Uno M404,0.0,0.0007199999999999999,0.0,0.0,0.0,0.00019,0.09868,0.00135,0.0,0.0,0.0,0.06659000000000001,0.0,0.0,0.05231,0.0,0.0,0.15722
2025-09-17 14:55:00,Uno M404,0.0,0.00047999999999999996,0.0,0.0,0.0,8e-05,0.06698,0.00128,0.0,0.0,0.0,0.07442,0.0,0.0,0.05049,0.0,0.0,0.12351999999999999
2025-09-17 15:00:00,Uno M404,0.0,0.00035999999999999997,0.0,0.0,,,0.06702,0.00131,0.0,0.0,,,0.0,0.0,0.05339,,,0.12646
2025-09-17 15:05:00,Uno M404,0.0,0.00116,0.0,0.0,0.09789,0.0006900000000000001,0.14294,0.00226,0.0,0.0,0.0,0.245,0.0,0.0,0.10624,0.0,0.0,0.26114
2025-09-17 15:10:00,Uno M404,1e-05,0.00069,0.0,0.0,0.0,0.00013000000000000002,0.07071,0.0014,0.0,0.0,0.0,0.0755,0.0,0.0,0.0533,0.0,0.0,0.13009
2025-09-17 15:15:00,Uno M404,0.0,0.0005899999999999999,0.0,0.0,0.0,0.00017999999999999998,0.0,0.0016899999999999999,0.0,0.0,0.0,0.07640000000000001,0.0,0.0,0.061649999999999996,0.0,0.0,0.06606999999999999
2025-09-17 15:20:00,Uno M404,1e-05,0.00061,0.0,0.0,0.0,0.00020999999999999998,0.0,0.00146,0.0,0.0,0.0,0.07373,0.0,0.0,0.06645999999999999,0.0,0.0,0.07125
2025-09-17 15:25:00,Uno M404,0.0,0.00074,0.0,0.0,0.0,8.999999999999999e-05,0.0032400000000000003,0.00125,0.0,0.0,0.0,0.07648999999999999,0.0,0.0,0.06948,0.0,0.0,0.07816
2025-09-17 15:30:00,Uno M404,0.0,0.00041,0.0,0.0,0.0,0.00011999999999999999,0.0,0.00099,0.0,0.0,0.0,0.07345,0.0,0.0,0.06702,0.0,0.0,0.0718
2025-09-17 15:35:00,Uno M404,0.0,0.00028000000000000003,0.0,0.0,0.0,0.00015,0.0,0.00111,0.0,0.0,0.0,0.07547,0.0,0.0,0.06770999999999999,0.0,0.0,0.07225
2025-09-17 15:40:00,Uno M404,0.0,0.00054,0.0,0.0,0.09134,5e-05,0.0,0.00107,0.0,0.0,0.0,0.16438999999999998,0.0,0.0,0.06483,0.0,0.0,0.06948
2025-09-17 15:45:00,Uno M404,0.0,0.00033,0.0,0.0,0.0,0.00023,0.0,0.00113,0.0,0.0,0.0,0.0745,0.0,0.0,0.06548999999999999,0.0,0.0,0.07006
2025-09-17 15:50:00,Uno M404,0.0,0.00043,0.0,0.0,0.0,0.00029,-1e-05,0.00152,0.0,0.0,0.0,0.07518999999999999,0.0,0.0,0.07208,0.0,0.0,0.07669
2025-09-17 15:55:00,Uno M404,0.0,0.00068,0.0,0.0,0.0,8.999999999999999e-05,0.0,0.00133,0.0,0.0,0.0,0.08597,0.0,0.0,0.07758,0.0,0.0,0.08234999999999999
2025-09-17 16:00:00,Uno M404,0.0,0.0005600000000000001,0.0,0.0,0.0,0.0005,0.0,0.0014,0.0,0.0,0.0,0.06801,0.0,0.0,0.06956,0.0,0.0,0.07413
2025-09-17 16:05:00,Uno M404,0.0,0.00045,0.0,0.0,0.0,0.00020999999999999998,-1e-05,0.00125,0.0,0.0,0.0,0.06620000000000001,0.0,0.0,0.05305,0.0,0.0,0.05744
2025-09-17 16:10:00,Uno M404,0.0,0.00049,0.0,0.0,0.10048,0.00020999999999999998,0.0,0.0015300000000000001,0.0,0.0,0.0,0.16705,0.0,0.0,0.07013,0.0,0.0,0.07481
2025-09-17 16:15:00,Uno M404,1e-05,0.00082,0.0,0.0,0.0843,0.0002,0.0,0.0011200000000000001,0.0,0.0,0.0,0.15036000000000002,0.0,0.0,0.05921,0.0,0.0,0.06412000000000001
2025-09-17 16:20:00,Uno M404,0.0,0.0007199999999999999,0.0,0.0,0.0,0.00054,0.0,0.0016699999999999998,0.0,0.0,0.0,0.06715,0.0,0.0,0.06893,0.0,0.0,0.07352
2025-09-17 16:25:00,Uno M404,1e-05,0.00061,0.0,0.0,0.0,0.00058,-1e-05,0.0016200000000000001,0.0,0.0,0.0,0.06956,0.0,0.0,0.05249,0.0,0.0,0.05688
2025-09-17 16:30:00,Uno M404,,0.00053,,,0.0,0.00041,0.0,,,,0.0,0.06663,0.0,0.0,0.06595000000000001,0.0,0.0,0.07063
2025-09-17 16:35:00,Uno M404,2e-05,0.00078,0.0,0.0,0.0,0.00069,-4e-05,0.00166,0.0,0.0,0.0,0.07282999999999999,0.0,0.0,0.05057,0.0,0.0,0.054979999999999994
2025-09-17 16:40:00,Uno M404,,0.0017,,,0.0,0.00138,0.0,,,,0.0,0.14565999999999998,0.0,0.0,0.13618,0.0,0.0,0.14534
2025-09-17 16:45:00,Uno M404,2e-05,0.00276,0.0,0.0,0.19032,0.00236,0.0,0.0071,0.0,0.0,0.0,0.46398,0.0,0.0,0.25436000000000003,0.0,0.0,0.27236
2025-09-17 16:50:00,Uno M404,0.0,0.0009,0.0,0.0,0.0,0.00074,-4e-05,0.0019399999999999999,0.0,0.0,0.0,0.07501000000000001,0.0,0.0,0.04907,0.0,0.0,0.053649999999999996
2025-09-17 16:55:00,Uno M404,0.0,0.0008900000000000001,0.0,0.0,0.0,0.0010500000000000002,0.00429,0.0015300000000000001,0.0,0.0,0.0,0.06698,0.0,0.0,0.0619,0.0,0.0,0.07206
2025-09-17 17:00:00,Uno M404,0.0,0.00093,0.0,0.0,,,-8e-05,0.0016699999999999998,0.0,0.0,,,0.0,0.0,0.062380000000000005,,,0.06695000000000001
2025-09-17 17:05:00,Uno M404,0.0,0.00076,0.0,0.0,0.0,0.00095,-5e-05,0.00164,0.0,0.0,0.0,0.06556999999999999,0.0,0.0,0.06439,0.0,0.0,0.06901
2025-09-17 17:10:00,Uno M404,0.0,0.001,0.0,0.0,,,-7.000000000000001e-05,0.00181,0.0,0.0,,,0.0,0.0,0.06314,,,0.06767000000000001
2025-09-17 17:15:00,Uno M404,0.0,0.0014,0.0,0.0,0.0,0.00172,-2e-05,0.0038599999999999997,0.0,0.0,0.0,0.12784,0.0,0.0,0.12576,0.0,0.0,0.13488
2025-09-17 17:20:00,Uno M404,0.0,0.00095,0.0,0.0,0.09756999999999999,0.0010500000000000002,-0.00017999999999999998,0.0019299999999999999,0.0,0.0,0.0,0.16572,0.0,0.0,0.05105,0.0,0.0,0.0557
2025-09-17 17:25:00,Uno M404,0.0,0.001,0.0,0.0,0.08326,0.00106,-8e-05,0.0016699999999999998,0.0,0.0,0.0,0.15531,0.0,0.0,0.05339,0.0,0.0,0.05809
2025-09-17 17:30:00,Uno M404,0.0,0.00107,0.0,0.0,0.0,0.00126,-8.999999999999999e-05,0.0020800000000000003,0.0,0.0,0.0,0.07082,0.0,0.0,0.04811,0.0,0.0,0.05269
2025-09-17 17:35:00,Uno M404,0.0,0.00135,0.0,0.0,0.0,0.00151,-5e-05,0.00204,0.0,0.0,0.0,0.07608,0.0,0.0,0.052899999999999996,0.0,0.0,0.0579
2025-09-17 17:40:00,Uno M404,0.0,0.00099,0.0,0.0,0.0,0.00159,-7.000000000000001e-05,0.00182,0.0,0.0,0.0,0.0706,0.0,0.0,0.0513,0.0,0.0,0.05614
2025-09-17 17:45:00,Uno M404,0.0,0.0008900000000000001,0.0,0.0,0.0,0.0010500000000000002,0.07304000000000001,0.0018700000000000001,0.0,0.0,0.0,0.0755,0.0,0.0,0.052469999999999996,0.0,0.0,0.13188999999999998
2025-09-17 17:50:00,Uno M404,3.3102600000000004,0.0015,0.0,3.28095,0.10413,0.00189,0.0702,0.00173,0.0,0.027350000000000003,0.0,0.15663999999999997,0.0,0.0,0.05193,0.0,0.0,0.12843000000000002
2025-09-17 17:55:00,Uno M404,3.3325,0.0019299999999999999,0.0,3.30352,0.10048,0.00199,0.07139,0.00209,0.0,0.02723,0.0,0.15131999999999998,0.0,0.0,0.05066,0.0,0.0,0.12847
2025-09-17 18:00:00,Uno M404,3.33556,0.00196,0.0,3.3062199999999997,0.08959,0.00206,0.07031,0.0020800000000000003,0.0,0.027120000000000002,0.0,0.1407,0.0,0.0,0.04975,0.0,0.0,0.12665
2025-09-17 18:05:00,Uno M404,3.34637,0.0019299999999999999,0.0,3.3176900000000002,0.0,0.00213,0.06915,0.0019399999999999999,0.0,0.027129999999999998,0.0,0.05139,0.0,0.0,0.04829,0.0,0.0,0.12404000000000001
2025-09-17 18:10:00,Uno M404,3.34653,0.0016899999999999999,0.0,3.31771,0.0,0.00189,0.07063,0.00188,0.0,0.02716,0.0,0.05428,0.0,0.0,0.0497,0.0,0.0,0.12714
2025-09-17 18:15:00,Uno M404,3.31845,0.00181,0.0,3.2900500000000004,0.0,0.0019,0.06878000000000001,0.0019399999999999999,0.0,0.02687,0.0,0.05718,0.0,0.0,0.05291,0.0,0.0,0.12843000000000002
2025-09-17 18:20:00,Uno M404,0.0,0.00126,0.0,0.0,0.10479000000000001,0.0014399999999999999,0.06898,0.00209,0.0,0.0,0.0,0.15749000000000002,0.0,0.0,0.05296,0.0,0.0,0.12861
2025-09-17 18:25:00,Uno M404,0.0,0.00114,0.0,0.0,0.09054999999999999,0.00124,0.07085,0.00152,0.0,0.0,0.0,0.14730000000000001,0.0,0.0,0.05382,0.0,0.0,0.13105
2025-09-17 18:30:00,Uno M404,0.0,0.00113,0.0,0.0,0.08823,0.00102,0.0707,0.00145,0.0,0.0,0.0,0.17175,0.0,0.0,0.05425,0.0,0.0,0.13138
2025-09-17 18:35:00,Uno M404,0.0,0.00106,0.0,0.0,0.0,0.0007,0.06958,0.0016,0.0,0.0,0.0,0.07726999999999999,0.0,0.0,0.0515,0.0,0.0,0.12755
2025-09-17 18:40:00,Uno M404,0.0,0.0008,0.0,0.0,0.0,0.00116,0.06818,0.00139,0.0,0.0,0.0,0.07697,0.0,0.0,0.05193,0.0,0.0,0.12637
2025-09-17 18:45:00,Uno M404,0.0,0.00098,0.0,0.0,0.0,0.0012,0.07034,0.0016799999999999999,0.0,0.0,0.0,0.05147,0.0,0.0,0.053270000000000005,0.0,0.0,0.12974000000000002
2025-09-17 18:50:00,Uno M404,0.0,0.00093,0.0,0.0,0.0,0.0011,0.06742000000000001,0.00173,0.0,0.0,0.0,0.05374,0.0,0.0,0.052270000000000004,0.0,0.0,0.12608
2025-09-17 18:55:00,Uno M404,0.0,0.00152,0.0,0.0,0.0,0.00122,0.06838,0.0016899999999999999,0.0,0.0,0.75466,0.85238,0.0,0.0,0.059969999999999996,0.0,0.0,0.13481
2025-09-17 19:00:00,Uno M404,7.000000000000001e-05,0.00101,0.0,0.0,0.095,0.00102,0.07033,0.00177,0.0,0.0,0.04202,0.21102,0.0,0.0,0.055600000000000004,0.0,0.0,0.13197
2025-09-17 19:05:00,Uno M404,0.0,0.00115,0.0,0.0,0.0,0.00122,0.0689,0.00199,0.0,0.0,0.04217,0.1163,0.0,0.0,0.04887,0.0,0.0,0.12426000000000001
2025-09-17 19:10:00,Uno M404,0.0,0.0013,0.0,0.0,0.0,0.00136,0.06895,0.00202,0.0,0.0,0.0422,0.0935,0.0,0.0,0.04914,0.0,0.0,0.12451000000000001
2025-09-17 19:15:00,Uno M404,0.0,0.00108,0.0,0.0,0.0,0.0016899999999999999,0.06982,0.00206,0.0,0.0,0.04228,0.09501000000000001,0.0,0.0,0.05372,0.0,0.0,0.13007
2025-09-17 19:20:00,Uno M404,0.0,0.00094,0.0,0.0,0.0,0.00147,0.07168000000000001,0.00202,0.0,0.0,0.76587,0.81799,0.0,0.0,0.05044,0.0,0.0,0.12862
2025-09-17 19:25:00,Uno M404,0.0,0.00133,0.0,0.0,0.0,0.00157,0.06897,0.00214,0.0,0.0,0.7676000000000001,0.81968,0.0,0.0,0.055630000000000006,0.0,0.0,0.13121000000000002
2025-09-17 19:30:00,Uno M404,4e-05,0.00117,0.0,0.0,0.10021,0.00125,0.07054,0.00202,0.0,0.0,0.7545299999999999,0.90508,0.0,0.0,0.0577,0.0,0.0,0.13473
2025-09-17 19:35:00,Uno M404,2e-05,0.00127,0.0,0.0,0.08834,0.00165,0.0704,0.00202,0.0,0.0,0.7574,0.8968700000000001,0.0,0.0,0.05337,0.0,0.0,0.13001
2025-09-17 19:40:00,Uno M404,1e-05,0.0016,0.0,0.0,0.0,0.00181,-0.00035999999999999997,0.00218,0.0,0.0,0.77009,0.8234,0.0,0.0,0.04826,0.0,0.0,0.05311
2025-09-17 19:45:00,Uno M404,5.9999999999999995e-05,0.00155,0.0,0.0,0.0,0.0014399999999999999,0.09645999999999999,0.00202,0.0,0.0,0.75974,0.81209,0.0,0.0,0.04858,0.0,0.0,0.1515
2025-09-17 19:50:00,Uno M404,0.0,0.00156,0.0,0.0,0.0,0.00196,0.09812,0.00212,0.0,0.0,0.7682599999999999,0.82256,0.0,0.0,0.049890000000000004,0.00233,0.0,0.15441
2025-09-17 19:55:00,Uno M404,0.0,0.00135,0.0,0.0,0.0,0.0020299999999999997,0.09804,0.00213,0.0,0.0,0.76471,0.81875,0.0,0.0,0.03557,0.0023599999999999997,0.0,0.13987
2025-09-17 20:00:00,Uno M404,0.0,0.0015,0.0,0.0,0.0,0.0018,0.09755,0.00219,0.0,0.0,0.04309,0.09679,0.0,0.0,0.03333,0.00233,0.0,0.13745
2025-09-17 20:05:00,Uno M404,0.0,0.00181,0.0,0.0,0.10468999999999999,0.00207,0.13075,0.00214,0.0,0.0,0.04295,0.20235,0.0,0.0,0.03555,0.00226,0.0,0.17268
2025-09-17 20:10:00,Uno M404,0.0,0.00183,0.0,0.0,0.08943999999999999,0.00199,0.12941999999999998,0.00213,0.0,0.0,0.04269,0.18630000000000002,0.0,0.0,0.033979999999999996,0.0023,0.0,0.17005
2025-09-17 20:15:00,Uno M404,0.0,0.00163,0.0,0.0,0.0,0.0019399999999999999,0.12961,0.00217,0.0,0.0,0.04307,0.09641,0.0,0.0,0.03311,0.00228,0.0,0.16926
2025-09-17 20:20:00,Uno M404,0.0,0.0014299999999999998,0.0,0.0,0.0,0.00206,0.12849000000000002,0.00227,0.0,0.0,0.04311,0.09705,0.0,0.0,0.03343,0.00222,0.0,0.16845
2025-09-17 20:25:00,Uno M404,1e-05,0.00182,0.0,0.0,0.0,0.0018700000000000001,0.13082,0.00229,0.0,0.0,0.0,0.05465999999999999,0.0,0.0,0.03426,0.0022,0.0,0.17144
2025-09-17 20:30:00,Uno M404,0.00764,0.00161,0.0,0.0,0.0,0.00215,0.12847,0.0020800000000000003,0.0,0.0057,0.0,0.05674,0.0,0.0,0.03571,0.00219,0.0,0.17046
2025-09-17 20:35:00,Uno M404,0.00766,0.0015400000000000001,0.0,0.0,0.0,0.00213,0.13001,0.00212,0.0,0.00561,0.0,0.055549999999999995,0.0,0.0,0.03766,0.00226,0.0,0.17411000000000001
2025-09-17 20:40:00,Uno M404,0.00764,0.00147,0.0,0.0,0.0,0.00197,0.12977,0.00207,0.0,0.0057,0.0,0.060969999999999996,0.0,0.0,0.0356,0.00235,0.0,0.17192
2025-09-17 20:45:00,Uno M404,0.00766,0.00149,0.0,0.0,0.09325,0.00199,0.12941,0.0019299999999999999,0.0,0.00544,0.0,0.14576,0.0,0.0,0.03479,0.00228,0.0,0.17077
2025-09-17 20:50:00,Uno M404,4e-05,0.00152,0.0,0.0,0.0,0.00202,0.13024000000000002,0.00221,0.0,0.0,0.0,0.05465,0.0,0.0,0.03389,0.00228,0.0,0.17073
2025-09-17 20:55:00,Uno M404,2e-05,0.00157,0.0,0.0,0.0,0.00199,0.1296,0.0022,0.0,0.0,0.0,0.053450000000000004,0.0,0.0,0.033030000000000004,0.0022400000000000002,0.0,0.16894
2025-09-17 21:00:00,Uno M404,5e-05,0.0016699999999999998,0.0,0.0,0.0,0.00209,0.1298,0.00225,0.0,0.0,0.0,0.05912,0.0,0.0,0.03263,0.00212,0.0,0.16897
2025-09-17 21:05:00,Uno M404,0.0,0.0014299999999999998,0.0,0.0,0.0,0.00215,0.13013999999999998,0.0022400000000000002,0.0,0.0,0.0,0.054909999999999994,0.0,0.0,0.0349,0.00222,0.0,0.17157
2025-09-17 21:10:00,Uno M404,0.0,0.0012900000000000001,0.0,0.0,0.0,0.0020099999999999996,0.13004,0.00222,0.0,0.0,0.0,0.05529,0.0,0.0,0.03721,0.00234,0.0,0.17359
2025-09-17 21:15:00,Uno M404,0.0,0.00135,0.0,0.0,0.09548000000000001,0.00207,0.12969,0.0022400000000000002,0.0,0.0,0.0,0.14872,0.0,0.0,0.032369999999999996,0.00217,0.0,0.16857
2025-09-17 21:20:00,Uno M404,7.000000000000001e-05,0.00116,0.0,0.0,0.0,0.00207,0.12988,0.00219,0.0,0.0,0.0,0.054299999999999994,0.0,0.0,0.03445,0.0023599999999999997,0.0,0.17053000000000001
2025-09-17 21:25:00,Uno M404,0.0,0.00159,0.0,0.0,0.0,0.00202,0.13162000000000001,0.00218,0.0,0.0,0.0,0.06006,0.0,0.0,0.03338,0.00233,0.0,0.17127
2025-09-17 21:30:00,Uno M404,0.0,0.00113,0.0,0.0,0.0,0.0020099999999999996,0.13046000000000002,0.00231,0.0,0.0,0.0,0.05812,0.0,0.0,0.033,0.00216,0.0,0.17008
2025-09-17 21:35:00,Uno M404,0.0,0.00145,0.0,0.0,0.0,0.0016899999999999999,0.12907,0.00209,0.0,0.0,0.0,0.05756,0.0,0.0,0.03555,0.0022299999999999998,0.0,0.17119
2025-09-17 21:40:00,Uno M404,0.0,0.0014199999999999998,0.0,0.0,0.0,0.00206,0.12752,0.00214,0.0,0.0,0.0,0.05819,0.0,0.0,0.03265,0.00217,0.0,0.16676
2025-09-17 21:45:00,Uno M404,0.0,0.00132,0.0,0.0,0.09570999999999999,0.0018700000000000001,0.12959,0.00212,0.0,0.0,0.0,0.15355000000000002,0.0,0.0,0.033100000000000004,0.00215,0.0,0.16903
2025-09-17 21:50:00,Uno M404,0.0,0.00127,0.0,0.0,0.0,0.00202,0.1303,0.00211,0.0,0.0,0.0,0.05771,0.0,0.0,0.03318,0.0020800000000000003,0.0,0.17002
2025-09-17 21:55:00,Uno M404,1e-05,0.00123,0.0,0.0,0.0,0.0020299999999999997,0.129,0.00219,0.0,0.0,0.0,0.05782,0.0,0.0,0.03295,0.00229,0.0,0.16838999999999998
2025-09-17 22:00:00,Uno M404,0.00789,0.0013,0.0,0.0,0.0,0.0020800000000000003,0.12935,0.00173,0.0,0.00578,0.0,0.07501999999999999,0.0,0.0,0.03585,0.0023,0.0,0.17165
2025-09-17 22:05:00,Uno M404,0.0,0.00136,0.0,0.0,0.0,0.00204,0.11345000000000001,0.00217,0.0,0.0,0.0,0.06197,0.0,0.0,0.03286,0.00229,0.0,0.15271
2025-09-17 22:10:00,Uno M404,0.0,0.0015300000000000001,0.0,0.0,0.10096,0.00215,0.11317,0.0022,0.0,0.0,0.0,0.16522,0.0,0.0,0.03767,0.0022299999999999998,0.0,0.15728999999999999
2025-09-17 22:15:00,Uno M404,0.0,0.00135,0.0,0.0,0.08578,0.00213,0.11356000000000001,0.0022,0.0,0.0,0.0,0.15006999999999998,0.0,0.0,0.03582,0.00222,0.0,0.15599000000000002
2025-09-17 22:20:00,Uno M404,0.0,0.00128,0.0,0.0,0.0,0.00215,0.11367000000000001,0.00226,0.0,0.0,0.0,0.06627,0.0,0.0,0.03382,0.00228,0.0,0.15403
2025-09-17 22:25:00,Uno M404,0.00766,0.00141,0.0,0.0,0.0,0.00209,0.11211,0.00185,0.0,0.005809999999999999,0.0,0.06353,0.0,0.0,0.0354,0.00237,0.0,0.1541
2025-09-17 22:30:00,Uno M404,0.0,0.00152,0.0,0.0,0.0,0.00215,0.14424,0.00222,0.0,0.0,0.0,0.06359000000000001,0.0,0.0,0.038619999999999995,0.00231,0.0,0.18932
2025-09-17 22:35:00,Uno M404,1e-05,0.00135,0.0,0.0,0.0,0.00209,0.14413,0.00218,0.0,0.0,0.0,0.04101,0.0,0.0,0.03329,0.00215,0.0,0.18386000000000002
2025-09-17 22:40:00,Uno M404,0.0,0.00134,0.0,0.0,0.0,0.00219,0.14412,0.00225,0.0,0.0,0.0,0.042140000000000004,0.0,0.0,0.03402,0.00215,0.0,0.18443
2025-09-17 22:45:00,Uno M404,0.0,0.00159,0.0,0.0,0.10268000000000001,0.00212,0.14199,0.00222,0.0,0.0,0.0,0.14317,0.0,0.0,0.03243,0.00213,0.0,0.18118
2025-09-17 22:50:00,Uno M404,0.0,0.0014299999999999998,0.0,0.0,0.08807,0.00204,0.14298,0.00222,0.0,0.0,0.0,0.12855,0.0,0.0,0.032799999999999996,0.0022,0.0,0.18165
2025-09-17 22:55:00,Uno M404,0.0,0.00123,0.0,0.0,0.0,0.0020299999999999997,0.1433,0.00212,0.0,0.0,0.0,0.04142,0.0,0.0,0.03195,0.00214,0.0,0.18186000000000002
2025-09-17 23:00:00,Uno M404,0.0,0.00126,0.0,0.0,0.0,0.00185,0.06868,0.00229,0.0,0.0,0.0,0.04139,0.0,0.0,0.03257,0.0023,0.0,0.10773
2025-09-17 23:05:00,Uno M404,0.0,1.00789,0.0,0.0,0.0,0.00176,-0.00047,0.00215,0.0,0.0,0.0,0.04126,0.0,0.0,0.03436,0.0019,0.0,1.11623
2025-09-17 23:10:00,Uno M404,0.0,1.16564,0.0,0.0,0.0,0.0019,-0.00103,0.0022,0.0,0.0,0.0,0.04131,0.0,0.0,0.030629999999999998,0.0020299999999999997,0.0,1.26746
2025-09-17 23:15:00,Uno M404,0.0,1.17147,0.0,0.0,0.10623,0.00189,-0.00102,0.0022400000000000002,0.0,0.0,0.0,0.14684999999999998,0.0,0.0,0.03186,0.00206,0.0,1.2746199999999999
2025-09-17 23:20:00,Uno M404,1e-05,1.17745,0.0,0.0,0.08777,0.00147,-0.00062,0.00209,0.0,0.0,0.0,0.12830000000000003,0.0,0.0,0.03226,0.00172,0.0,1.2801500000000001
2025-09-17 23:25:00,Uno M404,0.0,0.02767,0.0,0.0,0.0,0.00158,-0.00068,0.0020099999999999996,0.0,0.0,0.0,0.0412,0.0,0.0,0.03018,0.0016699999999999998,0.0,0.12844999999999998
2025-09-17 23:30:00,Uno M404,0.02133,0.027530000000000002,0.0,0.0,0.0,0.00139,-0.0014199999999999998,0.02221,0.0,0.0,0.0,0.04182,0.0,0.0,0.03023,0.0018700000000000001,0.0,0.12825
2025-09-17 23:35:00,Uno M404,3.3940300000000003,0.02776,0.0,0.0,0.0,0.00164,-0.00215,0.022170000000000002,3.36583,0.00561,0.0,0.04221,0.0,0.0,0.02998,0.0015300000000000001,0.0,0.12849000000000002
2025-09-17 23:40:00,Uno M404,3.4114299999999997,0.02779,0.0,0.0,0.0,0.00165,-0.00207,0.0224,3.38308,0.00558,0.0,0.04169,0.0,0.0,0.02998,0.0017900000000000001,0.0,0.128
2025-09-17 23:45:00,Uno M404,0.0,0.027600000000000003,0.0,0.0,0.11456999999999999,0.00075,-0.00166,0.0017900000000000001,0.0,0.0,0.0,0.1164,0.0,0.0,-1e-05,0.0,0.0,0.09636
2025-09-17 23:50:00,Uno M404,0.0,0.02691,0.0,0.0,0.08986,0.0009699999999999999,-0.00115,0.0020499999999999997,0.0,0.0,0.0,0.09179999999999999,0.0,0.0,-1e-05,0.0,0.0,0.09544
2025-09-17 23:55:00,Uno M404,0.0,0.027039999999999998,0.0,0.0,0.0,0.00083,-0.00132,0.0019399999999999999,0.0,0.0,0.0,0.00265,0.0,0.0,0.0,0.0,0.0,0.09572
2025-09-18 00:00:00,Uno M404,0.0,0.02698,0.0,0.0,0.0,0.0006,-0.00157,0.0020499999999999997,0.0,0.0,0.0,0.00266,0.0,0.0,0.0,0.0,0.0,0.09559000000000001
2025-09-18 00:05:00,Uno M404,0.0,0.02711,0.0,0.0,0.0,0.00049,-0.0014,0.0016799999999999999,0.0,0.0,0.0,0.00273,0.0,0.0,0.0,0.0,0.0,0.09595999999999999
2025-09-18 00:10:00,Uno M404,0.0,0.027039999999999998,0.0,0.0,0.0,0.00034,-0.0015300000000000001,0.0014,0.0,0.0,0.0,0.0028599999999999997,0.0,0.0,0.0,0.0,0.0,0.09544
2025-09-18 00:15:00,Uno M404,1e-05,0.027129999999999998,0.0,0.0,0.0,0.00034,-0.00121,0.0017900000000000001,0.0,0.0,0.0,0.00289,0.0,0.0,0.0,0.0,0.0,0.09544
2025-09-18 00:20:00,Uno M404,0.0,0.027039999999999998,0.0,0.0,0.09684999999999999,0.00035999999999999997,-0.00028000000000000003,0.0017800000000000001,0.0,0.0,0.0,0.0993,0.0,0.0,0.0,0.0,0.0,0.0955
2025-09-18 00:25:00,Uno M404,0.0,0.026940000000000002,0.0,0.0,0.0,0.00017999999999999998,-0.00134,0.0019399999999999999,0.0,0.0,0.0,0.00297,0.0,0.0,0.0,0.0,0.0,0.09562000000000001
2025-09-18 00:30:00,Uno M404,0.0,0.026269999999999998,0.0,0.0,0.0,0.00013000000000000002,-0.00032,0.00138,0.0,0.0,0.0,0.00337,0.0,0.0,0.0,0.0,0.0,0.09228
2025-09-18 00:35:00,Uno M404,0.0,0.02605,0.0,0.0,0.0,0.00020999999999999998,-0.00079,0.0015400000000000001,0.0,0.0,0.0,0.00333,0.0,0.0,0.0,0.0,0.0,0.09223
2025-09-18 00:40:00,Uno M404,0.0,0.026170000000000002,0.0,0.0,0.0,0.00020999999999999998,-0.0008,0.00166,0.0,0.0,0.0,0.00327,0.0,0.0,0.0,0.0,0.0,0.09189
2025-09-18 00:45:00,Uno M404,0.0,0.02619,0.0,0.0,0.0,0.00016,-0.0008900000000000001,0.00148,0.0,0.0,0.0,0.0033,0.0,0.0,0.0,0.0,0.0,0.09162999999999999
2025-09-18 00:50:00,Uno M404,0.0,0.02644,0.0,0.0,0.10693000000000001,0.00023,-0.00117,0.0014199999999999998,0.0,0.0,0.0,0.10956999999999999,0.0,0.0,0.0,0.0,0.0,0.09259999999999999
2025-09-18 00:55:00,Uno M404,0.0,1.1488399999999999,0.0,0.0,0.08764,0.00019,-4e-05,0.00182,0.0,0.0,0.0,0.09024,0.0,0.0,0.0,0.0,0.0,1.21445
2025-09-18 01:00:00,Uno M404,0.0,1.15655,0.0,0.0,0.0,4e-05,-0.00016,0.00149,0.0,0.0,0.0,0.00335,0.0,0.0,0.0,0.0,0.0,1.22252
2025-09-18 01:05:00,Uno M404,0.0,1.1561,0.0,0.0,0.0,0.00020999999999999998,-1e-05,0.0016200000000000001,0.0,0.0,0.0,0.0034,0.0,0.0,0.0,0.0,0.0,1.2221099999999998
2025-09-18 01:10:00,Uno M404,0.0,1.15924,0.0,0.0,0.0,0.00027,-1e-05,0.00093,0.0,0.0,0.0,0.0032400000000000003,0.0,0.0,0.0,0.0,0.0,1.22558
2025-09-18 01:15:00,Uno M404,0.0,1.10659,0.0,0.0,0.0,0.00013000000000000002,-0.00011999999999999999,0.00117,0.0,0.0,0.0,0.0033799999999999998,0.0,0.0,0.0,0.0,0.0,1.17256
2025-09-18 01:20:00,Uno M404,0.0,0.052700000000000004,0.0,0.0,0.0,2e-05,-0.0009,0.0024,0.0,0.0,0.0,0.00718,0.0,0.0,0.0,0.0,0.0,0.1854
2025-09-18 01:25:00,Uno M404,0.0,0.02637,0.0,0.0,0.09824,8e-05,-0.00046,0.00141,0.0,0.0,0.0,0.10094,0.0,0.0,0.0,0.0,0.0,0.09275
2025-09-18 01:30:00,Uno M404,0.0,0.02655,0.0,0.0,0.0,0.0,-8e-05,0.0011200000000000001,0.0,0.0,0.0,0.00299,0.0,0.0,0.0,0.0,0.0,0.09317
2025-09-18 01:35:00,Uno M404,0.0,0.0264,0.0,0.0,0.0,0.00011,-0.00031,0.0013700000000000001,0.0,0.0,0.0,0.00328,0.0,0.0,0.0,0.0,0.0,0.09297
2025-09-18 01:40:00,Uno M404,0.0,0.02641,0.0,0.0,0.0,0.00015,-0.00029,0.00173,0.0,0.0,0.0,0.00395,0.0,0.0,0.0,0.0,0.0,0.09295999999999999
2025-09-18 01:45:00,Uno M404,0.0,0.02657,0.0,0.0,0.0,0.00015,-0.0006,0.0015400000000000001,0.0,0.0,0.0,0.00326,0.0,0.0,0.0,0.0,0.0,0.09301999999999999
2025-09-18 01:50:00,Uno M404,0.0,0.0528,0.0,0.0,0.0,0.00058,-0.0009599999999999999,0.0033799999999999998,0.0,0.0,0.0,0.006679999999999999,0.0,0.0,0.0,0.0,0.0,0.18614
2025-09-18 01:55:00,Uno M404,0.0,1.15369,0.0,0.0,0.0,1e-05,-0.00011,0.0014,0.0,0.0,0.0,0.0033799999999999998,0.0,0.0,0.0,0.0,0.0,1.21975
2025-09-18 02:00:00,Uno M404,0.0,1.15554,0.0,0.0,0.09462999999999999,8.999999999999999e-05,-1e-05,0.00114,0.0,0.0,0.0,0.09803,0.0,0.0,0.0,0.0,0.0,1.22177
2025-09-18 02:05:00,Uno M404,0.0,1.16228,0.0,0.0,0.0,0.0002,-0.00016,0.00134,0.0,0.0,0.0,0.00321,0.0,0.0,0.0,0.0,0.0,1.2286400000000002
2025-09-18 02:10:00,Uno M404,0.0,0.02657,0.0,0.0,0.0,8e-05,-0.00027,0.00106,0.0,0.0,0.0,0.00304,0.0,0.0,0.0,0.0,0.0,0.09369
2025-09-18 02:15:00,Uno M404,0.0,0.026539999999999998,0.0,0.0,0.0,8e-05,-0.00032,0.0008900000000000001,0.0,0.0,0.0,0.00311,0.0,0.0,0.0,0.0,0.0,0.09442
2025-09-18 02:20:00,Uno M404,0.0,0.02666,0.0,0.0,0.0,1e-05,-0.0008,0.00132,0.0,0.0,0.0,0.0031,0.0,0.0,0.0,0.0,0.0,0.09409000000000001
2025-09-18 02:25:00,Uno M404,0.0,0.026719999999999997,0.0,0.0,0.0,0.00011999999999999999,-0.00152,0.00114,0.0,0.0,0.0,0.00304,0.0,0.0,0.0,0.0,0.0,0.09436
2025-09-18 02:30:00,Uno M404,2e-05,0.026670000000000003,0.0,0.0,0.0,8.999999999999999e-05,-0.00014000000000000001,0.00114,0.0,0.0,0.0,0.00315,0.0,0.0,0.0,0.0,0.0,0.09414
2025-09-18 02:35:00,Uno M404,1e-05,0.4772,0.0,0.0,0.09172,7.000000000000001e-05,-8.999999999999999e-05,0.0008900000000000001,0.0,0.0,0.0,0.09442,0.0,0.0,0.0,0.0,0.0,0.54449
2025-09-18 02:40:00,Uno M404,0.0,1.16234,0.0,0.0,0.0,7.000000000000001e-05,-1e-05,0.0016699999999999998,0.0,0.0,0.0,0.0033799999999999998,0.0,0.0,0.0,0.0,0.0,1.2294200000000002
2025-09-18 02:45:00,Uno M404,1e-05,1.16351,0.0,0.0,0.0,5e-05,-5e-05,0.00121,0.0,0.0,0.0,0.00311,0.0,0.0,0.0,0.0,0.0,1.23076
2025-09-18 02:50:00,Uno M404,0.0,0.02674,0.0,0.0,0.0,0.0,-0.00078,0.00074,0.0,0.0,0.0,0.00344,0.0,0.0,0.0,0.0,0.0,0.09404000000000001
2025-09-18 02:55:00,Uno M404,0.0,0.02664,0.0,0.0,0.0,2e-05,-0.0007,0.00132,0.0,0.0,0.0,0.0029300000000000003,0.0,0.0,0.0,0.0,0.0,0.09418000000000001
2025-09-18 03:00:00,Uno M404,0.0,0.02662,0.0,0.0,0.0,1e-05,-4e-05,0.00152,0.0,0.0,0.0,0.00285,0.0,0.0,0.0,0.0,0.0,0.09373999999999999
2025-09-18 03:05:00,Uno M404,0.0,0.0265,0.0,0.0,0.11122,2e-05,-0.00029,0.00085,0.0,0.0,0.0,0.11397,0.0,0.0,0.0,0.0,0.0,0.09416
2025-09-18 03:10:00,Uno M404,0.0,0.02673,0.0,0.0,0.08881,0.00019,-0.00069,0.0018700000000000001,0.0,0.0,0.0,0.09137999999999999,0.0,0.0,0.0,0.0,0.0,0.09433
2025-09-18 03:15:00,Uno M404,0.0,1.15567,0.0,0.0,0.0,8e-05,0.0,0.0014199999999999998,0.0,0.0,0.0,0.00311,0.0,0.0,0.0,0.0,0.0,1.22258
2025-09-18 03:20:00,Uno M404,0.0,0.02646,0.0,0.0,0.0,0.0,-7.000000000000001e-05,0.00148,0.0,0.0,0.0,0.00311,0.0,0.0,0.0,0.0,0.0,0.09361
2025-09-18 03:25:00,Uno M404,7.000000000000001e-05,0.026600000000000002,0.0,0.0,0.0,0.0,-0.00065,0.00155,0.0,0.0,0.0,0.00292,0.0,0.0,0.0,0.0,0.0,0.09393000000000001
2025-09-18 03:30:00,Uno M404,0.0,0.0264,0.0,0.0,0.0,5e-05,-0.00016,0.00155,0.0,0.0,0.0,0.0032400000000000003,0.0,0.0,0.0,0.0,0.0,0.09336
2025-09-18 03:35:00,Uno M404,0.0,0.02648,0.0,0.0,0.0,5e-05,-4e-05,0.00146,0.0,0.0,0.0,0.00311,0.0,0.0,0.0,0.0,0.0,0.09334
2025-09-18 03:40:00,Uno M404,0.0,,0.0,0.0,,,,0.00124,0.0,0.0,,,,,,,,
2025-09-18 03:45:00,Uno M404,0.0,1.1526800000000001,0.0,0.0,0.08724,4e-05,-8.999999999999999e-05,0.0011799999999999998,0.0,0.0,0.0,0.09004999999999999,0.0,0.0,0.0,0.0,0.0,1.21922
2025-09-18 03:50:00,Uno M404,0.0,0.02657,0.0,0.0,0.0,0.0,-1e-05,0.00128,0.0,0.0,0.0,0.00317,0.0,0.0,0.0,0.0,0.0,0.09376000000000001
2025-09-18 03:55:00,Uno M404,0.0,0.10668000000000001,0.0,0.0,0.0,0.0,-0.00172,0.0054,0.0,0.0,0.0,0.01148,0.0,0.0,0.0,0.0,0.0,0.37688
2025-09-18 04:00:00,Uno M404,,0.05328,,,0.0,8e-05,-0.0008399999999999999,,,,0.0,0.0062,0.0,0.0,0.0,0.0,0.0,0.18896000000000002
2025-09-18 04:05:00,Uno M404,0.0,0.05336,0.0,0.0,0.0,8e-05,-0.00032,0.00198,0.0,0.0,0.0,0.0062,0.0,0.0,0.0,0.0,0.0,0.18869999999999998
2025-09-18 04:10:00,Uno M404,0.0,52.23975,0.0,0.0,0.0,0.0072,-0.0033,0.10044,0.0,0.0,0.0,0.1928,0.0,0.0,0.0,0.0,0.0,56.273399999999995
2025-09-18 04:15:00,Uno M404,0.0,6.939419999999999,0.0,0.0,0.33186000000000004,0.0003,-0.00012000000000000002,0.00854,0.0,0.0,0.0,0.34929,0.0,0.0,0.0,0.0,0.0,7.341599999999999
2025-09-18 04:20:00,Uno M404,0.0,0.02666,0.0,0.0,0.08882999999999999,0.0,-0.0006,0.0011200000000000001,0.0,0.0,0.0,0.09154000000000001,0.0,0.0,0.0,0.0,0.0,0.094
2025-09-18 04:25:00,Uno M404,0.0,0.02644,0.0,0.0,0.0,0.0,-7.000000000000001e-05,0.00113,0.0,0.0,0.0,0.00285,0.0,0.0,0.0,0.0,0.0,0.09323000000000001
2025-09-18 04:30:00,Uno M404,0.0,0.026699999999999998,0.0,0.0,0.0,7.000000000000001e-05,-0.00025,0.00141,0.0,0.0,0.0,0.00326,0.0,0.0,0.0,0.0,0.0,0.09422
2025-09-18 04:35:00,Uno M404,0.0,0.02657,0.0,0.0,0.0,0.0002,-0.00015,0.00165,0.0,0.0,0.0,0.00318,0.0,0.0,0.0,0.0,0.0,0.09390000000000001
2025-09-18 04:40:00,Uno M404,0.0,1.1477,0.0,0.0,0.0,0.00020999999999999998,-0.00016,0.00158,0.0,0.0,0.0,0.00318,0.0,0.0,0.0,0.0,0.0,1.21439
2025-09-18 04:45:00,Uno M404,0.0,1.15,0.0,0.0,0.0,0.00025,-5.9999999999999995e-05,0.00122,0.0,0.0,0.0,0.00344,0.0,0.0,0.0,0.0,0.0,1.21649
2025-09-18 04:50:00,Uno M404,0.0,0.02644,0.0,0.0,0.11281999999999999,0.0,-5.9999999999999995e-05,0.00149,0.0,0.0,0.0,0.11531999999999999,0.0,0.0,0.0,0.0,0.0,0.09304000000000001
2025-09-18 04:55:00,Uno M404,0.0,0.02653,0.0,0.0,0.0896,4e-05,-0.00067,0.00152,0.0,0.0,0.0,0.09206,0.0,0.0,0.0,0.0,0.0,0.09340000000000001
2025-09-18 05:00:00,Uno M404,0.0,0.02658,0.0,0.0,0.0,5e-05,-0.00025,0.00141,0.0,0.0,0.0,0.0030499999999999998,0.0,0.0,0.0,0.0,0.0,0.09391
2025-09-18 05:05:00,Uno M404,0.0,0.02647,0.0,0.0,0.0,5.9999999999999995e-05,-0.0002,0.0011899999999999999,0.0,0.0,0.0,0.003,0.0,0.0,0.0,0.0,0.0,0.09334999999999999
2025-09-18 05:10:00,Uno M404,0.0,0.026269999999999998,0.0,0.0,0.0,0.0,-0.00031,0.00138,0.0,0.0,0.0,0.0032400000000000003,0.0,0.0,0.0,0.0,0.0,0.09281
2025-09-18 05:15:00,Uno M404,0.0,1.14245,0.0,0.0,0.0,4e-05,-1e-05,0.0011899999999999999,0.0,0.0,0.0,0.00323,0.0,0.0,0.0,0.0,0.0,1.20857
2025-09-18 05:20:00,Uno M404,1e-05,1.1475799999999998,0.0,0.0,0.0,0.0,-1e-05,0.00067,0.0,0.0,0.0,0.00317,0.0,0.0,0.0,0.0,0.0,1.21359
2025-09-18 05:25:00,Uno M404,0.0,0.02628,0.0,0.0,0.0,0.0,-1e-05,0.00099,0.0,0.0,0.0,0.0034,0.0,0.0,0.0,0.0,0.0,0.09236
2025-09-18 05:30:00,Uno M404,0.0,0.02606,0.0,0.0,0.09298000000000001,0.0,-2e-05,0.00058,0.0,0.0,0.0,0.09626,0.0,0.0,0.0,0.0,0.0,0.09173
2025-09-18 05:35:00,Uno M404,0.0,0.02608,0.0,0.0,0.0,4e-05,-0.00013000000000000002,0.00099,0.0,0.0,0.0,0.0034100000000000003,0.0,0.0,0.0,0.0,0.0,0.09187000000000001
2025-09-18 05:40:00,Uno M404,0.0,1.1345699999999999,0.0,0.0,0.0,0.0,0.0,0.00165,0.0,0.0,0.0,0.00368,0.0,0.0,0.0,0.0,0.0,1.19917
2025-09-18 05:45:00,Uno M404,0.0,0.02591,0.0,0.0,0.0,0.0,-2e-05,0.0009699999999999999,0.0,0.0,0.0,0.00321,0.0,0.0,0.0,0.0,0.0,0.09097
2025-09-18 05:50:00,Uno M404,0.0,0.02581,0.0,0.0,0.0,0.0,-5.9999999999999995e-05,0.0015300000000000001,0.0,0.0,0.0,0.00335,0.0,0.0,0.0,0.0,0.0,0.09047
2025-09-18 05:55:00,Uno M404,0.0,0.02577,0.0,0.0,0.0,0.0,-0.0004,0.00117,0.0,0.0,0.0,0.0034500000000000004,0.0,0.0,0.0,0.0,0.0,0.09033
2025-09-18 06:00:00,Uno M404,0.0,0.02599,0.0,0.0,0.0,0.0,-8e-05,0.0012,0.0,0.0,0.0,0.00333,0.0,0.0,0.0,0.0,0.0,0.09111
2025-09-18 06:05:00,Uno M404,0.0,1.14466,0.0,0.0,0.09693,2e-05,0.0,0.0011899999999999999,0.0,0.0,0.0,0.09986,0.0,0.0,0.0,0.0,0.0,1.2088599999999998
2025-09-18 06:10:00,Uno M404,0.0,0.02576,0.0,0.0,0.08286,0.0,-0.00013000000000000002,0.00095,0.0,0.0,0.0,0.08562,0.0,0.0,0.0,0.0,0.0,0.08995
2025-09-18 06:15:00,Uno M404,0.0,0.025589999999999998,0.0,0.0,0.0,0.0,-5.9999999999999995e-05,0.00093,0.0,0.0,0.0,0.00349,0.0,0.0,0.0,0.0,0.0,0.08916
2025-09-18 06:20:00,Uno M404,0.0,0.02558,0.0,0.0,0.0,0.0,-0.00041,0.00095,0.0,0.0,0.0,0.0034100000000000003,0.0,0.0,0.0,0.0,0.0,0.08937
2025-09-18 06:25:00,Uno M404,0.0,1.1260599999999998,0.0,0.0,0.0,0.0,0.0,0.0009699999999999999,0.0,0.0,0.0,0.0038399999999999997,0.0,0.0,0.0,0.0,0.0,1.18949
2025-09-18 06:30:00,Uno M404,0.0,0.02548,0.0,0.0,0.0,0.0,-2e-05,0.00062,0.0,0.0,0.0,0.00344,0.0,0.0,0.0,0.0,0.0,0.08907
2025-09-18 06:35:00,Uno M404,0.0,0.025070000000000002,0.0,0.0,0.0,0.0,-1e-05,0.00055,0.0,0.0,0.0,0.00359,0.0,0.0,0.0,0.0,0.0,0.08778
2025-09-18 06:40:00,Uno M404,0.0,0.02534,0.0,0.0,0.10338,0.0,-1e-05,0.00034,0.0,0.0,0.0,0.10674,0.0,0.0,0.0,0.0,0.0,0.08853
2025-09-18 06:45:00,Uno M404,0.0,0.02544,0.0,0.0,0.08639,0.0,-0.00022,0.00151,0.0,0.0,0.0,0.08948,0.0,0.0,0.0,0.0,0.0,0.08847
2025-09-18 06:50:00,Uno M404,1e-05,1.12502,0.0,0.0,0.0,0.0,0.0,0.00065,0.0,0.0,0.0,0.0037400000000000003,0.0,0.0,0.0,0.0,0.0,1.18754
2025-09-18 06:55:00,Uno M404,0.0,0.02552,0.0,0.0,0.0,0.0,0.0,0.0008900000000000001,0.0,0.0,0.0,0.0034100000000000003,0.0,0.0,0.0,0.0,0.0,0.08845
2025-09-18 07:00:00,Uno M404,0.0,0.02558,0.0,0.0,0.0,0.0,-5e-05,0.0005899999999999999,0.0,0.0,0.0,0.00383,0.0,0.0,0.0,0.0,0.0,0.08887
2025-09-18 07:05:00,Uno M404,0.0,0.0255,0.0,0.0,0.0,0.0,0.0,0.00038,0.0,0.0,0.0,0.00368,0.0,0.0,0.0,0.0,0.0,0.08836
2025-09-18 07:10:00,Uno M404,0.0,1.11844,0.0,0.0,0.0,0.0,0.0,0.00054,0.0,0.0,0.0,0.004,0.0,0.0,0.0,0.0,0.0,1.1798199999999999
2025-09-18 07:15:00,Uno M404,3.16902,1.13248,0.0,3.14102,0.0,0.0,-1e-05,0.00032,0.0,0.02647,0.0,0.0038799999999999998,0.0,0.0,0.0,0.0,0.0,1.1937
2025-09-18 07:20:00,Uno M404,0.02925,0.02478,0.0,0.0,0.09320999999999999,0.0,-1e-05,5.9999999999999995e-05,0.0,0.027190000000000002,0.0,0.09672,0.0,0.0,0.0,0.0,0.0,0.08564
2025-09-18 07:25:00,Uno M404,0.02891,0.025070000000000002,0.0,0.0,0.0,0.0,0.0,4e-05,0.0,0.026789999999999998,0.0,0.00437,0.0,0.0,0.0,0.0,0.0,0.08643
2025-09-18 07:30:00,Uno M404,3.14337,1.12404,0.0,3.1161399999999997,0.0,0.0,0.0,5.9999999999999995e-05,0.0,0.02587,0.0,0.00432,0.0,0.0,0.0,0.0,0.0,1.18581
2025-09-18 07:35:00,Uno M404,3.1545900000000002,0.02553,0.0,3.1272800000000003,0.0,0.0,-1e-05,0.0,0.0,0.02582,0.0,0.00424,0.0,0.0,0.0,0.0,0.0,0.08896
2025-09-18 07:40:00,Uno M404,3.13256,0.0,0.0,3.1052600000000004,0.0,0.0,0.0,0.0,0.0,0.02586,0.0,0.03423,0.0,0.0,0.0,0.0,0.0,0.00095
2025-09-18 07:45:00,Uno M404,0.0070599999999999994,0.0,0.0,0.0,0.0,0.0,0.0,0.0,0.0,0.0055,0.0,0.06153,0.0,0.0,0.0,0.0018,0.0,0.0011
2025-09-18 07:50:00,Uno M404,0.00704,0.0,0.0,0.0,0.0,0.0,0.0,0.0,0.0,0.00567,0.0,0.062020000000000006,0.0,0.0,0.0,0.0021000000000000003,0.0,0.00268
2025-09-18 07:55:00,Uno M404,2.98504,0.0,0.0,0.0,0.09756000000000001,0.0,0.0,0.0,2.97786,0.00563,0.0,0.15757,0.0,0.0,0.01323,0.0020800000000000003,0.0,0.01614
2025-09-18 08:00:00,Uno M404,0.0,0.0,0.0,0.0,0.08238,0.0,0.0,0.0,0.0,0.0,0.0,0.13086,0.0,0.0,0.01257,0.0020099999999999996,0.0,0.01565
2025-09-18 08:05:00,Uno M404,0.02147,0.0,0.0,0.0,0.0,0.0,0.00269,0.02174,0.0,0.0,0.0,0.04458,0.0,0.0,0.0,0.00228,0.0,0.00558
2025-09-18 08:10:00,Uno M404,0.0,0.0,0.0,0.0,0.0,0.0,0.10268000000000001,0.0,0.0,0.0,0.0,0.027649999999999997,0.0,0.0,0.0,0.0020099999999999996,0.0,0.10564
2025-09-18 08:15:00,Uno M404,0.0,0.0,0.0,0.0,0.0,0.0,0.0,0.0,0.0,0.0,0.0,0.00522,0.0,0.0,0.0,0.0,0.0,0.00053
2025-09-18 08:20:00,Uno M404,0.0,0.0,0.0,0.0,0.0,0.0,0.0,0.0,0.0,0.0,0.0,0.00526,0.0,0.0,0.0,0.0,0.0,0.00121
2025-09-18 08:25:00,Uno M404,0.0,0.0,0.0,0.0,0.0,0.0,0.0,1e-05,0.0,0.0,0.0,0.00491,0.0,0.0,0.0,0.0,0.0,0.00099
2025-09-18 08:30:00,Uno M404,0.0,0.0,0.0,0.0,0.0,0.0,0.0,0.0,0.0,0.0,0.0,0.004849999999999999,0.0,0.0,0.0,0.0,0.0,0.00045
2025-09-18 08:35:00,Uno M404,0.0,0.0,0.0,0.0,0.08877,0.0,0.0,0.0,0.0,0.0,0.0,0.09353,0.0,0.0,0.0,0.0,0.0,0.00051
2025-09-18 08:40:00,Uno M404,0.0,0.0,0.0,0.0,0.0,0.0,0.0,1e-05,0.0,0.0,0.0,0.00481,0.0,0.0,0.0,0.0,0.0,0.00086
2025-09-18 08:45:00,Uno M404,0.0,0.0,0.0,0.0,0.0,0.0,0.0,2e-05,0.0,0.0,0.0,0.0047599999999999995,0.0,0.0,0.0,0.0,0.0,0.00046
2025-09-18 08:50:00,Uno M404,0.0,0.0,0.0,0.0,0.0,0.0,0.0,0.0,0.0,0.0,0.0,0.00488,0.0,0.0,0.0,0.0,0.0,0.0005200000000000001
2025-09-18 08:55:00,Uno M404,0.0,0.0,0.0,0.0,0.0,0.0,0.0,4e-05,0.0,0.0,0.0,0.00497,0.0,0.0,0.0,0.0,0.0,0.0008100000000000001
2025-09-18 09:00:00,Uno M404,1e-05,0.0,0.0,0.0,0.0,0.0,-2e-05,0.0,0.0,0.0,0.0,0.00458,0.0,0.0,0.0,0.0,0.0,0.00108
2025-09-18 09:05:00,Uno M404,0.0,0.0,0.0,0.0,0.0,0.0,-1e-05,5e-05,0.0,0.0,0.0,0.00479,0.0,0.0,0.0,0.0,0.0,0.0008900000000000001
2025-09-18 09:10:00,Uno M404,0.0,0.0,0.0,0.0,0.09348999999999999,0.0,0.0,0.0,0.0,0.0,0.0,0.0983,0.0,0.0,0.0,0.0,0.0,0.00053
2025-09-18 09:15:00,Uno M404,0.0,0.0,0.0,0.0,0.0,0.0,-1e-05,2e-05,0.0,0.0,0.0,0.0046,0.0,0.0,0.0,0.0,0.0,0.00123
2025-09-18 09:20:00,Uno M404,0.0,0.0,0.0,0.0,0.0,0.0,0.0,8.999999999999999e-05,0.0,0.0,0.0,0.00453,0.0,0.0,0.0,0.0,0.0,0.00035
2025-09-18 09:25:00,Uno M404,0.0,0.0,0.0,0.0,0.0,0.0,0.0,4e-05,0.0,0.0,0.0,0.004690000000000001,0.0,0.0,0.0,0.0,0.0,0.00075
2025-09-18 09:30:00,Uno M404,0.0,0.0,0.0,0.0,0.0,0.0,0.0,0.0,0.0,0.0,0.0,0.00451,0.0,0.0,0.0,0.0,0.0,0.00123
2025-09-18 09:35:00,Uno M404,0.0,0.0,0.0,0.0,0.0,0.0,0.0,4e-05,0.0,0.0,0.0,0.0044800000000000005,0.0,0.0,0.0,0.0,0.0,0.00061
2025-09-18 09:40:00,Uno M404,0.0,0.0,0.0,0.0,0.0,0.0,0.0,8.999999999999999e-05,0.0,0.0,0.0,0.0044599999999999996,0.0,0.0,0.0,0.0,0.0,0.0008100000000000001
2025-09-18 09:45:00,Uno M404,0.0,0.0,0.0,0.0,0.10069,0.0,0.0,0.0002,0.0,0.0,0.0,0.10507999999999999,0.0,0.0,0.0,0.0,0.0,0.00139
2025-09-18 09:50:00,Uno M404,0.0,0.0,0.0,0.0,0.08419,0.0,0.0,0.00016,0.0,0.0,0.0,0.08839,0.0,0.0,0.0,0.0,0.0,0.00046
2025-09-18 09:55:00,Uno M404,0.0,0.0,0.0,0.0,0.0,0.0,0.0,0.0,0.0,0.0,0.0,0.00451,0.0,0.0,0.0,0.0,0.0,0.00086
2025-09-18 10:00:00,Uno M404,0.0,0.0,0.0,0.0,0.0,0.0,0.0,5.9999999999999995e-05,0.0,0.0,0.0,0.00436,0.0,0.0,0.0,0.0,0.0,0.0007199999999999999
2025-09-18 10:05:00,Uno M404,0.0,0.0,0.0,0.0,0.0,0.0,0.0,5.9999999999999995e-05,0.0,0.0,0.0,0.00438,0.0,0.0,0.0,0.0,0.0,0.0009
2025-09-18 10:10:00,Uno M404,0.0,0.0,0.0,0.0,0.0,0.0,0.0,0.00013000000000000002,0.0,0.0,0.0,0.00441,0.0,0.0,0.0,0.0,0.0,0.00109
2025-09-18 10:15:00,Uno M404,0.0,0.0,0.0,0.0,0.0,0.0,0.0,5e-05,0.0,0.0,0.0,0.00434,0.0,0.0,0.0,0.0,0.0,0.00101
2025-09-18 10:20:00,Uno M404,0.0,0.0,0.0,0.0,0.0,0.0,0.0,1e-05,0.0,0.0,0.0,0.00434,0.0,0.0,0.0,0.0,0.0,0.00115
2025-09-18 10:25:00,Uno M404,0.0,0.0,0.0,0.0,0.08968000000000001,0.0,-1e-05,0.00022,0.0,0.0,0.0,0.09362999999999999,0.0,0.0,0.0,0.0,0.0,0.0014299999999999998
2025-09-18 10:30:00,Uno M404,0.0,0.0,0.0,0.0,0.0,0.0,0.0,0.00016,0.0,0.0,0.0,0.00441,0.0,0.0,0.0,0.0,0.0,0.00083
2025-09-18 10:35:00,Uno M404,0.0,0.0,0.0,0.0,0.0,0.0,0.0,0.0,0.0,0.0,0.0,0.00417,0.0,0.0,0.0,0.0,0.0,0.00067
2025-09-18 10:40:00,Uno M404,0.0,0.0,0.0,0.0,0.0,0.0,0.0,0.00017999999999999998,0.0,0.0,0.0,0.00437,0.0,0.0,0.0,0.0,0.0,0.00086
2025-09-18 10:45:00,Uno M404,0.0,0.0,0.0,0.0,0.0,0.0,0.0,0.00022,0.0,0.0,0.0,0.00423,0.0,0.0,0.0,0.0,0.0,0.0015300000000000001
2025-09-18 10:50:00,Uno M404,4e-05,0.0,0.0,0.0,0.0,0.0,0.0,4e-05,0.0,0.0,0.0,0.00437,0.0,0.0,0.0,0.0,0.0,0.00092
2025-09-18 10:55:00,Uno M404,0.0,0.0,0.0,0.0,0.0,0.0,0.0,0.00035999999999999997,0.0,0.0,0.0,0.00423,0.0,0.0,0.0,0.0,0.0,0.0014199999999999998
2025-09-18 11:00:00,Uno M404,1e-05,0.0,0.0,0.0,0.09434999999999999,0.0,0.0,8.999999999999999e-05,0.0,0.0,0.0,0.09791,0.0,0.0,0.0,0.0,0.0,0.00128
2025-09-18 11:05:00,Uno M404,0.0,0.0,0.0,0.0,0.0,0.0,0.0,0.00014000000000000001,0.0,0.0,0.0,0.00398,0.0,0.0,0.0,0.0,0.0,0.0015400000000000001
2025-09-18 11:10:00,Uno M404,0.0,0.0,0.0,0.0,0.0,0.0,0.0,0.00015,0.0,0.0,0.0,0.0045,0.0,0.0,0.0,0.0,0.0,0.00088
2025-09-18 11:15:00,Uno M404,0.0,0.0,0.0,0.0,0.0,0.0,-1e-05,0.00011,0.0,0.0,0.0,0.0038799999999999998,0.0,0.0,0.0,0.0,0.0,0.00079
2025-09-18 11:20:00,Uno M404,0.0,0.0,0.0,0.0,0.0,0.0,0.0,0.00041,0.0,0.0,0.0,0.00412,0.0,0.0,0.0,0.0,0.0,0.00183
2025-09-18 11:25:00,Uno M404,0.0,0.0,0.0,0.0,0.0,0.0,-0.00011,0.0007099999999999999,0.0,0.0,0.0,0.004,0.0,0.0,0.0,0.0,0.0,0.00117
2025-09-18 11:30:00,Uno M404,0.0,0.0,0.0,0.0,0.0,0.0,-1e-05,0.00022,0.0,0.0,0.0,0.004030000000000001,0.0,0.0,0.0,0.0,0.0,0.00172
2025-09-18 11:35:00,Uno M404,0.0,0.0,0.0,0.0,0.098,0.0,0.0,0.0004,0.0,0.0,0.0,0.10179,0.0,0.0,0.0,0.0,0.0,0.0014
2025-09-18 11:40:00,Uno M404,0.0,0.0,0.0,0.0,0.08319,0.0,0.0,0.00058,0.0,0.0,0.0,0.08677,0.0,0.0,0.0,0.0,0.0,0.00083
2025-09-18 11:45:00,Uno M404,0.0,0.0,0.0,0.0,0.0,0.0,0.0,0.00011,0.0,0.0,0.0,0.00401,0.0,0.0,0.0,0.0,0.0,0.00098
2025-09-18 11:50:00,Uno M404,0.0,0.0,0.0,0.0,0.0,0.0,0.0,5e-05,0.0,0.0,0.0,0.00411,0.0,0.0,0.0,0.0,0.0,0.00086
2025-09-18 11:55:00,Uno M404,0.0,0.0,0.0,0.0,0.0,0.0,-0.00014000000000000001,0.00023999999999999998,0.0,0.0,0.0,0.004030000000000001,0.0,0.0,0.0,0.0,0.0,0.00109
2025-09-18 12:00:00,Uno M404,0.0,0.0,0.0,0.0,0.0,0.0,-8e-05,0.00022,0.0,0.0,0.0,0.00383,0.0,0.0,0.0,0.0,0.0,0.0016699999999999998
2025-09-18 12:05:00,Uno M404,0.0,0.0,0.0,0.0,0.0,2e-05,-8e-05,0.00064,0.0,0.0,0.0,0.00425,0.0,0.0,0.0,0.0,0.0,0.00166
2025-09-18 12:10:00,Uno M404,0.0,0.0,0.0,0.0,0.0,0.0,-1e-05,0.00076,0.0,0.0,0.0,0.00379,0.0,0.0,0.0,0.0,0.0,0.0014299999999999998
2025-09-18 12:15:00,Uno M404,0.0,0.0,0.0,0.0,0.09042,0.0,-5e-05,0.00028000000000000003,0.0,0.0,0.0,0.09381,0.0,0.0,0.0,0.0,0.0,0.00113
2025-09-18 12:20:00,Uno M404,0.0,0.0,0.0,0.0,0.0,2e-05,-5.9999999999999995e-05,0.00062,0.0,0.0,0.0,0.0038399999999999997,0.0,0.0,0.0,0.0,0.0,0.00145
2025-09-18 12:25:00,Uno M404,0.0,0.0,0.0,0.0,0.0,0.0,-7.000000000000001e-05,0.00049,0.0,0.0,0.0,0.00365,0.0,0.0,0.0,0.0,0.0,0.00132
2025-09-18 12:30:00,Uno M404,0.0,0.0,0.0,0.0,0.0,1e-05,-0.00013000000000000002,0.00065,0.0,0.0,0.0,0.00381,0.0,0.0,0.0,0.0,0.0,0.00135
2025-09-18 12:35:00,Uno M404,0.0,0.0,0.0,0.0,0.0,1e-05,0.0,0.00067,0.0,0.0,0.0,0.00362,0.0,0.0,0.0,0.0,0.0,0.00157
2025-09-18 12:40:00,Uno M404,0.0,0.0,0.0,0.0,0.0,0.0,-5e-05,0.00092,0.0,0.0,0.0,0.0035499999999999998,0.0,0.0,0.0,0.0,0.0,0.00135
2025-09-18 12:45:00,Uno M404,0.0,0.0,0.0,0.0,0.0,1e-05,-0.00022,0.00078,0.0,0.0,0.0,0.0035800000000000003,0.0,0.0,0.0,0.0,0.0,0.00174
2025-09-18 12:50:00,Uno M404,0.0,0.0,0.0,0.0,0.19518,0.0,-0.0001,0.0028399999999999996,0.0,0.0,0.0,0.20198,0.0,0.0,0.0,0.0,0.0,0.0036
2025-09-18 12:55:00,Uno M404,0.0,0.0,0.0,0.0,0.16832,0.0,-7.999999999999999e-05,0.00108,0.0,0.0,0.0,0.17538,0.0,0.0,0.0,0.0,0.0,0.0038799999999999998
2025-09-18 13:00:00,Uno M404,7e-05,0.0,0.0,0.0,0.0,0.0,-0.00011999999999999999,0.0024100000000000002,0.0,0.0,0.0,0.00726,0.0,0.0,0.0,0.0,0.0,0.0038799999999999998
2025-09-18 13:05:00,Uno M404,0.0,0.0,0.0,0.0,0.0,4e-05,-0.00031,0.0010400000000000001,0.0,0.0,0.0,0.00362,0.0,0.0,0.0,0.0,0.0,0.00182
2025-09-18 13:10:00,Uno M404,0.0,0.0,0.0,0.0,0.0,0.0,-4e-05,0.00134,0.0,0.0,0.0,0.0034500000000000004,0.0,0.0,0.0,0.0,0.0,0.00186
2025-09-18 13:15:00,Uno M404,0.0,0.0,0.0,0.0,0.0,4e-05,-0.00019,0.00172,0.0,0.0,0.0,0.00375,0.0,0.0,-1e-05,0.0,0.0,0.00139
2025-09-18 13:20:00,Uno M404,0.0,0.0,0.0,0.0,0.0,4e-05,-1e-05,0.0016,0.0,0.0,0.0,0.0033399999999999997,0.0,0.0,-2e-05,0.0,0.0,0.00196
2025-09-18 13:25:00,Uno M404,0.0,0.0,0.0,0.0,0.0,0.0,-0.00038,0.00098,0.0,0.0,0.0,0.00373,0.0,0.0,0.0,0.0,0.0,0.00177
2025-09-18 13:30:00,Uno M404,0.0,0.0,0.0,0.0,0.09272,1e-05,-5.9999999999999995e-05,0.00122,0.0,0.0,0.0,0.09613,0.0,0.0,-1e-05,0.0,0.0,0.00172
2025-09-18 13:35:00,Uno M404,0.0,0.0,0.0,0.0,0.0,0.0,-0.00015,0.00086,0.0,0.0,0.0,0.0033900000000000002,0.0,0.0,0.0,0.0,0.0,0.0015300000000000001
2025-09-18 13:40:00,Uno M404,0.0,0.0,0.0,0.0,0.0,0.00014000000000000001,-1e-05,0.00159,0.0,0.0,0.0,0.0034100000000000003,0.0,0.0,0.0,0.0,0.0,0.0017900000000000001
2025-09-18 13:45:00,Uno M404,0.0,0.0,0.0,0.0,0.0,0.0,-7.000000000000001e-05,0.0008399999999999999,0.0,0.0,0.0,0.0034500000000000004,0.0,0.0,0.0,0.0,0.0,0.00146
2025-09-18 13:50:00,Uno M404,0.0,0.0,0.0,0.0,0.0,0.0,-0.00011999999999999999,0.00088,0.0,0.0,0.0,0.0035600000000000002,0.0,0.0,-1e-05,0.0,0.0,0.00202
2025-09-18 13:55:00,Uno M404,0.0,0.0,0.0,0.0,0.0,2e-05,-5e-05,0.0010400000000000001,0.0,0.0,0.0,0.0033900000000000002,0.0,0.0,-1e-05,0.0,0.0,0.00172
2025-09-18 14:00:00,Uno M404,0.0,0.0,0.0,0.0,0.0,0.0,-0.00022,0.00107,0.0,0.0,0.0,0.00348,0.0,0.0,0.0,0.0,0.0,0.00152
2025-09-18 14:05:00,Uno M404,4e-05,0.0,0.0,0.0,0.09692,2e-05,-0.00011999999999999999,0.00098,0.0,0.0,0.0,0.10021,0.0,0.0,0.0,0.0,0.0,0.0015400000000000001
2025-09-18 14:10:00,Uno M404,0.0,0.0,0.0,0.0,0.0,1e-05,-0.0005600000000000001,0.0011799999999999998,0.0,0.0,0.0,0.0035299999999999997,0.0,0.0,0.0,0.0,0.0,0.00139
2025-09-18 14:15:00,Uno M404,0.0,0.0,0.0,0.0,0.0,1e-05,-0.00031,0.00085,0.0,0.0,0.0,0.0035299999999999997,0.0,0.0,0.0,0.0,0.0,0.00156
2025-09-18 14:20:00,Uno M404,0.0,0.0,0.0,0.0,0.0,0.0,-0.00014000000000000001,0.0007099999999999999,0.0,0.0,0.0,0.00362,0.0,0.0,0.0,0.0,0.0,0.00147
2025-09-18 14:25:00,Uno M404,0.0,0.0,0.0,0.0,0.0,0.0,-1e-05,0.00082,0.0,0.0,0.0,0.00349,0.0,0.0,0.0,0.0,0.0,0.00148
2025-09-18 14:30:00,Uno M404,0.0,0.0,0.0,0.0,0.0,1e-05,-0.00035999999999999997,0.00094,0.0,0.0,0.0,0.0035099999999999997,0.0,0.0,0.0,0.0,0.0,0.00128
2025-09-18 14:35:00,Uno M404,0.0,0.0,0.0,0.0,0.0,0.0,-0.00022,0.00047,0.0,0.0,0.0,0.00349,0.0,0.0,0.0,0.0,0.0,0.00132
2025-09-18 14:40:00,Uno M404,0.0,0.0,0.0,0.0,0.10989,5e-05,-0.00029,0.0007199999999999999,0.0,0.0,0.0,0.11309999999999999,0.0,0.0,0.0,0.0,0.0,0.00148
2025-09-18 14:45:00,Uno M404,0.0,0.0,0.0,0.0,0.08708,4e-05,-0.00039,0.00053,0.0,0.0,0.0,0.09036,0.0,0.0,0.0,0.0,0.0,0.00146
2025-09-18 14:50:00,Uno M404,0.0,0.0,0.0,0.0,0.0,2e-05,-0.00015,0.0008100000000000001,0.0,0.0,0.0,0.0037400000000000003,0.0,0.0,0.0,0.0,0.0,0.00135
2025-09-18 14:55:00,Uno M404,0.0,0.0,0.0,0.0,0.0,0.0,-0.0004,0.00064,0.0,0.0,0.0,0.00372,0.0,0.0,0.0,0.0,0.0,0.00134
2025-09-18 15:00:00,Uno M404,0.0,0.0,0.0,0.0,0.0,0.0,-0.0005600000000000001,0.0008900000000000001,0.0,0.0,0.0,0.00404,0.0,0.0,0.0,0.0,0.0,0.00116
2025-09-18 15:05:00,Uno M404,0.0,0.0,0.0,0.0,0.0,0.0,-0.00017999999999999998,0.00066,0.0,0.0,0.0,0.00704,0.0,0.0,0.0,0.0,0.0,0.00256
2025-09-18 15:10:00,Uno M404,0.0,0.0,0.0,0.0,0.0,0.0,-0.00020999999999999998,0.00067,0.0,0.0,0.0,0.00361,0.0,0.0,0.0,0.0,0.0,0.00155
2025-09-18 15:15:00,Uno M404,0.0,0.0,0.0,0.0,0.0,0.0,-0.0005200000000000001,0.00066,0.0,0.0,0.0,0.0036,0.0,0.0,0.0,0.0,0.0,0.00135
2025-09-18 15:20:00,Uno M404,0.0,0.0,0.0,0.0,0.09439,0.0,-0.0002,0.0007099999999999999,0.0,0.0,0.0,0.09776,0.0,0.0,0.0,0.0,0.0,0.00126
2025-09-18 15:25:00,Uno M404,0.0,0.0,0.0,0.0,0.0,0.0,-1e-05,0.00038,0.0,0.0,0.0,0.00381,0.0,0.0,0.0,0.0,0.0,0.00207
2025-09-18 15:30:00,Uno M404,0.0,0.0,0.0,0.0,0.0,0.0,-0.00013000000000000002,0.00031,0.0,0.0,0.0,0.0037400000000000003,0.0,0.0,0.0,0.0,0.0,0.00117
2025-09-18 15:35:00,Uno M404,0.0,0.0,0.0,0.0,0.0,0.0,-2e-05,0.00138,0.0,0.0,0.0,0.0038599999999999997,0.0,0.0,0.0,0.0,0.0,0.00148
2025-09-18 15:40:00,Uno M404,0.0,0.0,0.0,0.0,0.0,0.0,-8.999999999999999e-05,0.00047999999999999996,0.0,0.0,0.0,0.00377,0.0,0.0,0.0,0.0,0.0,0.00163
2025-09-18 15:45:00,Uno M404,0.0,0.0,0.0,0.0,0.0,0.0,-0.0005600000000000001,0.0005200000000000001,0.0,0.0,0.0,0.00387,0.0,0.0,0.0,0.0,0.0,0.0012
2025-09-18 15:50:00,Uno M404,0.0,0.0,0.0,0.0,0.0,0.0,-0.00011,0.00066,0.0,0.0,0.0,0.00393,0.0,0.0,0.0,0.0,0.0,0.0015300000000000001
2025-09-18 15:55:00,Uno M404,1e-05,0.0,0.0,0.0,0.10639,0.0,-0.00041999999999999996,0.0013700000000000001,0.0,0.0,0.0,0.10973999999999999,0.0,0.0,0.0,0.0,0.0,0.0012900000000000001
2025-09-18 16:00:00,Uno M404,0.0,0.0,0.0,0.0,0.09015000000000001,0.0,0.01349,0.00053,0.0,0.0,0.0,0.1004,0.0,0.0,0.0,0.0,0.0,0.01685
2025-09-18 16:05:00,Uno M404,0.0,0.0,0.0,0.0,0.0,1e-05,0.01334,0.00094,0.0,0.0,0.0,0.01074,0.0,0.0,0.0,0.0,0.0,0.016829999999999998
2025-09-18 16:10:00,Uno M404,0.0,0.0,0.0,0.0,0.0,0.0,0.01337,0.00069,0.0,0.0,0.0,0.01066,0.0,0.0,0.0,0.0,0.0,0.016739999999999998
2025-09-18 16:15:00,Uno M404,0.0,0.0,0.0,0.0,0.0,2e-05,0.01334,0.00069,0.0,0.0,0.0,0.01038,0.0,0.0,0.0,0.0,0.0,0.01681
2025-09-18 16:20:00,Uno M404,0.0,0.0,0.0,0.0,0.0,4e-05,0.013380000000000001,0.00076,0.0,0.0,0.0,0.01033,0.0,0.0,0.0,0.0,0.0,0.01684
2025-09-18 16:25:00,Uno M404,0.0,0.0,0.0,0.0,0.0,5.9999999999999995e-05,0.04428,0.00177,0.0,0.0,0.0,0.01043,0.0,0.0,0.0,0.0,0.0,0.0479
2025-09-18 16:30:00,Uno M404,0.0,0.0,0.0,0.0,0.11483,0.00016,0.04415,0.00114,0.0,0.0,0.0,0.12445999999999999,0.0,0.0,0.0,0.0,0.0,0.047740000000000005
2025-09-18 16:35:00,Uno M404,0.0,0.0,0.0,0.0,0.09923,1e-05,0.04405,0.00158,0.0,0.0,0.0,0.10890999999999999,0.0,0.0,0.0,0.0,0.0,0.04746
2025-09-18 16:40:00,Uno M404,0.0,0.0,0.0,0.0,0.08868999999999999,0.00026000000000000003,0.04412,0.00138,0.0,0.0,0.0,0.09818,0.0,0.0,0.0,0.0,0.0,0.04754
2025-09-18 16:45:00,Uno M404,0.0,0.0,0.0,0.0,0.0,0.00020999999999999998,0.04393,0.00121,0.0,0.0,0.0,0.01019,0.0,0.0,0.0,0.0,0.0,0.04739
2025-09-18 16:50:00,Uno M404,0.0,0.0,0.0,0.0,0.0,0.00039,-0.00013000000000000002,0.00152,0.0,0.0,0.0,0.00289,0.0,0.0,0.0,0.0,0.0,0.00156
2025-09-18 16:55:00,Uno M404,0.0,0.0,0.0,0.0,0.0,0.00041,-0.00034,0.00158,0.0,0.0,0.0,0.00296,0.0,0.0,0.0,0.0,0.0,0.00182
2025-09-18 17:00:00,Uno M404,0.0,0.0,0.0,0.0,0.0,0.00065,-0.00049,0.0019399999999999999,0.0,0.0,0.0,0.0028,0.0,0.0,-1e-05,0.0,0.0,0.00188
2025-09-18 17:05:00,Uno M404,0.0,0.0,0.0,0.0,0.0,0.00106,-0.00214,0.00322,0.0,0.0,0.0,0.00538,0.0,0.0,0.0,0.0,0.0,0.003
2025-09-18 17:10:00,Uno M404,0.0,0.0,0.0,0.0,0.09811,0.0007199999999999999,-0.00069,0.0016699999999999998,0.0,0.0,0.0,0.10064000000000001,0.0,0.0,0.0,0.0,0.0,0.0020800000000000003
2025-09-18 17:15:00,Uno M404,0.0,0.0,0.0,0.0,0.0,0.00039,-0.00141,0.0014,0.0,0.0,0.0,0.00285,0.0,0.0,0.0,0.0,0.0,0.00211
2025-09-18 17:20:00,Uno M404,0.0,0.0,0.0,0.0,0.0,0.00044,-0.00047,0.00166,0.0,0.0,0.0,0.00279,0.0,0.0,-1e-05,0.0,0.0,0.0019
2025-09-18 17:25:00,Uno M404,0.0,0.0,0.0,0.0,0.0,0.0008399999999999999,-0.0004,0.0020099999999999996,0.0,0.0,0.0,0.00278,0.0,0.0,0.0,0.0,0.0,0.00161
2025-09-18 17:30:00,Uno M404,0.0,0.0,0.0,0.0,0.0,0.00069,-0.00157,0.00164,0.0,0.0,0.0,0.00264,0.0,0.0,0.0,0.0,0.0,0.00207
2025-09-18 17:35:00,Uno M404,0.0,0.0,0.0,0.0,0.0,0.00027,-0.0016699999999999998,0.00165,0.0,0.0,0.0,0.00282,0.0,0.0,0.0,0.0,0.0,0.00172
2025-09-18 17:40:00,Uno M404,0.0,0.0,0.0,0.0,0.0,0.00095,-0.00148,0.0016699999999999998,0.0,0.0,0.0,0.00285,0.0,0.0,0.0,0.0,0.0,0.00206
2025-09-18 17:45:00,Uno M404,0.0,0.0,0.0,0.0,0.09553,0.00065,-0.00088,0.00197,0.0,0.0,0.0,0.09803,0.0,0.0,0.0,0.0,0.0,0.00209
2025-09-18 17:50:00,Uno M404,0.0,0.0,0.0,0.0,0.0,0.00047999999999999996,-0.00079,0.00191,0.0,0.0,0.0,0.0025099999999999996,0.0,0.0,0.0,0.0,0.0,0.00175
2025-09-18 17:55:00,Uno M404,0.0,0.0,0.0,0.0,0.0,0.00046,-0.00181,0.0018700000000000001,0.0,0.0,0.0,0.0032400000000000003,0.0,0.0,0.0,0.0,0.0,0.0018
2025-09-18 18:00:00,Uno M404,0.0,0.0,0.0,0.0,0.0,0.00043,-0.00092,0.00199,0.0,0.0,0.0,0.0029300000000000003,0.0,0.0,0.0,0.0,0.0,0.0021000000000000003
2025-09-18 18:05:00,Uno M404,0.0,0.0,0.0,0.0,0.0,0.00063,-0.00087,0.00186,0.0,0.0,0.0,0.00261,0.0,0.0,0.0,0.0,0.0,0.0019199999999999998
2025-09-18 18:10:00,Uno M404,0.0,0.0,0.0,0.0,0.0,0.0007700000000000001,-0.00117,0.0018,0.0,0.0,0.0,0.0030600000000000002,0.0,0.0,-1e-05,0.0,0.0,0.00183
2025-09-18 18:15:00,Uno M404,0.0,0.0,0.0,0.0,0.0,0.0009599999999999999,-0.00117,0.00189,0.0,0.0,0.0,0.00311,0.0,0.0,0.0,0.0,0.0,0.00202
2025-09-18 18:20:00,Uno M404,0.0,0.0,0.0,0.0,0.09347,0.00054,-0.00083,0.0014399999999999999,0.0,0.0,0.0,0.09575,0.0,0.0,0.0,0.0,0.0,0.00174
2025-09-18 18:25:00,Uno M404,0.0,0.0,0.0,0.0,0.0,0.00053,-0.00047,0.00148,0.0,0.0,0.0,0.00296,0.0,0.0,0.0,0.0,0.0,0.00177
2025-09-18 18:30:00,Uno M404,0.0,0.0,0.0,0.0,0.0,0.00047999999999999996,-0.00069,0.00159,0.0,0.0,0.0,0.00265,0.0,0.0,0.0,0.0,0.0,0.00183
2025-09-18 18:35:00,Uno M404,0.0,0.0,0.0,0.0,0.0,0.00055,-0.00051,0.0019199999999999998,0.0,0.0,0.0,0.0028,0.0,0.0,0.0,0.0,0.0,0.0016899999999999999
2025-09-18 18:40:00,Uno M404,0.0,0.0,0.0,0.0,0.0,0.00067,-0.00034,0.00185,0.0,0.0,0.0,0.0030499999999999998,0.0,0.0,0.0,0.0,0.0,0.00186
2025-09-18 18:45:00,Uno M404,0.0,0.0,0.0,0.0,0.0,0.0006,-0.00085,0.00174,0.0,0.0,0.0,0.00307,0.0,0.0,0.0,0.0,0.0,0.002
2025-09-18 18:50:00,Uno M404,0.0,0.0,0.0,0.0,0.0,0.00029,-0.00102,0.00184,0.0,0.0,0.0,0.00292,0.0,0.0,0.0,0.0,0.0,0.0015300000000000001
2025-09-18 18:55:00,Uno M404,0.0,0.0,0.0,0.0,0.09064,0.00028000000000000003,-0.00114,0.00198,0.0,0.0,0.0,0.09308,0.0,0.0,0.0,0.0,0.0,0.00189
2025-09-18 19:00:00,Uno M404,0.0,0.0,0.0,0.0,0.0,0.00022,-0.0015300000000000001,0.0016899999999999999,0.0,0.0,0.0,0.00298,0.0,0.0,0.0,0.0,0.0,0.0017900000000000001
2025-09-18 19:05:00,Uno M404,0.0,0.0,0.0,0.0,0.0,0.00055,-0.00099,0.00145,0.0,0.0,0.0,0.00279,0.0,0.0,0.0,0.0,0.0,0.00202
2025-09-18 19:10:00,Uno M404,0.0,0.0,0.0,0.0,0.0,0.00057,-0.00149,0.0017800000000000001,0.0,0.0,0.0,0.00294,0.0,0.0,0.0,0.0,0.0,0.0015300000000000001
2025-09-18 19:15:00,Uno M404,0.0,0.0,0.0,0.0,0.0,0.00037,-0.00114,0.00159,0.0,0.0,0.0,0.0028599999999999997,0.0,0.0,0.0,0.0,0.0,0.0017900000000000001
2025-09-18 19:20:00,Uno M404,0.0,0.0,0.0,0.0,0.0,0.0005600000000000001,-0.00181,0.00195,0.0,0.0,0.0,0.00279,0.0,0.0,0.0,0.0,0.0,0.00195
2025-09-18 19:25:00,Uno M404,0.0,0.0,0.0,0.0,0.0,0.0007199999999999999,-0.00068,0.0020499999999999997,0.0,0.0,0.0,0.00299,0.0,0.0,0.0,0.0,0.0,0.00197
2025-09-18 19:30:00,Uno M404,0.0,0.0,0.0,0.0,0.08954000000000001,0.00041,-0.00054,0.00189,0.0,0.0,0.0,0.09186,0.0,0.0,0.0,0.0,0.0,0.00177
2025-09-18 19:35:00,Uno M404,0.0,0.0,0.0,0.0,0.0,0.00062,-0.0016899999999999999,0.0020499999999999997,0.0,0.0,0.0,0.00273,0.0,0.0,0.0,0.0,0.0,0.00204
2025-09-18 19:40:00,Uno M404,0.0,0.0,0.0,0.0,0.0,0.0007,-0.0008,0.00197,0.0,0.0,0.0,0.00279,0.0,0.0,0.0,0.0,0.0,0.0018
2025-09-18 19:45:00,Uno M404,0.0,0.0,0.0,0.0,0.0,0.00111,-0.00188,0.00177,0.0,0.0,0.0,0.0030099999999999997,0.0,0.0,0.0,0.0,0.0,0.00206
2025-09-18 19:50:00,Uno M404,0.0,0.0,0.0,0.0,0.0,0.00086,-0.00136,0.00173,0.0,0.0,0.0,0.0025499999999999997,0.0,0.0,-1e-05,0.0,0.0,0.0017900000000000001
2025-09-18 19:55:00,Uno M404,0.0,0.0,0.0,0.0,0.0,0.00079,-0.00196,0.00181,0.0,0.0,0.0,0.00266,0.0,0.0,-1e-05,0.0,0.0,0.0013700000000000001
2025-09-18 20:00:00,Uno M404,0.0,0.0,0.0,0.0,,,-0.00204,0.00217,0.0,0.0,,,0.0,0.0,0.0,,,0.00189
2025-09-18 20:05:00,Uno M404,0.0,0.0,0.0,0.0,0.08953,0.0021999999999999997,-0.0038399999999999997,0.0038399999999999997,0.0,0.0,0.0,0.09407,0.0,0.0,0.0,0.0,0.0,0.00428
2025-09-18 20:10:00,Uno M404,0.0,0.0,0.0,0.0,0.0,0.00034,-0.00141,0.00182,0.0,0.0,0.0,0.00292,0.0,0.0,0.0,0.0,0.0,0.0017900000000000001
2025-09-18 20:15:00,Uno M404,2e-05,0.0,0.0,0.0,0.0,0.00076,-0.0011200000000000001,0.00204,0.0,0.0,0.0,0.0027,0.0,0.0,0.0,0.0,0.0,0.00173
2025-09-18 20:20:00,Uno M404,0.0,0.0,0.0,0.0,0.0,0.0011200000000000001,-0.00174,0.00195,0.0,0.0,0.0,0.00254,0.0,0.0,0.0,0.0,0.0,0.0020800000000000003
2025-09-18 20:25:00,Uno M404,0.0,0.0,0.0,0.0,0.0,0.00082,-0.0020099999999999996,0.00209,0.0,0.0,0.0,0.00248,0.0,0.0,0.0,0.0,0.0,0.0018700000000000001
2025-09-18 20:30:00,Uno M404,0.0,0.0,0.0,0.0,,,-0.00141,0.00161,0.0,0.0,,,0.0,0.0,-1e-05,,,0.0016799999999999999
2025-09-18 20:35:00,Uno M404,0.0,0.0,0.0,0.0,0.0,0.00179,-0.004,0.004019999999999999,0.0,0.0,0.0,0.005520000000000001,0.0,0.0,0.0,0.0,0.0,0.00444
2025-09-18 20:40:00,Uno M404,0.0,0.0,0.0,0.0,0.09090000000000001,0.00067,-0.00159,0.0019299999999999999,0.0,0.0,0.0,0.09298999999999999,0.0,0.0,-2e-05,0.0,0.0,0.00199
2025-09-18 20:45:00,Uno M404,4e-05,0.0,0.0,0.0,0.0,0.00138,-0.0016899999999999999,0.00206,0.0,0.0,0.0,0.00244,0.0,0.0,-1e-05,0.0,0.0,0.00189
2025-09-18 20:50:00,Uno M404,0.0,0.0,0.0,0.0,0.0,0.0007,-0.00127,0.00175,0.0,0.0,0.0,0.0024500000000000004,0.0,0.0,-1e-05,0.0,0.0,0.00215
2025-09-18 20:55:00,Uno M404,0.0,0.0,0.0,0.0,0.0,0.00082,-0.00188,0.00172,0.0,0.0,0.0,0.00254,0.0,0.0,0.0,0.0,0.0,0.00166
2025-09-18 21:00:00,Uno M404,1e-05,,0.0,0.0,,,,0.00204,0.0,0.0,,,,,,,,
2025-09-18 21:05:00,Uno M404,0.0,0.0,0.0,0.0,0.0,0.00546,-0.00474,0.0111,0.0,0.0,0.0,0.01704,0.0,0.0,-6.000000000000001e-05,0.0,0.0,0.01212
2025-09-18 21:10:00,Uno M404,0.00016,0.0,0.0,0.0,0.0,0.005679999999999999,-0.006880000000000001,0.01592,0.0,0.0,0.0,0.02584,0.0,0.0,-4e-05,0.0,0.0,0.01624
2025-09-18 21:15:00,Uno M404,6.000000000000001e-05,0.0,0.0,0.0,0.0,0.00696,-0.00507,0.012539999999999999,0.0,0.0,0.0,0.014700000000000001,0.0,0.0,-6.000000000000001e-05,0.0,0.0,0.012300000000000002
2025-09-18 21:20:00,Uno M404,0.0,0.0,0.0,0.0,0.37644,0.00832,-0.00708,0.01512,0.0,0.0,0.0,0.39427999999999996,0.0,0.0,-0.00012000000000000002,0.0,0.0,0.01736
2025-09-18 21:25:00,Uno M404,2e-05,0.0,0.0,0.0,0.0,0.00117,-0.00125,0.0017900000000000001,0.0,0.0,0.0,0.0023,0.0,0.0,-2e-05,0.0,0.0,0.0019299999999999999
2025-09-18 21:30:00,Uno M404,1e-05,0.0,0.0,0.0,0.0,0.00088,-0.00159,0.0020800000000000003,0.0,0.0,0.0,0.00234,0.0,0.0,-1e-05,0.0,0.0,0.00197
2025-09-18 21:35:00,Uno M404,0.0,0.0,0.0,0.0,0.0,0.0008100000000000001,-0.0016699999999999998,0.00204,0.0,0.0,0.0,0.0022,0.0,0.0,-1e-05,0.0,0.0,0.00217
2025-09-18 21:40:00,Uno M404,1e-05,0.0,0.0,0.0,0.0,0.00098,-0.00199,0.00188,0.0,0.0,0.0,0.00237,0.0,0.0,-4e-05,0.0,0.0,0.00204
2025-09-18 21:45:00,Uno M404,1e-05,0.0,0.0,0.0,0.0,0.00053,-0.00141,0.00195,0.0,0.0,0.0,0.00273,0.0,0.0,-1e-05,0.0,0.0,0.00196
2025-09-18 21:50:00,Uno M404,0.0,0.0,0.0,0.0,0.09484999999999999,0.001,-0.00055,0.0019399999999999999,0.0,0.0,0.0,0.09681000000000001,0.0,0.0,0.0,0.0,0.0,0.00217
2025-09-18 21:55:00,Uno M404,0.0,0.0,0.0,0.0,0.0,0.00075,-0.00202,0.00195,0.0,0.0,0.0,0.00249,0.0,0.0,0.0,0.0,0.0,0.00186
2025-09-18 22:00:00,Uno M404,1e-05,0.0,0.0,0.0,0.0,0.00074,-0.00108,0.00185,0.0,0.0,0.0,0.0024300000000000003,0.0,0.0,0.0,0.0,0.0,0.00209
2025-09-18 22:05:00,Uno M404,0.0,0.0,0.0,0.0,0.0,0.00267,-0.00477,0.006240000000000001,0.0,0.0,0.0,0.0075,0.0,0.0,-3.0000000000000004e-05,0.0,0.0,0.00657
2025-09-18 22:10:00,Uno M404,0.0,0.0,0.0,0.0,0.0,0.0009,-0.00127,0.00189,0.0,0.0,0.0,0.0025099999999999996,0.0,0.0,0.0,0.0,0.0,0.0017900000000000001
2025-09-18 22:15:00,Uno M404,0.0,0.0,0.0,0.0,0.0,0.00117,-0.00058,0.0019299999999999999,0.0,0.0,0.0,0.00248,0.0,0.0,-2e-05,0.0,0.0,0.00214
2025-09-18 22:20:00,Uno M404,0.0,0.0,0.0,0.0,0.0,0.0007,-0.00121,0.0018,0.0,0.0,0.0,0.0025800000000000003,0.0,0.0,0.0,0.0,0.0,0.0021000000000000003
2025-09-18 22:25:00,Uno M404,0.0,0.0,0.0,0.0,0.09659000000000001,0.00035999999999999997,-0.0009,0.00186,0.0,0.0,0.0,0.09886,0.0,0.0,-1e-05,0.0,0.0,0.00207
2025-09-18 22:30:00,Uno M404,0.03417,0.0,0.0,0.0,0.09140000000000001,0.00041999999999999996,0.07427,0.02206,0.0,0.011970000000000001,0.0,0.11315,0.0,0.0,0.0,0.0,0.0,0.07809
2025-09-18 22:35:00,Uno M404,0.00757,0.0,0.0,0.0,0.08782999999999999,0.0007099999999999999,0.14831,0.00114,0.0,0.00583,0.0,0.10441,0.0,0.0,0.0,0.0,0.0,0.15231999999999998
2025-09-18 22:40:00,Uno M404,3.47351,0.0,0.0,3.44375,0.0,0.00133,0.14561000000000002,0.00181,0.0,0.02827,0.0,0.016309999999999998,0.0,0.0,-4e-05,0.0,0.0,0.14948
2025-09-18 22:45:00,Uno M404,3.49614,0.0,0.0,3.4662800000000002,0.0,0.0011200000000000001,0.14622,0.00141,0.0,0.028390000000000002,0.0,0.016579999999999998,0.0,0.0,-2e-05,0.0,0.0,0.15022
2025-09-18 22:50:00,Uno M404,3.53413,0.0,0.0,3.50358,0.0,0.00108,0.14453,0.00134,0.0,0.02853,0.0,0.01663,0.0,0.0,0.0,0.0,0.0,0.14844
2025-09-18 22:55:00,Uno M404,0.02127,0.0,0.0,0.0,,,0.14671,0.0221,0.0,0.0,,,0.0,0.0,-1e-05,,,0.17179
2025-09-18 23:00:00,Uno M404,0.0,0.0,0.0,0.0,0.0,0.0010999999999999998,0.29184,0.0027400000000000002,0.0,0.0,0.0,0.09035,0.0,0.0,0.020120000000000002,0.00435,0.0,0.36386
2025-09-18 23:05:00,Uno M404,0.0,0.0,0.0,0.0,0.09112999999999999,0.00011999999999999999,0.14531,0.00127,0.0,0.0,0.0,0.13253,0.0,0.0,0.0,0.0,0.0,0.17031
2025-09-18 23:10:00,Uno M404,0.0,0.0,0.0,0.0,0.0,0.00035,0.14443999999999999,0.0007099999999999999,0.0,0.0,0.0,0.04147,0.0,0.0,0.0,0.0,0.0,0.1691
2025-09-18 23:15:00,Uno M404,0.02144,0.0,0.0,0.0,0.0,0.00019,0.07349,0.022010000000000002,0.0,0.0,0.0,0.04,0.0,0.0,0.0,0.0,0.0,0.09766
2025-09-18 23:20:00,Uno M404,0.0,0.92816,0.0,0.0,0.0,0.00027,0.028030000000000003,0.0015300000000000001,0.0,0.0,0.0,0.0167,0.0,0.0,0.0,0.0,0.0,1.10169
2025-09-18 23:25:00,Uno M404,0.0,1.14169,0.0,0.0,0.0,5e-05,-0.00053,0.0016699999999999998,0.0,0.0,0.0,0.016390000000000002,0.0,0.0,0.0,0.0,0.0,1.2954100000000002
2025-09-18 23:30:00,Uno M404,0.0,0.02755,0.0,0.0,0.09348999999999999,5.9999999999999995e-05,-0.0009599999999999999,0.00174,0.0,0.0,0.0,0.10981,0.0,0.0,0.0,0.0,0.0,0.20793
2025-09-18 23:35:00,Uno M404,0.0,1.1733099999999999,0.0,0.0,,,-0.00031,0.00134,0.0,0.0,,,0.0,0.0,0.0,,,1.3433599999999999
2025-09-18 23:40:00,Uno M404,1e-05,,0.0,0.0,0.0,0.0,,0.00082,0.0,0.0,0.0,0.01676,,,,0.0,0.0,
2025-09-18 23:45:00,Uno M404,,,,,0.0,1e-05,,,,,0.0,0.02038,,,,0.0,0.0,
2025-09-18 23:50:00,Uno M404,2e-05,4.8436,0.0,0.0,0.0,0.0,-0.00108,0.00506,0.0,0.0,0.0,0.06772,0.0,0.0,0.0,0.0,0.0,5.443239999999999
2025-09-18 23:55:00,Uno M404,0.0,,0.0,0.0,0.0,1e-05,,0.0015300000000000001,0.0,0.0,0.0,0.016989999999999998,,,,0.0,0.0,
2025-09-19 00:00:00,Uno M404,0.0,0.02745,0.0,0.0,0.10798999999999999,0.0,-0.00079,0.00101,0.0,0.0,0.0,0.12459,0.0,0.0,0.0,0.0,0.0,0.17077
2025-09-19 00:05:00,Uno M404,0.0,2.37095,0.0,0.0,0.26745,0.0,-0.0010400000000000001,0.0037800000000000004,0.0,0.0,0.0,0.31770000000000004,0.0,0.0,0.0,0.0,0.0,2.7987
2025-09-19 00:10:00,Uno M404,0.0,2.34972,0.0,0.0,0.0,0.0,-5.9999999999999995e-05,0.00204,0.0,0.0,0.0,0.03386,0.0,0.0,0.0,0.0,0.0,2.6312100000000003
2025-09-19 00:15:00,Uno M404,0.0,0.02788,0.0,0.0,0.0,0.0,-0.00027,0.00164,0.0,0.0,0.0,0.01713,0.0,0.0,0.0,0.0,0.0,0.15652000000000002
2025-09-19 00:20:00,Uno M404,0.0,0.02801,0.0,0.0,0.0,0.0,-0.00011999999999999999,0.00133,0.0,0.0,0.0,0.01667,0.0,0.0,0.0,0.0,0.0,0.15311000000000002
2025-09-19 00:25:00,Uno M404,0.0,0.02791,0.0,0.0,0.0,0.0,-4e-05,0.00047999999999999996,0.0,0.0,0.0,0.01712,0.0,0.0,0.0,0.0,0.0,0.14659
2025-09-19 00:30:00,Uno M404,0.0,0.02802,0.0,0.0,0.0,0.0,-1e-05,0.0008900000000000001,0.0,0.0,0.0,0.01671,0.0,0.0,0.0,0.0,0.0,0.14508000000000001
2025-09-19 00:35:00,Uno M404,0.0,0.02801,0.0,0.0,0.10873999999999999,0.0,-0.00011999999999999999,0.00135,0.0,0.0,0.0,0.12535,0.0,0.0,0.0,0.0,0.0,0.14334
2025-09-19 00:40:00,Uno M404,0.0,0.02818,0.0,0.0,0.09075,0.0,-8e-05,0.00107,0.0,0.0,0.0,0.10711,0.0,0.0,0.0,0.0,0.0,0.14064
2025-09-19 00:45:00,Uno M404,0.0,0.02818,0.0,0.0,0.0,1e-05,0.0,0.00134,0.0,0.0,0.0,0.01704,0.0,0.0,0.0,0.0,0.0,0.13838999999999999
2025-09-19 00:50:00,Uno M404,0.0,0.028050000000000002,0.0,0.0,0.0,2e-05,-8e-05,0.00128,0.0,0.0,0.0,0.01692,0.0,0.0,-1e-05,0.0,0.0,0.12217
2025-09-19 00:55:00,Uno M404,0.0,1.17505,0.0,0.0,0.0,0.0,0.0,0.00126,0.0,0.0,0.0,0.01685,0.0,0.0,0.0,0.0,0.0,1.26985
2025-09-19 01:00:00,Uno M404,0.0,1.1797,0.0,0.0,0.0,4e-05,0.0,0.00149,0.0,0.0,0.0,0.01669,0.0,0.0,0.0,0.0,0.0,1.2708
2025-09-19 01:05:00,Uno M404,0.0,1.18054,0.0,0.0,0.0,1e-05,-5e-05,0.00135,0.0,0.0,0.0,0.01774,0.0,0.0,0.0,0.0,0.0,1.27175
2025-09-19 01:10:00,Uno M404,1e-05,1.18455,0.0,0.0,0.11513,0.0,0.0,0.00109,0.0,0.0,0.0,0.13147999999999999,0.0,0.0,0.0,0.0,0.0,1.27582
2025-09-19 01:15:00,Uno M404,0.0,1.18432,0.0,0.0,0.09154999999999999,4e-05,-4e-05,0.00127,0.0,0.0,0.0,0.10815000000000001,0.0,0.0,0.0,0.0,0.0,1.27564
2025-09-19 01:20:00,Uno M404,0.0,1.17953,0.0,0.0,0.0,0.00011,-5.9999999999999995e-05,0.00091,0.0,0.0,0.0,0.01671,0.0,0.0,0.0,0.0,0.0,1.271
2025-09-19 01:25:00,Uno M404,1e-05,1.1581700000000001,0.0,0.0,0.0,0.0,-1e-05,0.0005600000000000001,0.0,0.0,0.0,0.01652,0.0,0.0,0.0,0.0,0.0,1.2458900000000002
2025-09-19 01:30:00,Uno M404,0.0,1.1743800000000002,0.0,0.0,0.0,2e-05,0.0,0.00117,0.0,0.0,0.0,0.01667,0.0,0.0,0.0,0.0,0.0,1.2625899999999999
2025-09-19 01:35:00,Uno M404,0.0,0.02727,0.0,0.0,0.0,0.0,-5.9999999999999995e-05,0.0008100000000000001,0.0,0.0,0.0,0.01677,0.0,0.0,0.0,0.0,0.0,0.11644
2025-09-19 01:40:00,Uno M404,0.0,0.027309999999999997,0.0,0.0,0.0,0.0,-2e-05,0.00067,0.0,0.0,0.0,0.01667,0.0,0.0,0.0,0.0,0.0,0.1157
2025-09-19 01:45:00,Uno M404,0.0,0.027129999999999998,0.0,0.0,0.0,0.0,-0.00011,0.0008399999999999999,0.0,0.0,0.0,0.01677,0.0,0.0,0.0,0.0,0.0,0.15024
2025-09-19 01:50:00,Uno M404,0.0,0.02707,0.0,0.0,0.09477,0.0,-1e-05,0.00047,0.0,0.0,0.0,0.11173000000000001,0.0,0.0,0.0,0.0,0.0,0.14609
2025-09-19 01:55:00,Uno M404,0.0,0.02711,0.0,0.0,0.0,1e-05,-8e-05,0.0011200000000000001,0.0,0.0,0.0,0.01685,0.0,0.0,0.0,0.0,0.0,0.14233
2025-09-19 02:00:00,Uno M404,0.0,0.026789999999999998,0.0,0.0,0.0,0.0,-8e-05,0.00113,0.0,0.0,0.0,0.01725,0.0,0.0,0.0,0.0,0.0,0.09505
2025-09-19 02:05:00,Uno M404,0.0,0.02709,0.0,0.0,0.0,0.0,-2e-05,0.00064,0.0,0.0,0.0,0.01684,0.0,0.0,0.0,0.0,0.0,0.09581999999999999
2025-09-19 02:10:00,Uno M404,0.0,1.15749,0.0,0.0,0.0,0.0,-2e-05,0.00165,0.0,0.0,0.0,0.01697,0.0,0.0,0.0,0.0,0.0,1.2251400000000001
2025-09-19 02:15:00,Uno M404,0.0,1.16187,0.0,0.0,0.0,0.0,0.0,0.0008399999999999999,0.0,0.0,0.0,0.01687,0.0,0.0,0.0,0.0,0.0,1.22977
2025-09-19 02:20:00,Uno M404,0.0,1.1595199999999999,0.0,0.0,0.0,0.0,-1e-05,0.00079,0.0,0.0,0.0,0.01729,0.0,0.0,0.0,0.0,0.0,1.2271500000000002
2025-09-19 02:25:00,Uno M404,0.0,1.17746,0.0,0.0,0.0978,0.0,-1e-05,0.0007099999999999999,0.0,0.0,0.0,0.11406000000000001,0.0,0.0,0.0,0.0,0.0,1.24524
2025-09-19 02:30:00,Uno M404,0.0,0.026949999999999998,0.0,0.0,0.0,0.0,-0.00016,0.0008900000000000001,0.0,0.0,0.0,0.0165,0.0,0.0,0.0,0.0,0.0,0.09468
2025-09-19 02:35:00,Uno M404,0.0,0.02682,0.0,0.0,0.0,0.0,-0.00016,0.0008,0.0,0.0,0.0,0.01663,0.0,0.0,0.0,0.0,0.0,0.09514
2025-09-19 02:40:00,Uno M404,0.0,0.02689,0.0,0.0,0.0,1e-05,0.0,0.0005200000000000001,0.0,0.0,0.0,0.0169,0.0,0.0,0.0,0.0,0.0,0.0953
2025-09-19 02:45:00,Uno M404,0.0,0.026850000000000002,0.0,0.0,0.0,0.0,-2e-05,0.00067,0.0,0.0,0.0,0.0167,0.0,0.0,0.0,0.0,0.0,0.09541
2025-09-19 02:50:00,Uno M404,0.0,0.02707,0.0,0.0,0.0,0.0,-1e-05,0.0013700000000000001,0.0,0.0,0.0,0.01697,0.0,0.0,0.0,0.0,0.0,0.09565
2025-09-19 02:55:00,Uno M404,0.0,1.06502,0.0,0.0,0.0,0.0,-2e-05,0.0012900000000000001,0.0,0.0,0.0,0.01747,0.0,0.0,0.0,0.0,0.0,1.13341
2025-09-19 03:00:00,Uno M404,0.0,1.16536,0.0,0.0,0.10138,0.0,-4e-05,0.00102,0.0,0.0,0.0,0.11768,0.0,0.0,0.0,0.0,0.0,1.23364
2025-09-19 03:05:00,Uno M404,0.0,1.1928599999999998,0.0,0.0,0.08622,0.0,0.0,0.00068,0.0,0.0,0.0,0.09237000000000001,0.0,0.0,0.0,0.0018,0.0,1.26122
2025-09-19 03:10:00,Uno M404,0.0,0.02691,0.0,0.0,0.0,0.0,-0.00041,0.00098,0.0,0.0,0.0,0.00346,0.0,0.0,0.0,0.0,0.0,0.09552
2025-09-19 03:15:00,Uno M404,0.0,0.027059999999999997,0.0,0.0,0.0,0.0,-0.00016,0.0010400000000000001,0.0,0.0,0.0,0.00363,0.0,0.0,0.0,0.0,0.0,0.09615
2025-09-19 03:20:00,Uno M404,0.0,0.02708,0.0,0.0,0.0,1e-05,-0.00014000000000000001,0.00164,0.0,0.0,0.0,0.00376,0.0,0.0,0.0,0.0,0.0,0.09606
2025-09-19 03:25:00,Uno M404,0.0,0.02708,0.0,0.0,0.0,0.0,-0.0002,0.00108,0.0,0.0,0.0,0.00377,0.0,0.0,0.0,0.0,0.0,0.09570999999999999
2025-09-19 03:30:00,Uno M404,0.0,1.15974,0.0,0.0,0.0,1e-05,0.0,0.00082,0.0,0.0,0.0,0.00381,0.0,0.0,0.0,0.0,0.0,1.22756
2025-09-19 03:35:00,Uno M404,0.0,1.16973,0.0,0.0,0.0,0.0,-4e-05,0.00062,0.0,0.0,0.0,0.00363,0.0,0.0,0.0,0.0,0.0,1.2376800000000001
2025-09-19 03:40:00,Uno M404,0.0,0.02691,0.0,0.0,0.09206,0.0,-0.0007,0.0005899999999999999,0.0,0.0,0.0,0.09544,0.0,0.0,0.0,0.0,0.0,0.09575
2025-09-19 03:45:00,Uno M404,0.0,0.027010000000000003,0.0,0.0,0.0,0.0,-0.00031,0.0013700000000000001,0.0,0.0,0.0,0.00367,0.0,0.0,0.0,0.0,0.0,0.09562999999999999
2025-09-19 03:50:00,Uno M404,0.0,0.026809999999999997,0.0,0.0,0.0,0.0,-1e-05,0.00065,0.0,0.0,0.0,0.0042699999999999995,0.0,0.0,0.0,0.0,0.0,0.09531999999999999
2025-09-19 03:55:00,Uno M404,0.0,0.02693,0.0,0.0,0.0,0.0,-0.00014000000000000001,0.00109,0.0,0.0,0.0,0.0038,0.0,0.0,0.0,0.0,0.0,0.09547
2025-09-19 04:00:00,Uno M404,0.0,0.02705,0.0,0.0,0.0,0.0,-0.00033,0.00135,0.0,0.0,0.0,0.0039,0.0,0.0,0.0,0.0,0.0,0.09636
2025-09-19 04:05:00,Uno M404,0.0,1.1603299999999999,0.0,0.0,0.0,1e-05,0.0,0.00164,0.0,0.0,0.0,0.00395,0.0,0.0,0.0,0.0,0.0,1.22882
2025-09-19 04:10:00,Uno M404,0.0,1.16279,0.0,0.0,0.0,2e-05,0.0,0.00054,0.0,0.0,0.0,0.00395,0.0,0.0,0.0,0.0,0.0,1.2306300000000001
2025-09-19 04:15:00,Uno M404,0.0,0.02684,0.0,0.0,0.09536,0.0,-2e-05,0.00074,0.0,0.0,0.0,0.09877,0.0,0.0,-1e-05,0.0,0.0,0.09517
2025-09-19 04:20:00,Uno M404,0.0,0.026879999999999998,0.0,0.0,0.0,0.0,-1e-05,0.0007199999999999999,0.0,0.0,0.0,0.004070000000000001,0.0,0.0,0.0,0.0,0.0,0.09565
2025-09-19 04:25:00,Uno M404,2e-05,0.026850000000000002,0.0,0.0,0.0,0.0,-1e-05,0.0008100000000000001,0.0,0.0,0.0,0.0035600000000000002,0.0,0.0,0.0,0.0,0.0,0.09497
2025-09-19 04:30:00,Uno M404,0.0,0.02689,0.0,0.0,0.0,5e-05,-1e-05,0.00074,0.0,0.0,0.0,0.00432,0.0,0.0,0.0,0.0,0.0,0.09548000000000001
2025-09-19 04:35:00,Uno M404,0.0,0.02705,0.0,0.0,0.0,7.000000000000001e-05,-0.00020999999999999998,0.00131,0.0,0.0,0.0,0.00404,0.0,0.0,0.0,0.0,0.0,0.09583
2025-09-19 04:40:00,Uno M404,0.0,1.1615,0.0,0.0,0.0,4e-05,0.0,0.00061,0.0,0.0,0.0,0.00395,0.0,0.0,0.0,0.0,0.0,1.22969
2025-09-19 04:45:00,Uno M404,0.0,0.027010000000000003,0.0,0.0,0.0,0.0,-5e-05,0.00074,0.0,0.0,0.0,0.004,0.0,0.0,0.0,0.0,0.0,0.09575
2025-09-19 04:50:00,Uno M404,0.0,0.02699,0.0,0.0,0.10025,0.0,-0.00075,0.00121,0.0,0.0,0.0,0.10386,0.0,0.0,0.0,0.0,0.0,0.09565
2025-09-19 04:55:00,Uno M404,0.0,0.026969999999999997,0.0,0.0,0.08603,0.0,-0.00029,0.00061,0.0,0.0,0.0,0.08986,0.0,0.0,0.0,0.0,0.0,0.09570000000000001
2025-09-19 05:00:00,Uno M404,0.0,0.026920000000000003,0.0,0.0,0.0,1e-05,-0.00020999999999999998,0.00066,0.0,0.0,0.0,0.00419,0.0,0.0,0.0,0.0,0.0,0.09523999999999999
2025-09-19 05:05:00,Uno M404,0.0,0.0268,0.0,0.0,0.0,0.0,-2e-05,0.00095,0.0,0.0,0.0,0.00437,0.0,0.0,0.0,0.0,0.0,0.09497
2025-09-19 05:10:00,Uno M404,0.0,1.1516600000000001,0.0,0.0,0.0,0.0,0.0,0.00082,0.0,0.0,0.0,0.00425,0.0,0.0,0.0,0.0,0.0,1.21928
2025-09-19 05:15:00,Uno M404,0.0,1.1516600000000001,0.0,0.0,0.0,0.0,0.0,0.00051,0.0,0.0,0.0,0.00408,0.0,0.0,0.0,0.0,0.0,1.21911
2025-09-19 05:20:00,Uno M404,1e-05,0.02648,0.0,0.0,0.0,0.0,-7.000000000000001e-05,0.00061,0.0,0.0,0.0,0.00411,0.0,0.0,0.0,0.0,0.0,0.09387000000000001
2025-09-19 05:25:00,Uno M404,0.0,0.02657,0.0,0.0,0.0,0.0,-5.9999999999999995e-05,0.00067,0.0,0.0,0.0,0.00422,0.0,0.0,0.0,0.0,0.0,0.09403
2025-09-19 05:30:00,Uno M404,0.0,0.02647,0.0,0.0,0.09169,0.0,-1e-05,0.00051,0.0,0.0,0.0,0.09570000000000001,0.0,0.0,0.0,0.0,0.0,0.09381
2025-09-19 05:35:00,Uno M404,0.0,0.02655,0.0,0.0,0.0,0.0,-1e-05,0.00073,0.0,0.0,0.0,0.0045899999999999995,0.0,0.0,0.0,0.0,0.0,0.09418000000000001
2025-09-19 05:40:00,Uno M404,0.0,1.14073,0.0,0.0,0.0,0.0,0.0,0.00087,0.0,0.0,0.0,0.00451,0.0,0.0,0.0,0.0,0.0,1.20679
2025-09-19 05:45:00,Uno M404,0.0,0.02619,0.0,0.0,0.0,0.0,0.0,0.00016,0.0,0.0,0.0,0.00409,0.0,0.0,0.0,0.0,0.0,0.09222
2025-09-19 05:50:00,Uno M404,0.0,0.02618,0.0,0.0,0.0,0.0,0.0,0.0002,0.0,0.0,0.0,0.00412,0.0,0.0,0.0,0.0,0.0,0.09222
2025-09-19 05:55:00,Uno M404,0.0,0.0261,0.0,0.0,0.0,0.0,-2e-05,0.00025,0.0,0.0,0.0,0.0044599999999999996,0.0,0.0,0.0,0.0,0.0,0.0922
2025-09-19 06:00:00,Uno M404,0.0,0.02624,0.0,0.0,0.0,0.0,-5e-05,0.00067,0.0,0.0,0.0,0.0045899999999999995,0.0,0.0,0.0,0.0,0.0,0.09234
2025-09-19 06:05:00,Uno M404,0.0,0.02638,0.0,0.0,0.09577,0.0,-1e-05,0.00155,0.0,0.0,0.0,0.09998,0.0,0.0,0.0,0.0,0.0,0.09247
2025-09-19 06:10:00,Uno M404,0.0,1.14341,0.0,0.0,0.0,0.0,0.0,0.00078,0.0,0.0,0.0,0.0042699999999999995,0.0,0.0,0.0,0.0,0.0,1.2085299999999999
2025-09-19 06:15:00,Uno M404,0.030359999999999998,0.02606,0.0,0.0,0.0,0.0,-0.00026000000000000003,0.00015,0.0,0.028390000000000002,0.0,0.00456,0.0,0.0,0.0,0.0,0.0,0.09169
2025-09-19 06:20:00,Uno M404,0.02999,0.026109999999999998,0.0,0.0,0.0,0.0,-8.999999999999999e-05,0.00011999999999999999,0.0,0.02834,0.0,0.00423,0.0,0.0,0.0,0.0,0.0,0.09173
2025-09-19 06:25:00,Uno M404,0.02987,0.02605,0.0,0.0,0.0,0.0,-1e-05,8.999999999999999e-05,0.0,0.0282,0.0,0.00471,0.0,0.0,0.0,0.0,0.0,0.0922
2025-09-19 06:30:00,Uno M404,0.023370000000000002,1.1376199999999999,0.0,0.0,0.0,0.0,0.0,0.00038,0.0,0.02176,0.0,0.00441,0.0,0.0,0.0,0.0,0.0,1.2035799999999999
2025-09-19 06:35:00,Uno M404,0.023510000000000003,0.02608,0.0,0.0,0.0,0.0,-1e-05,2e-05,0.0,0.02177,0.0,0.00428,0.0,0.0,0.0,0.0,0.0,0.0916
2025-09-19 06:40:00,Uno M404,0.02357,0.02606,0.0,0.0,0.10451,0.0,0.0,0.00039,0.0,0.02194,0.0,0.10862999999999999,0.0,0.0,0.0,0.0,0.0,0.09153
2025-09-19 06:45:00,Uno M404,0.023370000000000002,0.02608,0.0,0.0,0.08784,0.0,-7.000000000000001e-05,8e-05,0.0,0.02161,0.0,0.09185,0.0,0.0,0.0,0.0,0.0,0.09148
2025-09-19 06:50:00,Uno M404,0.02355,1.133,0.0,0.0,0.0,0.0,0.0,0.0002,0.0,0.02169,0.0,0.00432,0.0,0.0,0.012410000000000001,0.0,0.0,1.2117
2025-09-19 06:55:00,Uno M404,0.02341,0.02608,0.0,0.0,0.0,0.0,0.0,0.00011999999999999999,0.0,0.02164,0.0,0.00408,0.0,0.0,0.01124,0.0,0.0,0.104
2025-09-19 07:00:00,Uno M404,0.02386,0.02598,0.0,0.0,0.0,0.0,-0.00028000000000000003,0.00039,0.0,0.02204,0.0,0.0043,0.0,0.0,0.01142,0.0,0.0,0.10349
2025-09-19 07:05:00,Uno M404,0.02366,0.02608,0.0,0.0,0.0,0.0,-1e-05,0.00016,0.0,0.02184,0.0,0.00379,0.0,0.0,0.011009999999999999,0.0,0.0,0.10384
2025-09-19 07:10:00,Uno M404,0.02311,1.1259700000000001,0.0,0.0,0.0,0.0,0.0,0.00041999999999999996,0.0,0.02148,0.0,0.0038799999999999998,0.0,0.0,0.011980000000000001,0.0,0.0,1.2033900000000002
2025-09-19 07:15:00,Uno M404,0.02309,1.12893,0.0,0.0,0.0,0.0,0.0,0.00013000000000000002,0.0,0.02143,0.0,0.00383,0.0,0.0,0.01157,0.0,0.0,1.20594
2025-09-19 07:20:00,Uno M404,0.023469999999999998,0.02606,0.0,0.0,0.09456999999999999,0.0,0.0,0.00020999999999999998,0.0,0.02168,0.0,0.09786,0.0,0.0,0.011130000000000001,0.0,0.0,0.10323
2025-09-19 07:25:00,Uno M404,0.0235,0.02587,0.0,0.0,0.0,0.0,-1e-05,0.00045,0.0,0.0218,0.0,0.00372,0.0,0.0,0.01133,0.0,0.0,0.10294
2025-09-19 07:30:00,Uno M404,0.02309,0.00795,0.0,0.0,0.0,0.0,-4e-05,0.00038,0.0,0.02154,0.0,0.00375,0.0,0.0,0.010960000000000001,0.0,0.0,0.08572
2025-09-19 07:35:00,Uno M404,0.02941,0.0,0.0,0.0,0.0,0.0,-1e-05,0.00019,0.0,0.02761,0.0,0.00376,0.0,0.0,0.01066,0.0,0.0,0.07809999999999999
2025-09-19 07:40:00,Uno M404,0.02912,0.0,0.0,0.0,0.0,0.0,0.0,0.00025,0.0,0.0273,0.0,0.0176,0.0,0.0,0.01055,0.01277,0.0,0.07795999999999999
2025-09-19 07:45:00,Uno M404,0.02308,0.0,0.0,0.0,0.0,0.0,-5e-05,0.00011,0.0,0.02146,0.0,0.01768,0.0,0.0,0.01073,0.01256,0.0,0.07762000000000001
2025-09-19 07:50:00,Uno M404,0.023129999999999998,0.0,0.0,0.0,0.0,0.0,0.0,2e-05,0.0,0.02137,0.0,0.04783,0.0,0.0,0.01082,0.0124,0.0,0.07726999999999999
2025-09-19 07:55:00,Uno M404,0.04398,0.0,0.0,0.0,0.10277,0.0,0.0,0.02184,0.0,0.02182,0.0,0.14949,0.0,0.0,0.01048,0.01239,0.0,0.07778
2025-09-19 08:00:00,Uno M404,0.04389,0.0,0.0,0.0,0.08707,0.0,0.0,0.0218,0.0,0.02181,0.0,0.13297,0.0,0.0,0.01077,0.01242,0.0,0.01388
2025-09-19 08:05:00,Uno M404,0.049909999999999996,0.0,0.0,0.0,0.0,0.0,0.0,0.02183,0.0,0.02785,0.0,0.03351,0.0,0.0,0.0104,0.0,0.0,0.013710000000000002
2025-09-19 08:10:00,Uno M404,0.05002,0.0,0.0,0.0,0.0,0.0,-2e-05,0.02187,0.0,0.027960000000000002,0.0,0.0608,0.0,0.0,0.01007,0.0,0.0,0.01331
2025-09-19 08:15:00,Uno M404,3.3219499999999997,0.0,0.0,0.0,0.0,0.0,-5.9999999999999995e-05,0.0218,3.2724499999999996,0.027469999999999998,0.0,0.04969,0.0,0.0,0.01008,0.0,0.0,0.013179999999999999
2025-09-19 08:20:00,Uno M404,0.02985,0.0,0.0,0.0,0.10662,0.0,-1e-05,0.00011999999999999999,0.0,0.02828,0.0,0.1643,0.0,0.0,0.01065,0.0,0.0,0.013859999999999999
2025-09-19 08:25:00,Uno M404,0.02974,0.0,0.0,0.0,0.09154000000000001,0.0,0.043609999999999996,2e-05,0.0,0.02801,0.0,0.14856,0.0,0.0,0.0107,0.0,0.0,0.05888
2025-09-19 08:30:00,Uno M404,0.02987,0.0,0.0,0.0,0.0,0.0,0.044270000000000004,0.00015,0.0,0.0282,0.0,0.0405,0.0,0.0,0.0109,0.0,0.0,0.05965
2025-09-19 08:35:00,Uno M404,3.34408,0.0,0.0,3.3158000000000003,0.0,0.0,0.04319,0.0,0.0,0.027010000000000003,0.0,0.0404,0.0,0.0,0.01093,0.0,0.0,0.05869
2025-09-19 08:40:00,Uno M404,3.3169899999999997,0.0,0.0,3.28902,0.0,0.0,0.04306,0.00017999999999999998,0.0,0.026600000000000002,0.0,0.0405,0.0,0.0,0.01112,0.0,0.0,0.05875
2025-09-19 08:45:00,Uno M404,0.0,0.0,0.0,0.0,0.0,0.0,0.07412,0.00047,0.0,0.0,0.0,0.04058,0.0,0.0,0.01097,0.0,0.0,0.08939
2025-09-19 08:50:00,Uno M404,0.0,0.0,0.0,0.0,0.0,0.0,0.04327,0.0004,0.0,0.0,0.0,0.040479999999999995,0.0,0.0,0.13531,0.0,0.0,0.18297999999999998
2025-09-19 08:55:00,Uno M404,0.0,0.0,0.0,0.0,0.0,0.0,0.04316,0.00019,0.0,0.0,0.0,0.03399,0.0,0.0,0.14916,0.0,0.0,0.19669999999999999
2025-09-19 09:00:00,Uno M404,1e-05,0.0,0.0,0.0,0.09190000000000001,0.0,0.04316,0.00049,0.0,0.0,0.0,0.12628,0.0,0.0,0.08303,0.0,0.0,0.13069999999999998
2025-09-19 09:05:00,Uno M404,0.0,0.0,0.0,0.0,0.0,0.0,0.04318,0.00025,0.0,0.0,0.0,0.03405,0.0,0.0,0.09722,0.0,0.0,0.14484
2025-09-19 09:10:00,Uno M404,0.0,0.0,0.0,0.0,0.0,0.0,0.0431,0.00014000000000000001,0.0,0.0,0.0,0.033549999999999996,0.0,0.0,0.09766,0.0,0.0,0.14512
2025-09-19 09:15:00,Uno M404,0.0,0.0,0.0,0.0,0.0,0.0,0.04316,0.00016,0.0,0.0,0.0,0.03363,0.0,0.0,0.09473000000000001,0.0,0.0,0.14225
2025-09-19 09:20:00,Uno M404,0.0,0.0,0.0,0.0,0.0,0.0,0.04316,0.00031,0.0,0.0,0.0,0.0334,0.0,0.0,0.09620999999999999,0.0,0.0,0.1436
2025-09-19 09:25:00,Uno M404,0.0,0.0,0.0,0.0,0.0,0.0,0.04314,0.00046,0.0,0.0,0.0,0.0334,0.0,0.0,0.10165,0.0,0.0,0.14902
2025-09-19 09:30:00,Uno M404,0.0,0.0,0.0,0.0,0.0,0.0,0.04316,0.00044,0.0,0.0,0.0,0.033350000000000005,0.0,0.0,0.09683,0.0,0.0,0.14445
2025-09-19 09:35:00,Uno M404,0.0,0.0,0.0,0.0,0.09741,0.0,0.04303,0.00039,0.0,0.0,0.0,0.13044999999999998,0.0,0.0,0.09441,0.0,0.0,0.14196999999999999
2025-09-19 09:40:00,Uno M404,0.0,0.0,0.0,0.0,0.08336,0.0,0.04313,0.00067,0.0,0.0,0.0,0.1164,0.0,0.0,0.08692,0.0,0.0,0.13438999999999998
2025-09-19 09:45:00,Uno M404,0.0,0.0,0.0,0.0,0.0,0.0,0.04312,0.00074,0.0,0.0,0.0,0.03343,0.0,0.0,0.0799,0.0,0.0,0.12734
2025-09-19 09:50:00,Uno M404,0.0,0.0,0.0,0.0,0.0,0.0,0.04309,0.00047,0.0,0.0,0.0,0.03322,0.0,0.0,0.08986,0.0,0.0,0.13736
2025-09-19 09:55:00,Uno M404,1e-05,0.0,0.0,0.0,0.0,0.0,0.04314,0.00023999999999999998,0.0,0.0,0.0,0.03309,0.0,0.0,0.05744,0.0,0.0,0.10511
2025-09-19 10:00:00,Uno M404,1e-05,0.0,0.0,0.0,,,0.04311,0.00032,0.0,0.0,,,0.0,0.0,0.09243000000000001,,,0.13991
2025-09-19 10:05:00,Uno M404,0.0,0.0,0.0,0.0,0.0,0.0,0.0861,0.00146,0.0,0.0,0.0,0.0668,0.0,0.0,0.16586,0.0,0.0,0.26102
2025-09-19 10:10:00,Uno M404,0.0,0.0,0.0,0.0,0.0,0.0,0.0864,0.00148,0.0,0.0,0.0,0.06659000000000001,0.0,0.0,0.0,0.0,0.0,0.09278
2025-09-19 10:15:00,Uno M404,0.0,0.0,0.0,0.0,0.09009,0.0,0.04311,0.00044,0.0,0.0,0.0,0.12265999999999999,0.0,0.0,0.0,0.0,0.0,0.046310000000000004
2025-09-19 10:20:00,Uno M404,0.0,0.0,0.0,0.0,0.0,0.0,0.04309,0.00047,0.0,0.0,0.0,0.03302,0.0,0.0,0.0,0.0,0.0,0.11676
2025-09-19 10:25:00,Uno M404,0.0,0.0,0.0,0.0,0.0,0.0,0.04307,0.00064,0.0,0.0,0.0,0.03309,0.0,0.0,0.0,0.0,0.0,0.11341
2025-09-19 10:30:00,Uno M404,0.0,0.0,0.0,0.0,0.0,0.0,0.04306,0.00053,0.0,0.0,0.0,0.03307,0.0,0.0,0.0,0.0,0.0,0.11198999999999999
2025-09-19 10:35:00,Uno M404,0.0,0.0,0.0,0.0,0.0,0.0,0.043,0.00066,0.0,0.0,0.0,0.03326,0.0,0.0,0.0,0.0,0.0,0.11133
2025-09-19 10:40:00,Uno M404,0.0,0.0,0.0,0.0,0.0,0.0,0.04305,0.00045,0.0,0.0,0.0,0.03294,0.0,0.0,0.0,0.0,0.0,0.11073999999999999
2025-09-19 10:45:00,Uno M404,0.0,0.0,0.0,0.0,0.0,0.0,0.04312,0.0005600000000000001,0.0,0.0,0.0,0.032909999999999995,0.0,0.0,0.0,0.0,0.0,0.10970999999999999
2025-09-19 10:50:00,Uno M404,0.0,0.0,0.0,0.0,0.09587999999999999,0.0,0.04298,0.0007199999999999999,0.0,0.0,0.0,0.12844999999999998,0.0,0.0,0.0,0.0,0.0,0.10894
2025-09-19 10:55:00,Uno M404,1e-05,0.0,0.0,0.0,0.0,7.000000000000001e-05,0.04302,0.00051,0.0,0.0,0.0,0.035859999999999996,0.0,0.0,0.01202,0.0019299999999999999,0.0,0.05962
2025-09-19 11:00:00,Uno M404,0.0,0.0,0.0,0.0,0.0,0.0,0.04307,0.0005899999999999999,0.0,0.0,0.0,0.00375,0.0,0.0,0.01183,0.0,0.0,0.05938
2025-09-19 11:05:00,Uno M404,0.0,0.0,0.0,0.0,0.0,0.0,0.04305,0.00132,0.0,0.0,0.0,0.011009999999999999,0.0,0.0,0.0,0.0,0.0,0.046479999999999994
2025-09-19 11:10:00,Uno M404,0.0,0.0,0.0,0.0,0.0,2e-05,-1e-05,0.00045,0.0,0.0,0.0,0.00352,0.0,0.0,0.0,0.0,0.0,0.0014199999999999998
2025-09-19 11:15:00,Uno M404,0.0,0.0,0.0,0.0,0.0,0.0,-0.00016,0.00088,0.0,0.0,0.0,0.0037,0.0,0.0,0.0,0.0,0.0,0.00139
2025-09-19 11:20:00,Uno M404,0.0,0.0,0.0,0.0,0.0,0.0,-0.00014000000000000001,0.00101,0.0,0.0,0.0,0.0037400000000000003,0.0,0.0,0.0,0.0,0.0,0.00166
2025-09-19 11:25:00,Uno M404,0.0,0.0,0.0,0.0,0.10922,0.0,-8.999999999999999e-05,0.00079,0.0,0.0,0.0,0.11231000000000001,0.0,0.0,0.0,0.0,0.0,0.00139
2025-09-19 11:30:00,Uno M404,0.0,0.0,0.0,0.0,0.08786,0.0,-8.999999999999999e-05,0.00053,0.0,0.0,0.0,0.09074,0.0,0.0,0.0,0.0,0.0,0.00175
2025-09-19 11:35:00,Uno M404,0.0,0.0,0.0,0.0,0.0,1e-05,-0.00022,0.0008,0.0,0.0,0.0,0.00372,0.0,0.0,0.0,0.0,0.0,0.00156
2025-09-19 11:40:00,Uno M404,0.0,0.0,0.0,0.0,0.0,0.0,-0.00033,0.00066,0.0,0.0,0.0,0.01056,0.0,0.0,0.0,0.0,0.0,0.00126
2025-09-19 11:45:00,Uno M404,0.0,0.0,0.0,0.0,0.0,0.0,-5e-05,0.00087,0.0,0.0,0.0,0.01089,0.0,0.0,0.0,0.0,0.0,0.00197
2025-09-19 11:50:00,Uno M404,0.0,0.0,0.0,0.0,0.0,7.000000000000001e-05,-0.0004,0.0011200000000000001,0.0,0.0,0.0,0.00346,0.0,0.0,0.0,0.0,0.0,0.00173
2025-09-19 11:55:00,Uno M404,0.0,0.0,0.0,0.0,0.0,0.0,-0.00027,0.00133,0.0,0.0,0.0,0.00321,0.0,0.0,0.0,0.0,0.0,0.00136
2025-09-19 12:00:00,Uno M404,0.0,0.0,0.0,0.0,0.09145,0.0,-5.9999999999999995e-05,0.00141,0.0,0.0,0.0,0.09431,0.0,0.0,0.0,0.0,0.0,0.0017900000000000001
2025-09-19 12:05:00,Uno M404,1e-05,0.0,0.0,0.0,0.0,5e-05,-0.0013700000000000001,0.0011200000000000001,0.0,0.0,0.0,0.0033399999999999997,0.0,0.0,0.0,0.0,0.0,0.0015400000000000001
2025-09-19 12:10:00,Uno M404,0.0,0.0,0.0,0.0,0.0,2e-05,-0.00019,0.00146,0.0,0.0,0.0,0.00328,0.0,0.0,0.0,0.0,0.0,0.00156
2025-09-19 12:15:00,Uno M404,0.0,0.0,0.0,0.0,0.0,0.00011999999999999999,-0.00073,0.00109,0.0,0.0,0.0,0.00328,0.0,0.0,0.0,0.0,0.0,0.0016799999999999999
2025-09-19 12:20:00,Uno M404,0.0,0.0,0.0,0.0,0.0,1e-05,-7.000000000000001e-05,0.00092,0.0,0.0,0.0,0.00319,0.0,0.0,0.0,0.0,0.0,0.00189
2025-09-19 12:25:00,Uno M404,0.0,0.0,0.0,0.0,0.0,0.00041999999999999996,-0.00086,0.00124,0.0,0.0,0.0,0.0034500000000000004,0.0,0.0,0.0,0.0,0.0,0.00184
2025-09-19 12:30:00,Uno M404,0.0,0.0,0.0,0.0,0.0,0.00041,-0.00102,0.00106,0.0,0.0,0.0,0.003,0.0,0.0,0.0,0.0,0.0,0.00152
2025-09-19 12:35:00,Uno M404,0.0,0.0,0.0,0.0,0.09723000000000001,0.00017999999999999998,-0.00152,0.00087,0.0,0.0,0.0,0.09997,0.0,0.0,0.0,0.0,0.0,0.00219
2025-09-19 12:40:00,Uno M404,0.0,0.0,0.0,0.0,0.0,8e-05,-5.9999999999999995e-05,0.00151,0.0,0.0,0.0,0.0033,0.0,0.0,0.0,0.0,0.0,0.0019399999999999999
2025-09-19 12:45:00,Uno M404,0.0,0.0,0.0,0.0,0.0,0.00043,-0.00045,0.00165,0.0,0.0,0.0,0.0028,0.0,0.0,0.0,0.0,0.0,0.00146
2025-09-19 12:50:00,Uno M404,0.0,0.0,0.0,0.0,0.0,0.00068,-0.0008,0.00394,0.0,0.0,0.0,0.00611,0.0,0.0,0.0,0.0,0.0,0.00326
2025-09-19 12:55:00,Uno M404,0.0,0.0,0.0,0.0,0.0,0.0014199999999999998,-0.00131,0.0033599999999999997,0.0,0.0,0.0,0.0056,0.0,0.0,0.0,0.0,0.0,0.0038900000000000002
2025-09-19 13:00:00,Uno M404,0.0,0.0,0.0,0.0,0.0,0.00124,-0.00252,0.0035399999999999997,0.0,0.0,0.0,0.004860000000000001,0.0,0.0,0.0,0.0,0.0,0.00368
2025-09-19 13:05:00,Uno M404,0.0,0.0,0.0,0.0,0.0,0.00057,-0.0016,0.00184,0.0,0.0,0.0,0.00263,0.0,0.0,0.0,0.0,0.0,0.00197
2025-09-19 13:10:00,Uno M404,0.0,0.0,0.0,0.0,0.1047,2e-05,-0.0006,0.0017800000000000001,0.0,0.0,0.0,0.10685,0.0,0.0,0.0,0.0,0.0,0.0021000000000000003
2025-09-19 13:15:00,Uno M404,0.0,0.0,0.0,0.0,0.08835,0.00043,-0.00186,0.0011899999999999999,0.0,0.0,0.0,0.09035,0.0,0.0,0.0,0.0,0.0,0.00184
2025-09-19 13:20:00,Uno M404,5e-05,0.0,0.0,0.0,0.0,0.0008900000000000001,-0.00085,0.00161,0.0,0.0,0.0,0.0025099999999999996,0.0,0.0,-1e-05,0.0,0.0,0.0015
2025-09-19 13:25:00,Uno M404,0.0,0.0,0.0,0.0,0.0,0.00109,-0.0015300000000000001,0.0015300000000000001,0.0,0.0,0.0,0.00259,0.0,0.0,-2e-05,0.0,0.0,0.0016200000000000001
2025-09-19 13:30:00,Uno M404,0.0,0.0,0.0,0.0,0.0,0.00099,-0.00189,0.00185,0.0,0.0,0.0,0.0024,0.0,0.0,0.0,0.0,0.0,0.00172
2025-09-19 13:35:00,Uno M404,0.0,0.0,0.0,0.0,0.0,0.00064,-0.00125,0.00181,0.0,0.0,0.0,0.00263,0.0,0.0,0.0,0.0,0.0,0.00155
2025-09-19 13:40:00,Uno M404,0.0,0.0,0.0,0.0,0.0,0.00058,-0.00076,0.00149,0.0,0.0,0.0,0.0025,0.0,0.0,0.0,0.0,0.0,0.0017900000000000001
2025-09-19 13:45:00,Uno M404,0.0,0.0,0.0,0.0,0.0,0.00039,-0.0018,0.0016699999999999998,0.0,0.0,0.0,0.00235,0.0,0.0,0.0,0.0,0.0,0.0019399999999999999
2025-09-19 13:50:00,Uno M404,0.0,0.0,0.0,0.0,0.0935,0.00065,-0.00182,0.0018700000000000001,0.0,0.0,0.0,0.09570000000000001,0.0,0.0,0.0,0.0,0.0,0.0019399999999999999
2025-09-19 13:55:00,Uno M404,1e-05,0.0,0.0,0.0,0.0,0.0007,-0.00075,0.002,0.0,0.0,0.0,0.00229,0.0,0.0,0.0,0.0,0.0,0.0018700000000000001
2025-09-19 14:00:00,Uno M404,0.0,0.0,0.0,0.0,0.0,0.0005600000000000001,-0.0015,0.00174,0.0,0.0,0.0,0.00229,0.0,0.0,0.0,0.0,0.0,0.00207
2025-09-19 14:05:00,Uno M404,0.0,0.0,0.0,0.0,0.0,0.00064,-0.0008,0.00164,0.0,0.0,0.0,0.00275,0.0,0.0,0.0,0.0,0.0,0.00174
2025-09-19 14:10:00,Uno M404,0.0,0.0,0.0,0.0,0.0,0.00032,-0.00015,0.00184,0.0,0.0,0.0,0.00256,0.0,0.0,0.0,0.0,0.0,0.00202
2025-09-19 14:15:00,Uno M404,0.0,0.0,0.0,0.0,0.0,0.00063,-0.00058,0.0016699999999999998,0.0,0.0,0.0,0.00264,0.0,0.0,0.0,0.0,0.0,0.00184
2025-09-19 14:20:00,Uno M404,1e-05,0.0,0.0,0.0,0.0,0.00049,-0.0013,0.00185,0.0,0.0,0.0,0.00256,0.0,0.0,0.0,0.0,0.0,0.0016899999999999999
2025-09-19 14:25:00,Uno M404,1e-05,0.0,0.0,0.0,0.09768,0.00055,-0.00127,0.0016899999999999999,0.0,0.0,0.0,0.0999,0.0,0.0,-5.9999999999999995e-05,0.0,0.0,0.0016799999999999999
2025-09-19 14:30:00,Uno M404,0.0,0.0,0.0,0.0,0.0,0.00102,-0.00094,0.00151,0.0,0.0,0.0,0.00268,0.0,0.0,0.0,0.0,0.0,0.0019199999999999998
2025-09-19 14:35:00,Uno M404,0.0,0.0,0.0,0.0,0.0,0.00082,-0.00196,0.00165,0.0,0.0,0.0,0.00254,0.0,0.0,0.0,0.0,0.0,0.0016899999999999999
2025-09-19 14:40:00,Uno M404,1e-05,0.0,0.0,0.0,0.0,0.00051,-0.00054,0.00165,0.0,0.0,0.0,0.00252,0.0,0.0,0.0,0.0,0.0,0.00175
2025-09-19 14:45:00,Uno M404,0.0,0.0,0.0,0.0,0.0,0.00092,-0.00073,0.0019299999999999999,0.0,0.0,0.0,0.00261,0.0,0.0,0.0,0.0,0.0,0.0019399999999999999
2025-09-19 14:50:00,Uno M404,0.0,0.0,0.0,0.0,0.0,0.00083,-0.00035,0.0015400000000000001,0.0,0.0,0.0,0.0030600000000000002,0.0,0.0,-2e-05,0.0,0.0,0.00172
2025-09-19 14:55:00,Uno M404,0.0,0.0,0.0,0.0,0.0,0.00106,-0.0016899999999999999,0.0017800000000000001,0.0,0.0,0.0,0.00282,0.0,0.0,0.0,0.0,0.0,0.0018
2025-09-19 15:00:00,Uno M404,0.0,0.0,0.0,0.0,0.11213,0.0007099999999999999,-0.00181,0.00198,0.0,0.0,0.0,0.11442000000000001,0.0,0.0,0.0,0.0,0.0,0.00166
2025-09-19 15:05:00,Uno M404,0.0,0.0,0.0,0.0,0.08922,0.00102,-0.00039,0.00202,0.0,0.0,0.0,0.09133,0.0,0.0,0.0,0.0,0.0,0.00206
2025-09-19 15:10:00,Uno M404,0.0,0.0,0.0,0.0,0.0,0.00113,-0.0013700000000000001,0.00148,0.0,0.0,0.0,0.0023799999999999997,0.0,0.0,-1e-05,0.0,0.0,0.00184
2025-09-19 15:15:00,Uno M404,0.0,0.0,0.0,0.0,0.0,0.0009,-0.00067,0.00185,0.0,0.0,0.0,0.00264,0.0,0.0,0.0,0.0,0.0,0.002
2025-09-19 15:20:00,Uno M404,0.0,0.0,0.0,0.0,0.0,0.0008100000000000001,-0.00053,0.00172,0.0,0.0,0.0,0.00249,0.0,0.0,-1e-05,0.0,0.0,0.0020099999999999996
2025-09-19 15:25:00,Uno M404,0.0,0.0,0.0,0.0,0.0,0.00102,-0.00074,0.00212,0.0,0.0,0.0,0.00278,0.0,0.0,0.0,0.0,0.0,0.00176
2025-09-19 15:30:00,Uno M404,0.0,0.0,0.0,0.0,0.0,0.0009,-0.00181,0.00117,0.0,0.0,0.0,0.00254,0.0,0.0,-1e-05,0.0,0.0,0.00215
2025-09-19 15:35:00,Uno M404,0.0,0.0,0.0,0.0,0.0,0.00088,-0.00078,0.00152,0.0,0.0,0.0,0.00254,0.0,0.0,-2e-05,0.0,0.0,0.00214
2025-09-19 15:40:00,Uno M404,0.0,0.0,0.0,0.0,0.09627,0.0008100000000000001,-0.00073,0.00177,0.0,0.0,0.0,0.09838,0.0,0.0,0.0,0.0,0.0,0.00177
2025-09-19 15:45:00,Uno M404,0.0,0.0,0.0,0.0,0.0,0.00061,-0.00121,0.00164,0.0,0.0,0.0,0.00272,0.0,0.0,0.0,0.0,0.0,0.00199
2025-09-19 15:50:00,Uno M404,0.0,0.0,0.0,0.0,0.0,0.00093,-0.00182,0.00147,0.0,0.0,0.0,0.0024100000000000002,0.0,0.0,0.0,0.0,0.0,0.0020099999999999996
2025-09-19 15:55:00,Uno M404,0.0,0.0,0.0,0.0,0.0,0.00078,-0.00038,0.00161,0.0,0.0,0.0,0.00259,0.0,0.0,0.0,0.0,0.0,0.0016799999999999999
2025-09-19 16:00:00,Uno M404,0.0,0.0,0.0,0.0,0.0,0.0005600000000000001,-0.00092,0.00173,0.0,0.0,0.0,0.0031,0.0,0.0,0.0,0.0,0.0,0.0019199999999999998
2025-09-19 16:05:00,Uno M404,0.0,0.0,0.0,0.0,0.0,0.0011,-0.00068,0.00147,0.0,0.0,0.0,0.00328,0.0,0.0,-2e-05,0.0,0.0,0.00209
2025-09-19 16:10:00,Uno M404,0.0,0.0,0.0,0.0,0.0,0.00033,-0.00173,0.00182,0.0,0.0,0.0,0.00325,0.0,0.0,-2e-05,0.0,0.0,0.00195
2025-09-19 16:15:00,Uno M404,0.0,0.0,0.0,0.0,0.11189,0.00020999999999999998,-0.00189,0.00159,0.0,0.0,0.0,0.1144,0.0,0.0,0.0,0.0,0.0,0.00183
2025-09-19 16:20:00,Uno M404,0.0,0.0,0.0,0.0,0.09015000000000001,0.00055,-0.00125,0.00173,0.0,0.0,0.0,0.09276999999999999,0.0,0.0,0.0,0.0,0.0,0.0020099999999999996
2025-09-19 16:25:00,Uno M404,0.0,0.0,0.0,0.0,0.0,0.00057,-0.0014,0.00182,0.0,0.0,0.0,0.00332,0.0,0.0,-1e-05,0.0,0.0,0.0018
2025-09-19 16:30:00,Uno M404,0.0,0.0,0.0,0.0,0.0,0.00092,-8.999999999999999e-05,0.00195,0.0,0.0,0.0,0.0029100000000000003,0.0,0.0,-2e-05,0.0,0.0,0.00172
2025-09-19 16:35:00,Uno M404,,0.0,,,0.0,0.00047999999999999996,-0.00055,,,,0.0,0.0033799999999999998,0.0,0.0,0.0,0.0,0.0,0.0019
2025-09-19 16:40:00,Uno M404,0.0,0.0,0.0,0.0,0.0,0.0008399999999999999,-0.00173,0.00158,0.0,0.0,0.0,0.0030099999999999997,0.0,0.0,0.0,0.0,0.0,0.00184
2025-09-19 16:45:00,Uno M404,0.0,0.0,0.0,0.0,0.0,0.00078,-0.00155,0.00132,0.0,0.0,0.0,0.00283,0.0,0.0,0.0,0.0,0.0,0.0016200000000000001
2025-09-19 16:50:00,Uno M404,0.0,0.0,0.0,0.0,0.0,0.0005,-0.00098,0.0016,0.0,0.0,0.0,0.0027,0.0,0.0,0.0,0.0,0.0,0.00186
2025-09-19 16:55:00,Uno M404,0.0,0.0,0.0,0.0,0.09620000000000001,0.00041999999999999996,-0.00058,0.00141,0.0,0.0,0.0,0.09865,0.0,0.0,0.0,0.0,0.0,0.0021000000000000003
2025-09-19 17:00:00,Uno M404,0.0,0.0,0.0,0.0,0.0,0.0011,-0.00106,0.00166,0.0,0.0,0.0,0.00252,0.0,0.0,-1e-05,0.0,0.0,0.00166
2025-09-19 17:05:00,Uno M404,0.0,0.0,0.0,0.0,0.0,0.0010500000000000002,-0.0016,0.00172,0.0,0.0,0.0,0.00312,0.0,0.0,0.0,0.0,0.0,0.00186
2025-09-19 17:10:00,Uno M404,0.0,0.0,0.0,0.0,0.0,0.00079,-0.00049,0.00147,0.0,0.0,0.0,0.00325,0.0,0.0,0.0,0.0,0.0,0.00182
2025-09-19 17:15:00,Uno M404,0.0,0.0,0.0,0.0,0.0,0.00033,-0.0005600000000000001,0.00106,0.0,0.0,0.0,0.00276,0.0,0.0,0.0,0.0,0.0,0.00175
2025-09-19 17:20:00,Uno M404,0.0,0.0,0.0,0.0,0.0,0.00054,-0.00028000000000000003,0.0012,0.0,0.0,0.0,0.00292,0.0,0.0,0.0,0.0,0.0,0.00164
2025-09-19 17:25:00,Uno M404,0.0,0.0,0.0,0.0,0.0,0.00035999999999999997,-0.00073,0.00145,0.0,0.0,0.0,0.00327,0.0,0.0,0.0,0.0,0.0,0.0018700000000000001
2025-09-19 17:30:00,Uno M404,0.0,0.0,0.0,0.0,0.11326,0.00051,-0.00133,0.0014399999999999999,0.0,0.0,0.0,0.11579,0.0,0.0,0.0,0.0,0.0,0.0016699999999999998
2025-09-19 17:35:00,Uno M404,2e-05,0.0,0.0,0.0,0.08835,0.00020999999999999998,-0.00068,0.00174,0.0,0.0,0.0,0.09058,0.0,0.0,0.0,0.0,0.0,0.0014299999999999998
2025-09-19 17:40:00,Uno M404,0.0,0.0,0.0,0.0,0.0,0.00035999999999999997,-0.00108,0.00131,0.0,0.0,0.0,0.0030299999999999997,0.0,0.0,0.0,0.0,0.0,0.0020800000000000003
2025-09-19 17:45:00,Uno M404,0.0,0.0,0.0,0.0,0.0,0.00034,-0.00020999999999999998,0.0014399999999999999,0.0,0.0,0.0,0.00292,0.0,0.0,-1e-05,0.0,0.0,0.00174
2025-09-19 17:50:00,Uno M404,0.0,0.0,0.0,0.0,0.0,0.00057,-0.00045,0.00145,0.0,0.0,0.0,0.0029300000000000003,0.0,0.0,-1e-05,0.0,0.0,0.0016699999999999998
2025-09-19 17:55:00,Uno M404,4e-05,0.0,0.0,0.0,0.0,0.00033,-0.0009599999999999999,0.00125,0.0,0.0,0.0,0.0030600000000000002,0.0,0.0,0.0,0.0,0.0,0.0019399999999999999
2025-09-19 18:00:00,Uno M404,0.0,0.0,0.0,0.0,0.0,0.00020999999999999998,-0.0012900000000000001,0.0014199999999999998,0.0,0.0,0.0,0.0031,0.0,0.0,0.0,0.0,0.0,0.00156
2025-09-19 18:05:00,Uno M404,0.0,0.0,0.0,0.0,0.0,0.00020999999999999998,-0.00032,0.0014399999999999999,0.0,0.0,0.0,0.00325,0.0,0.0,-1e-05,0.0,0.0,0.00188
2025-09-19 18:10:00,Uno M404,1e-05,0.0,0.0,0.0,0.09508,0.00035999999999999997,-0.0014199999999999998,0.0011899999999999999,0.0,0.0,0.0,0.09764,0.0,0.0,-1e-05,0.0,0.0,0.00145
2025-09-19 18:15:00,Uno M404,0.0,0.0,0.0,0.0,0.0,0.00015,-0.00128,0.00138,0.0,0.0,0.0,0.00313,0.0,0.0,0.0,0.0,0.0,0.00184
2025-09-19 18:20:00,Uno M404,1e-05,0.0,0.0,0.0,0.0,0.00026000000000000003,-0.0002,0.00115,0.0,0.0,0.0,0.00332,0.0,0.0,0.0,0.0,0.0,0.00163
2025-09-19 18:25:00,Uno M404,0.0,0.0,0.0,0.0,0.0,0.00017999999999999998,-0.00127,0.00165,0.0,0.0,0.0,0.00311,0.0,0.0,0.0,0.0,0.0,0.00183
2025-09-19 18:30:00,Uno M404,0.0,0.0,0.0,0.0,0.0,0.00015,-0.00116,0.00114,0.0,0.0,0.0,0.00313,0.0,0.0,0.0,0.0,0.0,0.00181
2025-09-19 18:35:00,Uno M404,5.9999999999999995e-05,0.0,0.0,0.0,0.0,0.00016,-0.001,0.0016,0.0,0.0,0.0,0.0034,0.0,0.0,0.0,0.0,0.0,0.00164
2025-09-19 18:40:00,Uno M404,0.0,0.0,0.0,0.0,0.0,0.00019,-0.0008,0.00078,0.0,0.0,0.0,0.00369,0.0,0.0,0.0,0.0,0.0,0.0013700000000000001
2025-09-19 18:45:00,Uno M404,0.0,0.0,0.0,0.0,0.0,0.00015,-0.00106,0.00092,0.0,0.0,0.0,0.00315,0.0,0.0,0.0,0.0,0.0,0.00146
2025-09-19 18:50:00,Uno M404,0.0,0.0,0.0,0.0,0.08915000000000001,0.0002,-0.0002,0.00114,0.0,0.0,0.0,0.09167,0.0,0.0,0.0,0.0,0.0,0.00155
2025-09-19 18:55:00,Uno M404,0.0,0.0,0.0,0.0,0.0,0.00041999999999999996,-0.00020999999999999998,0.00131,0.0,0.0,0.0,0.00321,0.0,0.0,0.0,0.0,0.0,0.00177
2025-09-19 19:00:00,Uno M404,0.0,0.0,0.0,0.0,0.0,0.00016,-0.00019,0.00067,0.0,0.0,0.0,0.00314,0.0,0.0,0.0,0.0,0.0,0.0019
2025-09-19 19:05:00,Uno M404,0.0,0.0,0.0,0.0,0.0,0.00015,-0.00022,0.0012,0.0,0.0,0.0,0.00319,0.0,0.0,0.0,0.0,0.0,0.0016699999999999998
2025-09-19 19:10:00,Uno M404,1e-05,0.0,0.0,0.0,0.0,0.00017999999999999998,-0.0005600000000000001,0.00092,0.0,0.0,0.0,0.00317,0.0,0.0,0.0,0.0,0.0,0.0016200000000000001
2025-09-19 19:15:00,Uno M404,0.0,0.0,0.0,0.0,0.0,0.00013000000000000002,-0.00114,0.00121,0.0,0.0,0.0,0.00325,0.0,0.0,0.0,0.0,0.0,0.00164
2025-09-19 19:20:00,Uno M404,0.0,0.0,0.0,0.0,0.0,0.00043,-0.00065,0.001,0.0,0.0,0.0,0.0032,0.0,0.0,0.0,0.0,0.0,0.00173
2025-09-19 19:25:00,Uno M404,0.0,0.0,0.0,0.0,0.09695999999999999,0.00016,-0.0009,0.00117,0.0,0.0,0.0,0.09984,0.0,0.0,0.0,0.0,0.0,0.00133
2025-09-19 19:30:00,Uno M404,4e-05,0.0,0.0,0.0,0.08386,0.00046,-0.0009,0.0016200000000000001,0.0,0.0,0.0,0.08675,0.0,0.0,0.0,0.0,0.0,0.00176
2025-09-19 19:35:00,Uno M404,0.0,0.0,0.0,0.0,0.0,0.00035,-0.00103,0.0011200000000000001,0.0,0.0,0.0,0.00311,0.0,0.0,0.0,0.0,0.0,0.0016899999999999999
2025-09-19 19:40:00,Uno M404,0.0,0.0,0.0,0.0,0.0,0.00019,-0.00113,0.0011899999999999999,0.0,0.0,0.0,0.00318,0.0,0.0,0.0,0.0,0.0,0.00176
2025-09-19 19:45:00,Uno M404,0.0,0.0,0.0,0.0,0.0,5.9999999999999995e-05,-0.0011200000000000001,0.00106,0.0,0.0,0.0,0.00323,0.0,0.0,0.0,0.0,0.0,0.00196
2025-09-19 19:50:00,Uno M404,1e-05,0.0,0.0,0.0,0.0,0.00023,-0.00019,0.00151,0.0,0.0,0.0,0.00315,0.0,0.0,0.0,0.0,0.0,0.0018
2025-09-19 19:55:00,Uno M404,0.0,0.0,0.0,0.0,0.0,0.00011999999999999999,-0.0009599999999999999,0.00147,0.0,0.0,0.0,0.00318,0.0,0.0,0.0,0.0,0.0,0.0016899999999999999
2025-09-19 20:00:00,Uno M404,0.0,0.0,0.0,0.0,0.0,0.00026000000000000003,-0.00041,0.0011899999999999999,0.0,0.0,0.0,0.00337,0.0,0.0,0.0,0.0,0.0,0.0020299999999999997
2025-09-19 20:05:00,Uno M404,0.0,0.0,0.0,0.0,0.09232,0.00053,-0.00025,0.00133,0.0,0.0,0.0,0.09487999999999999,0.0,0.0,0.0,0.0,0.0,0.0020800000000000003
2025-09-19 20:10:00,Uno M404,0.0,0.0,0.0,0.0,0.0,0.0002,-5.9999999999999995e-05,0.0014199999999999998,0.0,0.0,0.0,0.00318,0.0,0.0,0.0,0.0,0.0,0.0017900000000000001
2025-09-19 20:15:00,Uno M404,2e-05,0.0,0.0,0.0,0.0,0.00017999999999999998,-0.0005600000000000001,0.00131,0.0,0.0,0.0,0.0032,0.0,0.0,0.0,0.0,0.0,0.0019199999999999998
2025-09-19 20:20:00,Uno M404,0.0,0.0,0.0,0.0,0.0,0.00013000000000000002,-0.00141,0.0014199999999999998,0.0,0.0,0.0,0.00337,0.0,0.0,0.0,0.0,0.0,0.00177
2025-09-19 20:25:00,Uno M404,0.0,0.0,0.0,0.0,0.0,0.00023,-0.00075,0.00124,0.0,0.0,0.0,0.0030800000000000003,0.0,0.0,0.0,0.0,0.0,0.00166
2025-09-19 20:30:00,Uno M404,0.0,0.0,0.0,0.0,0.0,0.00041,-0.00034,0.00125,0.0,0.0,0.0,0.0033799999999999998,0.0,0.0,0.0,0.0,0.0,0.002
2025-09-19 20:35:00,Uno M404,0.0,0.0,0.0,0.0,0.0,0.00015,-0.00034,0.0011899999999999999,0.0,0.0,0.0,0.0036,0.0,0.0,0.0,0.0,0.0,0.00204
2025-09-19 20:40:00,Uno M404,0.0,0.0,0.0,0.0,0.10219,1e-05,-0.0008900000000000001,0.00113,0.0,0.0,0.0,0.10533,0.0,0.0,0.0,0.0,0.0,0.00116
2025-09-19 20:45:00,Uno M404,2e-05,0.0,0.0,0.0,0.08654,0.00014000000000000001,-0.00033,0.00158,0.0,0.0,0.0,0.08925,0.0,0.0,0.0,0.0,0.0,0.00148
2025-09-19 20:50:00,Uno M404,0.0,0.0,0.0,0.0,0.0,0.00039,-0.00019,0.00121,0.0,0.0,0.0,0.00359,0.0,0.0,0.0,0.0,0.0,0.00176
2025-09-19 20:55:00,Uno M404,0.0,0.0,0.0,0.0,0.0,0.00013000000000000002,-0.00068,0.00082,0.0,0.0,0.0,0.00328,0.0,0.0,0.0,0.0,0.0,0.00146
2025-09-19 21:00:00,Uno M404,0.0,0.0,0.0,0.0,0.0,0.00047999999999999996,-0.00062,0.0015400000000000001,0.0,0.0,0.0,0.00342,0.0,0.0,0.0,0.0,0.0,0.00199
2025-09-19 21:05:00,Uno M404,8e-05,0.0,0.0,0.0,0.0,0.00028000000000000003,-0.00054,0.00164,0.0,0.0,0.0,0.00313,0.0,0.0,0.0,0.0,0.0,0.00186
2025-09-19 21:10:00,Uno M404,0.0,0.0,0.0,0.0,0.0,0.00011999999999999999,-0.00043,0.00139,0.0,0.0,0.0,0.0033,0.0,0.0,0.0,0.0,0.0,0.00189
2025-09-19 21:15:00,Uno M404,0.0,0.0,0.0,0.0,0.0,8.999999999999999e-05,-0.00019,0.00102,0.0,0.0,0.0,0.00326,0.0,0.0,0.0,0.0,0.0,0.00175
2025-09-19 21:20:00,Uno M404,0.0,0.0,0.0,0.0,0.09508,0.00017999999999999998,0.0,0.00132,0.0,0.0,0.0,0.09804,0.0,0.0,0.0,0.0,0.0,0.00141
2025-09-19 21:25:00,Uno M404,0.0,0.0,0.0,0.0,0.0,1e-05,-0.00055,0.00098,0.0,0.0,0.0,0.00323,0.0,0.0,0.0,0.0,0.0,0.00199
2025-09-19 21:30:00,Uno M404,0.0,0.0,0.0,0.0,0.0,0.00016,-0.00020999999999999998,0.00088,0.0,0.0,0.0,0.00323,0.0,0.0,0.0,0.0,0.0,0.00183
2025-09-19 21:35:00,Uno M404,0.0,0.0,0.0,0.0,0.0,0.00013000000000000002,-4e-05,0.0008,0.0,0.0,0.0,0.00323,0.0,0.0,0.0,0.0,0.0,0.0017900000000000001
2025-09-19 21:40:00,Uno M404,0.0,0.0,0.0,0.0,0.0,8.999999999999999e-05,-0.00088,0.00135,0.0,0.0,0.0,0.0032400000000000003,0.0,0.0,0.0,0.0,0.0,0.00189
2025-09-19 21:45:00,Uno M404,0.0,0.0,0.0,0.0,0.0,0.00011999999999999999,-0.00127,0.00108,0.0,0.0,0.0,0.00319,0.0,0.0,0.0,0.0,0.0,0.0016899999999999999
2025-09-19 21:50:00,Uno M404,0.0,0.0,0.0,0.0,0.0,0.0005600000000000001,-0.00015,0.00155,0.0,0.0,0.0,0.0030299999999999997,0.0,0.0,0.0,0.0,0.0,0.00172
2025-09-19 21:55:00,Uno M404,0.0,0.0,0.0,0.0,0.10983,7.000000000000001e-05,-0.00038,0.00106,0.0,0.0,0.0,0.11259999999999999,0.0,0.0,0.0,0.0,0.0,0.00177
2025-09-19 22:00:00,Uno M404,0.0,0.0,0.0,0.0,0.08875,0.00019,-0.00054,0.0015400000000000001,0.0,0.0,0.0,0.0912,0.0,0.0,0.0,0.0,0.0,0.0019199999999999998
2025-09-19 22:05:00,Uno M404,0.0,0.0,0.0,0.0,0.0,0.00035,-0.00123,0.00117,0.0,0.0,0.0,0.00337,0.0,0.0,0.0,0.0,0.0,0.00157
2025-09-19 22:10:00,Uno M404,0.0,0.0,0.0,0.0,0.0,0.00026000000000000003,-0.00082,0.0013700000000000001,0.0,0.0,0.0,0.0039700000000000004,0.0,0.0,0.0,0.0,0.0,0.00206
2025-09-19 22:15:00,Uno M404,0.0,0.0,0.0,0.0,0.0,0.00020999999999999998,-7.000000000000001e-05,0.00095,0.0,0.0,0.0,0.0035099999999999997,0.0,0.0,0.0,0.0,0.0,0.0016
2025-09-19 22:20:00,Uno M404,1e-05,0.0,0.0,0.0,0.0,5.9999999999999995e-05,-0.00033,0.0010400000000000001,0.0,0.0,0.0,0.00346,0.0,0.0,0.0,0.0,0.0,0.00161
2025-09-19 22:25:00,Uno M404,0.0,0.0,0.0,0.0,0.0,0.0003,-0.00046,0.00117,0.0,0.0,0.0,0.00323,0.0,0.0,0.0,0.0,0.0,0.00196
2025-09-19 22:30:00,Uno M404,0.0,0.0,0.0,0.0,0.0,0.00026000000000000003,-0.00038,0.00122,0.0,0.0,0.0,0.00325,0.0,0.0,0.0,0.0,0.0,0.0016200000000000001
2025-09-19 22:35:00,Uno M404,1e-05,0.0,0.0,0.0,0.09551000000000001,0.00019,-0.00028000000000000003,0.00087,0.0,0.0,0.0,0.09865,0.0,0.0,0.0,0.0,0.0,0.00136
2025-09-19 22:40:00,Uno M404,7.000000000000001e-05,0.0,0.0,0.0,0.0,2e-05,-0.00025,0.00115,0.0,0.0,0.0,0.00347,0.0,0.0,0.0,0.0,0.0,0.0015
2025-09-19 22:45:00,Uno M404,0.0,0.0,0.0,0.0,0.0,7.000000000000001e-05,-0.00109,0.0011899999999999999,0.0,0.0,0.0,0.0034500000000000004,0.0,0.0,0.0,0.0,0.0,0.00206
2025-09-19 22:50:00,Uno M404,0.0,0.0,0.0,0.0,0.0,0.00015,-0.00033,0.00075,0.0,0.0,0.0,0.00332,0.0,0.0,0.0,0.0,0.0,0.0016699999999999998
2025-09-19 22:55:00,Uno M404,1e-05,0.0,0.0,0.0,0.0,5e-05,-0.0012,0.00095,0.0,0.0,0.0,0.00349,0.0,0.0,0.0,0.0,0.0,0.00204
2025-09-19 23:00:00,Uno M404,0.0,0.0,0.0,0.0,0.0,0.00014000000000000001,-0.00041999999999999996,0.00111,0.0,0.0,0.0,0.0032,0.0,0.0,0.0,0.0,0.0,0.00163
2025-09-19 23:05:00,Uno M404,0.0,0.0,0.0,0.0,0.0,5.9999999999999995e-05,-0.00087,0.001,0.0,0.0,0.0,0.0034500000000000004,0.0,0.0,0.0,0.0,0.0,0.0018700000000000001
2025-09-19 23:10:00,Uno M404,0.0,0.0,0.0,0.0,0.11277,7.000000000000001e-05,-0.00013000000000000002,0.0007099999999999999,0.0,0.0,0.0,0.1158,0.0,0.0,0.0,0.0,0.0,0.00177
2025-09-19 23:15:00,Uno M404,0.013900000000000001,0.0,0.0,0.0,0.09009,0.0002,0.07434,0.00033,0.0,0.011890000000000001,0.0,0.09647,0.0,0.0,0.011439999999999999,0.00222,0.0,0.1118
2025-09-19 23:20:00,Uno M404,0.03721,0.0,0.0,0.0,,,0.09670000000000001,0.00073,0.0,0.0351,,,0.0,0.0,0.01089,,,0.13324
2025-09-19 23:25:00,Uno M404,0.03109,0.0,0.0,0.0,0.0,0.0008900000000000001,0.17151,0.0008,0.0,0.02893,0.0,0.04396,0.0,0.0,0.01104,0.00214,0.0,0.2084
2025-09-19 23:30:00,Uno M404,3.43704,0.0,0.0,3.40784,0.0,0.00108,0.16709000000000002,0.00102,0.0,0.027719999999999998,0.0,0.04616,0.0,0.0,0.01057,0.0020800000000000003,0.0,0.27516
2025-09-19 23:35:00,Uno M404,3.3930100000000003,0.0,0.0,3.3641199999999998,0.10246,0.00067,0.17002,0.00086,0.0,0.027489999999999997,0.0,0.14589,0.0,0.0,0.01042,0.0022,0.0,0.276
2025-09-19 23:40:00,Uno M404,0.0,0.0,0.0,0.0,0.0884,0.00029,0.16057,0.00085,0.0,0.0,0.0,0.13143000000000002,0.0,0.0,0.01093,0.0022,0.0,0.26479
2025-09-19 23:45:00,Uno M404,0.0,0.0,0.0,0.0,0.0,0.00028000000000000003,0.1718,0.00073,0.0,0.0,0.0,0.04318,0.0,0.0,0.01086,0.00222,0.0,0.27509
2025-09-19 23:50:00,Uno M404,0.00745,0.0,0.0,0.0,0.0,0.00037,0.16172999999999998,0.00061,0.0,0.005679999999999999,0.0,0.04355,0.0,0.0,0.01092,0.0022400000000000002,0.0,0.26459
2025-09-19 23:55:00,Uno M404,0.00751,0.0,0.0,0.0,0.0,0.00025,0.15353999999999998,0.00019,0.0,0.005730000000000001,0.0,0.04312,0.0,0.0,0.01065,0.00189,0.0,0.19018000000000002
2025-09-20 00:00:00,Uno M404,0.00763,0.0,0.0,0.0,0.0,0.00015,0.17695,0.00041999999999999996,0.0,0.0057599999999999995,0.0,0.04294,0.0,0.0,0.01069,0.00229,0.0,0.21338
2025-09-20 00:05:00,Uno M404,0.00752,0.0,0.0,0.0,0.0,0.00043,0.16758,0.00033,0.0,0.0057,0.0,0.04287,0.0,0.0,0.01065,0.0021000000000000003,0.0,0.2035
2025-09-20 00:10:00,Uno M404,0.00744,0.0,0.0,0.0,0.0,0.00069,0.16713999999999998,0.00051,0.0,0.00567,0.0,0.04357,0.0,0.0,0.01052,0.00202,0.0,0.20327
2025-09-20 00:15:00,Uno M404,0.00751,0.0,0.0,0.0,0.09938,0.0003,0.16331,0.00038,0.0,0.00563,0.0,0.14207,0.0,0.0,0.01047,0.00207,0.0,0.1994
2025-09-20 00:20:00,Uno M404,0.0076100000000000004,0.0,0.0,0.0,0.09061,0.00032,0.16493,0.00044,0.0,0.00574,0.0,0.13376,0.0,0.0,0.01065,0.00182,0.0,0.20108
2025-09-20 00:25:00,Uno M404,0.00763,0.0,0.0,0.0,0.0,0.00029,0.16169,0.00045,0.0,0.00563,0.0,0.04292,0.0,0.0,0.01053,0.00217,0.0,0.19793
2025-09-20 00:30:00,Uno M404,0.00753,0.0,0.0,0.0,0.0,0.00061,0.15841,0.00025,0.0,0.005730000000000001,0.0,0.04267,0.0,0.0,0.01026,0.00207,0.0,0.19440000000000002
2025-09-20 00:35:00,Uno M404,0.0075899999999999995,0.0,0.0,0.0,0.0,0.00041999999999999996,0.15837,0.00035999999999999997,0.0,0.00574,0.0,0.04328,0.0,0.0,0.010150000000000001,0.0020800000000000003,0.0,0.19437000000000001
2025-09-20 00:40:00,Uno M404,0.007719999999999999,0.0,0.0,0.0,0.0,0.00051,0.15627000000000002,0.00039,0.0,0.00567,0.0,0.04267,0.0,0.0,0.01035,0.00213,0.0,0.19234
2025-09-20 00:45:00,Uno M404,0.0075899999999999995,0.0,0.0,0.0,0.10629000000000001,0.00025,0.15571000000000002,0.00061,0.0,0.00561,0.0,0.14862999999999998,0.0,0.0,0.010199999999999999,0.0022,0.0,0.19158
2025-09-20 00:50:00,Uno M404,0.00749,0.0,0.0,0.0,0.09125,0.00027,0.15256,0.00031,0.0,0.00566,0.0,0.13348,0.0,0.0,0.01035,0.00216,0.0,0.18853
2025-09-20 00:55:00,Uno M404,0.00751,0.0,0.0,0.0,0.0,0.00063,0.15283000000000002,0.00046,0.0,0.0057,0.0,0.0425,0.0,0.0,0.0,0.00199,0.0,0.17735
2025-09-20 01:00:00,Uno M404,0.00749,0.0,0.0,0.0,0.0,0.0004,0.14859,0.00051,0.0,0.00567,0.0,0.04297,0.0,0.0,0.0,0.0022,0.0,0.17282
2025-09-20 01:05:00,Uno M404,0.0076100000000000004,0.0,0.0,0.0,0.0,0.0005600000000000001,0.14937999999999999,0.00039,0.0,0.00564,0.0,0.04281,0.0,0.0,0.0,0.0022400000000000002,0.0,0.17371999999999999
2025-09-20 01:10:00,Uno M404,0.0,0.0,0.0,0.0,0.0,0.00057,0.14931,0.00127,0.0,0.0,0.0,0.042570000000000004,0.0,0.0,0.0,0.00215,0.0,0.17367
2025-09-20 01:15:00,Uno M404,0.0,0.0,0.0,0.0,0.0,0.00076,0.14632,0.00134,0.0,0.0,0.0,0.04232,0.0,0.0,0.0,0.00195,0.0,0.1708
2025-09-20 01:20:00,Uno M404,0.00437,0.0,0.0,0.0,0.0,0.00054,0.14792,0.0049900000000000005,0.0,0.0,0.0,0.04244,0.0,0.0,0.0,0.00206,0.0,0.17232
2025-09-20 01:25:00,Uno M404,0.004200000000000001,0.0,0.0,0.0,0.10064000000000001,0.0006,0.1458,0.0049299999999999995,0.0,0.0,0.0,0.14311000000000001,0.0,0.0,0.0,0.00213,0.0,0.17015
2025-09-20 01:30:00,Uno M404,0.0042699999999999995,0.0,0.0,0.0,0.08691,0.00083,0.14508000000000001,0.004940000000000001,0.0,0.0,0.0,0.12940000000000002,0.0,0.0,0.01139,0.002,0.0,0.16107
2025-09-20 01:35:00,Uno M404,0.00424,0.0,0.0,0.0,0.0,0.00043,0.14895,0.004900000000000001,0.0,0.0,0.0,0.04271,0.0,0.0,0.0,0.00214,0.0,0.15249000000000001
2025-09-20 01:40:00,Uno M404,0.00419,0.0,0.0,0.0,0.0,0.00065,0.14687,0.00505,0.0,0.0,0.0,0.04242,0.0,0.0,-1e-05,0.0020800000000000003,0.0,0.15075
2025-09-20 01:45:00,Uno M404,0.00423,0.0,0.0,0.0,0.0,0.00044,0.14592,0.0049299999999999995,0.0,0.0,0.0,0.04271,0.0,0.0,0.0,0.00229,0.0,0.14971
2025-09-20 01:50:00,Uno M404,0.01073,0.0,0.0,0.0,0.0,0.0005600000000000001,0.14784,0.00491,0.0,0.00574,0.0,0.0428,0.0,0.0,0.0,0.00215,0.0,0.24534
2025-09-20 01:55:00,Uno M404,0.01069,0.0,0.0,0.0,0.0,0.00049,0.14451,0.00495,0.0,0.0056500000000000005,0.0,0.04294,0.0,0.0,0.0,0.00217,0.0,0.24024
2025-09-20 02:00:00,Uno M404,0.01075,0.027460000000000002,0.0,0.0,0.0,0.00020999999999999998,0.14575,0.004900000000000001,0.0,0.00564,0.0,0.04222,0.0,0.0,0.0,0.0018700000000000001,0.0,0.24634
2025-09-20 02:05:00,Uno M404,0.01055,1.10017,0.0,0.0,0.09877,0.00029,0.14515,0.00501,0.0,0.00557,0.0,0.14109,0.0,0.0,0.0,0.0016,0.0,1.31694
2025-09-20 02:10:00,Uno M404,0.01065,0.02741,0.0,0.0,0.0,0.00053,0.14505,0.00501,0.0,0.00564,0.0,0.04269,0.0,0.0,0.0,0.0020800000000000003,0.0,0.24398
2025-09-20 02:15:00,Uno M404,0.01065,1.15649,0.0,0.0,0.0,0.00032,0.14639,0.00504,0.0,0.005679999999999999,0.0,0.04273,0.0,0.0,0.0,0.0013,0.0,1.3948399999999999
2025-09-20 02:20:00,Uno M404,0.02823,0.027329999999999997,0.0,0.0,0.0,7.000000000000001e-05,0.14819,0.004900000000000001,0.0,0.023219999999999998,0.0,0.04285,0.0,0.0,0.0,0.0016699999999999998,0.0,0.24618
2025-09-20 02:25:00,Uno M404,0.0281,0.027239999999999997,0.0,0.0,0.0,5.9999999999999995e-05,0.14684999999999998,0.004860000000000001,0.0,0.02309,0.0,0.04277,0.0,0.0,0.0,0.00173,0.0,0.24478999999999998
2025-09-20 02:30:00,Uno M404,0.02793,0.02729,0.0,0.0,0.0,2e-05,0.14755000000000001,0.00483,0.0,0.02302,0.0,0.04405,0.0,0.0,0.0,0.00212,0.0,0.2454
2025-09-20 02:35:00,Uno M404,0.027870000000000002,0.026809999999999997,0.0,0.0,0.10543000000000001,2e-05,0.14721,0.004849999999999999,0.0,0.02302,0.0,0.14869,0.0,0.0,0.0,0.00217,0.0,0.24403
2025-09-20 02:40:00,Uno M404,0.02497,1.15577,0.0,0.0,0.09581,4e-05,0.02924,0.00065,0.0,0.02316,0.0,0.09952,0.0,0.0,0.0,0.0,0.0,1.25564
2025-09-20 02:45:00,Uno M404,0.02467,1.15643,0.0,0.0,0.0,2e-05,0.02922,0.00046,0.0,0.02296,0.0,0.0039,0.0,0.0,0.0,0.0,0.0,1.25493
2025-09-20 02:50:00,Uno M404,0.02463,1.15858,0.0,0.0,0.0,0.0,0.02924,0.00035,0.0,0.022879999999999998,0.0,0.00387,0.0,0.0,0.0,0.0,0.0,1.25716
2025-09-20 02:55:00,Uno M404,0.02461,1.1628800000000001,0.0,0.0,0.0,2e-05,0.0292,0.00028000000000000003,0.0,0.02286,0.0,0.00404,0.0,0.0,0.0,0.0,0.0,1.26145
2025-09-20 03:00:00,Uno M404,0.02459,1.1590799999999999,0.0,0.0,0.0,0.0,0.02927,0.00013000000000000002,0.0,0.02277,0.0,0.00347,0.0,0.0,0.0,0.0,0.0,1.2577
2025-09-20 03:05:00,Uno M404,0.02472,0.027010000000000003,0.0,0.0,0.0,0.0,0.02904,0.00019,0.0,0.022789999999999998,0.0,0.00349,0.0,0.0,0.0,0.0,0.0,0.12606
2025-09-20 03:10:00,Uno M404,0.0247,0.026969999999999997,0.0,0.0,0.09945,0.0,0.02914,0.0005200000000000001,0.0,0.02281,0.0,0.10274,0.0,0.0,0.0,0.0,0.0,0.12586
2025-09-20 03:15:00,Uno M404,0.02475,0.0268,0.0,0.0,0.0,0.0,0.02914,0.00038,0.0,0.02283,0.0,0.00381,0.0,0.0,0.0,0.0,0.0,0.12579
2025-09-20 03:20:00,Uno M404,0.0247,0.02682,0.0,0.0,0.0,0.0,0.0292,0.00016,0.0,0.02281,0.0,0.00369,0.0,0.0,0.011,0.0,0.0,0.13821
2025-09-20 03:25:00,Uno M404,0.024640000000000002,0.02674,0.0,0.0,0.0,0.0,0.02916,0.00015,0.0,0.022760000000000002,0.0,0.0108,0.0,0.0,0.0,0.0,0.0,0.12547
2025-09-20 03:30:00,Uno M404,0.02479,0.02698,0.0,0.0,0.0,0.0,0.02914,0.00049,0.0,0.0229,0.0,0.01083,0.0,0.0,0.0,0.0,0.0,0.12668000000000001
2025-09-20 03:35:00,Uno M404,0.02476,0.026949999999999998,0.0,0.0,0.0,0.0,0.02914,0.00076,0.0,0.023129999999999998,0.0,0.0111,0.0,0.0,0.0,0.0,0.0,0.12671
2025-09-20 03:40:00,Uno M404,0.02468,0.02711,0.0,0.0,0.10511,0.0,0.02916,0.00033,0.0,0.02311,0.0,0.11547,0.0,0.0,0.0,0.0,0.0,0.12664
2025-09-20 03:45:00,Uno M404,0.02476,0.027039999999999998,0.0,0.0,0.08841,0.0,0.02913,0.00054,0.0,0.02299,0.0,0.09936,0.0,0.0,0.0,0.0,0.0,0.1266
2025-09-20 03:50:00,Uno M404,0.02467,0.02707,0.0,0.0,0.0,0.0,0.02917,0.00034,0.0,0.02302,0.0,0.011300000000000001,0.0,0.0,0.0,0.0,0.0,0.12693000000000002
2025-09-20 03:55:00,Uno M404,0.0248,1.1550799999999999,0.0,0.0,0.0,0.0,0.02928,0.00011999999999999999,0.0,0.02296,0.0,0.01116,0.0,0.0,0.0,0.0,0.0,1.25417
2025-09-20 04:00:00,Uno M404,0.02461,1.15463,0.0,0.0,0.0,0.0,0.02926,0.0005200000000000001,0.0,0.0229,0.0,0.01082,0.0,0.0,0.0,0.0,0.0,1.25364
2025-09-20 04:05:00,Uno M404,0.0248,1.15995,0.0,0.0,0.0,0.0,0.02928,0.0007099999999999999,0.0,0.02302,0.0,0.01087,0.0,0.0,0.0,0.0,0.0,1.25842
2025-09-20 04:10:00,Uno M404,0.02463,1.1628699999999998,0.0,0.0,0.0,0.0,0.0292,0.00016,0.0,0.022879999999999998,0.0,0.01098,0.0,0.0,0.0,0.0,0.0,1.26169
2025-09-20 04:15:00,Uno M404,0.02468,1.1874,0.0,0.0,0.0,0.0,0.02933,0.00041,0.0,0.023010000000000003,0.0,0.01058,0.0,0.0,0.0,0.0,0.0,1.28664
2025-09-20 04:20:00,Uno M404,0.02463,0.027149999999999997,0.0,0.0,0.11475,0.0,0.02912,0.00026000000000000003,0.0,0.02281,0.0,0.12542,0.0,0.0,0.0,0.0,0.0,0.127
2025-09-20 04:25:00,Uno M404,0.02479,0.026879999999999998,0.0,0.0,0.09375,0.0,0.02912,0.00041999999999999996,0.0,0.023039999999999998,0.0,0.10415,0.0,0.0,0.0,0.0,0.0,0.12625
2025-09-20 04:30:00,Uno M404,0.024730000000000002,0.02708,0.0,0.0,0.0,0.0,0.02915,0.00035,0.0,0.02291,0.0,0.0107,0.0,0.0,0.0,0.0,0.0,0.12698
2025-09-20 04:35:00,Uno M404,0.02463,0.02691,0.0,0.0,0.0,0.0,0.02916,0.00023999999999999998,0.0,0.02283,0.0,0.01083,0.0,0.0,0.0,0.0,0.0,0.12641
2025-09-20 04:40:00,Uno M404,0.02462,0.02691,0.0,0.0,0.0,0.0,0.029079999999999998,0.00022,0.0,0.022789999999999998,0.0,0.01111,0.0,0.0,0.0,0.0,0.0,0.12639
2025-09-20 04:45:00,Uno M404,0.02454,0.02707,0.0,0.0,0.0,0.0,0.02903,0.0005200000000000001,0.0,0.022699999999999998,0.0,0.01097,0.0,0.0,0.0,0.0,0.0,0.1263
2025-09-20 04:50:00,Uno M404,0.024550000000000002,0.027,0.0,0.0,0.0,0.0,0.02914,0.00041999999999999996,0.0,0.02286,0.0,0.01079,0.0,0.0,0.0,0.0,0.0,0.1262
2025-09-20 04:55:00,Uno M404,0.02452,1.15509,0.0,0.0,0.0,0.0,0.02924,0.00062,0.0,0.0229,0.0,0.01087,0.0,0.0,0.0,0.0,0.0,1.25424
2025-09-20 05:00:00,Uno M404,0.0245,1.15799,0.0,0.0,0.0,0.0,0.02921,0.00051,0.0,0.02277,0.0,0.01065,0.0,0.0,0.0,0.0,0.0,1.25693
2025-09-20 05:05:00,Uno M404,0.02453,1.16174,0.0,0.0,0.09855,0.0,0.02927,0.00027,0.0,0.02273,0.0,0.10884999999999999,0.0,0.0,0.0,0.0,0.0,1.2606
2025-09-20 05:10:00,Uno M404,0.02457,1.1582000000000001,0.0,0.0,0.0,2e-05,0.02924,0.00041,0.0,0.022600000000000002,0.0,0.011,0.0,0.0,0.0,0.0,0.0,1.25655
2025-09-20 05:15:00,Uno M404,0.024460000000000003,1.1763,0.0,0.0,0.0,0.0,0.02933,0.00017999999999999998,0.0,0.02256,0.0,0.01055,0.0,0.0,0.0,0.0,0.0,1.2748599999999999
2025-09-20 05:20:00,Uno M404,0.02422,0.026879999999999998,0.0,0.0,0.0,0.0,0.02904,0.0002,0.0,0.02256,0.0,0.01042,0.0,0.0,0.0,0.0,0.0,0.12543
2025-09-20 05:25:00,Uno M404,0.02414,0.026600000000000002,0.0,0.0,0.0,0.0,0.02907,0.00029,0.0,0.0224,0.0,0.01061,0.0,0.0,0.0,0.0,0.0,0.12484
2025-09-20 05:30:00,Uno M404,0.023989999999999997,0.02659,0.0,0.0,0.0,0.0,0.02916,0.00035,0.0,0.022170000000000002,0.0,0.010539999999999999,0.0,0.0,0.0,0.0,0.0,0.12481999999999999
2025-09-20 05:35:00,Uno M404,0.02402,0.026449999999999998,0.0,0.0,0.0,0.0,0.0292,0.00025,0.0,0.02221,0.0,0.01089,0.0,0.0,0.0,0.0,0.0,0.12448000000000001
2025-09-20 05:40:00,Uno M404,0.023960000000000002,0.02644,0.0,0.0,0.0,0.0,0.02917,0.00041,0.0,0.022260000000000002,0.0,0.01098,0.0,0.0,0.0,0.0,0.0,0.12422
2025-09-20 05:45:00,Uno M404,0.02388,0.02644,0.0,0.0,0.10425,0.0,0.02914,0.0002,0.0,0.02215,0.0,0.11499,0.0,0.0,0.0,0.0,0.0,0.12418000000000001
2025-09-20 05:50:00,Uno M404,0.02696,0.02652,0.0,0.0,0.09119,0.0,0.02917,0.00481,0.0,0.02215,0.0,0.10173,0.0,0.0,0.0,0.0,0.0,0.12384
2025-09-20 05:55:00,Uno M404,0.0269,1.1398,0.0,0.0,0.0,0.0,0.02927,0.00477,0.0,0.0221,0.0,0.01093,0.0,0.0,0.0,0.0,0.0,1.23638
2025-09-20 06:00:00,Uno M404,0.02689,1.1436,0.0,0.0,0.0,0.0,0.02929,0.00475,0.0,0.02204,0.0,0.01081,0.0,0.0,0.0,0.0,0.0,1.24012
2025-09-20 06:05:00,Uno M404,0.026690000000000002,1.1438,0.0,0.0,0.0,0.0,0.02926,0.004730000000000001,0.0,0.02186,0.0,0.01093,0.0,0.0,0.0,0.0,0.0,1.24026
2025-09-20 06:10:00,Uno M404,0.02637,0.02621,0.0,0.0,0.0,0.0,0.0292,0.00468,0.0,0.02153,0.0,0.01116,0.0,0.0,0.0,0.0,0.0,0.12292
2025-09-20 06:15:00,Uno M404,0.026789999999999998,0.02598,0.0,0.0,0.0,0.0,0.02919,0.00475,0.0,0.02177,0.0,0.01067,0.0,0.0,0.0,0.0,0.0,0.12251000000000001
2025-09-20 06:20:00,Uno M404,0.0264,0.02615,0.0,0.0,0.0,0.0,0.02919,0.0047,0.0,0.02158,0.0,0.01082,0.0,0.0,0.0,0.0,0.0,0.12272
2025-09-20 06:25:00,Uno M404,0.02623,0.02599,0.0,0.0,0.0,0.0,0.02922,0.004849999999999999,0.0,0.02149,0.0,0.01093,0.0,0.0,0.0,0.0,0.0,0.12208
2025-09-20 06:30:00,Uno M404,0.02609,0.02607,0.0,0.0,0.09783,0.0,0.02912,0.00478,0.0,0.0214,0.0,0.10845999999999999,0.0,0.0,0.0,0.0,0.0,0.12197
2025-09-20 06:35:00,Uno M404,0.02614,1.12667,0.0,0.0,0.08607,0.0,0.0294,0.00484,0.0,0.02129,0.0,0.0965,0.0,0.0,0.0,0.0,0.0,1.22159
2025-09-20 06:40:00,Uno M404,0.02612,1.12792,0.0,0.0,0.0,0.0,0.02935,0.00471,0.0,0.02131,0.0,0.01089,0.0,0.0,0.0,0.0,0.0,1.22198
2025-09-20 06:45:00,Uno M404,0.026,1.03507,0.0,0.0,0.0,0.0,0.02933,0.00477,0.0,0.02124,0.0,0.0106,0.0,0.0,0.0,0.0,0.0,1.1300999999999999
2025-09-20 06:50:00,Uno M404,0.02615,0.0259,0.0,0.0,0.0,0.0,0.02916,0.00479,0.0,0.02122,0.0,0.01086,0.0,0.0,0.0,0.0,0.0,0.12149
2025-09-20 06:55:00,Uno M404,0.02625,0.02597,0.0,0.0,0.0,0.0,0.02917,0.00471,0.0,0.0214,0.0,0.01065,0.0,0.0,0.0,0.0,0.0,0.12224
2025-09-20 07:00:00,Uno M404,0.02637,0.02586,0.0,0.0,0.0,0.0,0.02917,0.004730000000000001,0.0,0.02142,0.0,0.01069,0.0,0.0,0.0,0.0,0.0,0.1216
2025-09-20 07:05:00,Uno M404,0.026170000000000002,0.02597,0.0,0.0,0.0,0.0,0.02919,0.00484,0.0,0.0215,0.0,0.01089,0.0,0.0,0.0,0.0,0.0,0.12181
2025-09-20 07:10:00,Uno M404,0.02625,1.12933,0.0,0.0,0.0,2e-05,0.02924,0.00479,0.0,0.02155,0.0,0.01075,0.0,0.0,0.0,0.0,0.0,1.22431
2025-09-20 07:15:00,Uno M404,0.02633,1.1336300000000001,0.0,0.0,0.09381999999999999,2e-05,0.02927,0.004730000000000001,0.0,0.0212,0.0,0.1042,0.0,0.0,0.0,0.0,0.0,1.22849
2025-09-20 07:20:00,Uno M404,0.02594,1.1318,0.0,0.0,0.0,4e-05,0.02928,0.00471,0.0,0.02103,0.0,0.01062,0.0,0.0,0.0,0.0,0.0,1.22652
2025-09-20 07:25:00,Uno M404,0.03227,0.02576,0.0,0.0,0.0,0.0,0.02904,0.00478,0.0,0.027219999999999998,0.0,0.0105,0.0,0.0,0.0,0.0,0.0,0.1211
2025-09-20 07:30:00,Uno M404,0.03189,0.02588,0.0,0.0,0.0,2e-05,0.02909,0.0048,0.0,0.02707,0.0,0.01058,0.0,0.0,0.01001,0.0,0.0,0.13234
2025-09-20 07:35:00,Uno M404,0.032310000000000005,0.02561,0.0,0.0,0.0,5e-05,0.02912,0.00474,0.0,0.02725,0.0,0.01046,0.0,0.0,0.0,0.0,0.0,0.1206
2025-09-20 07:40:00,Uno M404,0.02253,0.02604,0.0,0.0,0.0,5e-05,0.02917,0.00082,0.0,0.02097,0.0,0.0107,0.0,0.0,0.0,0.0,0.0,0.12178
2025-09-20 07:45:00,Uno M404,0.02286,0.03753,0.0,0.0,0.0,0.00017999999999999998,0.02915,0.00109,0.0,0.02121,0.0,0.0107,0.0,0.0,0.0,0.0,0.0,0.13331
2025-09-20 07:50:00,Uno M404,0.022969999999999997,1.14462,0.0,0.0,0.0,0.00014000000000000001,0.0,0.00064,0.0,0.021079999999999998,0.0,0.01047,0.0,0.0,0.0,0.0,0.0,1.21034
2025-09-20 07:55:00,Uno M404,0.02302,1.1429200000000002,0.0,0.0,0.10159,5e-05,0.02951,0.00045,0.0,0.02121,0.0,0.11155,0.0,0.0,0.0,0.0,0.0,1.2381900000000001
2025-09-20 08:00:00,Uno M404,0.02281,0.026199999999999998,0.0,0.0,0.08854000000000001,0.0,0.02912,0.00058,0.0,0.02104,0.0,0.09834999999999999,0.0,0.0,0.0,0.0,0.0,0.12235
2025-09-20 08:05:00,Uno M404,0.023219999999999998,0.02608,0.0,0.0,0.0,0.0,0.02909,0.00045,0.0,0.02133,0.0,0.010320000000000001,0.0,0.0,0.0,0.0,0.0,0.12189
2025-09-20 08:10:00,Uno M404,0.02277,0.02605,0.0,0.0,0.0,0.0,0.02917,0.00014000000000000001,0.0,0.02117,0.0,0.01047,0.0,0.0,0.0,0.0,0.0,0.12183
2025-09-20 08:15:00,Uno M404,0.02284,0.02597,0.0,0.0,0.0,0.0,0.02912,0.00101,0.0,0.02111,0.0,0.010490000000000001,0.0,0.0,0.0,0.0,0.0,0.12126
2025-09-20 08:20:00,Uno M404,0.02289,1.1305699999999999,0.0,0.0,0.0,0.00011,0.02929,0.00078,0.0,0.02126,0.0,0.01055,0.0,0.0,0.0,0.0,0.0,1.22547
2025-09-20 08:25:00,Uno M404,0.02257,1.14259,0.0,0.0,0.0,4e-05,0.02919,0.00045,0.0,0.02094,0.0,0.0104,0.0,0.0,0.0,0.0,0.0,1.23797
2025-09-20 08:30:00,Uno M404,0.02291,0.02587,0.0,0.0,0.0,2e-05,0.029079999999999998,0.00082,0.0,0.02102,0.0,0.01034,0.0,0.0,0.0,0.0,0.0,0.12128
2025-09-20 08:35:00,Uno M404,0.02255,0.02585,0.0,0.0,0.0,0.0,0.02902,0.00053,0.0,0.02093,0.0,0.01034,0.0,0.0,0.0,0.0,0.0,0.12041
2025-09-20 08:40:00,Uno M404,0.023010000000000003,0.02544,0.0,0.0,0.09595999999999999,7.000000000000001e-05,0.02907,0.00113,0.0,0.02113,0.0,0.10629000000000001,0.0,0.0,0.0,0.0,0.0,0.11921999999999999
2025-09-20 08:45:00,Uno M404,0.022359999999999998,0.02583,0.0,0.0,0.0,5e-05,0.02904,0.00109,0.0,0.02075,0.0,0.01076,0.0,0.0,0.0,0.0,0.0,0.1205
2025-09-20 08:50:00,Uno M404,0.02255,1.1325,0.0,0.0,0.0,5.9999999999999995e-05,0.02923,0.00078,0.0,0.02088,0.0,0.01112,0.0,0.0,0.0,0.0,0.0,1.22633
2025-09-20 08:55:00,Uno M404,0.02234,1.13905,0.0,0.0,0.0,5.9999999999999995e-05,0.0293,0.00054,0.0,0.020579999999999998,0.0,0.0105,0.0,0.0,0.0,0.0,0.0,1.23245
2025-09-20 09:00:00,Uno M404,0.02248,0.0255,0.0,0.0,0.0,2e-05,0.02903,0.00055,0.0,0.02067,0.0,0.01097,0.0,0.0,0.0,0.0,0.0,0.11974
2025-09-20 09:05:00,Uno M404,0.02246,0.02563,0.0,0.0,0.0,2e-05,0.02897,0.00061,0.0,0.02057,0.0,0.01053,0.0,0.0,0.0,0.0,0.0,0.1198
2025-09-20 09:10:00,Uno M404,0.0225,0.02514,0.0,0.0,0.0,0.00011999999999999999,0.02904,0.00058,0.0,0.02061,0.0,0.01074,0.0,0.0,0.0,0.0,0.0,0.11812
2025-09-20 09:15:00,Uno M404,0.02216,0.025070000000000002,0.0,0.0,0.0,8.999999999999999e-05,0.02912,0.00049,0.0,0.02042,0.0,0.0105,0.0,0.0,0.0,0.0,0.0,0.11712
2025-09-20 09:20:00,Uno M404,0.02846,0.00025,0.0,0.0,0.0,8e-05,0.0291,0.0002,0.0,0.026670000000000003,0.0,0.01084,0.0,0.0,0.0,0.0,0.0,0.09506999999999999
2025-09-20 09:25:00,Uno M404,0.04937,8e-05,0.0,0.0,0.09154999999999999,0.00011999999999999999,0.05856,0.0221,0.0,0.02707,0.0,0.10260999999999999,0.0,0.0,0.0,0.0,0.0,0.12337999999999999
2025-09-20 09:30:00,Uno M404,0.049049999999999996,0.00017999999999999998,0.0,0.0,0.0,0.00041999999999999996,0.05717,0.022010000000000002,0.0,0.02683,0.0,0.0108,0.0,0.0,0.0,0.0,0.0,0.12281
2025-09-20 09:35:00,Uno M404,0.04911,0.0004,0.0,0.0,0.0,8.999999999999999e-05,0.04345,0.02208,0.0,0.026940000000000002,0.0,0.01083,0.0,0.0,0.0,0.0,0.0,0.10941
2025-09-20 09:40:00,Uno M404,0.04868,0.00043,0.0,0.0,0.0,8.999999999999999e-05,0.05182,0.02194,0.0,0.026539999999999998,0.0,0.00332,0.0,0.0,0.0,0.0,0.0,0.11778
2025-09-20 09:45:00,Uno M404,0.04907,0.00034,0.0,0.0,0.0,0.00026000000000000003,0.03756,0.02198,0.0,0.02668,0.0,0.0036,0.0,0.0,0.0,0.0,0.0,0.1034
2025-09-20 09:50:00,Uno M404,0.0489,0.00028000000000000003,0.0,0.0,0.0,0.00011999999999999999,0.049030000000000004,0.02196,0.0,0.026629999999999997,0.0,0.0035299999999999997,0.0,0.0,0.0,0.0,0.0,0.11359
2025-09-20 09:55:00,Uno M404,0.04897,0.00011999999999999999,0.0,0.0,0.0,5.9999999999999995e-05,0.0364,0.021929999999999998,0.0,0.02647,0.0,0.00342,0.0,0.0,0.0,0.0,0.0,0.1013
2025-09-20 10:00:00,Uno M404,0.04861,0.00013000000000000002,0.0,0.0,0.0,7.000000000000001e-05,0.055689999999999996,0.02206,0.0,0.026350000000000002,0.0,0.00367,0.0,0.0,0.0,0.0,0.0,0.11985
2025-09-20 10:05:00,Uno M404,0.04868,0.00035,0.0,0.0,0.09773,2e-05,0.052090000000000004,0.022019999999999998,0.0,0.026539999999999998,0.0,0.10074,0.0,0.0,0.0,0.0,0.0,0.11716
2025-09-20 10:10:00,Uno M404,0.04876,0.00062,0.0,0.0,0.08631,2e-05,0.04777,0.02203,0.0,0.02647,0.0,0.08936,0.0,0.0,0.0,0.0,0.0,0.11211
2025-09-20 10:15:00,Uno M404,0.04852,5.9999999999999995e-05,0.0,0.0,0.0,0.00014000000000000001,0.047880000000000006,0.02197,0.0,0.02641,0.0,0.0038399999999999997,0.0,0.0,0.0,0.0,0.0,0.11177
2025-09-20 10:20:00,Uno M404,0.04843,0.00016,0.0,0.0,0.0,5e-05,0.08115,0.02203,0.0,0.0261,0.0,0.00414,0.0,0.0,0.0,0.0,0.0,0.14495
2025-09-20 10:25:00,Uno M404,0.0484,0.00011999999999999999,0.0,0.0,0.0,0.00023,0.07446,0.02204,0.0,0.02616,0.0,0.00368,0.0,0.0,0.0,0.0,0.0,0.13892
2025-09-20 10:30:00,Uno M404,0.04982,0.00025,0.0,0.0,0.0,7.000000000000001e-05,0.07490000000000001,0.022170000000000002,0.0,0.027399999999999997,0.0,0.01081,0.0,0.0,0.0,0.0,0.0,0.14268
2025-09-20 10:35:00,Uno M404,0.04955,0.00034,0.0,0.0,0.0,0.00023,0.16722,0.02208,0.0,0.02709,0.0,0.01063,0.0,0.0,0.0,0.0,0.0,0.23487
2025-09-20 10:40:00,Uno M404,0.02932,0.00026000000000000003,0.0,0.0,0.10244,5e-05,0.16194,0.00094,0.0,0.027399999999999997,0.0,0.11356000000000001,0.0,0.0,0.0,0.0,0.0,0.22955
2025-09-20 10:45:00,Uno M404,0.0294,0.0004,0.0,0.0,0.09376000000000001,0.00013000000000000002,0.14568,0.00076,0.0,0.027530000000000002,0.0,0.10968000000000001,0.0,0.0,0.0,0.0,0.0,0.21308000000000002
2025-09-20 10:50:00,Uno M404,0.02931,0.00051,0.0,0.0,0.08702,0.00027,0.11503000000000001,0.00132,0.0,0.027350000000000003,0.0,0.09675,0.0,0.0,0.0,0.0,0.0,0.18287
2025-09-20 10:55:00,Uno M404,0.04977,0.00029,0.0,0.0,0.0,0.00041,0.11708,0.022170000000000002,0.0,0.027350000000000003,0.0,0.01033,0.0,0.0,0.0,0.0,0.0,0.18521
2025-09-20 11:00:00,Uno M404,0.04955,0.0004,0.0,0.0,0.0,0.00023,0.11737,0.02215,0.0,0.02721,0.0,0.01033,0.0,0.0,0.0,0.0,0.0,0.12208
2025-09-20 11:05:00,Uno M404,0.02147,0.00035999999999999997,0.0,0.0,0.0,0.00069,0.11586,0.02214,0.0,0.0,0.0,0.02674,0.0,0.0,0.0,0.01579,0.0,0.14178
2025-09-20 11:10:00,Uno M404,0.02146,0.00051,0.0,0.0,0.0,0.00062,0.11486,0.022170000000000002,0.0,0.0,0.0,0.02646,0.0,0.0,0.0,0.01549,0.0,0.14075
2025-09-20 11:15:00,Uno M404,0.02155,0.00058,0.0,0.0,0.0,0.00037,0.11639000000000001,0.022260000000000002,0.0,0.0,0.0,0.02614,0.0,0.0,0.0,0.015449999999999998,0.0,0.14229
2025-09-20 11:20:00,Uno M404,0.02153,0.00041999999999999996,0.0,0.0,0.0,0.00053,0.11473,0.0221,0.0,0.0,0.0,0.02716,0.0,0.0,0.0,0.01537,0.0,0.14054
2025-09-20 11:25:00,Uno M404,0.02761,0.0005899999999999999,0.0,0.0,,,0.11545,0.02214,0.0,0.00552,,,0.0,0.0,0.0,,,0.14121
2025-09-20 11:30:00,Uno M404,,,,,0.08907999999999999,0.00046,,,,,0.0,0.09875,,,,0.0,0.0,
2025-09-20 11:35:00,Uno M404,,0.0005200000000000001,,,0.09124,0.00047,0.11453,,,,0.0,0.10074,0.0,0.0,0.0,0.0,0.0,0.14024
2025-09-20 11:40:00,Uno M404,0.03006,0.00148,0.0,0.0,0.0,0.0023799999999999997,0.22852,0.00284,0.0,0.028120000000000003,0.0,0.02612,0.0,0.0,0.0,0.0043,0.0,0.28004
2025-09-20 11:45:00,Uno M404,0.02401,0.00078,0.0,0.0,0.0,0.00083,0.11473,0.00175,0.0,0.02213,0.0,0.013099999999999999,0.0,0.0,0.0,0.0023599999999999997,0.0,0.14062
2025-09-20 11:50:00,Uno M404,0.024079999999999997,0.0008100000000000001,0.0,0.0,0.0,0.00124,0.1157,0.0015300000000000001,0.0,0.02218,0.0,0.01298,0.0,0.0,0.01035,0.0021000000000000003,0.0,0.15297
2025-09-20 11:55:00,Uno M404,0.0508,0.0008100000000000001,0.0,0.0,0.0,0.00103,0.11907999999999999,0.02233,0.0,0.02847,0.0,0.013099999999999999,0.0,0.0,0.01053,0.0022400000000000002,0.0,0.15661000000000003
2025-09-20 12:00:00,Uno M404,0.03039,0.00053,0.0,0.0,0.0,0.00127,0.11844,0.0014,0.0,0.02842,0.0,0.030449999999999998,0.0,0.0,0.0,0.00229,0.0,0.14436000000000002
2025-09-20 12:05:00,Uno M404,0.03058,0.00055,0.0,0.0,0.0,0.00122,0.11623,0.00114,0.0,0.0286,0.0,0.01303,0.0,0.0,0.0,0.00222,0.0,0.14323
2025-09-20 12:10:00,Uno M404,0.030510000000000002,0.00058,0.0,0.0,0.0,0.0011200000000000001,0.1165,0.00146,0.0,0.02856,0.0,0.01325,0.0,0.0,0.0,0.00229,0.0,0.14242
2025-09-20 12:15:00,Uno M404,0.030440000000000002,0.00038,0.0,0.0,0.10882,0.00115,0.11719,0.0013700000000000001,0.0,0.02841,0.0,0.12143999999999999,0.0,0.0,0.0,0.00209,0.0,0.14299
2025-09-20 12:20:00,Uno M404,0.0,0.00047,0.0,0.0,0.09866,0.0007099999999999999,0.11623,0.00145,0.0,0.0,0.0,0.11225,0.0,0.0,0.0,0.00219,0.0,0.14209
2025-09-20 12:25:00,Uno M404,0.0,0.0005600000000000001,0.0,0.0,0.09211,0.00068,0.11732,0.00149,0.0,0.0,0.0,0.15399000000000002,0.0,0.0,0.0,0.00216,0.0,0.14324
2025-09-20 12:30:00,Uno M404,0.0,0.00055,0.0,0.0,0.08777,0.00051,0.11544,0.00133,0.0,0.0,0.0,0.1432,0.0,0.0,0.0,0.0020800000000000003,0.0,0.14119
2025-09-20 12:35:00,Uno M404,0.0,0.0005899999999999999,0.0,0.0,0.0,0.00095,0.11181999999999999,0.00166,0.0,0.0,0.0,0.05479,0.0,0.0,0.0,0.0022,0.0,0.13765
2025-09-20 12:40:00,Uno M404,0.0,0.00073,0.0,0.0,0.0009,0.00088,0.11633,0.00125,0.0,0.0,0.0,0.07837999999999999,0.0,0.0,0.0,0.00226,0.0,0.14208
2025-09-20 12:45:00,Uno M404,0.0,0.00039,0.0,0.0,0.10597,0.00054,0.11936,0.00151,0.0,0.0,0.0,0.15969,0.0,0.0,0.0,0.00219,0.0,0.14532
2025-09-20 12:50:00,Uno M404,0.0,0.0008,0.0,0.0,0.18819,0.00123,0.22962,0.0033,0.0,0.0,0.0,0.34123000000000003,0.0,0.0,0.0,0.0040999999999999995,0.0,0.28086
2025-09-20 12:55:00,Uno M404,0.0,0.00097,0.0,0.0,0.1845,0.0022400000000000002,0.23154,0.0030600000000000002,0.0,0.0,0.0,0.2922,0.0,0.0,0.0,0.00426,0.0,0.28304
2025-09-20 13:00:00,Uno M404,0.0,0.00106,0.0,0.0,0.17909999999999998,0.00218,0.22896,0.00367,0.0,0.0,0.0,0.28662,0.0,0.0,0.0,0.00426,0.0,0.28046
2025-09-20 13:05:00,Uno M404,1e-05,0.00058,0.0,0.0,0.0,0.0009699999999999999,0.11535,0.00181,0.0,0.0,0.0,0.054520000000000006,0.0,0.0,0.0,0.00213,0.0,0.14119
2025-09-20 13:10:00,Uno M404,0.0,0.0008,0.0,0.0,0.0,0.00133,0.11526,0.00211,0.0,0.0,0.0,0.07235,0.0,0.0,0.0,0.00216,0.0,0.14109
2025-09-20 13:15:00,Uno M404,0.0,0.00092,0.0,0.0,0.0,0.00182,0.14609,0.00189,0.0,0.0,0.0,0.06888,0.0,0.0,0.0,0.00209,0.0,0.17215
2025-09-20 13:20:00,Uno M404,0.0078,0.00076,0.0,0.0,0.10748,0.0011799999999999998,0.14384,0.00115,0.0,0.00584,0.8,0.97169,0.0,0.0,0.0,0.0022299999999999998,0.0,0.17016
2025-09-20 13:25:00,Uno M404,0.0,0.00082,0.0,0.0,0.09493,0.0012,0.14743,0.00175,0.0,0.0,0.78371,0.93892,0.0,0.0,0.0,0.00209,0.0,0.17329
2025-09-20 13:30:00,Uno M404,0.0,0.00069,0.0,0.0,0.08826,0.00158,0.14493999999999999,0.00184,0.0,0.0,0.7890199999999999,0.9359299999999999,0.0,0.0,0.0,0.00206,0.0,0.17085
2025-09-20 13:35:00,Uno M404,0.0,0.00092,0.0,0.0,0.0,0.00138,0.14490999999999998,0.00188,0.0,0.0,0.7891,0.8475,0.0,0.0,0.0,0.0019199999999999998,0.0,0.17084
2025-09-20 13:40:00,Uno M404,0.0,0.00079,0.0,0.0,0.0,0.00127,0.14425,0.0016699999999999998,0.0,0.0,0.04408,0.10284,0.0,0.0,0.0,0.00209,0.0,0.17038
2025-09-20 13:45:00,Uno M404,0.02149,0.00083,0.0,0.0,,,0.14637999999999998,0.02224,0.0,0.0,,,0.0,0.0,0.0,,,0.17215
2025-09-20 13:50:00,Uno M404,0.0216,0.00086,0.0,0.0,0.09520999999999999,0.00113,0.14730000000000001,0.0223,0.0,0.0,0.04341,0.19522,0.0,0.0,0.0,0.00228,0.0,0.17311
2025-09-20 13:55:00,Uno M404,0.02158,0.00075,0.0,0.0,0.08812,0.00141,0.14689,0.02231,0.0,0.0,0.043429999999999996,0.18406,0.0,0.0,0.0,0.00226,0.0,0.17317
2025-09-20 14:00:00,Uno M404,0.02158,0.00065,0.0,0.0,0.0,0.00151,0.14404,0.02231,0.0,0.0,0.04382,0.09695000000000001,0.0,0.0,0.0,0.00219,0.0,0.16993
2025-09-20 14:05:00,Uno M404,0.02154,0.0008100000000000001,0.0,0.0,0.0,0.00111,0.14493,0.022269999999999998,0.0,0.0,0.0436,0.10254,0.0,0.0,0.0,0.00227,0.0,0.1705
2025-09-20 14:10:00,Uno M404,0.02146,0.00074,0.0,0.0,0.0,0.0015300000000000001,0.14679,0.02239,0.0,0.0,0.04328,0.11895,0.0,0.0,0.0,0.00216,0.0,0.17262
2025-09-20 14:15:00,Uno M404,0.0214,0.00083,0.0,0.0,0.0,0.00092,0.1439,0.02231,0.0,0.0,0.04279,0.09559999999999999,0.0,0.0,0.0,0.0023599999999999997,0.0,0.16963999999999999
2025-09-20 14:20:00,Uno M404,0.02767,0.00067,0.0,0.0,0.11456000000000001,0.00134,0.14794,0.02234,0.0,0.0054,0.04285,0.2092,0.0,0.0,0.0,0.0022,0.0,0.17364
2025-09-20 14:25:00,Uno M404,3.2504,0.00083,0.0,0.0,0.09059,0.00146,0.14651,0.02224,3.22234,0.00551,0.04246,0.18475,0.0,0.0,0.0,0.00213,0.0,0.17231
2025-09-20 14:30:00,Uno M404,0.0,0.00087,0.0,0.0,0.0,0.00103,0.14604,0.00177,0.0,0.0,0.04243,0.0947,0.0,0.0,0.0,0.00216,0.0,0.17207
2025-09-20 14:35:00,Uno M404,0.0,0.00058,0.0,0.0,0.0,0.00122,0.14592,0.00166,0.0,0.0,0.04235,0.09475,0.0,0.0,0.0,0.00219,0.0,0.17163
2025-09-20 14:40:00,Uno M404,0.0,0.00086,0.0,0.0,0.0,0.00134,0.15616,0.00147,0.0,0.0,0.04222,0.09478,0.0,0.0,0.0,0.00214,0.0,0.18187
2025-09-20 14:45:00,Uno M404,0.0,0.0005600000000000001,0.0,0.0,0.10314,0.0007199999999999999,0.15519999999999998,0.00152,0.0,0.0,0.041960000000000004,0.19699,0.0,0.0,0.0,0.00209,0.0,0.18103
2025-09-20 14:50:00,Uno M404,0.0,0.00068,0.0,0.0,0.09040000000000001,0.00111,0.14787999999999998,0.00171,0.0,0.0,0.04193,0.18463,0.0,0.0,0.0,0.00209,0.0,0.17368
2025-09-20 14:55:00,Uno M404,0.0,0.00067,0.0,0.0,0.0,0.00088,0.14306,0.0012900000000000001,0.0,0.0,0.04201,0.09459999999999999,0.0,0.0,0.0,0.00216,0.0,0.16877
2025-09-20 15:00:00,Uno M404,0.02985,0.00067,0.0,0.0,0.0,0.00098,0.14581,0.00134,0.0,0.027809999999999998,0.04208,0.09467,0.0,0.0,0.0,0.0017900000000000001,0.0,0.15075999999999998
2025-09-20 15:05:00,Uno M404,3.3618,0.00078,0.0,3.3334200000000003,0.0,0.0016200000000000001,0.14755000000000001,0.0020800000000000003,0.0,0.02734,0.04231,0.09504,0.0,0.0,0.03344,0.00204,0.0,0.18737
2025-09-20 15:10:00,Uno M404,3.3749499999999997,0.0004,0.0,3.34639,0.0,0.00181,0.14816,0.00202,0.0,0.027350000000000003,0.04265,0.09612000000000001,0.0,3.314,0.03156,0.00152,0.0,3.49918
2025-09-20 15:15:00,Uno M404,0.0,0.00098,0.0,0.0,0.0,0.00133,0.14672,0.0014399999999999999,0.0,0.0,0.04186,0.09456,0.0,0.0,0.0101,0.0017800000000000001,0.0,0.16278
2025-09-20 15:20:00,Uno M404,0.00736,0.0008,0.0,0.0,0.09065999999999999,0.00067,0.14425,0.00051,0.0,0.00574,0.04188,0.1844,0.0,0.0,0.07077,0.0020299999999999997,0.0,0.30943
2025-09-20 15:25:00,Uno M404,0.0075,0.00028000000000000003,0.0,0.0,0.0,0.00027,0.14655,0.00029,0.0,0.0057,0.04182,0.09501000000000001,0.0,0.0,0.06963,0.0021000000000000003,0.0,0.22194999999999998
2025-09-20 15:30:00,Uno M404,0.00738,0.0005600000000000001,0.0,0.0,0.0,0.0003,0.14593,0.00038,0.0,0.00556,0.041659999999999996,0.09462999999999999,0.0,0.0,0.06876,0.0019299999999999999,0.0,0.24109999999999998
2025-09-20 15:35:00,Uno M404,0.00734,0.00028000000000000003,0.0,0.0,0.0,5e-05,0.14782,0.00017999999999999998,0.0,0.0055899999999999995,0.041659999999999996,0.09456999999999999,0.0,0.0,0.0,0.00212,0.0,0.17298
2025-09-20 15:40:00,Uno M404,0.0074,0.00025,0.0,0.0,0.0,7.000000000000001e-05,0.14746,0.00016,0.0,0.005809999999999999,0.04142,0.09459999999999999,0.0,0.0,0.0,0.00214,0.0,0.15178999999999998
2025-09-20 15:45:00,Uno M404,0.00747,0.0005200000000000001,0.0,0.0,0.0,5.9999999999999995e-05,-0.00034,0.00013000000000000002,0.0,0.00567,0.04168,0.04846,0.0,0.0,0.0,0.00216,0.0,0.00294
2025-09-20 15:50:00,Uno M404,0.00741,0.00013000000000000002,0.0,0.0,0.08975,0.0,-8.999999999999999e-05,1e-05,0.0,0.005679999999999999,0.04127,0.13752,0.0,0.0,0.0,0.002,0.0,0.00309
2025-09-20 15:55:00,Uno M404,0.00736,8e-05,0.0,0.0,0.0,0.0,-2e-05,0.0,0.0,0.00567,0.04108,0.04859,0.0,0.0,0.0,0.00197,0.0,0.00287
2025-09-20 16:00:00,Uno M404,0.00744,0.00020999999999999998,0.0,0.0,0.0,0.0,-1e-05,2e-05,0.0,0.0057599999999999995,0.04124,0.04882,0.0,0.0,0.0,0.00209,0.0,0.00294
2025-09-20 16:05:00,Uno M404,0.00739,5.9999999999999995e-05,0.0,0.0,0.0,0.0,-5e-05,0.0,0.0,0.005679999999999999,0.04133,0.048909999999999995,0.0,0.0,0.0,0.00204,0.0,0.0030299999999999997
2025-09-20 16:10:00,Uno M404,0.00734,4e-05,0.0,0.0,0.0,0.0,0.0,1e-05,0.0,0.00571,0.041409999999999995,0.04893,0.0,0.0,0.0,0.00216,0.0,0.0029100000000000003
2025-09-20 16:15:00,Uno M404,0.00744,5e-05,0.0,0.0,0.0,0.0,-1e-05,0.0,0.0,0.00574,0.0414,0.04893,0.0,0.0,0.0,0.00207,0.0,0.0028799999999999997
2025-09-20 16:20:00,Uno M404,0.00738,8.999999999999999e-05,0.0,0.0,0.09001,0.0,-7.000000000000001e-05,0.0,0.0,0.00558,0.041159999999999995,0.13853000000000001,0.0,0.0,0.0,0.00219,0.0,0.0029
2025-09-20 16:25:00,Uno M404,0.00734,4e-05,0.0,0.0,0.0,0.0,0.0,0.0,0.0,0.00584,0.041159999999999995,0.04901,0.0,0.0,0.0,0.00206,0.0,0.0029300000000000003
2025-09-20 16:30:00,Uno M404,0.00734,4e-05,0.0,0.0,0.0,0.0,0.0,0.0,0.0,0.0058,0.041049999999999996,0.04862,0.0,0.0,0.0,0.00206,0.0,0.00296
2025-09-20 16:35:00,Uno M404,0.00737,,0.0,0.0,0.0,0.0,,0.0,0.0,0.005809999999999999,0.04104,0.04877,,,,0.00188,0.0,
2025-09-20 16:40:00,Uno M404,0.00736,5e-05,0.0,0.0,0.0,0.0,0.0,0.0,0.0,0.005809999999999999,0.040979999999999996,0.04826,0.0,0.0,0.0,0.00219,0.0,0.0030099999999999997
2025-09-20 16:45:00,Uno M404,0.00738,4e-05,0.0,0.0,0.0,0.0,0.0,0.0,0.0,0.005679999999999999,0.04077,0.04825,0.0,0.0,0.0,0.00215,0.0,0.00289
2025-09-20 16:50:00,Uno M404,0.0072,0.0,0.0,0.0,0.0,0.0,0.0,0.0,0.0,0.00584,0.04099,0.048549999999999996,0.0,0.0,0.0,0.00217,0.0,0.0029100000000000003
2025-09-20 16:55:00,Uno M404,0.00718,4e-05,0.0,0.0,0.0,0.0,0.0,0.0,0.0,0.0056,0.040920000000000005,0.048310000000000006,0.0,0.0,0.0,0.00221,0.0,0.00309
2025-09-20 17:00:00,Uno M404,0.00751,5.9999999999999995e-05,0.0,0.0,0.1008,0.0,0.0,0.0,0.0,0.00566,0.04106,0.14901,0.0,0.0,0.0,0.00209,0.0,0.00294
2025-09-20 17:05:00,Uno M404,0.00743,1e-05,0.0,0.0,,,0.0,0.0,0.0,0.0056500000000000005,,,0.0,0.0,0.0,,,0.0029500000000000004
2025-09-20 17:10:00,Uno M404,0.00732,2e-05,0.0,0.0,0.0,0.0,-1e-05,0.0,0.0,0.00567,0.04107,0.04883,0.0,0.0,0.0,0.00209,0.0,0.0028799999999999997
2025-09-20 17:15:00,Uno M404,0.00724,1e-05,0.0,0.0,0.0,0.0,0.0,0.0,0.0,0.0058,0.04112,0.04888,0.0,0.0,0.0,0.00219,0.0,0.00287
2025-09-20 17:20:00,Uno M404,0.00744,0.0,0.0,0.0,0.0,0.0,0.0,0.0,0.0,0.00574,0.040409999999999995,0.04862,0.0,0.0,0.0,0.0022400000000000002,0.0,0.0028799999999999997
2025-09-20 17:25:00,Uno M404,0.00719,0.0,0.0,0.0,0.0,0.0,0.0,0.0,0.0,0.005719999999999999,0.04052,0.04852,0.0,0.0,0.0,0.00217,0.0,0.00294
2025-09-20 17:30:00,Uno M404,0.00726,0.0,0.0,0.0,0.0,0.0,0.0,0.0,0.0,0.005719999999999999,0.04079,0.04904,0.0,0.0,0.0,0.00221,0.0,0.0028
2025-09-20 17:35:00,Uno M404,,0.0,,,0.0,0.0,0.0,,,,0.04082,0.048960000000000004,0.0,0.0,0.0,0.00213,0.0,0.0028599999999999997
2025-09-20 17:40:00,Uno M404,0.00736,0.0,0.0,0.0,0.0,0.0,0.0,0.0,0.0,0.0057599999999999995,0.040619999999999996,0.04886,0.0,0.0,0.0,0.00213,0.0,0.00289
2025-09-20 17:45:00,Uno M404,0.0073,0.0,0.0,0.0,0.1092,0.0,0.0,0.0,0.0,0.005679999999999999,0.04057,0.15774000000000002,0.0,0.0,0.0,0.00207,0.0,0.00281
2025-09-20 17:50:00,Uno M404,0.00745,,0.0,0.0,0.09147,0.0,,0.0,0.0,0.00577,0.040479999999999995,0.13945,,,,0.00214,0.0,
2025-09-20 17:55:00,Uno M404,0.00731,0.0,0.0,0.0,0.0,0.0,0.0,0.0,0.0,0.00563,0.04059,0.04834,0.0,0.0,0.0,0.00219,0.0,0.0029100000000000003
2025-09-20 18:00:00,Uno M404,0.0072699999999999996,5e-05,0.0,0.0,0.0,0.0,0.0,0.0,0.0,0.005730000000000001,0.04096,0.048670000000000005,0.0,0.0,0.0,0.0021000000000000003,0.0,0.0028599999999999997
2025-09-20 18:05:00,Uno M404,0.00746,0.0,0.0,0.0,0.0,0.0,0.0,0.0,0.0,0.00578,0.041030000000000004,0.04875,0.0,0.0,0.0,0.00217,0.0,0.00277
2025-09-20 18:10:00,Uno M404,0.0074,1e-05,0.0,0.0,0.0,0.0,-4e-05,0.0,0.0,0.005679999999999999,0.04077,0.048350000000000004,0.0,0.0,0.0,0.00221,0.0,0.0029100000000000003
2025-09-20 18:15:00,Uno M404,0.0072699999999999996,1e-05,0.0,0.0,0.0,0.0,0.0,0.0,0.0,0.005679999999999999,0.040780000000000004,0.048240000000000005,0.0,0.0,0.0,0.00227,0.0,0.0029500000000000004
2025-09-20 18:20:00,Uno M404,0.00723,1e-05,0.0,0.0,0.0,0.0,0.0,0.0,0.0,0.00561,0.040479999999999995,0.048,0.0,0.0,0.0,0.00221,0.0,0.003
2025-09-20 18:25:00,Uno M404,0.00741,0.0,0.0,0.0,0.0,0.0,0.0,0.0,0.0,0.005719999999999999,0.040369999999999996,0.04779,0.0,0.0,0.0,0.00226,0.0,0.00296
2025-09-20 18:30:00,Uno M404,0.00725,1e-05,0.0,0.0,0.0,0.0,0.0,0.0,0.0,0.00578,0.040409999999999995,0.047659999999999994,0.0,0.0,0.0,0.00221,0.0,0.00297
2025-09-20 18:35:00,Uno M404,0.00725,0.0,0.0,0.0,0.09548000000000001,0.0,0.0,0.0,0.0,0.00561,0.0402,0.14263,0.0,0.0,0.0,0.00226,0.0,0.00287
2025-09-20 18:40:00,Uno M404,0.00726,2e-05,0.0,0.0,0.08485,0.0,0.0,0.0,0.0,0.0055,0.03976,0.13175,0.0,0.0,0.0,0.00221,0.0,0.0028799999999999997
2025-09-20 18:45:00,Uno M404,0.00721,1e-05,0.0,0.0,0.0,0.0,0.0,0.0,0.0,0.00587,0.03976,0.04683,0.0,0.0,0.0,0.00222,0.0,0.0029100000000000003
2025-09-20 18:50:00,Uno M404,0.00707,1e-05,0.0,0.0,0.0,0.0,0.0,0.0,0.0,0.00564,0.0394,0.04665999999999999,0.0,0.0,0.0,0.00215,0.0,0.00282
2025-09-20 18:55:00,Uno M404,0.0074,4e-05,0.0,0.0,0.0,0.0,0.0,0.0,0.0,0.005679999999999999,0.039450000000000006,0.04667,0.0,0.0,0.0,0.0022400000000000002,0.0,0.00281
2025-09-20 19:00:00,Uno M404,0.021750000000000002,8e-05,0.0,0.0,0.0,0.0,0.0,0.0,0.0,0.016980000000000002,0.11913000000000001,0.14085000000000003,0.0,0.0,0.0,0.006869999999999999,0.0,0.00871
2025-09-20 19:05:00,Uno M404,0.0145,2e-05,0.0,0.0,0.0,0.0,0.0,0.0,0.0,0.011300000000000001,0.07872,0.0928,0.0,0.0,0.0,0.00466,0.0,0.00564
2025-09-20 19:10:00,Uno M404,0.01462,2e-05,0.0,0.0,0.0,0.0,0.0,0.0,0.0,0.01106,0.07864,0.09295999999999999,0.0,0.0,0.0,0.00462,0.0,0.006
2025-09-20 19:15:00,Uno M404,0.00711,0.0,0.0,0.0,0.0,0.0,0.0,0.0,0.0,0.005679999999999999,0.039380000000000005,0.04668,0.0,0.0,0.0,0.00226,0.0,0.003
2025-09-20 19:20:00,Uno M404,0.00719,8.999999999999999e-05,0.0,0.0,0.09799,0.0,0.0,0.0,0.0,0.00554,0.039729999999999994,0.14439,0.0,0.0,0.0,0.00227,0.0,0.0029
2025-09-20 19:25:00,Uno M404,0.00737,8.999999999999999e-05,0.0,0.0,0.08769,0.0,0.0,1e-05,0.0,0.00561,0.03978,0.13406,0.0,0.0,0.0,0.0023,0.0,0.0028799999999999997
2025-09-20 19:30:00,Uno M404,0.0072,5.9999999999999995e-05,0.0,0.0,0.0,0.0,0.0,1e-05,0.0,0.00574,0.04,0.04696,0.0,0.0,0.0,0.0022299999999999998,0.0,0.0030299999999999997
2025-09-20 19:35:00,Uno M404,0.0072,4e-05,0.0,0.0,0.0,0.0,-1e-05,1e-05,0.0,0.00567,0.040240000000000005,0.0471,0.0,0.0,0.0,0.0022299999999999998,0.0,0.00294
2025-09-20 19:40:00,Uno M404,0.00723,7.000000000000001e-05,0.0,0.0,0.0,0.0,-1e-05,0.0,0.0,0.00561,0.04051,0.04718,0.0,0.0,0.0,0.00219,0.0,0.0029300000000000003
2025-09-20 19:45:00,Uno M404,0.0074,5e-05,0.0,0.0,0.0,0.0,0.0,1e-05,0.0,0.00561,0.04052,0.04718,0.0,0.0,0.0,0.00226,0.0,0.00311
2025-09-20 19:50:00,Uno M404,0.0072699999999999996,0.00022,0.0,0.0,0.0,0.0,-5e-05,4e-05,0.0,0.0055899999999999995,0.04082,0.04771,0.0,0.0,0.0,0.00229,0.0,0.003
2025-09-20 19:55:00,Uno M404,0.00731,0.00014000000000000001,0.0,0.0,0.0,0.0,0.0,0.0,0.0,0.005860000000000001,0.04106,0.048060000000000005,0.0,0.0,0.0,0.00231,0.0,0.0029300000000000003
2025-09-20 20:00:00,Uno M404,0.00736,7.000000000000001e-05,0.0,0.0,0.0,1e-05,-1e-05,4e-05,0.0,0.0057,0.04125,0.0479,0.0,0.0,0.0,0.00233,0.0,0.0031
2025-09-20 20:05:00,Uno M404,0.00736,8.999999999999999e-05,0.0,0.0,0.0,2e-05,-2e-05,7.000000000000001e-05,0.0,0.00571,0.04124,0.04797,0.0,0.0,0.0,0.00216,0.0,0.00314
2025-09-20 20:10:00,Uno M404,0.00736,0.00026000000000000003,0.0,0.0,0.09342,0.0,-8e-05,4e-05,0.0,0.00578,0.0412,0.14086,0.0,0.0,0.0,0.00229,0.0,0.00304
2025-09-20 20:15:00,Uno M404,0.00744,0.00020999999999999998,0.0,0.0,0.0,0.0,-1e-05,2e-05,0.0,0.00556,0.04124,0.047700000000000006,0.0,0.0,0.0,0.00221,0.0,0.00294
2025-09-20 20:20:00,Uno M404,0.0073,0.00016,0.0,0.0,0.0,0.0,0.0,1e-05,0.0,0.00563,0.04131,0.04776,0.0,0.0,0.0,0.00233,0.0,0.0030299999999999997
2025-09-20 20:25:00,Uno M404,0.00739,0.00019,0.0,0.0,0.0,0.0,-1e-05,8e-05,0.0,0.00558,0.04177,0.04819,0.0,0.0,0.0,0.00226,0.0,0.00309
2025-09-20 20:30:00,Uno M404,0.00738,0.0002,0.0,0.0,0.0,2e-05,0.0,8.999999999999999e-05,0.0,0.00558,0.04184,0.04865,0.0,0.0,0.0,0.0022299999999999998,0.0,0.00302
2025-09-20 20:35:00,Uno M404,0.00731,0.00017999999999999998,0.0,0.0,0.0,2e-05,-2e-05,8e-05,0.0,0.0057,0.04163,0.04833,0.0,0.0,0.0,0.00204,0.0,0.00313
2025-09-20 20:40:00,Uno M404,0.00744,0.00017999999999999998,0.0,0.0,0.0,2e-05,0.0,5e-05,0.0,0.0055899999999999995,0.04177,0.04811,0.0,0.0,0.0,0.0022400000000000002,0.0,0.00304
2025-09-20 20:45:00,Uno M404,0.00737,0.00019,0.0,0.0,0.0,0.0,-4e-05,0.00013000000000000002,0.0,0.00553,0.04172,0.04818,0.0,0.0,0.0,0.00216,0.0,0.0030099999999999997
2025-09-20 20:50:00,Uno M404,0.00731,0.00013000000000000002,0.0,0.0,0.0,0.0,-1e-05,2e-05,0.0,0.0056500000000000005,0.04174,0.048100000000000004,0.0,0.0,0.0,0.0022400000000000002,0.0,0.00314
2025-09-20 20:55:00,Uno M404,0.00746,0.00015,0.0,0.0,0.0983,0.0,-7.000000000000001e-05,1e-05,0.0,0.005730000000000001,0.04158,0.14584,0.0,0.0,0.0,0.00202,0.0,0.00316
2025-09-20 21:00:00,Uno M404,0.00734,0.00023,0.0,0.0,0.08882999999999999,0.0,-2e-05,0.00019,0.0,0.0057599999999999995,0.04176,0.13632,0.0,0.0,0.0,0.00222,0.0,0.00313
2025-09-20 21:05:00,Uno M404,0.00734,0.00016,0.0,0.0,0.0,0.0,-1e-05,5e-05,0.0,0.0056500000000000005,0.04225,0.04854,0.0,0.0,0.0,0.00217,0.0,0.00309
2025-09-20 21:10:00,Uno M404,0.00731,0.00046,0.0,0.0,0.0,5e-05,-0.00011999999999999999,0.0002,0.0,0.005719999999999999,0.042140000000000004,0.048490000000000005,0.0,0.0,0.0,0.00221,0.0,0.0030299999999999997
2025-09-20 21:15:00,Uno M404,0.00754,0.00033,0.0,0.0,0.0,8e-05,-8e-05,0.00015,0.0,0.00567,0.0423,0.04882,0.0,0.0,0.0,0.00227,0.0,0.0031
2025-09-20 21:20:00,Uno M404,0.00737,0.00047,0.0,0.0,0.0,5e-05,-8e-05,0.00014000000000000001,0.0,0.005730000000000001,0.04242,0.04884,0.0,0.0,0.0,0.00233,0.0,0.00323
2025-09-20 21:25:00,Uno M404,0.00737,0.00023,0.0,0.0,0.0,0.0,-1e-05,0.00028000000000000003,0.0,0.00564,0.04225,0.04846,0.0,0.0,0.0,0.00235,0.0,0.00317
2025-09-20 21:30:00,Uno M404,0.00747,0.00016,0.0,0.0,0.0,0.0,-5.9999999999999995e-05,8e-05,0.0,0.00574,0.0423,0.04887,0.0,0.0,0.0,0.00209,0.0,0.00313
2025-09-20 21:35:00,Uno M404,0.00741,0.00027,0.0,0.0,0.0,1e-05,-0.00013000000000000002,0.00016,0.0,0.00566,0.04235,0.04854,0.0,0.0,0.0,0.00227,0.0,0.00321
2025-09-20 21:40:00,Uno M404,0.00738,0.00011999999999999999,0.0,0.0,0.10882,0.0,-2e-05,0.00011999999999999999,0.0,0.00584,0.04243,0.15708000000000003,0.0,0.0,0.0,0.00215,0.0,0.00307
2025-09-20 21:45:00,Uno M404,0.00752,0.00035,0.0,0.0,0.09292,1e-05,-0.00014000000000000001,0.00017999999999999998,0.0,0.005730000000000001,0.04255,0.14134,0.0,0.0,0.0,0.00196,0.0,0.00327
2025-09-20 21:50:00,Uno M404,0.00745,0.00023,0.0,0.0,0.0,8e-05,-8.999999999999999e-05,7.000000000000001e-05,0.0,0.005730000000000001,0.04297,0.04924,0.0,0.0,0.0,0.00226,0.0,0.00325
2025-09-20 21:55:00,Uno M404,0.00745,0.00022,0.0,0.0,0.0,5.9999999999999995e-05,-7.000000000000001e-05,0.00011,0.0,0.00561,0.04304,0.04931,0.0,0.0,0.0,0.00215,0.0,0.00318
2025-09-20 22:00:00,Uno M404,0.00746,0.00029,0.0,0.0,0.0,8e-05,-0.00026000000000000003,0.00016,0.0,0.00556,0.04339,0.0498,0.0,0.0,0.0,0.00227,0.0,0.00313
2025-09-20 22:05:00,Uno M404,0.00754,0.00041,0.0,0.0,0.0,5.9999999999999995e-05,-0.00013000000000000002,5e-05,0.0,0.00577,0.04312,0.04947,0.0,0.0,0.0,0.00206,0.0,0.00321
2025-09-20 22:10:00,Uno M404,0.00754,0.00017999999999999998,0.0,0.0,0.0,0.0,-2e-05,5.9999999999999995e-05,0.0,0.00571,0.04331,0.04965,0.0,0.0,0.0,0.00206,0.0,0.00316
2025-09-20 22:15:00,Uno M404,0.00744,0.00015,0.0,0.0,0.0,4e-05,-5.9999999999999995e-05,0.0,0.0,0.00567,0.04314,0.04929,0.0,0.0,0.0,0.00222,0.0,0.00313
2025-09-20 22:20:00,Uno M404,0.00757,0.00025,0.0,0.0,0.0,5e-05,-7.000000000000001e-05,5e-05,0.0,0.00563,0.04306,0.049530000000000005,0.0,0.0,0.0,0.00207,0.0,0.0030299999999999997
2025-09-20 22:25:00,Uno M404,0.00744,0.00016,0.0,0.0,0.0,0.0,-2e-05,8.999999999999999e-05,0.0,0.005730000000000001,0.04316,0.0493,0.0,0.0,0.0,0.00219,0.0,0.00325
2025-09-20 22:30:00,Uno M404,0.00752,0.00025,0.0,0.0,0.09809999999999999,0.0,-5e-05,5e-05,0.0,0.00578,0.04291,0.14672,0.0,0.0,0.0,0.00214,0.0,0.0030800000000000003
2025-09-20 22:35:00,Uno M404,0.0075899999999999995,0.00032,0.0,0.0,0.08798,0.0,-5e-05,5e-05,0.0,0.005900000000000001,0.04297,0.13669,0.0,0.0,0.0,0.00214,0.0,0.00315
2025-09-20 22:40:00,Uno M404,0.00746,0.00015,0.0,0.0,0.0,1e-05,0.0,4e-05,0.0,0.005809999999999999,0.04285,0.049100000000000005,0.0,0.0,0.0,0.00214,0.0,0.00317
2025-09-20 22:45:00,Uno M404,0.0075,0.00022,0.0,0.0,0.0,0.00039,-5.9999999999999995e-05,0.00031,0.0,0.005809999999999999,0.04308,0.04952,0.0,0.0,0.0,0.0013700000000000001,0.0,0.00309
2025-09-20 22:50:00,Uno M404,0.00751,0.0002,0.0,0.0,0.0,0.00011999999999999999,-4e-05,0.00022,0.0,0.00566,0.04292,0.04917,0.0,0.0,0.0,0.00209,0.0,0.003
2025-09-20 22:55:00,Uno M404,0.00744,0.00026000000000000003,0.0,0.0,0.0,8.999999999999999e-05,-4e-05,2e-05,0.0,0.005809999999999999,0.04294,0.04904,0.0,0.0,0.0,0.00221,0.0,0.00307
2025-09-20 23:00:00,Uno M404,0.00745,0.00025,0.0,0.0,0.0,0.00016,-8e-05,7.000000000000001e-05,0.0,0.0058,0.04309,0.04931,0.0,0.0,0.0,0.00189,0.0,0.00309
2025-09-20 23:05:00,Uno M404,0.00754,0.00025,0.0,0.0,0.0,5e-05,-0.00023,0.00014000000000000001,0.0,0.00577,0.04345,0.04983,0.0,0.0,0.0,0.00195,0.0,0.0031
2025-09-20 23:10:00,Uno M404,0.00751,8.999999999999999e-05,0.0,0.0,0.0,8.999999999999999e-05,-7.000000000000001e-05,0.00015,0.0,0.0057,0.04352,0.0498,0.0,0.0,0.0,0.00219,0.0,0.0032
2025-09-20 23:15:00,Uno M404,0.00758,0.00025,0.0,0.0,0.11416,0.0,-0.00014000000000000001,5.9999999999999995e-05,0.0,0.00584,0.0434,0.16321000000000002,0.0,0.0,0.0,0.00206,0.0,0.00298
2025-09-20 23:20:00,Uno M404,0.0075899999999999995,0.0004,0.0,0.0,0.09290000000000001,0.0,-8e-05,0.00014000000000000001,0.0,0.0058,0.0435,0.1421,0.0,0.0,0.0,0.0021000000000000003,0.0,0.00321
2025-09-20 23:25:00,Uno M404,0.00749,0.00043,0.0,0.0,0.08995,5e-05,0.059770000000000004,0.00041,0.0,0.005849999999999999,0.04355,0.14665,0.0,0.0,0.010289999999999999,0.00213,0.0,0.09725
2025-09-20 23:30:00,Uno M404,0.00746,8e-05,0.0,0.0,0.0,4e-05,0.05972,0.00039,0.0,0.00574,0.0,0.01409,0.0,0.0,0.0,0.00212,0.0,0.06408
2025-09-20 23:35:00,Uno M404,0.00752,0.00014000000000000001,0.0,0.0,0.0,0.0,0.13363999999999998,8.999999999999999e-05,0.0,0.0058,0.0,0.00677,0.0,0.0,0.0,0.00216,0.0,0.13892
2025-09-20 23:40:00,Uno M404,0.00747,0.00014000000000000001,0.0,0.0,0.0,4e-05,0.13038999999999998,0.00014000000000000001,0.0,0.005849999999999999,0.0,0.00667,0.0,0.0,0.0,0.00215,0.0,0.13506
2025-09-20 23:45:00,Uno M404,0.00752,0.00020999999999999998,0.0,0.0,0.0,2e-05,0.13255,0.00025,0.0,0.00588,0.0,0.00661,0.0,0.0,0.0,0.0019299999999999999,0.0,0.1372
2025-09-20 23:50:00,Uno M404,0.03091,0.00014000000000000001,0.0,0.0,0.00049,0.0,0.13188999999999998,0.00020999999999999998,0.0,0.02888,0.0,0.015269999999999999,0.0,0.0,0.0,0.0022400000000000002,0.0,0.15744
2025-09-20 23:55:00,Uno M404,0.024550000000000002,0.00016,0.0,0.0,0.0,0.00011,0.12962,0.00046,0.0,0.022699999999999998,0.0,0.01375,0.0,0.0,0.0,0.0022,0.0,0.15514
2025-09-21 00:00:00,Uno M404,0.024329999999999997,0.0002,0.0,0.0,0.1026,0.0,0.12819,0.00033,0.0,0.02244,0.0,0.11596,0.0,0.0,0.0,0.0020800000000000003,0.0,0.15378999999999998
2025-09-21 00:05:00,Uno M404,0.02441,0.00011,0.0,0.0,0.08862,4e-05,0.12996000000000002,0.00039,0.0,0.0224,0.0,0.10281,0.0,0.0,0.0,0.00219,0.0,0.15531999999999999
2025-09-21 00:10:00,Uno M404,0.02409,0.00015,0.0,0.0,0.0,0.00013000000000000002,0.13223,0.00041,0.0,0.02222,0.0,0.01423,0.0,0.0,0.0,0.0020299999999999997,0.0,0.15781
2025-09-21 00:15:00,Uno M404,0.024149999999999998,7.000000000000001e-05,0.0,0.0,0.0,0.0,0.12953,0.00023999999999999998,0.0,0.02237,0.0,0.01455,0.0,0.0,0.0,0.00216,0.0,0.15503999999999998
2025-09-21 00:20:00,Uno M404,0.02419,4e-05,0.0,0.0,0.0,7.000000000000001e-05,0.12905,0.00029,0.0,0.022260000000000002,0.0,0.01399,0.0,0.0,0.0,0.0019299999999999999,0.0,0.15446000000000001
2025-09-21 00:25:00,Uno M404,0.024210000000000002,0.00017999999999999998,0.0,0.0,0.0,0.00029,0.13034,0.00028000000000000003,0.0,0.02241,0.0,0.01357,0.0,0.0,0.0,0.00216,0.0,0.15588999999999997
2025-09-21 00:30:00,Uno M404,0.02413,7.000000000000001e-05,0.0,0.0,0.0,2e-05,0.13071000000000002,0.00014000000000000001,0.0,0.0223,0.0,0.01445,0.0,0.0,0.0,0.002,0.0,0.15622
2025-09-21 00:35:00,Uno M404,0.02404,0.00014000000000000001,0.0,0.0,0.0,1e-05,0.13026,0.00044,0.0,0.02229,0.0,0.01393,0.0,0.0,0.0,0.00219,0.0,0.15565
2025-09-21 00:40:00,Uno M404,0.02382,5e-05,0.0,0.0,0.0,0.0,0.12999000000000002,0.00017999999999999998,0.0,0.0218,0.0,0.01434,0.0,0.0,0.0,0.00213,0.0,0.15538999999999997
2025-09-21 00:45:00,Uno M404,0.023739999999999997,5.9999999999999995e-05,0.0,0.0,0.0,0.0,0.13058,2e-05,0.0,0.0219,0.0,0.01447,0.0,0.0,0.0,0.00213,0.0,0.15594
2025-09-21 00:50:00,Uno M404,0.023870000000000002,5.9999999999999995e-05,0.0,0.0,0.09687,5e-05,0.13144999999999998,0.00035999999999999997,0.0,0.02189,0.0,0.11055,0.0,0.0,0.0,0.0020099999999999996,0.0,0.15681
2025-09-21 00:55:00,Uno M404,0.02367,0.00014000000000000001,0.0,0.0,0.0,1e-05,0.1305,0.0004,0.0,0.02183,0.0,0.013720000000000001,0.0,0.0,0.0,0.00195,0.0,0.15593
2025-09-21 01:00:00,Uno M404,0.023710000000000002,7.000000000000001e-05,0.0,0.0,0.0,5e-05,0.13004,0.00035,0.0,0.02184,0.0,0.01385,0.0,0.0,0.0,0.0022400000000000002,0.0,0.15544
2025-09-21 01:05:00,Uno M404,0.02402,0.00011,0.0,0.0,0.0,5e-05,0.13066,0.00016,0.0,0.02206,0.0,0.013619999999999998,0.0,0.0,0.0,0.00204,0.0,0.15609
2025-09-21 01:10:00,Uno M404,0.023940000000000003,0.00014000000000000001,0.0,0.0,0.0,0.0,0.13019999999999998,0.00041,0.0,0.0222,0.0,0.01433,0.0,0.0,0.0,0.00229,0.0,0.15613
2025-09-21 01:15:00,Uno M404,0.02404,8.999999999999999e-05,0.0,0.0,0.0,5e-05,0.13113999999999998,0.00034,0.0,0.02216,0.0,0.01385,0.0,0.0,0.0,0.0022,0.0,0.15663
2025-09-21 01:20:00,Uno M404,0.02393,5e-05,0.0,0.0,0.0,8e-05,0.13115000000000002,0.00039,0.0,0.02203,0.0,0.01417,0.0,0.0,0.0,0.00216,0.0,0.15686000000000003
2025-09-21 01:25:00,Uno M404,0.02426,0.00031,0.0,0.0,0.0,8.999999999999999e-05,0.13013,0.00041999999999999996,0.0,0.0225,0.0,0.01399,0.0,0.0,0.0,0.0022400000000000002,0.0,0.15575
2025-09-21 01:30:00,Uno M404,0.024210000000000002,0.00016,0.0,0.0,0.0,7.000000000000001e-05,0.13097999999999999,0.00046,0.0,0.0224,0.0,0.01384,0.0,0.0,0.0,0.00206,0.0,0.1566
2025-09-21 01:35:00,Uno M404,0.007690000000000001,0.00033,0.0,0.0,0.10589,0.0,0.13041,0.00017999999999999998,0.0,0.0059299999999999995,0.0,0.11239,0.0,0.0,0.03279,0.00217,0.0,0.18991999999999998
2025-09-21 01:40:00,Uno M404,0.0,0.00027,0.0,0.0,0.09104000000000001,0.0,0.1308,0.00067,0.0,0.0,0.0,0.09801,0.0,0.0,0.03163,0.00226,0.0,0.18912
2025-09-21 01:45:00,Uno M404,0.0,0.9618300000000001,0.0,0.0,0.0,7.000000000000001e-05,0.12994,0.0011899999999999999,0.0,0.0,0.0,0.00664,0.0,0.0,0.0,0.00164,0.0,1.1338
2025-09-21 01:50:00,Uno M404,0.0,1.15662,0.0,0.0,0.0,0.0,-7.000000000000001e-05,0.00135,0.0,0.0,0.0,0.0038900000000000002,0.0,0.0,0.0,0.0,0.0,1.19089
2025-09-21 01:55:00,Uno M404,0.0,1.1732,0.0,0.0,0.0,0.0,0.0,0.00058,0.0,0.0,0.0,0.0033799999999999998,0.0,0.0,0.0,0.0,0.0,1.26711
2025-09-21 02:00:00,Uno M404,0.0,0.02721,0.0,0.0,0.0,0.0,-0.00016,0.00106,0.0,0.0,0.0,0.0033799999999999998,0.0,0.0,0.0,0.0,0.0,0.11819
2025-09-21 02:05:00,Uno M404,0.0,0.027379999999999998,0.0,0.0,0.0,5.9999999999999995e-05,-2e-05,0.00122,0.0,0.0,0.0,0.0037,0.0,0.0,0.0,0.0,0.0,0.11265
2025-09-21 02:10:00,Uno M404,0.0,1.1644100000000002,0.0,0.0,0.0,1e-05,0.0,0.00138,0.0,0.0,0.0,0.00375,0.0,0.0,0.0,0.0,0.0,1.24958
2025-09-21 02:15:00,Uno M404,0.0,1.16909,0.0,0.0,0.0,5e-05,0.0,0.00124,0.0,0.0,0.0,0.00362,0.0,0.0,0.0,0.0,0.0,1.25542
2025-09-21 02:20:00,Uno M404,0.0,1.17114,0.0,0.0,0.0,1e-05,-2e-05,0.00093,0.0,0.0,0.0,0.00372,0.0,0.0,0.0,0.0,0.0,1.25496
2025-09-21 02:25:00,Uno M404,0.0,1.1743800000000002,0.0,0.0,0.09886,0.0,0.0,0.00061,0.0,0.0,0.0,0.1025,0.0,0.0,0.0,0.0,0.0,1.26237
2025-09-21 02:30:00,Uno M404,0.0,1.18089,0.0,0.0,0.08689,0.0,-2e-05,0.00091,0.0,0.0,0.0,0.09006,0.0,0.0,0.0,0.0,0.0,1.25498
2025-09-21 02:35:00,Uno M404,1e-05,0.02729,0.0,0.0,0.0,0.0,-0.00015,0.00087,0.0,0.0,0.0,0.00344,0.0,0.0,0.0,0.0,0.0,0.10035
2025-09-21 02:40:00,Uno M404,0.0,0.02727,0.0,0.0,0.0,0.0,-0.0002,0.00076,0.0,0.0,0.0,0.0035499999999999998,0.0,0.0,0.0,0.0,0.0,0.10928
2025-09-21 02:45:00,Uno M404,0.0,0.027440000000000003,0.0,0.0,0.0,0.0,-5e-05,0.00066,0.0,0.0,0.0,0.0036,0.0,0.0,0.0,0.0,0.0,0.11263
2025-09-21 02:50:00,Uno M404,0.0,0.02718,0.0,0.0,0.0,0.0,-1e-05,0.0008100000000000001,0.0,0.0,0.0,0.00372,0.0,0.0,0.0,0.0,0.0,0.11334999999999999
2025-09-21 02:55:00,Uno M404,0.0,0.02732,0.0,0.0,0.0,0.0,-0.00027,0.00049,0.0,0.0,0.0,0.00369,0.0,0.0,0.0,0.0,0.0,0.11087999999999999
2025-09-21 03:00:00,Uno M404,0.0,0.027239999999999997,0.0,0.0,0.0,0.0,-2e-05,0.00025,0.0,0.0,0.0,0.00359,0.0,0.0,0.0,0.0,0.0,0.10870999999999999
2025-09-21 03:05:00,Uno M404,0.0,0.027420000000000003,0.0,0.0,0.0,1e-05,-0.00011999999999999999,0.00113,0.0,0.0,0.0,0.00383,0.0,0.0,0.0,0.0,0.0,0.10953
2025-09-21 03:10:00,Uno M404,0.0,0.027440000000000003,0.0,0.0,0.0,0.0,-1e-05,0.00107,0.0,0.0,0.0,0.00404,0.0,0.0,0.0,0.0,0.0,0.11045999999999999
2025-09-21 03:15:00,Uno M404,0.0,1.15173,0.0,0.0,0.09387999999999999,0.0,0.0,0.00058,0.0,0.0,0.0,0.09799,0.0,0.0,0.0,0.0,0.0,1.2291500000000002
2025-09-21 03:20:00,Uno M404,0.0,1.1560599999999999,0.0,0.0,0.0,0.0,0.0,0.00085,0.0,0.0,0.0,0.00401,0.0,0.0,0.0,0.0,0.0,1.2323199999999999
2025-09-21 03:25:00,Uno M404,0.0,1.16229,0.0,0.0,0.0,1e-05,0.0,0.00098,0.0,0.0,0.0,0.00398,0.0,0.0,0.0,0.0,0.0,1.23742
2025-09-21 03:30:00,Uno M404,0.0,1.16049,0.0,0.0,0.0,0.0,0.0,0.00076,0.0,0.0,0.0,0.0038,0.0,0.0,0.0,0.0,0.0,1.23391
2025-09-21 03:35:00,Uno M404,0.0,1.16501,0.0,0.0,0.0,0.0,0.0,0.00065,0.0,0.0,0.0,0.0037,0.0,0.0,0.0,0.0,0.0,1.23796
2025-09-21 03:40:00,Uno M404,0.0,1.16741,0.0,0.0,0.0,0.0,-1e-05,0.00025,0.0,0.0,0.0,0.00377,0.0,0.0,0.0,0.0,0.0,1.23925
2025-09-21 03:45:00,Uno M404,0.0,1.1601400000000002,0.0,0.0,0.0,0.0,0.0,0.00092,0.0,0.0,0.0,0.00349,0.0,0.0,0.0,0.0,0.0,1.2315699999999998
2025-09-21 03:50:00,Uno M404,0.0,0.027559999999999998,0.0,0.0,0.0,0.0,-5.9999999999999995e-05,0.0008100000000000001,0.0,0.0,0.0,0.0038,0.0,0.0,0.0,0.0,0.0,0.09951
2025-09-21 03:55:00,Uno M404,0.0,0.027460000000000002,0.0,0.0,0.0,0.0,-0.00013000000000000002,0.00074,0.0,0.0,0.0,0.00432,0.0,0.0,0.0,0.0,0.0,0.09912
2025-09-21 04:00:00,Uno M404,0.0,0.027579999999999997,0.0,0.0,0.10178,0.0,-0.0002,0.00046,0.0,0.0,0.0,0.10533,0.0,0.0,0.0,0.0,0.0,0.09883
2025-09-21 04:05:00,Uno M404,0.0,0.02766,0.0,0.0,0.08926,0.0,-1e-05,0.00074,0.0,0.0,0.0,0.0925,0.0,0.0,0.0,0.0,0.0,0.09897
2025-09-21 04:10:00,Uno M404,0.0,0.02752,0.0,0.0,0.0,0.0,-4e-05,0.00045,0.0,0.0,0.0,0.00381,0.0,0.0,0.0,0.0,0.0,0.09652
2025-09-21 04:15:00,Uno M404,0.0,0.02734,0.0,0.0,0.0,0.0,-5.9999999999999995e-05,0.0011200000000000001,0.0,0.0,0.0,0.00382,0.0,0.0,0.0,0.0,0.0,0.09620999999999999
2025-09-21 04:20:00,Uno M404,0.0,0.02741,0.0,0.0,0.0,1e-05,-1e-05,0.0008399999999999999,0.0,0.0,0.0,0.0037,0.0,0.0,0.0,0.0,0.0,0.09652
2025-09-21 04:25:00,Uno M404,0.0,0.02748,0.0,0.0,0.0,0.0,-1e-05,0.00062,0.0,0.0,0.0,0.00381,0.0,0.0,0.0,0.0,0.0,0.09623000000000001
2025-09-21 04:30:00,Uno M404,0.0,0.027579999999999997,0.0,0.0,0.0,1e-05,-5.9999999999999995e-05,0.00106,0.0,0.0,0.0,0.00367,0.0,0.0,0.0,0.0,0.0,0.09689
2025-09-21 04:35:00,Uno M404,0.0,1.1558599999999999,0.0,0.0,0.0,0.0,-1e-05,0.0011200000000000001,0.0,0.0,0.0,0.00382,0.0,0.0,0.0,0.0,0.0,1.22442
2025-09-21 04:40:00,Uno M404,0.0,1.16034,0.0,0.0,0.0,0.0,-1e-05,0.00092,0.0,0.0,0.0,0.00412,0.0,0.0,0.0,0.0,0.0,1.22884
2025-09-21 04:45:00,Uno M404,0.0,1.16326,0.0,0.0,0.0,1e-05,0.0,0.0008399999999999999,0.0,0.0,0.0,0.00396,0.0,0.0,0.0,0.0,0.0,1.23177
2025-09-21 04:50:00,Uno M404,0.0,0.027260000000000003,0.0,0.0,0.09734999999999999,1e-05,0.0,0.0007199999999999999,0.0,0.0,0.0,0.10055,0.0,0.0,0.0,0.0,0.0,0.09579
2025-09-21 04:55:00,Uno M404,0.0,0.027420000000000003,0.0,0.0,0.0,0.0,-0.00011,0.00069,0.0,0.0,0.0,0.00382,0.0,0.0,0.0,0.0,0.0,0.09729
2025-09-21 05:00:00,Uno M404,0.0,0.027510000000000003,0.0,0.0,0.0,0.0,-0.0002,0.0005600000000000001,0.0,0.0,0.0,0.00359,0.0,0.0,0.0,0.0,0.0,0.09645999999999999
2025-09-21 05:05:00,Uno M404,0.0,0.027510000000000003,0.0,0.0,0.0,0.0,-0.00016,0.0005200000000000001,0.0,0.0,0.0,0.00381,0.0,0.0,0.0,0.0,0.0,0.09677
2025-09-21 05:10:00,Uno M404,0.0,0.027510000000000003,0.0,0.0,0.0,0.0,0.0,0.00033,0.0,0.0,0.0,0.00375,0.0,0.0,0.0,0.0,0.0,0.09623000000000001
2025-09-21 05:15:00,Uno M404,0.0,0.02732,0.0,0.0,0.0,0.0,-0.00011,0.00095,0.0,0.0,0.0,0.00363,0.0,0.0,0.0,0.0,0.0,0.09578
2025-09-21 05:20:00,Uno M404,0.0,0.027190000000000002,0.0,0.0,0.0,0.0,-1e-05,0.0011200000000000001,0.0,0.0,0.0,0.00369,0.0,0.0,0.0,0.0,0.0,0.09552
2025-09-21 05:25:00,Uno M404,0.0,1.15107,0.0,0.0,0.0,1e-05,0.0,0.00082,0.0,0.0,0.0,0.00377,0.0,0.0,0.0,0.0,0.0,1.21902
2025-09-21 05:30:00,Uno M404,0.0,1.1556099999999998,0.0,0.0,0.0,0.0,0.0,0.0007099999999999999,0.0,0.0,0.0,0.0038900000000000002,0.0,0.0,0.0,0.0,0.0,1.2232100000000001
2025-09-21 05:35:00,Uno M404,0.0,1.16002,0.0,0.0,0.10493999999999999,0.0,0.0,0.0011799999999999998,0.0,0.0,0.0,0.10822,0.0,0.0,0.0,0.0,0.0,1.2274100000000001
2025-09-21 05:40:00,Uno M404,0.0,0.02718,0.0,0.0,0.09178,0.0,-0.00016,0.00062,0.0,0.0,0.0,0.09501000000000001,0.0,0.0,0.0,0.0,0.0,0.09481999999999999
2025-09-21 05:45:00,Uno M404,0.0,0.026850000000000002,0.0,0.0,0.0,1e-05,-0.00011999999999999999,0.00062,0.0,0.0,0.0,0.00376,0.0,0.0,0.0,0.0,0.0,0.09434999999999999
2025-09-21 05:50:00,Uno M404,0.0,0.02711,0.0,0.0,0.0,0.0,-5e-05,0.00044,0.0,0.0,0.0,0.00414,0.0,0.0,0.0,0.0,0.0,0.09428
2025-09-21 05:55:00,Uno M404,0.0,0.026969999999999997,0.0,0.0,0.0,0.0,-2e-05,0.00058,0.0,0.0,0.0,0.0038799999999999998,0.0,0.0,0.0,0.0,0.0,0.0945
2025-09-21 06:00:00,Uno M404,0.0,0.02702,0.0,0.0,0.0,0.0,-8e-05,0.0009699999999999999,0.0,0.0,0.0,0.00412,0.0,0.0,0.0,0.0,0.0,0.09454000000000001
2025-09-21 06:05:00,Uno M404,0.0,0.02711,0.0,0.0,0.0,0.0,-1e-05,0.001,0.0,0.0,0.0,0.00393,0.0,0.0,0.0,0.0,0.0,0.09418000000000001
2025-09-21 06:10:00,Uno M404,0.0,1.1448399999999999,0.0,0.0,0.0,0.0,-2e-05,0.00047,0.0,0.0,0.0,0.00387,0.0,0.0,0.0,0.0,0.0,1.2112100000000001
2025-09-21 06:15:00,Uno M404,0.0,1.15491,0.0,0.0,0.0,0.0,0.0,0.00045,0.0,0.0,0.0,0.00381,0.0,0.0,0.0,0.0,0.0,1.22113
2025-09-21 06:20:00,Uno M404,0.0,0.02664,0.0,0.0,0.0,0.0,-1e-05,0.00023999999999999998,0.0,0.0,0.0,0.00368,0.0,0.0,0.0,0.0,0.0,0.09265000000000001
2025-09-21 06:25:00,Uno M404,0.0,0.026670000000000003,0.0,0.0,0.09781999999999999,0.0,0.0,0.00038,0.0,0.0,0.0,0.1014,0.0,0.0,0.0,0.0,0.0,0.09245
2025-09-21 06:30:00,Uno M404,1e-05,0.026670000000000003,0.0,0.0,0.08576,0.0,-1e-05,0.00041999999999999996,0.0,0.0,0.0,0.08943999999999999,0.0,0.0,0.0,0.0,0.0,0.09255
2025-09-21 06:35:00,Uno M404,0.0,0.02658,0.0,0.0,0.0,0.0,0.0,0.00054,0.0,0.0,0.0,0.00438,0.0,0.0,0.0,0.0,0.0,0.09259999999999999
2025-09-21 06:40:00,Uno M404,0.0,0.026539999999999998,0.0,0.0,0.0,0.0,-1e-05,0.00041999999999999996,0.0,0.0,0.0,0.00415,0.0,0.0,0.0,0.0,0.0,0.09195
2025-09-21 06:45:00,Uno M404,0.0,1.12888,0.0,0.0,0.0,0.0,0.0,0.00034,0.0,0.0,0.0,0.0039700000000000004,0.0,0.0,0.0,0.0,0.0,1.19344
2025-09-21 06:50:00,Uno M404,0.0,1.13748,0.0,0.0,0.0,0.0,0.0,0.0009699999999999999,0.0,0.0,0.0,0.00418,0.0,0.0,0.0,0.0,0.0,1.20203
2025-09-21 06:55:00,Uno M404,0.0,1.09836,0.0,0.0,0.0,0.0,0.0,0.00039,0.0,0.0,0.0,0.0035800000000000003,0.0,0.0,0.0,0.0,0.0,1.16376
2025-09-21 07:00:00,Uno M404,0.0,0.026670000000000003,0.0,0.0,0.0,0.0,-1e-05,0.00066,0.0,0.0,0.0,0.00352,0.0,0.0,0.0,0.0,0.0,0.09267
2025-09-21 07:05:00,Uno M404,0.0,0.026600000000000002,0.0,0.0,0.0,0.0,0.0,0.0005600000000000001,0.0,0.0,0.0,0.00379,0.0,0.0,0.0,0.0,0.0,0.09215999999999999
2025-09-21 07:10:00,Uno M404,0.0,0.02673,0.0,0.0,0.11048999999999999,0.0,-1e-05,0.00046,0.0,0.0,0.0,0.11465,0.0,0.0,0.0,0.0,0.0,0.09232
2025-09-21 07:15:00,Uno M404,0.03034,0.02647,0.0,0.0,0.09178,1e-05,0.0,0.00013000000000000002,0.0,0.028579999999999998,0.0,0.09540000000000001,0.0,0.0,0.0,0.0,0.0,0.09223
2025-09-21 07:20:00,Uno M404,0.030260000000000002,0.02641,0.0,0.0,0.0,0.0,0.0,0.00049,0.0,0.02834,0.0,0.0038,0.0,0.0,0.0,0.0,0.0,0.09204999999999999
2025-09-21 07:25:00,Uno M404,0.02993,1.1372200000000001,0.0,0.0,0.0,0.0,0.0,0.00065,0.0,0.02819,0.0,0.0038799999999999998,0.0,0.0,0.0,0.0,0.0,1.2021
2025-09-21 07:30:00,Uno M404,0.023530000000000002,1.14174,0.0,0.0,0.0,0.0,0.0,5.9999999999999995e-05,0.0,0.0218,0.0,0.0038,0.0,0.0,0.0,0.0,0.0,1.2063499999999998
2025-09-21 07:35:00,Uno M404,0.02343,0.02638,0.0,0.0,0.0,0.0,-1e-05,8.999999999999999e-05,0.0,0.02174,0.0,0.00405,0.0,0.0,0.0,0.0,0.0,0.09095
2025-09-21 07:40:00,Uno M404,0.023469999999999998,0.02633,0.0,0.0,0.0,0.0,0.0,0.00013000000000000002,0.0,0.02166,0.0,0.00408,0.0,0.0,0.0,0.0,0.0,0.09178
2025-09-21 07:45:00,Uno M404,0.023420000000000003,0.0265,0.0,0.0,0.0,4e-05,-4e-05,0.00014000000000000001,0.0,0.02176,0.0,0.0038399999999999997,0.0,0.0,0.0,0.0,0.0,0.09173
2025-09-21 07:50:00,Uno M404,0.023739999999999997,0.02675,0.0,0.0,0.0,2e-05,-2e-05,0.00065,0.0,0.02204,0.0,0.00373,0.0,0.0,0.0,0.0,0.0,0.09317
2025-09-21 07:55:00,Uno M404,0.02375,1.14925,0.0,0.0,0.0,0.0,0.0,0.00028000000000000003,0.0,0.02206,0.0,0.00369,0.0,0.0,0.0,0.0,0.0,1.21549
2025-09-21 08:00:00,Uno M404,0.02392,1.17324,0.0,0.0,0.09924,0.0,0.0,0.00031,0.0,0.02214,0.0,0.10246,0.0,0.0,0.0,0.0,0.0,1.23951
2025-09-21 08:05:00,Uno M404,0.024030000000000003,0.02674,0.0,0.0,0.08696,0.0,-5e-05,0.00044,0.0,0.02214,0.0,0.09031,0.0,0.0,0.0,0.0,0.0,0.09326000000000001
2025-09-21 08:10:00,Uno M404,0.02343,0.026809999999999997,0.0,0.0,0.0,0.0,-5.9999999999999995e-05,8e-05,0.0,0.02187,0.0,0.00346,0.0,0.0,0.0,0.0,0.0,0.09334
2025-09-21 08:15:00,Uno M404,0.023600000000000003,0.026850000000000002,0.0,0.0,0.0,0.0,-2e-05,8e-05,0.0,0.02195,0.0,0.00376,0.0,0.0,0.0,0.0,0.0,0.09351000000000001
2025-09-21 08:20:00,Uno M404,0.023420000000000003,0.026449999999999998,0.0,0.0,0.0,0.0,0.0,8e-05,0.0,0.02178,0.0,0.00398,0.0,0.0,0.0,0.0,0.0,0.09169
2025-09-21 08:25:00,Uno M404,0.02323,0.026719999999999997,0.0,0.0,0.0,0.0,-4e-05,0.00047,0.0,0.02158,0.0,0.00415,0.0,0.0,0.0,0.0,0.0,0.09229000000000001
2025-09-21 08:30:00,Uno M404,0.02291,1.1518599999999999,0.0,0.0,0.0,1e-05,0.0,0.00011,0.0,0.02126,0.0,0.00405,0.0,0.0,0.0,0.0,0.0,1.2173399999999999
2025-09-21 08:35:00,Uno M404,0.02311,1.17429,0.0,0.0,0.0,0.0,0.0,0.00020999999999999998,0.0,0.0212,0.0,0.00342,0.0,0.0,0.0,0.0,0.0,1.23866
2025-09-21 08:40:00,Uno M404,0.02311,0.02614,0.0,0.0,0.0,0.0,-2e-05,0.00014000000000000001,0.0,0.02141,0.0,0.00363,0.0,0.0,0.0,0.0,0.0,0.08964
2025-09-21 08:45:00,Uno M404,0.022969999999999997,0.02634,0.0,0.0,0.0,0.0,-8e-05,0.00045,0.0,0.02128,0.0,0.00391,0.0,0.0,0.0,0.0,0.0,0.09098
2025-09-21 08:50:00,Uno M404,0.02268,0.0265,0.0,0.0,0.094,0.0,-0.00014000000000000001,0.00015,0.0,0.02113,0.0,0.09742,0.0,0.0,0.0,0.0,0.0,0.09074
2025-09-21 08:55:00,Uno M404,0.02284,1.14177,0.0,0.0,0.0,0.0,-1e-05,0.00041999999999999996,0.0,0.02117,0.0,0.00368,0.0,0.0,0.0,0.0,0.0,1.2053800000000001
2025-09-21 09:00:00,Uno M404,0.02283,1.15188,0.0,0.0,0.0,2e-05,0.0,0.0004,0.0,0.02102,0.0,0.00363,0.0,0.0,0.0,0.0,0.0,1.21555
2025-09-21 09:05:00,Uno M404,0.02255,0.02619,0.0,0.0,0.0,0.0,0.0,0.0004,0.0,0.02082,0.0,0.0033900000000000002,0.0,0.0,0.0,0.0,0.0,0.09004000000000001
2025-09-21 09:10:00,Uno M404,0.02275,0.026260000000000002,0.0,0.0,0.0,0.0,0.0,0.00038,0.0,0.02088,0.0,0.00332,0.0,0.0,0.0,0.0,0.0,0.09035
2025-09-21 09:15:00,Uno M404,0.02262,0.02605,0.0,0.0,0.0,0.0,-4e-05,0.00034,0.0,0.02088,0.0,0.0037,0.0,0.0,0.0,0.0,0.0,0.08891
2025-09-21 09:20:00,Uno M404,0.02243,0.02613,0.0,0.0,0.0,0.0,-4e-05,0.0006,0.0,0.02082,0.0,0.0038399999999999997,0.0,0.0,0.0,0.0,0.0,0.08929000000000001
2025-09-21 09:25:00,Uno M404,0.02241,1.1430799999999999,0.0,0.0,0.0,0.0,0.0,2e-05,0.0,0.020649999999999998,0.0,0.00379,0.0,0.0,0.0,0.0,0.0,1.20541
2025-09-21 09:30:00,Uno M404,0.022609999999999998,0.02597,0.0,0.0,0.0,0.0,-1e-05,0.00022,0.0,0.020829999999999998,0.0,0.00366,0.0,0.0,0.0,0.0,0.0,0.08896
2025-09-21 09:35:00,Uno M404,0.02274,0.02618,0.0,0.0,0.09962,0.0,0.0,0.00033,0.0,0.02093,0.0,0.10317,0.0,0.0,0.0,0.0,0.0,0.0902
2025-09-21 09:40:00,Uno M404,0.02259,0.0261,0.0,0.0,0.08729,0.0,-1e-05,0.00014000000000000001,0.0,0.02086,0.0,0.09099,0.0,0.0,0.0,0.0,0.0,0.08976
2025-09-21 09:45:00,Uno M404,0.022010000000000002,0.02586,0.0,0.0,0.0,0.0,-1e-05,0.00017999999999999998,0.0,0.02038,0.0,0.004019999999999999,0.0,0.0,0.0,0.0,0.0,0.08886
2025-09-21 09:50:00,Uno M404,0.02255,0.02638,0.0,0.0,0.0,8e-05,-0.00026000000000000003,0.00062,0.0,0.0209,0.0,0.00391,0.0,0.0,0.0,0.0,0.0,0.08987
2025-09-21 09:55:00,Uno M404,0.02248,1.14701,0.0,0.0,0.0,0.0,0.0,0.00065,0.0,0.020640000000000002,0.0,0.0039700000000000004,0.0,0.0,0.0,0.0,0.0,1.2096900000000002
2025-09-21 10:00:00,Uno M404,0.02253,1.09147,0.0,0.0,0.0,2e-05,0.0,0.00039,0.0,0.02069,0.0,0.00382,0.0,0.0,0.0,0.0,0.0,1.1541700000000001
2025-09-21 10:05:00,Uno M404,0.02229,0.02581,0.0,0.0,0.0,0.0,-0.00017999999999999998,0.00035,0.0,0.02062,0.0,0.0035099999999999997,0.0,0.0,0.0,0.0,0.0,0.08818000000000001
2025-09-21 10:10:00,Uno M404,0.02248,0.02606,0.0,0.0,0.0,0.0,-5.9999999999999995e-05,0.00011999999999999999,0.0,0.02075,0.0,0.00363,0.0,0.0,0.0,0.0,0.0,0.08893000000000001
2025-09-21 10:15:00,Uno M404,0.0223,0.02587,0.0,0.0,0.0,0.0,-7.000000000000001e-05,0.00023999999999999998,0.0,0.02057,0.0,0.00405,0.0,0.0,0.0,0.0,0.0,0.08811
2025-09-21 10:20:00,Uno M404,0.022609999999999998,0.02576,0.0,0.0,0.0,0.0,0.0,0.00076,0.0,0.02075,0.0,0.00394,0.0,0.0,0.0,0.0,0.0,0.08777
2025-09-21 10:25:00,Uno M404,0.02253,1.14453,0.0,0.0,0.09461,0.0,0.0,0.00044,0.0,0.020739999999999998,0.0,0.09823,0.0,0.0,0.0,0.0,0.0,1.20676
2025-09-21 10:30:00,Uno M404,0.0,1.14439,0.0,0.0,0.0,0.0,0.020980000000000002,0.0005200000000000001,0.0,0.0,0.0,0.00553,0.0,0.0,0.0,0.0,0.0,1.22802
2025-09-21 10:35:00,Uno M404,0.0,1.14604,0.0,0.0,0.0,4e-05,0.02097,0.00068,0.0,0.0,0.0,0.0041600000000000005,0.0,0.0,0.0,0.0,0.0,1.2293800000000001
2025-09-21 10:40:00,Uno M404,0.0,0.00011999999999999999,0.0,0.0,0.0,0.0,0.11087999999999999,0.00039,0.0,0.0,0.0,0.00404,0.0,0.0,0.0,0.0,0.0,0.17482
2025-09-21 10:45:00,Uno M404,0.00725,0.00025,0.0,0.0,0.0,5.9999999999999995e-05,0.10690000000000001,0.00013000000000000002,0.0,0.00546,0.0,0.00415,0.0,0.0,0.0,0.0,0.0,0.1113
2025-09-21 10:50:00,Uno M404,0.0,0.00016,0.0,0.0,0.0,2e-05,0.10812999999999999,0.0008100000000000001,0.0,0.0,0.0,0.00387,0.0,0.0,0.0,0.0,0.0,0.11275
2025-09-21 10:55:00,Uno M404,0.0,0.00033,0.0,0.0,0.0,8.999999999999999e-05,0.0871,0.00073,0.0,0.0,0.0,0.00471,0.0,0.0,0.0,0.0,0.0,0.09169
2025-09-21 11:00:00,Uno M404,0.0,0.00023,0.0,0.0,0.0,0.0,0.08976,0.0006,0.0,0.0,0.0,0.004690000000000001,0.0,0.0,0.0,0.0,0.0,0.09434000000000001
2025-09-21 11:05:00,Uno M404,0.0,8.999999999999999e-05,0.0,0.0,0.0,5e-05,0.08738,0.00114,0.0,0.0,0.0,0.00368,0.0,0.0,0.0,0.0,0.0,0.09209
2025-09-21 11:10:00,Uno M404,0.0,0.00045,0.0,0.0,0.09925,0.0,0.08543,0.00107,0.0,0.0,0.0,0.10337,0.0,0.0,0.0,0.0,0.0,0.09015000000000001
2025-09-21 11:15:00,Uno M404,0.0,0.00029,0.0,0.0,0.08658,0.0,0.08654,0.00035,0.0,0.0,0.0,0.09819,0.0,0.0,0.0,0.0,0.0,0.09124
2025-09-21 11:20:00,Uno M404,0.00734,0.00035,0.0,0.0,0.0,0.0,0.09058,0.00023999999999999998,0.0,0.0057599999999999995,0.0,0.06464,0.0,0.0,0.0,0.0,0.02325,0.09504
2025-09-21 11:25:00,Uno M404,0.00734,0.00035,0.0,0.0,0.0,0.0,0.09059,0.00011999999999999999,0.0,0.0056500000000000005,0.0,0.06561,0.0,0.0,0.0,0.0,0.0,0.09512000000000001
2025-09-21 11:30:00,Uno M404,0.0,0.00031,0.0,0.0,0.0,0.0,0.0884,0.0006,0.0,0.0,0.0,0.0653,0.0,0.0,0.0,0.0,0.0,0.09303
2025-09-21 11:35:00,Uno M404,0.0,0.00031,0.0,0.0,0.0,5e-05,0.08763,0.00091,0.0,0.0,0.0,0.041280000000000004,0.0,0.0,0.0,0.0,0.0,0.09246
2025-09-21 11:40:00,Uno M404,0.0,0.00035999999999999997,0.0,0.0,0.0,5e-05,0.08597,0.00076,0.0,0.0,0.0,0.0422,0.0,0.0,0.0,0.0,0.0,0.0907
2025-09-21 11:45:00,Uno M404,0.0,0.00043,0.0,0.0,0.10066,8.999999999999999e-05,0.08713,0.0006,0.0,0.0,0.0,0.26276,0.0,0.0,0.0,0.01548,0.10522,0.09181
2025-09-21 11:50:00,Uno M404,0.0,0.00035999999999999997,0.0,0.0,0.0883,0.0,0.08796999999999999,0.00076,0.0,0.0,0.0,0.25641,0.0,0.0,0.0,0.015380000000000001,0.11081999999999999,0.09269
2025-09-21 11:55:00,Uno M404,0.0,0.00031,0.0,0.0,0.0,5e-05,0.08702,0.00062,0.0,0.0,0.0,0.06345,0.0,0.0,0.0,0.015269999999999999,0.00613,0.09178
2025-09-21 12:00:00,Uno M404,0.0,0.00035999999999999997,0.0,0.0,0.0,1e-05,0.08762,0.00094,0.0,0.0,0.0,0.06311,0.0,0.0,0.0,0.015300000000000001,0.006860000000000001,0.09239
2025-09-21 12:05:00,Uno M404,0.0,0.00031,0.0,0.0,0.0,4e-05,0.10696,0.00102,0.0,0.0,0.0,0.12833,0.0,0.0,0.0,0.01531,0.07075,0.11164
2025-09-21 12:10:00,Uno M404,0.0,0.0005600000000000001,0.0,0.0,0.0,4e-05,0.10717,0.00076,0.0,0.0,0.0,0.30260000000000004,0.0,0.0,0.0,0.01524,0.24619,0.11206
2025-09-21 12:15:00,Uno M404,0.0,0.00011999999999999999,0.0,0.0,0.0,8.999999999999999e-05,0.10113,0.00122,0.0,0.0,0.0,0.06388,0.0,0.0,0.0,0.0152,0.00666,0.10576
2025-09-21 12:20:00,Uno M404,0.00754,0.00028000000000000003,0.0,0.0,0.0,7.000000000000001e-05,0.1021,0.00032,0.0,0.0057,0.0,0.06278,0.0,0.0,0.0,0.015189999999999999,0.00604,0.10699
2025-09-21 12:25:00,Uno M404,0.00744,0.00039,0.0,0.0,0.0,7.000000000000001e-05,0.09906999999999999,0.00027,0.0,0.00561,0.0,0.31601999999999997,0.0,0.0,0.0,0.023489999999999997,0.25052,0.10391
2025-09-21 12:30:00,Uno M404,0.00736,0.00033,0.0,0.0,0.10181,5.9999999999999995e-05,0.09562999999999999,0.00031,0.0,0.0057,0.0,0.16547,0.0,0.0,0.0,0.02346,0.0,0.10036
2025-09-21 12:35:00,Uno M404,0.00738,0.00038,0.0,0.0,0.08827,1e-05,0.08657,0.00034,0.0,0.00564,0.0,0.15228,0.0,0.0,0.0,0.02346,0.0,0.09145
2025-09-21 12:40:00,Uno M404,0.00739,0.00031,0.0,0.0,0.0,2e-05,0.08688,0.00031,0.0,0.0056500000000000005,0.0,0.06568,0.0,0.0,0.0,0.02355,0.0,0.09168000000000001
2025-09-21 12:45:00,Uno M404,0.00741,0.0,0.0,0.0,0.0,5e-05,0.08731,0.00041,0.0,0.00571,0.0,0.06498999999999999,0.0,0.0,0.0,0.02352,0.0,0.11197
2025-09-21 12:50:00,Uno M404,0.00741,0.0,0.0,0.0,0.0,0.00035,0.08710999999999999,0.00025,0.0,0.00561,0.0,0.06447,0.0,0.0,0.0,0.023559999999999998,0.0,0.09078
2025-09-21 12:55:00,Uno M404,0.0149,0.0,0.0,0.0,0.0,0.00074,0.1744,0.00156,0.0,0.0112,0.0,0.12786,0.0,0.0,0.0,0.047159999999999994,0.0,0.18172
2025-09-21 13:00:00,Uno M404,0.015189999999999999,0.0,0.0,0.0,0.20552,0.0014199999999999998,0.17344,0.0012200000000000002,0.0,0.011389999999999999,0.0,0.33396,0.0,0.0,0.02148,0.047119999999999995,0.0,0.2046
2025-09-21 13:05:00,Uno M404,0.013710000000000002,0.0,0.0,0.0,0.09123,0.00049,0.09234999999999999,0.00108,0.0,0.01175,0.0,0.15487,0.0,0.0,0.02181,0.02348,0.0,0.11936
2025-09-21 13:10:00,Uno M404,0.013699999999999999,0.0,0.0,0.0,0.0,0.00058,0.08854000000000001,0.00094,0.0,0.011789999999999998,0.0,0.06385,0.0,0.0,0.02176,0.02352,0.0,0.1152
2025-09-21 13:15:00,Uno M404,0.013640000000000001,0.0,0.0,0.0,0.0,0.00075,0.10897,0.0010500000000000002,0.0,0.01165,0.0,0.05763,0.0,0.0,0.02161,0.0235,0.0,0.13563
2025-09-21 13:20:00,Uno M404,0.013619999999999998,0.0,0.0,0.0,0.0,0.0007,0.10451,0.00151,0.0,0.01173,0.0,0.05713,0.0,0.0,0.02131,0.023530000000000002,0.0,0.13091
2025-09-21 13:25:00,Uno M404,0.013640000000000001,0.0,0.0,0.0,0.0,0.00054,0.10540999999999999,0.00106,0.0,0.01176,0.0,0.05704,0.0,0.0,0.02145,0.0235,0.0,0.1318
2025-09-21 13:30:00,Uno M404,0.013699999999999999,0.0,0.0,0.0,0.0,0.00043,0.10537,0.0012900000000000001,0.0,0.011699999999999999,0.0,0.057,0.0,0.0,0.02138,0.02357,0.0,0.13183
2025-09-21 13:35:00,Uno M404,0.013810000000000001,0.0,0.0,0.0,0.0,0.00013000000000000002,0.09987,0.00121,0.0,0.01175,0.0,0.05699,0.0,0.0,0.02127,0.02352,0.0,0.126
2025-09-21 13:40:00,Uno M404,0.013730000000000001,0.0,0.0,0.0,0.09734000000000001,0.00047999999999999996,0.09804,0.00121,0.0,0.011720000000000001,0.0,0.15375999999999998,0.0,0.0,0.02122,0.02357,0.0,0.12375
2025-09-21 13:45:00,Uno M404,0.013720000000000001,0.0,0.0,0.0,0.08733,0.00019,0.09542,0.0008399999999999999,0.0,0.01168,0.0,0.15186000000000002,0.0,0.0,0.02147,0.023420000000000003,0.0,0.1215
2025-09-21 13:50:00,Uno M404,0.01365,0.0,0.0,0.0,0.0,0.00016,0.09483,0.00128,0.0,0.011640000000000001,0.0,0.039740000000000004,0.0,0.0,0.02155,0.0,0.0,0.12099
2025-09-21 13:55:00,Uno M404,0.03773,0.0,0.0,0.0,0.0,0.00051,0.0948,0.00087,0.0,0.03581,0.0,0.03915999999999999,0.0,0.0,0.02163,0.0,0.0,0.12081
2025-09-21 14:00:00,Uno M404,0.03726,0.0,0.0,0.0,0.0,0.00034,0.09561,0.002,0.0,0.0359,0.0,0.04021,0.0,0.0,0.02154,0.0,0.0,0.12224
2025-09-21 14:05:00,Uno M404,0.037329999999999995,0.0,0.0,0.0,0.0,0.00016,0.11531999999999999,0.00121,0.0,0.03565,0.0,0.04822,0.0,3.5805,0.02268,0.0072699999999999996,0.0,3.72271
2025-09-21 14:10:00,Uno M404,0.03716,0.0,0.0,0.0,0.11025,0.00035999999999999997,0.11179,0.00165,0.0,0.0356,0.0,0.15905000000000002,0.0,3.52813,0.02271,0.00701,0.0,3.66676
2025-09-21 14:15:00,Uno M404,0.03731,0.0,0.0,0.0,0.09395999999999999,0.0008100000000000001,0.11003,0.00209,0.0,0.03601,0.0,0.14182,0.0,0.0,0.0215,0.00739,0.0,0.13646
2025-09-21 14:20:00,Uno M404,3.52462,0.0,0.0,3.4886999999999997,0.0,0.00116,0.10740000000000001,0.0014,0.0,0.03446,0.0,0.04987,0.0,0.0,0.0,0.0074,0.0,0.11092
2025-09-21 14:25:00,Uno M404,3.52546,0.0,0.0,3.48956,0.0,0.0005600000000000001,0.10784999999999999,0.0004,0.0,0.03444,0.0,0.04887,0.0,0.0,0.0,0.00739,0.0,0.11142
2025-09-21 14:30:00,Uno M404,0.013789999999999998,0.0,0.0,0.0,0.0,0.00022,0.10289,0.0005899999999999999,0.0,0.01182,0.0,0.048960000000000004,0.0,0.0,0.0,0.00735,0.0,0.10626999999999999
2025-09-21 14:35:00,Uno M404,0.014039999999999999,0.0,0.0,0.0,0.0,0.0007099999999999999,0.10069,0.00031,0.0,0.01182,0.0,0.0496,0.0,0.0,0.0,0.0073,0.0,0.10425
2025-09-21 14:40:00,Uno M404,3.50475,0.0,0.0,3.4915100000000003,0.0,0.00047,0.09709000000000001,0.00046,0.0,0.011699999999999999,0.0,0.04942,0.0,0.0,0.0,0.0074800000000000005,0.0,0.10064000000000001
2025-09-21 14:45:00,Uno M404,3.49837,0.0,0.0,3.48517,0.1107,0.00020999999999999998,0.09351000000000001,0.00033,0.0,0.01183,0.0,0.15963,0.0,0.0,0.0,0.00731,0.0,0.09681999999999999
2025-09-21 14:50:00,Uno M404,3.49477,0.0,0.0,3.48144,0.09465000000000001,0.00034,0.09648999999999999,0.00023999999999999998,0.0,0.01177,0.0,0.14328,0.0,0.0,0.0,0.00728,0.0,0.1
2025-09-21 14:55:00,Uno M404,0.00733,0.0,0.0,0.0,0.0,4e-05,0.0974,4e-05,0.0,0.00558,0.0,0.04909,0.0,0.0,0.0,0.0074800000000000005,0.0,0.19481
2025-09-21 15:00:00,Uno M404,0.00736,0.0,0.0,0.0,0.0,1e-05,0.09648000000000001,0.00019,0.0,0.0055899999999999995,0.0,0.0507,0.0,0.0,0.0,0.00741,0.0,0.192
2025-09-21 15:05:00,Uno M404,0.0074,0.0,0.0,0.0,0.0,0.0,0.09645999999999999,4e-05,0.0,0.00567,0.0,0.04957,0.0,0.0,0.0,0.007549999999999999,0.0,0.09975
2025-09-21 15:10:00,Uno M404,0.00723,0.0,0.0,0.0,0.0,0.0,0.08537,0.00013000000000000002,0.0,0.00556,0.0,0.01122,0.0,0.0,0.0,0.0,0.0,0.08874
2025-09-21 15:15:00,Uno M404,0.00725,0.0,0.0,0.0,0.0,0.0,0.0865,0.00015,0.0,0.00553,0.0,0.01128,0.0,0.0,0.0,0.0,0.0,0.08986
2025-09-21 15:20:00,Uno M404,0.00736,0.0,0.0,0.0,0.0,0.0,0.07045,7.000000000000001e-05,0.0,0.0056,0.0,0.01192,0.0,0.0,0.0,0.0,0.0,0.07392
2025-09-21 15:25:00,Uno M404,0.0072699999999999996,0.0,0.0,0.0,0.10607,0.0,0.06792000000000001,1e-05,0.0,0.00539,0.0,0.11726,0.0,0.0,0.0,0.0,0.0,0.07124
2025-09-21 15:30:00,Uno M404,0.00725,0.0,0.0,0.0,0.09126000000000001,0.0,0.07121,5e-05,0.0,0.00547,0.0,0.10235,0.0,0.0,0.0,0.0,0.0,0.07482
2025-09-21 15:35:00,Uno M404,0.00726,0.0,0.0,0.0,0.0,0.0,0.07077,8.999999999999999e-05,0.0,0.0055899999999999995,0.0,0.01124,0.0,0.0,0.0,0.0,0.0,0.07413
2025-09-21 15:40:00,Uno M404,0.0073,0.0,0.0,0.0,0.0,2e-05,0.06937,2e-05,0.0,0.00558,0.0,0.01111,0.0,0.0,0.0,0.0,0.0,0.07284
2025-09-21 15:45:00,Uno M404,0.00729,0.0,0.0,0.0,0.0,0.0,0.0709,0.00017999999999999998,0.0,0.0055899999999999995,0.0,0.01095,0.0,0.0,0.0,0.0,0.0,0.07428
2025-09-21 15:50:00,Uno M404,0.00743,0.0,0.0,0.0,0.0,0.0,0.10122,5e-05,0.0,0.00556,0.0,0.01116,0.0,0.0,0.0,0.0,0.0,0.10496
2025-09-21 15:55:00,Uno M404,0.0072699999999999996,0.0,0.0,0.0,0.0,5e-05,0.10059,8.999999999999999e-05,0.0,0.00554,0.0,0.01117,0.0,0.0,0.0,0.0,0.0,0.10396999999999999
2025-09-21 16:00:00,Uno M404,0.00734,0.0,0.0,0.0,0.0,0.0,0.10206,0.00023999999999999998,0.0,0.00551,0.0,0.01128,0.0,0.0,0.0,0.0,0.0,0.10553
2025-09-21 16:05:00,Uno M404,0.00733,0.0,0.0,0.0,0.10346999999999999,4e-05,0.09965,0.00027,0.0,0.0054800000000000005,0.0,0.11388,0.0,0.0,0.0,0.0,0.0,0.10308
2025-09-21 16:10:00,Uno M404,0.00731,0.0,0.0,0.0,0.09026999999999999,0.0,0.09827,0.0002,0.0,0.00545,0.0,0.10063,0.0,0.0,0.0,0.0,0.0,0.10167
2025-09-21 16:15:00,Uno M404,0.00726,0.0,0.0,0.0,0.0,0.0,0.09669,0.00039,0.0,0.00547,0.0,0.01102,0.0,0.0,0.0,0.0,0.0,0.10004
2025-09-21 16:20:00,Uno M404,0.00739,0.0,0.0,0.0,0.0,0.0,0.09989,0.00022,0.0,0.00556,0.0,0.011349999999999999,0.0,0.0,0.0,0.0,0.0,0.10334
2025-09-21 16:25:00,Uno M404,0.00729,0.0,0.0,0.0,0.0,1e-05,0.09886,0.00026000000000000003,0.0,0.0055899999999999995,0.0,0.01102,0.0,0.0,0.0,0.0,0.0,0.10235999999999999
2025-09-21 16:30:00,Uno M404,0.00739,0.0,0.0,0.0,0.0,0.0,0.10038,0.00023999999999999998,0.0,0.00551,0.0,0.01109,0.0,0.0,0.0,0.0,0.0,0.10384
2025-09-21 16:35:00,Uno M404,0.00737,0.0,0.0,0.0,0.0,4e-05,0.10094,0.00016,0.0,0.00554,0.0,0.0109,0.0,0.0,0.0,0.0,0.0,0.1043
2025-09-21 16:40:00,Uno M404,0.00724,0.0,0.0,0.0,0.0,1e-05,0.10086,0.0004,0.0,0.00556,0.0,0.01109,0.0,0.0,0.0,0.0,0.0,0.10442
2025-09-21 16:45:00,Uno M404,0.00733,0.0,0.0,0.0,0.10364,7.000000000000001e-05,0.09770999999999999,7.000000000000001e-05,0.0,0.00554,0.0,0.11387,0.0,0.0,0.0,0.0,0.0,0.10126
2025-09-21 16:50:00,Uno M404,0.0072699999999999996,0.0,0.0,0.0,0.09068999999999999,8e-05,0.09763,0.00041,0.0,0.00554,0.0,0.10083,0.0,0.0,0.0,0.0,0.0,0.10121
2025-09-21 16:55:00,Uno M404,0.00743,0.0,0.0,0.0,0.0,0.00023,0.10203,0.00027,0.0,0.00543,0.0,0.01027,0.0,0.0,0.0,0.0,0.0,0.10524
2025-09-21 17:00:00,Uno M404,0.00744,0.0,0.0,0.0,0.0,5e-05,0.0986,0.00045,0.0,0.00553,0.0,0.01052,0.0,0.0,0.0,0.0,0.0,0.10205
2025-09-21 17:05:00,Uno M404,0.00732,0.0,0.0,0.0,0.0,0.00015,0.09781999999999999,0.00017999999999999998,0.0,0.0056,0.0,0.010289999999999999,0.0,0.0,0.0,0.0,0.0,0.10149
2025-09-21 17:10:00,Uno M404,0.00726,0.0,0.0,0.0,0.0,0.00011,0.10053,0.00035999999999999997,0.0,0.00554,0.0,0.01043,0.0,0.0,0.0,0.0,0.0,0.10412
2025-09-21 17:15:00,Uno M404,0.0072,0.0,0.0,0.0,0.0,8.999999999999999e-05,0.03658,0.00076,0.0,0.00546,0.0,0.010490000000000001,0.0,0.0,0.0,0.0,0.0,0.040159999999999994
2025-09-21 17:20:00,Uno M404,0.00726,0.0,0.0,0.0,0.0,0.00026000000000000003,0.00432,0.00047999999999999996,0.0,0.00545,0.0,0.01034,0.0,0.0,0.0,0.0,0.0,0.00793
2025-09-21 17:25:00,Uno M404,0.00724,0.0,0.0,0.0,0.11331000000000001,0.00011,0.0,0.00061,0.0,0.00538,0.0,0.12331,0.0,0.0,0.0,0.0,0.0,0.00298
2025-09-21 17:30:00,Uno M404,0.00729,0.0,0.0,0.0,0.09312999999999999,8e-05,0.0,0.00044,0.0,0.00551,0.0,0.10304,0.0,0.0,0.0,0.0,0.0,0.00322
2025-09-21 17:35:00,Uno M404,0.00725,0.0,0.0,0.0,0.0,0.00022,0.0,0.00074,0.0,0.00554,0.0,0.01059,0.0,0.0,0.0,0.0,0.0,0.00316
2025-09-21 17:40:00,Uno M404,0.00732,0.0,0.0,0.0,0.0,0.00011999999999999999,0.0,0.00027,0.0,0.00547,0.0,0.010289999999999999,0.0,0.0,0.0,0.0,0.0,0.00302
2025-09-21 17:45:00,Uno M404,0.00725,0.0,0.0,0.0,0.0,0.00034,0.0,0.00033,0.0,0.00554,0.0,0.010539999999999999,0.0,0.0,0.0,0.0,0.0,0.00304
2025-09-21 17:50:00,Uno M404,0.00729,0.0,0.0,0.0,0.0,0.00013000000000000002,0.0,0.00047,0.0,0.00553,0.0,0.01045,0.0,0.0,-2e-05,0.0,0.0,0.0030499999999999998
2025-09-21 17:55:00,Uno M404,0.0072699999999999996,0.0,0.0,0.0,0.0,5.9999999999999995e-05,0.0,0.00041999999999999996,0.0,0.00541,0.0,0.01062,0.0,0.0,0.0,0.0,0.0,0.00307
2025-09-21 18:00:00,Uno M404,0.00724,0.0,0.0,0.0,0.0,0.00015,0.0,0.00026000000000000003,0.0,0.0054,0.0,0.01065,0.0,0.0,0.0,0.0,0.0,0.00316
2025-09-21 18:05:00,Uno M404,0.00733,0.0,0.0,0.0,0.0,0.0,0.0,0.00044,0.0,0.0055,0.0,0.01055,0.0,0.0,0.0,0.0,0.0,0.00314
2025-09-21 18:10:00,Uno M404,0.00726,0.0,0.0,0.0,0.09866,7.000000000000001e-05,0.0,0.00016,0.0,0.00563,0.0,0.10865999999999999,0.0,0.0,0.0,0.0,0.0,0.0030299999999999997
2025-09-21 18:15:00,Uno M404,0.00734,0.0,0.0,0.0,0.08682,0.0,0.0,0.00044,0.0,0.00554,0.0,0.09708,0.0,0.0,0.0,0.0,0.0,0.0030499999999999998
2025-09-21 18:20:00,Uno M404,0.00732,0.0,0.0,0.0,0.0,2e-05,0.0,0.00034,0.0,0.00551,0.0,0.01063,0.0,0.0,0.0,0.0,0.0,0.00302
2025-09-21 18:25:00,Uno M404,0.00738,0.0,0.0,0.0,0.0,0.0,0.0,0.00016,0.0,0.00557,0.0,0.01081,0.0,0.0,0.0,0.0,0.0,0.0030299999999999997
2025-09-21 18:30:00,Uno M404,0.00721,0.0,0.0,0.0,0.0,0.0,0.0,0.00022,0.0,0.00553,0.0,0.01079,0.0,0.0,0.0,0.0,0.0,0.00318
2025-09-21 18:35:00,Uno M404,0.00717,0.0,0.0,0.0,0.0,0.0,0.0,0.00011999999999999999,0.0,0.0054800000000000005,0.0,0.01073,0.0,0.0,0.0,0.0,0.0,0.00296
2025-09-21 18:40:00,Uno M404,0.00733,0.0,0.0,0.0,0.0,0.0,0.0,8.999999999999999e-05,0.0,0.00561,0.0,0.01115,0.0,0.0,0.0,0.0,0.0,0.0029500000000000004
2025-09-21 18:45:00,Uno M404,0.0073,0.0,0.0,0.0,0.0,0.0,0.0,5e-05,0.0,0.00557,0.0,0.01109,0.0,0.0,0.0,0.0,0.0,0.0029100000000000003
2025-09-21 18:50:00,Uno M404,0.00724,0.0,0.0,0.0,0.11062000000000001,0.0,0.0,2e-05,0.0,0.0055899999999999995,0.0,0.12143999999999999,0.0,0.0,0.0,0.0,0.0,0.00289
2025-09-21 18:55:00,Uno M404,0.00724,0.0,0.0,0.0,0.09209999999999999,0.0,0.0,1e-05,0.0,0.00557,0.0,0.10318000000000001,0.0,0.0,0.0,0.0,0.0,0.0030099999999999997
2025-09-21 19:00:00,Uno M404,0.00731,0.0,0.0,0.0,0.0,0.0,0.00563,0.0,0.0,0.0055899999999999995,0.0,0.011630000000000001,0.0,0.0,0.0,0.0,0.0,0.00912
2025-09-21 19:05:00,Uno M404,0.00718,0.0,0.0,0.0,0.0,0.0,0.0,1e-05,0.0,0.00561,0.0,0.011949999999999999,0.0,0.0,0.0,0.0,0.0,0.0031
2025-09-21 19:10:00,Uno M404,0.00714,0.0,0.0,0.0,0.0,0.0,0.0,1e-05,0.0,0.00564,0.0,0.011630000000000001,0.0,0.0,0.0,0.0,0.0,0.003
2025-09-21 19:15:00,Uno M404,0.0071600000000000006,0.0,0.0,0.0,0.0,0.0,0.0,0.0,0.0,0.00557,0.0,0.01183,0.0,0.0,0.0,0.0,0.0,0.0029100000000000003
2025-09-21 19:20:00,Uno M404,0.0071200000000000005,0.0,0.0,0.0,0.0,0.0,0.0,2e-05,0.0,0.00566,0.0,0.01145,0.0,0.0,0.0,0.0,0.0,0.0029300000000000003
2025-09-21 19:25:00,Uno M404,0.00718,0.0,0.0,0.0,0.0,0.0,0.0,1e-05,0.0,0.00553,0.0,0.01166,0.0,0.0,0.0,0.0,0.0,0.0030499999999999998
2025-09-21 19:30:00,Uno M404,0.00723,0.0,0.0,0.0,0.0,0.0,0.0,0.0,0.0,0.00547,0.0,0.011439999999999999,0.0,0.0,0.0,0.0,0.0,0.0031
2025-09-21 19:35:00,Uno M404,0.00713,0.0,0.0,0.0,0.10112,0.0,0.0,2e-05,0.0,0.0055,0.0,0.11227,0.0,0.0,0.0,0.0,0.0,0.0030099999999999997
2025-09-21 19:40:00,Uno M404,0.0072,0.0,0.0,0.0,0.0888,0.0,0.0,5.9999999999999995e-05,0.0,0.00558,0.0,0.09958,0.0,0.0,0.0,0.0,0.0,0.00298
2025-09-21 19:45:00,Uno M404,0.0072699999999999996,0.0,0.0,0.0,0.0,0.0,0.0,1e-05,0.0,0.00563,0.0,0.0116,0.0,0.0,0.0,0.0,0.0,0.00297
2025-09-21 19:50:00,Uno M404,0.00725,0.0,0.0,0.0,0.0,0.0,0.0,0.00013000000000000002,0.0,0.00544,0.0,0.01128,0.0,0.0,0.0,0.0,0.0,0.00316
2025-09-21 19:55:00,Uno M404,0.00721,0.0,0.0,0.0,0.0,0.0,0.0,7.000000000000001e-05,0.0,0.00551,0.0,0.011689999999999999,0.0,0.0,0.0,0.0,0.0,0.0030099999999999997
2025-09-21 20:00:00,Uno M404,0.00726,0.0,0.0,0.0,0.0,0.0,0.0,1e-05,0.0,0.00543,0.0,0.011460000000000001,0.0,0.0,0.0,0.0,0.0,0.003
2025-09-21 20:05:00,Uno M404,0.00718,0.0,0.0,0.0,0.0,0.0,0.0,5e-05,0.0,0.0055899999999999995,0.0,0.01112,0.0,0.0,0.0,0.0,0.0,0.00296
2025-09-21 20:10:00,Uno M404,0.00729,0.0,0.0,0.0,0.0,0.0,0.0,5e-05,0.0,0.00556,0.0,0.01105,0.0,0.0,0.0,0.0,0.0,0.00316
2025-09-21 20:15:00,Uno M404,0.0072699999999999996,0.0,0.0,0.0,0.0,1e-05,0.0,0.00016,0.0,0.00552,0.0,0.01089,0.0,0.0,-1e-05,0.0,0.0,0.003
2025-09-21 20:20:00,Uno M404,0.0072,0.0,0.0,0.0,0.10041,0.0,0.0,0.00016,0.0,0.00566,0.0,0.11095000000000001,0.0,0.0,0.0,0.0,0.0,0.00309
2025-09-21 20:25:00,Uno M404,0.00725,0.0,0.0,0.0,0.08837,0.0,0.0,4e-05,0.0,0.00554,0.0,0.0988,0.0,0.0,0.0,0.0,0.0,0.0030800000000000003
2025-09-21 20:30:00,Uno M404,0.00723,0.0,0.0,0.0,0.0,0.0,0.0,7.000000000000001e-05,0.0,0.00547,0.0,0.01111,0.0,0.0,0.0,0.0,0.0,0.00315
2025-09-21 20:35:00,Uno M404,0.00734,0.0,0.0,0.0,0.0,0.0,0.0,0.00020999999999999998,0.0,0.00547,0.0,0.01075,0.0,0.0,0.0,0.0,0.0,0.0030800000000000003
2025-09-21 20:40:00,Uno M404,0.00723,0.0,0.0,0.0,0.0,0.0,0.0,0.00013000000000000002,0.0,0.00554,0.0,0.01084,0.0,0.0,0.0,0.0,0.0,0.00302
2025-09-21 20:45:00,Uno M404,0.00736,0.0,0.0,0.0,0.0,0.0,0.0,7.000000000000001e-05,0.0,0.00563,0.0,0.01073,0.0,0.0,-1e-05,0.0,0.0,0.00304
2025-09-21 20:50:00,Uno M404,0.00726,0.0,0.0,0.0,0.0,0.0,0.0,0.00013000000000000002,0.0,0.00551,0.0,0.01065,0.0,0.0,0.0,0.0,0.0,0.00329
2025-09-21 20:55:00,Uno M404,0.00723,0.0,0.0,0.0,0.0,5e-05,0.0,0.00017999999999999998,0.0,0.00564,0.0,0.01056,0.0,0.0,0.0,0.0,0.0,0.00309
2025-09-21 21:00:00,Uno M404,0.00744,0.0,0.0,0.0,0.0,0.0,0.0,0.00020999999999999998,0.0,0.00566,0.0,0.0105,0.0,0.0,0.0,0.0,0.0,0.0031
2025-09-21 21:05:00,Uno M404,0.00738,0.0,0.0,0.0,0.10004,0.00015,0.0,0.00019,0.0,0.00567,0.0,0.10989,0.0,0.0,0.0,0.0,0.0,0.0031
2025-09-21 21:10:00,Uno M404,0.00721,0.0,0.0,0.0,0.08829000000000001,5.9999999999999995e-05,0.0,0.00039,0.0,0.00553,0.0,0.09837,0.0,0.0,0.0,0.0,0.0,0.00322
2025-09-21 21:15:00,Uno M404,0.00721,0.0,0.0,0.0,0.0,8.999999999999999e-05,0.0,0.00069,0.0,0.00551,0.0,0.01042,0.0,0.0,0.0,0.0,0.0,0.00322
2025-09-21 21:20:00,Uno M404,0.00733,0.0,0.0,0.0,0.0,0.00016,0.0,0.00038,0.0,0.00557,0.0,0.01035,0.0,0.0,0.0,0.0,0.0,0.00309
2025-09-21 21:25:00,Uno M404,0.00743,0.0,0.0,0.0,0.0,4e-05,0.0,0.00022,0.0,0.0056,0.0,0.01046,0.0,0.0,0.0,0.0,0.0,0.00313
2025-09-21 21:30:00,Uno M404,0.00736,0.0,0.0,0.0,0.0,0.00022,0.0,5.9999999999999995e-05,0.0,0.00558,0.0,0.01035,0.0,0.0,0.0,0.0,0.0,0.0033
2025-09-21 21:35:00,Uno M404,0.00726,0.0,0.0,0.0,0.0,0.00019,0.0,0.00044,0.0,0.005719999999999999,0.0,0.0108,0.0,0.0,0.0,0.0,0.0,0.0032
2025-09-21 21:40:00,Uno M404,0.00732,0.0,0.0,0.0,0.0,0.0009599999999999999,0.044590000000000005,0.00023999999999999998,0.0,0.00552,0.0,0.01819,0.0,0.0,0.0,0.00724,0.0,0.06939000000000001
2025-09-21 21:45:00,Uno M404,3.5652199999999996,0.0,0.0,3.52874,0.0,0.00076,0.04426,0.00158,0.0,0.03501,0.0,0.01889,0.0,0.0,0.03641,0.00737,0.0,0.10673
2025-09-21 21:50:00,Uno M404,3.6004099999999997,0.0,0.0,3.56406,0.102,0.00079,0.04466,0.00189,0.0,0.03544,0.0,0.1202,0.0,3.54636,0.0341,0.00707,0.0,3.6505799999999997
2025-09-21 21:55:00,Uno M404,0.007,0.0,0.0,0.0,0.09129999999999999,0.0008399999999999999,0.044950000000000004,0.00131,0.0,0.00578,0.0,0.11009999999999999,0.0,3.5386100000000003,0.033909999999999996,0.00734,0.0,3.64293
2025-09-21 22:00:00,Uno M404,0.0,0.0,0.0,0.0,0.0,0.00085,0.05998,0.00127,0.0,0.0,0.0,0.01911,0.0,0.0,0.0,0.00736,0.0,0.08427
2025-09-21 22:05:00,Uno M404,0.0,0.0,0.0,0.0,0.0,0.00011999999999999999,0.05946,0.00082,0.0,0.0,0.0,0.019649999999999997,0.0,0.0,0.01047,0.00744,0.0,0.09543
2025-09-21 22:10:00,Uno M404,0.0,0.0,0.0,0.0,0.0,8.999999999999999e-05,0.02813,0.0005899999999999999,0.0,0.0,0.0,0.012539999999999999,0.0,0.0,0.0,0.0074199999999999995,0.0,0.05236
2025-09-21 22:15:00,Uno M404,0.0,0.0,0.0,0.0,0.0,0.00014000000000000001,0.028210000000000002,0.0005600000000000001,0.0,0.0,0.0,0.01278,0.0,0.0,0.0,0.00744,0.0,0.052399999999999995
2025-09-21 22:20:00,Uno M404,0.0,0.0,0.0,0.0,0.0,1e-05,0.028140000000000002,0.00073,0.0,0.0,0.0,0.01269,0.0,0.0,0.0,0.00744,0.0,0.052469999999999996
2025-09-21 22:25:00,Uno M404,0.0,0.0,0.0,0.0,0.0,1e-05,0.02818,0.00025,0.0,0.0,0.0,0.01298,0.0,0.0,0.0,0.00744,0.0,0.052399999999999995
2025-09-21 22:30:00,Uno M404,0.0,0.0,0.0,0.0,0.0,4e-05,0.028149999999999998,0.00019,0.0,0.0,0.0,0.01253,0.0,0.0,0.0,0.00731,0.0,0.05236
2025-09-21 22:35:00,Uno M404,0.0,0.0,0.0,0.0,0.0,0.0,0.02813,0.00014000000000000001,0.0,0.0,0.0,0.01275,0.0,0.0,0.0,0.0074199999999999995,0.0,0.05236
2025-09-21 22:40:00,Uno M404,0.0,0.0,0.0,0.0,0.09439,0.0,0.02809,0.00026000000000000003,0.0,0.0,0.0,0.10672,0.0,0.0,0.0,0.00744,0.0,0.0525
2025-09-21 22:45:00,Uno M404,0.0,0.0,0.0,0.0,0.0,0.0,0.02826,0.00034,0.0,0.0,0.0,0.01305,0.0,0.0,0.0,0.0074,0.0,0.052399999999999995
2025-09-21 22:50:00,Uno M404,0.0,0.0,0.0,0.0,0.0,0.0,0.028140000000000002,0.00035999999999999997,0.0,0.0,0.0,0.01282,0.0,0.0,0.0,0.007549999999999999,0.0,0.05238
2025-09-21 22:55:00,Uno M404,0.0,0.0,0.0,0.0,0.0,0.0,0.028149999999999998,0.00022,0.0,0.0,0.0,0.01248,0.0,0.0,0.0,0.00735,0.0,0.052450000000000004
2025-09-21 23:00:00,Uno M404,0.0,0.0,0.0,0.0,0.0,0.0,0.028079999999999997,0.00019,0.0,0.0,0.0,0.01253,0.0,0.0,0.0,0.00753,0.0,0.0523
2025-09-21 23:05:00,Uno M404,0.0,0.0,0.0,0.0,0.0,0.0,0.0281,0.00023999999999999998,0.0,0.0,0.0,0.01264,0.0,0.0,0.0,0.00747,0.0,0.052340000000000005
2025-09-21 23:10:00,Uno M404,0.0,0.0,0.0,0.0,0.0,0.0,0.02813,0.00029,0.0,0.0,0.0,0.0124,0.0,0.0,0.0,0.00751,0.0,0.05237
2025-09-21 23:15:00,Uno M404,0.0,0.0,0.0,0.0,0.0,1e-05,0.02822,0.00015,0.0,0.0,0.0,0.01264,0.0,0.0,0.0,0.00749,0.0,0.05241
2025-09-21 23:20:00,Uno M404,2e-05,0.0,0.0,0.0,0.0,0.0,0.0282,0.00061,0.0,0.0,0.0,0.0127,0.0,0.0,0.0,0.00749,0.0,0.05251
2025-09-21 23:25:00,Uno M404,0.0,8.999999999999999e-05,0.0,0.0,0.09798,0.0,-1e-05,0.00061,0.0,0.0,0.0,0.1017,0.0,0.0,0.0,0.0,0.0,0.024149999999999998
2025-09-21 23:30:00,Uno M404,0.0,0.0298,0.0,0.0,0.08693000000000001,0.0,-7.000000000000001e-05,0.00022,0.0,0.0,0.0,0.09099,0.0,0.0,0.0,0.0,0.0,0.052340000000000005
2025-09-21 23:35:00,Uno M404,0.0,0.02984,0.0,0.0,0.0,0.0,-1e-05,0.00054,0.0,0.0,0.0,0.00415,0.0,0.0,0.0,0.0,0.0,0.052469999999999996
2025-09-21 23:40:00,Uno M404,0.0,1e-05,0.0,0.0,0.0,0.0,-2e-05,0.00047,0.0,0.0,0.0,0.00415,0.0,0.0,0.0,0.0,0.0,0.024050000000000002
2025-09-21 23:45:00,Uno M404,0.0,0.0,0.0,0.0,0.0,0.0,0.0,0.0010400000000000001,0.0,0.0,0.0,0.0044800000000000005,0.0,0.0,0.0,0.0,0.0,0.02395
2025-09-21 23:50:00,Uno M404,0.0,1e-05,0.0,0.0,0.0,0.0,-1e-05,5e-05,0.0,0.0,0.0,0.00417,0.0,0.0,0.0,0.0,0.0,0.023960000000000002
2025-09-21 23:55:00,Uno M404,0.00751,7.000000000000001e-05,0.0,0.0,0.0,0.0,0.0,0.0,0.0,0.00597,0.0,0.01273,0.0,0.0,0.01225,0.00747,0.0,0.016370000000000003
2025-09-22 00:00:00,Uno M404,0.0,8.999999999999999e-05,0.0,0.0,0.0,0.0,-5.9999999999999995e-05,0.00020999999999999998,0.0,0.0,0.0,0.01295,0.0,0.0,0.0,0.007549999999999999,0.0,0.00297
2025-09-22 00:05:00,Uno M404,0.0,0.00013000000000000002,0.0,0.0,0.0,0.0,0.0,0.00016,0.0,0.0,0.0,0.01287,0.0,0.0,0.0,0.00746,0.0,0.0030099999999999997
2025-09-22 00:10:00,Uno M404,0.0,2e-05,0.0,0.0,0.10105,0.0,0.0,0.00014000000000000001,0.0,0.0,0.0,0.11304,0.0,0.0,0.0,0.0074,0.0,0.00309
2025-09-22 00:15:00,Uno M404,1e-05,2e-05,0.0,0.0,0.08913,0.0,-1e-05,0.00017999999999999998,0.0,0.0,0.0,0.10135,0.0,0.0,0.0,0.00739,0.0,0.0030299999999999997
2025-09-22 00:20:00,Uno M404,0.0,0.00013000000000000002,0.0,0.0,0.0,1e-05,-4e-05,0.00075,0.0,0.0,0.0,0.012580000000000001,0.0,0.0,0.0,0.0075,0.0,0.00313
2025-09-22 00:25:00,Uno M404,0.0,5e-05,0.0,0.0,0.0,0.0,-1e-05,0.00065,0.0,0.0,0.0,0.01249,0.0,0.0,0.0,0.00762,0.0,0.00302
2025-09-22 00:30:00,Uno M404,0.0,0.00014000000000000001,0.0,0.0,0.0,0.0,-2e-05,0.00064,0.0,0.0,0.0,0.01248,0.0,0.0,0.0,0.00754,0.0,0.00307
2025-09-22 00:35:00,Uno M404,0.0,0.00023,0.0,0.0,0.0,1e-05,-2e-05,0.00061,0.0,0.0,0.0,0.01253,0.0,0.0,0.0,0.0075,0.0,0.0030800000000000003
2025-09-22 00:40:00,Uno M404,0.0,0.00016,0.0,0.0,0.0,0.0,-2e-05,0.00082,0.0,0.0,0.0,0.012410000000000001,0.0,0.0,0.0,0.00751,0.0,0.0030299999999999997
2025-09-22 00:45:00,Uno M404,0.0,0.0002,0.0,0.0,0.0,1e-05,-2e-05,0.0006,0.0,0.0,0.0,0.012320000000000001,0.0,0.0,0.0,0.00754,0.0,0.0030099999999999997
2025-09-22 00:50:00,Uno M404,0.0,7.000000000000001e-05,0.0,0.0,0.0,0.0,-1e-05,0.0005600000000000001,0.0,0.0,0.0,0.01219,0.0,0.0,0.0,0.007549999999999999,0.0,0.00316
2025-09-22 00:55:00,Uno M404,0.0,8.999999999999999e-05,0.0,0.0,0.0,0.0,-2e-05,0.00068,0.0,0.0,0.0,0.01233,0.0,0.0,0.0,0.00753,0.0,0.00314
2025-09-22 01:00:00,Uno M404,1e-05,0.00013000000000000002,0.0,0.0,0.09525,0.0,-8e-05,0.00031,0.0,0.0,0.0,0.10715000000000001,0.0,0.0,0.0,0.00758,0.0,0.00314
2025-09-22 01:05:00,Uno M404,0.0,0.00020999999999999998,0.0,0.0,0.0,5e-05,-2e-05,0.00031,0.0,0.0,0.0,0.012289999999999999,0.0,0.0,0.0,0.00747,0.0,0.00318
2025-09-22 01:10:00,Uno M404,0.0,5e-05,0.0,0.0,0.0,4e-05,-2e-05,0.00039,0.0,0.0,0.0,0.01244,0.0,0.0,0.0,0.00744,0.0,0.00309
2025-09-22 01:15:00,Uno M404,1e-05,5.9999999999999995e-05,0.0,0.0,0.0,0.0,-2e-05,0.00035999999999999997,0.0,0.0,0.0,0.01244,0.0,0.0,0.0,0.00749,0.0,0.00313
2025-09-22 01:20:00,Uno M404,0.0,0.00016,0.0,0.0,0.0,0.0,-5.9999999999999995e-05,0.00085,0.0,0.0,0.0,0.012410000000000001,0.0,0.0,0.0,0.00747,0.0,0.00328
2025-09-22 01:25:00,Uno M404,0.0,0.00015,0.0,0.0,0.0,0.0,-0.00046,0.00044,0.0,0.0,0.0,0.01216,0.0,0.0,0.0,0.00747,0.0,0.00321
2025-09-22 01:30:00,Uno M404,0.0,5e-05,0.0,0.0,0.0,0.0,-0.00020999999999999998,0.00041999999999999996,0.0,0.0,0.0,0.01228,0.0,0.0,0.0,0.00751,0.0,0.00323
2025-09-22 01:35:00,Uno M404,0.0,5e-05,0.0,0.0,0.0,1e-05,-4e-05,0.0005600000000000001,0.0,0.0,0.0,0.012199999999999999,0.0,0.0,0.0,0.00754,0.0,0.00304
2025-09-22 01:40:00,Uno M404,0.0,0.00016,0.0,0.0,0.0,0.0,0.0,0.00047999999999999996,0.0,0.0,0.0,0.01225,0.0,0.0,0.0,0.00749,0.0,0.00304
2025-09-22 01:45:00,Uno M404,0.00754,0.00011,0.0,0.0,0.10097,0.0,0.0,5.9999999999999995e-05,0.0,0.00579,0.0,0.11287,0.0,0.0,0.0,0.00754,0.0,0.00317
2025-09-22 01:50:00,Uno M404,0.0,2e-05,0.0,0.0,0.08951,1e-05,0.0,0.00029,0.0,0.0,0.0,0.10161,0.0,0.0,0.0,0.00739,0.0,0.00314
2025-09-22 01:55:00,Uno M404,0.0,8e-05,0.0,0.0,0.0,0.0,-7.000000000000001e-05,0.00038,0.0,0.0,0.0,0.0124,0.0,0.0,0.0,0.0074199999999999995,0.0,0.00321
2025-09-22 02:00:00,Uno M404,0.0,0.02955,0.0,0.0,0.0,8e-05,-0.00016,0.00038,0.0,0.0,0.0,0.01248,0.0,0.0,0.0,0.00741,0.0,0.031420000000000003
2025-09-22 02:05:00,Uno M404,1e-05,1.0337,0.0,0.0,0.0,0.0,-1e-05,0.00088,0.0,0.0,0.0,0.0123,0.0,0.0,0.0,0.00746,0.0,1.03553
2025-09-22 02:10:00,Uno M404,1e-05,0.02991,0.0,0.0,0.0,0.0,-0.00011,0.00031,0.0,0.0,0.0,0.01226,0.0,0.0,0.0,0.00728,0.0,0.03168
2025-09-22 02:15:00,Uno M404,0.0,1.12246,0.0,0.0,0.0,4e-05,0.0,0.00049,0.0,0.0,0.0,0.01236,0.0,0.0,0.0,0.0074199999999999995,0.0,1.12473
2025-09-22 02:20:00,Uno M404,0.0,0.02994,0.0,0.0,0.0,0.0,-7.000000000000001e-05,0.0006,0.0,0.0,0.0,0.01227,0.0,0.0,0.0,0.00744,0.0,0.03165
2025-09-22 02:25:00,Uno M404,1e-05,0.02988,0.0,0.0,0.0,2e-05,-4e-05,0.00047999999999999996,0.0,0.0,0.0,0.01244,0.0,0.0,0.0,0.00743,0.0,0.031670000000000004
2025-09-22 02:30:00,Uno M404,0.0,1.14306,0.0,0.0,0.0,0.0,0.0,0.0005600000000000001,0.0,0.0,0.0,0.01253,0.0,0.0,0.0,0.00743,0.0,1.14501
2025-09-22 02:35:00,Uno M404,0.0,0.0299,0.0,0.0,0.09468,0.0,-2e-05,0.00079,0.0,0.0,0.0,0.10701999999999999,0.0,0.0,0.0,0.00737,0.0,0.03177
2025-09-22 02:40:00,Uno M404,0.0,0.02986,0.0,0.0,0.0,0.0,-2e-05,0.00023999999999999998,0.0,0.0,0.0,0.01233,0.0,0.0,0.0,0.00747,0.0,0.03174
2025-09-22 02:45:00,Uno M404,0.0,1.16242,0.0,0.0,0.0,0.0,0.0,0.00035999999999999997,0.0,0.0,0.0,0.01317,0.0,0.0,0.0,0.00746,0.0,1.16442
2025-09-22 02:50:00,Uno M404,2e-05,0.02993,0.0,0.0,0.0,0.0,-2e-05,0.00013000000000000002,0.0,0.0,0.0,0.01236,0.0,0.0,0.0,0.0075,0.0,0.03169
2025-09-22 02:55:00,Uno M404,0.0,0.029769999999999998,0.0,0.0,0.0,0.0,0.0,0.00038,0.0,0.0,0.0,0.0126,0.0,0.0,0.0,0.00743,0.0,0.03157
2025-09-22 03:00:00,Uno M404,0.0,1.1528699999999998,0.0,0.0,0.0,0.0,0.0,0.00015,0.0,0.0,0.0,0.01253,0.0,0.0,0.0,0.00737,0.0,1.15476
2025-09-22 03:05:00,Uno M404,0.0,0.02991,0.0,0.0,0.0,0.0,-1e-05,0.00029,0.0,0.0,0.0,0.01264,0.0,0.0,0.0,0.0074800000000000005,0.0,0.03183
2025-09-22 03:10:00,Uno M404,0.0,0.030170000000000002,0.0,0.0,0.0,1e-05,-0.00011,0.0007199999999999999,0.0,0.0,0.0,0.01228,0.0,0.0,0.0,0.00744,0.0,0.03191
2025-09-22 03:15:00,Uno M404,0.0,1.1596,0.0,0.0,0.0,0.0,0.0,0.00041,0.0,0.0,0.0,0.01246,0.0,0.0,0.0,0.0075,0.0,1.16154
2025-09-22 03:20:00,Uno M404,0.0,0.030010000000000002,0.0,0.0,0.0997,0.0,0.0,0.00031,0.0,0.0,0.0,0.11173999999999999,0.0,0.0,0.0,0.00743,0.0,0.03175
2025-09-22 03:25:00,Uno M404,0.0,0.03013,0.0,0.0,0.08821,0.0,-0.00014000000000000001,0.0005899999999999999,0.0,0.0,0.0,0.10034,0.0,0.0,0.0,0.00739,0.0,0.03199
2025-09-22 03:30:00,Uno M404,0.0,0.03021,0.0,0.0,0.0,0.0,-0.00017999999999999998,0.00019,0.0,0.0,0.0,0.01239,0.0,0.0,0.0,0.00723,0.0,0.03195
2025-09-22 03:35:00,Uno M404,0.0,0.030019999999999998,0.0,0.0,0.0,0.0,0.0,0.00016,0.0,0.0,0.0,0.01289,0.0,0.0,0.0,0.00744,0.0,0.03189
2025-09-22 03:40:00,Uno M404,0.0,0.030170000000000002,0.0,0.0,0.0,0.0,0.0,0.00038,0.0,0.0,0.0,0.01275,0.0,0.0,0.0,0.0074800000000000005,0.0,0.03197
2025-09-22 03:45:00,Uno M404,0.0,0.030359999999999998,0.0,0.0,0.0,0.0,-8.999999999999999e-05,0.00020999999999999998,0.0,0.0,0.0,0.01255,0.0,0.0,0.0,0.0074,0.0,0.032189999999999996
2025-09-22 03:50:00,Uno M404,0.0,0.03037,0.0,0.0,0.0,0.0,-2e-05,0.00073,0.0,0.0,0.0,0.013009999999999999,0.0,0.0,0.0,0.00747,0.0,0.032189999999999996
2025-09-22 03:55:00,Uno M404,0.0,0.030350000000000002,0.0,0.0,0.0,0.0,-2e-05,0.00026000000000000003,0.0,0.0,0.0,0.01277,0.0,0.0,0.0,0.00747,0.0,0.032159999999999994
2025-09-22 04:00:00,Uno M404,0.0,0.06044,0.0,0.0,0.0,0.0,-2e-05,0.00023999999999999998,0.0,0.0,0.0,0.02578,0.0,0.0,0.0,0.01498,0.0,0.0643
2025-09-22 04:05:00,Uno M404,0.0,1.1545,0.0,0.0,0.10229,0.0,0.0,8.999999999999999e-05,0.0,0.0,0.0,0.11477,0.0,0.0,0.0,0.0074199999999999995,0.0,1.15649
2025-09-22 04:10:00,Uno M404,0.0,0.03022,0.0,0.0,0.09061,0.0,-1e-05,0.00017999999999999998,0.0,0.0,0.0,0.1033,0.0,0.0,0.0,0.00741,0.0,0.03199
2025-09-22 04:15:00,Uno M404,0.0,0.02996,0.0,0.0,0.0,0.0,0.0,7.000000000000001e-05,0.0,0.0,0.0,0.01337,0.0,0.0,0.0,0.00744,0.0,0.031920000000000004
2025-09-22 04:20:00,Uno M404,0.0,0.030019999999999998,0.0,0.0,0.0,0.0,-4e-05,7.000000000000001e-05,0.0,0.0,0.0,0.01298,0.0,0.0,0.0,0.00726,0.0,0.03194
2025-09-22 04:25:00,Uno M404,0.0,0.03028,0.0,0.0,0.0,0.0,-0.00016,0.00011,0.0,0.0,0.0,0.01298,0.0,0.0,0.0,0.00749,0.0,0.03203
2025-09-22 04:30:00,Uno M404,0.0,0.03023,0.0,0.0,0.0,0.0,0.0,7.000000000000001e-05,0.0,0.0,0.0,0.013009999999999999,0.0,0.0,0.0,0.00743,0.0,0.032229999999999995
2025-09-22 04:35:00,Uno M404,0.0,0.03013,0.0,0.0,0.0,0.0,0.0,5.9999999999999995e-05,0.0,0.0,0.0,0.013300000000000001,0.0,0.0,0.0,0.0074,0.0,0.03188
2025-09-22 04:40:00,Uno M404,0.0,0.02998,0.0,0.0,0.0,0.0,0.0,7.000000000000001e-05,0.0,0.0,0.0,0.013269999999999999,0.0,0.0,0.0,0.00743,0.0,0.031920000000000004
2025-09-22 04:45:00,Uno M404,0.0,0.03004,0.0,0.0,0.0,0.0,-1e-05,0.00016,0.0,0.0,0.0,0.01332,0.0,0.0,0.0,0.0074,0.0,0.03178
2025-09-22 04:50:00,Uno M404,0.0,0.03007,0.0,0.0,0.11545,0.0,0.0,0.00016,0.0,0.0,0.0,0.12837,0.0,0.0,0.0,0.00747,0.0,0.03189
2025-09-22 04:55:00,Uno M404,0.0,0.03014,0.0,0.0,0.09387000000000001,0.0,-1e-05,0.00015,0.0,0.0,0.0,0.10690999999999999,0.0,0.0,0.0,0.00746,0.0,0.03188
2025-09-22 05:00:00,Uno M404,0.0,0.03009,0.0,0.0,0.0,0.0,0.0,0.00035999999999999997,0.0,0.0,0.0,0.01319,0.0,0.0,0.0,0.0074,0.0,0.03202
2025-09-22 05:05:00,Uno M404,0.0,0.02991,0.0,0.0,0.0,0.0,0.0,5.9999999999999995e-05,0.0,0.0,0.0,0.01306,0.0,0.0,0.0,0.00747,0.0,0.03174
2025-09-22 05:10:00,Uno M404,0.0,0.02991,0.0,0.0,0.0,0.0,0.0,0.00013000000000000002,0.0,0.0,0.0,0.01291,0.0,0.0,0.0,0.00735,0.0,0.03165
2025-09-22 05:15:00,Uno M404,1e-05,0.02989,0.0,0.0,0.0,0.0,0.0,7.000000000000001e-05,0.0,0.0,0.0,0.01322,0.0,0.0,0.0,0.00736,0.0,0.03159
2025-09-22 05:20:00,Uno M404,0.0,0.02955,0.0,0.0,0.0,0.0,-1e-05,8e-05,0.0,0.0,0.0,0.0134,0.0,0.0,0.0,0.00754,0.0,0.03149
2025-09-22 05:25:00,Uno M404,0.0,0.02966,0.0,0.0,0.0,0.0,0.0,7.000000000000001e-05,0.0,0.0,0.0,0.01323,0.0,0.0,0.0,0.0074800000000000005,0.0,0.03147
2025-09-22 05:30:00,Uno M404,0.0,1.134,0.0,0.0,0.0,0.0,0.0,5.9999999999999995e-05,0.0,0.0,0.0,0.01329,0.0,0.0,0.0,0.00741,0.0,1.13598
2025-09-22 05:35:00,Uno M404,0.0,0.02935,0.0,0.0,0.0,0.0,0.0,1e-05,0.0,0.0,0.0,0.013640000000000001,0.0,0.0,0.0,0.00737,0.0,0.031219999999999998
2025-09-22 05:40:00,Uno M404,0.0,0.02927,0.0,0.0,0.09777,0.0,0.0,8.999999999999999e-05,0.0,0.0,0.0,0.11092,0.0,0.0,0.0,0.0074,0.0,0.031170000000000003
2025-09-22 05:45:00,Uno M404,0.0,0.02927,0.0,0.0,0.08642,0.0,0.0,1e-05,0.0,0.0,0.0,0.09966,0.0,0.0,0.0,0.00728,0.0,0.031120000000000002
2025-09-22 05:50:00,Uno M404,0.0,0.02928,0.0,0.0,0.0,0.0,0.0,1e-05,0.0,0.0,0.0,0.01324,0.0,0.0,0.0,0.00749,0.0,0.031039999999999998
2025-09-22 05:55:00,Uno M404,0.0,0.029079999999999998,0.0,0.0,0.0,0.0,0.0,0.0,0.0,0.0,0.0,0.01339,0.0,0.0,0.0,0.0074,0.0,0.030780000000000002
2025-09-22 06:00:00,Uno M404,0.0,0.0291,0.0,0.0,0.0,0.0,0.0,8.999999999999999e-05,0.0,0.0,0.0,0.013439999999999999,0.0,0.0,0.0,0.00733,0.0,0.030920000000000003
2025-09-22 06:05:00,Uno M404,0.0,0.02886,0.0,0.0,0.0,0.0,0.0,7.000000000000001e-05,0.0,0.0,0.0,0.01289,0.0,0.0,0.0,0.00734,0.0,0.03058
2025-09-22 06:10:00,Uno M404,0.0,0.02863,0.0,0.0,0.0,0.0,0.0,8e-05,0.0,0.0,0.0,0.01315,0.0,0.0,0.0,0.00744,0.0,0.03034
2025-09-22 06:15:00,Uno M404,0.0,0.02834,0.0,0.0,0.0,0.0,0.0,1e-05,0.0,0.0,0.0,0.01306,0.0,0.0,0.0,0.00751,0.0,0.02996
2025-09-22 06:20:00,Uno M404,0.0,0.02855,0.0,0.0,0.0,0.0,0.0,1e-05,0.0,0.0,0.0,0.01302,0.0,0.0,0.0,0.0074199999999999995,0.0,0.030420000000000003
2025-09-22 06:25:00,Uno M404,0.0,0.02832,0.0,0.0,0.09986,0.0,0.0,0.0,0.0,0.0,0.0,0.1128,0.0,0.0,0.0,0.00731,0.0,0.03003
2025-09-22 06:30:00,Uno M404,0.0,0.02813,0.0,0.0,0.08887,0.0,0.0,0.0,0.0,0.0,0.0,0.1018,0.0,0.0,0.0,0.00751,0.0,0.029769999999999998
2025-09-22 06:35:00,Uno M404,0.0,0.0281,0.0,0.0,0.0,0.0,0.0,0.0,0.0,0.0,0.0,0.013130000000000001,0.0,0.0,0.0,0.0076100000000000004,0.0,0.02983
2025-09-22 06:40:00,Uno M404,1e-05,0.028050000000000002,0.0,0.0,0.0,0.0,0.0,0.0,0.0,0.0,0.0,0.01326,0.0,0.0,0.0,0.0075,0.0,0.0297
2025-09-22 06:45:00,Uno M404,0.0,0.027800000000000002,0.0,0.0,0.0,0.0,0.0,0.0,0.0,0.0,0.0,0.01285,0.0,0.0,0.0,0.00734,0.0,0.0296
2025-09-22 06:50:00,Uno M404,0.0,0.027960000000000002,0.0,0.0,0.0,0.0,0.0,0.0,0.0,0.0,0.0,0.01304,0.0,0.0,0.0,0.0076100000000000004,0.0,0.02964
2025-09-22 06:55:00,Uno M404,0.0,0.02813,0.0,0.0,0.0,0.0,0.0,1e-05,0.0,0.0,0.0,0.01309,0.0,0.0,0.0,0.00751,0.0,0.02986
2025-09-22 07:00:00,Uno M404,0.0,0.027960000000000002,0.0,0.0,0.0,0.0,0.0,0.0,0.0,0.0,0.0,0.01309,0.0,0.0,0.0,0.0074199999999999995,0.0,0.029589999999999998
2025-09-22 07:05:00,Uno M404,0.0,0.02748,0.0,0.0,0.0,0.0,0.0,0.00047,0.0,0.0,0.0,0.01343,0.0,0.0,0.0,0.00751,0.0,0.02932
2025-09-22 07:10:00,Uno M404,0.0,0.02748,0.0,0.0,0.0,0.0,0.0,0.0,0.0,0.0,0.0,0.013470000000000001,0.0,0.0,0.0,0.0075,0.0,0.02916
2025-09-22 07:15:00,Uno M404,0.0,0.02775,0.0,0.0,0.09325,0.0,0.0,0.0,0.0,0.0,0.0,0.10614,0.0,0.0,0.0,0.0075,0.0,0.0294
2025-09-22 07:20:00,Uno M404,0.0,0.027719999999999998,0.0,0.0,0.0,0.0,0.0,0.0,0.0,0.0,0.0,0.01324,0.0,0.0,0.0,0.00756,0.0,0.02942
2025-09-22 07:25:00,Uno M404,0.0,1.10008,0.0,0.0,0.0,0.0,0.0,5.9999999999999995e-05,0.0,0.0,0.0,0.01319,0.0,0.0,0.0,0.007549999999999999,0.0,1.10198
2025-09-22 07:30:00,Uno M404,0.0,0.02761,0.0,0.0,0.0,0.0,0.0,5.9999999999999995e-05,0.0,0.0,0.0,0.01312,0.0,0.0,0.0,0.0076,0.0,0.02927
2025-09-22 07:35:00,Uno M404,0.0,0.027710000000000002,0.0,0.0,0.0,0.0,0.0,5.9999999999999995e-05,0.0,0.0,0.0,0.01305,0.0,0.0,0.0,0.00757,0.0,0.02943
2025-09-22 07:40:00,Uno M404,0.0,0.027960000000000002,0.0,0.0,0.0,0.0,0.0,4e-05,0.0,0.0,0.0,0.0134,0.0,0.0,0.0,0.00767,0.0,0.02961
2025-09-22 07:45:00,Uno M404,0.00731,0.0,0.0,0.0,0.0,0.0,0.0,0.0,0.0,0.00587,0.0,0.01316,0.0,0.0,0.0,0.007549999999999999,0.0,0.0030099999999999997
2025-09-22 07:50:00,Uno M404,3.21498,5.9999999999999995e-05,0.0,3.18673,0.0,0.0,-1e-05,0.0,0.0,0.026949999999999998,0.0,0.013300000000000001,0.0,0.0,0.0,0.00756,0.0,0.0029300000000000003
2025-09-22 07:55:00,Uno M404,3.2191,0.0,0.0,3.1911300000000002,0.0,0.0,0.0,0.0,0.0,0.02656,0.0,0.01343,0.0,0.0,0.0,0.00747,0.0,0.0029500000000000004
2025-09-22 08:00:00,Uno M404,3.23451,2e-05,0.0,3.2065799999999998,0.09903,0.0,0.0,0.0,0.0,0.02655,0.0,0.11253,0.0,0.0,0.013300000000000001,0.00737,0.0,0.01727
2025-09-22 08:05:00,Uno M404,0.0,5e-05,0.0,0.0,0.08758,0.0,0.04432,0.00013000000000000002,0.0,0.0,0.0,0.1011,0.0,0.0,0.01228,0.0074800000000000005,0.0,0.0619
2025-09-22 08:10:00,Uno M404,0.0,0.0,0.0,0.0,0.0,0.0,0.0435,0.0,0.0,0.0,0.0,0.005059999999999999,0.0,0.0,0.0,0.0,0.0,0.04764
2025-09-22 08:15:00,Uno M404,0.0,0.0,0.0,0.0,0.0,0.0,0.0,0.0,0.0,0.0,0.0,0.00521,0.0,0.0,0.0,0.0,0.0,0.00076
2025-09-22 08:20:00,Uno M404,0.0,0.0,0.0,0.0,0.0,0.0,0.0,0.0,0.0,0.0,0.0,0.0052,0.0,0.0,0.0,0.0,0.0,0.00058
2025-09-22 08:25:00,Uno M404,0.0,0.0,0.0,0.0,0.0,0.0,0.0,0.0,0.0,0.0,0.0,0.005,0.0,0.0,0.0,0.0,0.0,0.00083
2025-09-22 08:30:00,Uno M404,0.0,0.0,0.0,0.0,0.0,0.0,0.0,0.0,0.0,0.0,0.0,0.00511,0.0,0.0,0.0,0.0,0.0,0.0007199999999999999
2025-09-22 08:35:00,Uno M404,0.0,0.0,0.0,0.0,0.0,0.0,0.0,0.0,0.0,0.0,0.0,0.004860000000000001,0.0,0.0,0.0,0.0,0.0,0.00039
2025-09-22 08:40:00,Uno M404,0.0,0.0,0.0,0.0,0.0,0.0,0.0,0.0,0.0,0.0,0.0,0.0051600000000000005,0.0,0.0,0.0,0.0,0.0,0.0008
2025-09-22 08:45:00,Uno M404,0.0,0.0,0.0,0.0,0.0,0.0,0.0,0.0,0.0,0.0,0.0,0.00481,0.0,0.0,0.0,0.0,0.0,0.001
2025-09-22 08:50:00,Uno M404,0.0,0.0,0.0,0.0,0.09417,0.0,0.0,1e-05,0.0,0.0,0.0,0.09853,0.0,0.0,0.0,0.0,0.0,0.00101
2025-09-22 08:55:00,Uno M404,0.0,0.0,0.0,0.0,0.0,0.0,0.0,0.0,0.0,0.0,0.0,0.00477,0.0,0.0,0.0,0.0,0.0,0.00086
2025-09-22 09:00:00,Uno M404,0.0,0.0,0.0,0.0,0.0,0.0,0.0,2e-05,0.0,0.0,0.0,0.00491,0.0,0.0,0.0,0.0,0.0,0.0011200000000000001
2025-09-22 09:05:00,Uno M404,0.0,0.0,0.0,0.0,0.0,0.0,0.0,0.0,0.0,0.0,0.0,0.00514,0.0,0.0,0.0,0.0,0.0,0.00094
2025-09-22 09:10:00,Uno M404,0.0,0.0,0.0,0.0,0.0,0.0,0.0,0.0,0.0,0.0,0.0,0.00455,0.0,0.0,0.0,0.0,0.0,0.00109
2025-09-22 09:15:00,Uno M404,0.0,0.0,0.0,0.0,0.0,0.0,0.0,2e-05,0.0,0.0,0.0,0.00457,0.0,0.0,0.0,0.0,0.0,0.00087
2025-09-22 09:20:00,Uno M404,0.0,0.0,0.0,0.0,0.0,0.0,0.0,0.00026000000000000003,0.0,0.0,0.0,0.0045,0.0,0.0,0.0,0.0,0.0,0.00128
2025-09-22 09:25:00,Uno M404,0.0,0.0,0.0,0.0,0.0,0.0,-1e-05,0.00047,0.0,0.0,0.0,0.00455,0.0,0.0,0.0,0.0,0.0,0.00146
2025-09-22 09:30:00,Uno M404,0.0,0.0,0.0,0.0,0.0,0.0,0.0,0.0,0.0,0.0,0.0,0.00456,0.0,0.0,0.0,0.0,0.0,0.00115
2025-09-22 09:35:00,Uno M404,0.0,0.0,0.0,0.0,0.2,0.0,0.0,0.0,0.0,0.0,0.0,0.20874,0.0,0.0,0.0,0.0,0.0,0.0022400000000000002
2025-09-22 09:40:00,Uno M404,0.0,0.0,0.0,0.0,0.08819,0.0,0.0,0.0,0.0,0.0,0.0,0.09245,0.0,0.0,0.0,0.0,0.0,0.00163
2025-09-22 09:45:00,Uno M404,0.0,0.0,0.0,0.0,0.0,0.0,0.0,0.00015,0.0,0.0,0.0,0.00436,0.0,0.0,0.0,0.0,0.0,0.00075
2025-09-22 09:50:00,Uno M404,,0.0,,,0.0,0.0,0.0,,,,0.0,0.00445,0.0,0.0,0.0,0.0,0.0,0.00115
2025-09-22 09:55:00,Uno M404,0.0,0.0,0.0,0.0,0.0,0.0,0.0,5e-05,0.0,0.0,0.0,0.00477,0.0,0.0,0.0,0.0,0.0,0.00149
2025-09-22 10:00:00,Uno M404,0.0,0.0,0.0,0.0,0.0,0.0,0.0,4e-05,0.0,0.0,0.0,0.00442,0.0,0.0,0.0,0.0,0.0,0.00149
2025-09-22 10:05:00,Uno M404,0.0,0.0,0.0,0.0,0.0,0.0,0.0,5.9999999999999995e-05,0.0,0.0,0.0,0.00902,0.0,0.0,0.0,0.0,0.0,0.0025800000000000003
2025-09-22 10:10:00,Uno M404,0.0,0.0,0.0,0.0,0.0,0.0,0.0,4e-05,0.0,0.0,0.0,0.00441,0.0,0.0,0.0,0.0,0.0,0.0015400000000000001
2025-09-22 10:15:00,Uno M404,0.0,0.0,0.0,0.0,0.0,0.0,0.0,2e-05,0.0,0.0,0.0,0.00452,0.0,0.0,0.0,0.0,0.0,0.00117
2025-09-22 10:20:00,Uno M404,0.0,0.0,0.0,0.0,0.0,0.0,0.0,1e-05,0.0,0.0,0.0,0.00438,0.0,0.0,0.0,0.0,0.0,0.00116
2025-09-22 10:25:00,Uno M404,0.0,0.0,0.0,0.0,0.09609000000000001,0.0,0.0,4e-05,0.0,0.0,0.0,0.10053,0.0,0.0,0.0,0.0,0.0,0.00195
2025-09-22 10:30:00,Uno M404,0.0,0.0,0.0,0.0,0.08458,0.0,0.0,7.000000000000001e-05,0.0,0.0,0.0,0.08864,0.0,0.0,0.0,0.0,0.0,0.00126
2025-09-22 10:35:00,Uno M404,0.0,0.0,0.0,0.0,0.0,0.0,0.0,5.9999999999999995e-05,0.0,0.0,0.0,0.00432,0.0,0.0,0.0,0.0,0.0,0.00115
2025-09-22 10:40:00,Uno M404,0.0,0.0,0.0,0.0,0.0,0.0,0.0,0.00011,0.0,0.0,0.0,0.0046,0.0,0.0,0.0,0.0,0.0,0.0019199999999999998
2025-09-22 10:45:00,Uno M404,0.0,0.0,0.0,0.0,0.0,0.0,0.0,1e-05,0.0,0.0,0.0,0.00452,0.0,0.0,0.0,0.0,0.0,0.0011200000000000001
2025-09-22 10:50:00,Uno M404,0.0,0.0,0.0,0.0,0.0,0.0,-1e-05,4e-05,0.0,0.0,0.0,0.00462,0.0,0.0,0.0,0.0,0.0,0.00125
2025-09-22 10:55:00,Uno M404,0.0,0.0,0.0,0.0,0.0,0.0,-2e-05,0.0,0.0,0.0,0.0,0.0045899999999999995,0.0,0.0,0.0,0.0,0.0,0.00174
2025-09-22 11:00:00,Uno M404,0.0,0.0,0.0,0.0,0.0,0.0,0.0,0.0,0.0,0.0,0.0,0.00429,0.0,0.0,0.0,0.0,0.0,0.0012
2025-09-22 11:05:00,Uno M404,0.0,0.0,0.0,0.0,0.0,0.0,0.0,7.000000000000001e-05,0.0,0.0,0.0,0.00455,0.0,0.0,0.0,0.0,0.0,0.00127
2025-09-22 11:10:00,Uno M404,0.0,0.0,0.0,0.0,0.10674,0.0,0.0,8.999999999999999e-05,0.0,0.0,0.0,0.11123999999999999,0.0,0.0,0.0,0.0,0.0,0.0016200000000000001
2025-09-22 11:15:00,Uno M404,0.0,0.0,0.0,0.0,0.09148,0.0,0.0,0.0,0.0,0.0,0.0,0.09556,0.0,0.0,0.0,0.0,0.0,0.00109
2025-09-22 11:20:00,Uno M404,0.0,0.0,0.0,0.0,0.0,0.0,0.0,0.00015,0.0,0.0,0.0,0.0048,0.0,0.0,0.0,0.0,0.0,0.00183
2025-09-22 11:25:00,Uno M404,0.0,0.0,0.0,0.0,0.0,0.0,0.0,8.999999999999999e-05,0.0,0.0,0.0,0.00444,0.0,0.0,0.0,0.0,0.0,0.00147
2025-09-22 11:30:00,Uno M404,0.0,0.0,0.0,0.0,0.0,0.0,0.0,0.00019,0.0,0.0,0.0,0.00436,0.0,0.0,0.0,0.0,0.0,0.0014
2025-09-22 11:35:00,Uno M404,0.0,0.0,0.0,0.0,0.0,0.0,-1e-05,0.0,0.0,0.0,0.0,0.00425,0.0,0.0,0.0,0.0,0.0,0.00115
2025-09-22 11:40:00,Uno M404,0.0,0.0,0.0,0.0,0.0,0.0,-1e-05,5e-05,0.0,0.0,0.0,0.00411,0.0,0.0,0.0,0.0,0.0,0.0015300000000000001
2025-09-22 11:45:00,Uno M404,0.0,0.0,0.0,0.0,0.0,0.0,0.0,0.00011,0.0,0.0,0.0,0.00432,0.0,0.0,0.0,0.0,0.0,0.0012900000000000001
2025-09-22 11:50:00,Uno M404,0.0,0.0,0.0,0.0,0.0,0.0,0.0,1e-05,0.0,0.0,0.0,0.00423,0.0,0.0,0.0,0.0,0.0,0.00174
2025-09-22 11:55:00,Uno M404,0.0,0.0,0.0,0.0,0.0,0.0,0.0,5.9999999999999995e-05,0.0,0.0,0.0,0.00418,0.0,0.0,0.0,0.0,0.0,0.00175
2025-09-22 12:00:00,Uno M404,0.0,0.0,0.0,0.0,0.09869,0.0,0.0,8e-05,0.0,0.0,0.0,0.10256,0.0,0.0,0.0,0.0,0.0,0.00147
2025-09-22 12:05:00,Uno M404,0.0,0.0,0.0,0.0,0.08681,0.0,0.0,5e-05,0.0,0.0,0.0,0.09068999999999999,0.0,0.0,0.0,0.0,0.0,0.00141
2025-09-22 12:10:00,Uno M404,0.0,0.0,0.0,0.0,0.0,0.0,0.0,1e-05,0.0,0.0,0.0,0.0040999999999999995,0.0,0.0,0.0,0.0,0.0,0.0015300000000000001
2025-09-22 12:15:00,Uno M404,0.0,0.0,0.0,0.0,0.0,0.0,-1e-05,7.000000000000001e-05,0.0,0.0,0.0,0.00452,0.0,0.0,0.0,0.0,0.0,0.00102
2025-09-22 12:20:00,Uno M404,0.0,0.0,0.0,0.0,0.0,0.0,0.0,0.00026000000000000003,0.0,0.0,0.0,0.00412,0.0,0.0,0.0,0.0,0.0,0.00159
2025-09-22 12:25:00,Uno M404,0.0,0.0,0.0,0.0,0.0,0.0,0.0,0.0002,0.0,0.0,0.0,0.00449,0.0,0.0,0.0,0.0,0.0,0.0014
2025-09-22 12:30:00,Uno M404,0.0,0.0,0.0,0.0,0.0,0.0,-2e-05,0.00026000000000000003,0.0,0.0,0.0,0.004030000000000001,0.0,0.0,0.0,0.0,0.0,0.0013700000000000001
2025-09-22 12:35:00,Uno M404,0.0,0.0,0.0,0.0,0.0,0.0,0.0,0.00011,0.0,0.0,0.0,0.004070000000000001,0.0,0.0,0.0,0.0,0.0,0.0015
2025-09-22 12:40:00,Uno M404,0.0,0.0,0.0,0.0,0.0,0.0,0.0,8e-05,0.0,0.0,0.0,0.00431,0.0,0.0,0.0,0.0,0.0,0.0019299999999999999
2025-09-22 12:45:00,Uno M404,0.0,0.0,0.0,0.0,0.0,0.0,0.0,2e-05,0.0,0.0,0.0,0.00421,0.0,0.0,0.0,0.0,0.0,0.0015400000000000001
2025-09-22 12:50:00,Uno M404,0.0,0.0,0.0,0.0,0.18839,0.0,-2e-05,0.0004,0.0,0.0,0.0,0.19608,0.0,0.0,0.0,0.0,0.0,0.00314
2025-09-22 12:55:00,Uno M404,0.0,0.0,0.0,0.0,0.0,0.0,-3.0000000000000004e-05,0.00023999999999999998,0.0,0.0,0.0,0.007719999999999999,0.0,0.0,0.0,0.0,0.0,0.00395
2025-09-22 13:00:00,Uno M404,1e-05,0.0,0.0,0.0,0.0,0.0,-0.00028000000000000003,0.0007,0.0,0.0,0.0,0.0074800000000000005,0.0,0.0,0.0,0.0,0.0,0.0033599999999999997
2025-09-22 13:05:00,Uno M404,0.0,0.0,0.0,0.0,0.0,0.0,-7.000000000000001e-05,0.0004,0.0,0.0,0.0,0.0038399999999999997,0.0,0.0,0.0,0.0,0.0,0.0019299999999999999
2025-09-22 13:10:00,Uno M404,0.0,0.0,0.0,0.0,0.0,0.0,-5e-05,0.00067,0.0,0.0,0.0,0.004070000000000001,0.0,0.0,0.0,0.0,0.0,0.00183
2025-09-22 13:15:00,Uno M404,0.0,0.0,0.0,0.0,0.0,0.0,-0.00014000000000000001,0.00079,0.0,0.0,0.0,0.00365,0.0,0.0,0.0,0.0,0.0,0.0018
2025-09-22 13:20:00,Uno M404,0.0,0.0,0.0,0.0,0.0,0.0,-1e-05,0.0008,0.0,0.0,0.0,0.00349,0.0,0.0,0.0,0.0,0.0,0.0018700000000000001
2025-09-22 13:25:00,Uno M404,0.0,0.0,0.0,0.0,0.0,0.0,-2e-05,0.00064,0.0,0.0,0.0,0.00361,0.0,0.0,0.0,0.0,0.0,0.00196
2025-09-22 13:30:00,Uno M404,0.0,0.0,0.0,0.0,0.0,5e-05,-7.000000000000001e-05,0.00067,0.0,0.0,0.0,0.00352,0.0,0.0,0.0,0.0,0.0,0.0021000000000000003
2025-09-22 13:35:00,Uno M404,0.0,0.0,0.0,0.0,0.10109,5.9999999999999995e-05,-0.00014000000000000001,0.0008900000000000001,0.0,0.0,0.0,0.10434,0.0,0.0,0.0,0.0,0.0,0.00164
2025-09-22 13:40:00,Uno M404,0.0,0.0,0.0,0.0,0.08876,0.0,-5.9999999999999995e-05,0.00025,0.0,0.0,0.0,0.09187999999999999,0.0,0.0,0.0,0.0,0.0,0.00157
2025-09-22 13:45:00,Uno M404,0.0,0.0,0.0,0.0,0.0,0.0,-0.0002,0.00054,0.0,0.0,0.0,0.0035299999999999997,0.0,0.0,0.0,0.0,0.0,0.00164
2025-09-22 13:50:00,Uno M404,0.0,0.0,0.0,0.0,0.0,0.0,-5.9999999999999995e-05,0.00035,0.0,0.0,0.0,0.00352,0.0,0.0,-1e-05,0.0,0.0,0.00176
2025-09-22 13:55:00,Uno M404,0.0,0.0,0.0,0.0,0.0,8.999999999999999e-05,-5e-05,0.0006,0.0,0.0,0.0,0.00346,0.0,0.0,0.0,0.0,0.0,0.00206
2025-09-22 14:00:00,Uno M404,0.0,0.0,0.0,0.0,0.0,4e-05,0.0,0.00061,0.0,0.0,0.0,0.0033799999999999998,0.0,0.0,0.0,0.0,0.0,0.00199
2025-09-22 14:05:00,Uno M404,0.0,0.0,0.0,0.0,0.0,1e-05,-4e-05,0.00076,0.0,0.0,0.0,0.00347,0.0,0.0,0.0,0.0,0.0,0.00159
2025-09-22 14:10:00,Uno M404,0.0,0.0,0.0,0.0,0.0,5.9999999999999995e-05,-5e-05,0.00055,0.0,0.0,0.0,0.00373,0.0,0.0,0.0,0.0,0.0,0.00161
2025-09-22 14:15:00,Uno M404,0.0,0.0,0.0,0.0,0.0,0.0,-0.00011,0.0008100000000000001,0.0,0.0,0.0,0.0036,0.0,0.0,0.0,0.0,0.0,0.00159
2025-09-22 14:20:00,Uno M404,0.0,0.0,0.0,0.0,0.0,1e-05,-5e-05,0.00053,0.0,0.0,0.0,0.0036,0.0,0.0,0.0,0.0,0.0,0.00175
2025-09-22 14:25:00,Uno M404,0.0,0.0,0.0,0.0,0.09498000000000001,4e-05,-0.00031,0.00047999999999999996,0.0,0.0,0.0,0.09809,0.0,0.0,0.0,0.0,0.0,0.00136
2025-09-22 14:30:00,Uno M404,0.0,0.0,0.0,0.0,0.0,0.0,-4e-05,0.0005200000000000001,0.0,0.0,0.0,0.00375,0.0,0.0,0.0,0.0,0.0,0.00188
2025-09-22 14:35:00,Uno M404,0.0,0.0,0.0,0.0,0.0,7.000000000000001e-05,-0.0002,0.0011200000000000001,0.0,0.0,0.0,0.04084,0.0,0.0,0.0,0.0,0.0,0.00197
2025-09-22 14:40:00,Uno M404,0.0,0.0,0.0,0.0,0.0,0.00011999999999999999,-5.9999999999999995e-05,0.00041999999999999996,0.0,0.0,0.0,0.039799999999999995,0.0,0.0,0.011609999999999999,0.0,0.0,0.01479
2025-09-22 14:45:00,Uno M404,0.0,0.0,0.0,0.0,0.10355,4e-05,-2e-05,0.00054,0.0,0.0,0.0,0.14303,0.0,0.0,0.01063,0.0,0.0,0.01391
2025-09-22 14:50:00,Uno M404,0.0,0.0,0.0,0.0,0.09119,5.9999999999999995e-05,-1e-05,0.0008100000000000001,0.0,0.0,0.0,0.13032,0.0,0.0,0.01075,0.0,0.0,0.03492
2025-09-22 14:55:00,Uno M404,0.02149,0.0,0.0,0.0,0.0,2e-05,-0.00013000000000000002,0.02206,0.0,0.0,0.0,0.039850000000000003,0.0,0.0,0.01075,0.0,0.0,0.03497
2025-09-22 15:00:00,Uno M404,0.02134,0.0,0.0,0.0,0.0,8e-05,-7.000000000000001e-05,0.022,0.0,0.0,0.0,0.039670000000000004,0.0,0.0,0.01059,0.0,0.0,0.03473
2025-09-22 15:05:00,Uno M404,0.02135,0.0,0.0,0.0,0.0008100000000000001,0.00015,-7.000000000000001e-05,0.022019999999999998,0.0,0.0,0.0,0.06477,0.0,0.0,0.010490000000000001,0.0,0.0,0.03447
2025-09-22 15:10:00,Uno M404,0.02142,0.0,0.0,0.0,0.1061,0.00011,-8.999999999999999e-05,0.02204,0.0,0.0,0.0,0.14533000000000001,0.0,0.0,0.01068,0.0,0.0,0.03467
2025-09-22 15:15:00,Uno M404,0.0213,0.0,0.0,0.0,0.09451000000000001,0.00011999999999999999,-0.00013000000000000002,0.022010000000000002,0.0,0.0,0.0,0.13378,0.0,0.0,0.01076,0.0,0.0,0.03484
2025-09-22 15:20:00,Uno M404,0.02138,0.0,0.0,0.0,0.08835,0.00028000000000000003,-0.0002,0.02188,0.0,0.0,0.0,0.12767,0.0,0.0,0.011,0.0,0.0,0.035
2025-09-22 15:25:00,Uno M404,0.02147,0.0,0.0,0.0,0.08793000000000001,8e-05,-0.0006,0.02197,0.0,0.0,0.0,0.12704000000000001,0.0,0.0,0.0108,0.0,0.0,0.03483
2025-09-22 15:30:00,Uno M404,0.02128,0.0,0.0,0.0,0.0,0.00013000000000000002,-0.00035999999999999997,0.02197,0.0,0.0,0.0,0.03971,0.0,0.0,0.01083,0.0,0.0,0.035
2025-09-22 15:35:00,Uno M404,0.02776,0.0,0.0,0.0,0.0,0.00011999999999999999,-0.00041999999999999996,0.02209,0.0,0.00571,0.0,0.13501,0.0,0.0,0.01074,0.0,0.0,0.03478
2025-09-22 15:40:00,Uno M404,0.027829999999999997,0.0,0.0,0.0,0.0,0.00017999999999999998,-8.999999999999999e-05,0.02215,0.0,0.00566,0.0,0.13519,0.0,0.0,0.0,0.0,0.0,0.00172
2025-09-22 15:45:00,Uno M404,0.0,0.0,0.0,0.0,0.0,0.00041,-7.000000000000001e-05,0.0014199999999999998,0.0,0.0,0.0,0.01629,0.0,0.0,0.0,0.0,0.0,0.00197
2025-09-22 15:50:00,Uno M404,0.0,0.0,0.0,0.0,0.0,0.00047999999999999996,-8.999999999999999e-05,0.00101,0.0,0.0,0.0,0.016239999999999997,0.0,0.0,0.0,0.0,0.0,0.00148
2025-09-22 15:55:00,Uno M404,0.0,0.0,0.0,0.0,0.0,0.00078,-8e-05,0.00151,0.0,0.0,0.0,0.01679,0.0,0.0,0.0,0.0,0.0,0.00177
2025-09-22 16:00:00,Uno M404,0.0,0.0,0.0,0.0,0.0,0.0007199999999999999,-0.00016,0.0016699999999999998,0.0,0.0,0.0,0.016370000000000003,0.0,0.0,-1e-05,0.0,0.0,0.0020800000000000003
2025-09-22 16:05:00,Uno M404,0.0,0.0,0.0,0.0,0.10804000000000001,0.00046,-4e-05,0.00148,0.0,0.0,0.0,0.12372,0.0,0.0,0.0,0.0,0.0,0.00173
2025-09-22 16:10:00,Uno M404,0.0,0.0,0.0,0.0,0.09308,0.00057,-0.00047999999999999996,0.00157,0.0,0.0,0.0,0.10898999999999999,0.0,0.0,0.0,0.0,0.0,0.00184
2025-09-22 16:15:00,Uno M404,0.0,0.0,0.0,0.0,0.0,0.0006,-0.00043,0.00133,0.0,0.0,0.0,0.016280000000000003,0.0,0.0,0.0,0.0,0.0,0.00213
2025-09-22 16:20:00,Uno M404,0.0,0.0,0.0,0.0,0.0,0.00043,-0.00025,0.0016,0.0,0.0,0.0,0.01671,0.0,0.0,0.0,0.0,0.0,0.00181
2025-09-22 16:25:00,Uno M404,1e-05,0.0,0.0,0.0,0.0,0.0005,-0.0004,0.00132,0.0,0.0,0.0,0.016980000000000002,0.0,0.0,0.0,0.0,0.0,0.00174
2025-09-22 16:30:00,Uno M404,0.0,0.0,0.0,0.0,0.0,0.00047,-0.0002,0.00141,0.0,0.0,0.0,0.01651,0.0,0.0,0.0,0.0,0.0,0.00182
2025-09-22 16:35:00,Uno M404,1e-05,0.0,0.0,0.0,0.0,0.00055,-0.00011999999999999999,0.00111,0.0,0.0,0.0,0.01645,0.0,0.0,0.0,0.0,0.0,0.0016
2025-09-22 16:40:00,Uno M404,,0.0,,,0.0,0.00046,-0.0004,,,,0.0,0.01667,0.0,0.0,0.0,0.0,0.0,0.00172
2025-09-22 16:45:00,Uno M404,0.0,0.0,0.0,0.0,0.0,0.00035999999999999997,-0.00046,0.00128,0.0,0.0,0.0,0.01696,0.0,0.0,0.0,0.0,0.0,0.002
2025-09-22 16:50:00,Uno M404,0.0,0.0,0.0,0.0,0.0,0.00026000000000000003,-0.00028000000000000003,0.00125,0.0,0.0,0.0,0.01651,0.0,0.0,0.0,0.0,0.0,0.00173
2025-09-22 16:55:00,Uno M404,0.0,0.0,0.0,0.0,0.0,0.00044,-0.00088,0.0008399999999999999,0.0,0.0,0.0,0.01677,0.0,0.0,0.0,0.0,0.0,0.0015400000000000001
2025-09-22 17:00:00,Uno M404,0.0,0.0,0.0,0.0,0.09634000000000001,7.000000000000001e-05,-0.00073,0.00061,0.0,0.0,0.0,0.1128,0.0,0.0,0.0,0.0,0.0,0.0020800000000000003
2025-09-22 17:05:00,Uno M404,0.0,0.0,0.0,0.0,0.08655,8e-05,-0.00045,0.00086,0.0,0.0,0.0,0.10278,0.0,0.0,0.0,0.0,0.0,0.00181
2025-09-22 17:10:00,Uno M404,0.0,0.0,0.0,0.0,0.0,8e-05,-0.00014000000000000001,0.00065,0.0,0.0,0.0,0.01677,0.0,0.0,0.0,0.0,0.0,0.00166
2025-09-22 17:15:00,Uno M404,0.0,0.0,0.0,0.0,0.0,0.00027,-1e-05,0.00085,0.0,0.0,0.0,0.01679,0.0,0.0,0.0,0.0,0.0,0.00195
2025-09-22 17:20:00,Uno M404,0.0,0.0,0.0,0.0,0.0,0.00032,-2e-05,0.00091,0.0,0.0,0.0,0.01701,0.0,0.0,0.0,0.0,0.0,0.0016200000000000001
2025-09-22 17:25:00,Uno M404,0.0,0.0,0.0,0.0,0.0,5.9999999999999995e-05,-8e-05,0.001,0.0,0.0,0.0,0.01694,0.0,0.0,0.0,0.0,0.0,0.00188
2025-09-22 17:30:00,Uno M404,0.0,0.0,0.0,0.0,0.0008399999999999999,0.00017999999999999998,-4e-05,0.00066,0.0,0.0,0.78601,0.8109299999999999,0.0,0.0,0.0,0.0,0.0,0.0019299999999999999
2025-09-22 17:35:00,Uno M404,0.0,0.0,0.0,0.0,0.0,2e-05,-0.00015,0.00029,0.0,0.0,0.77116,0.78803,0.0,0.0,0.0,0.0,0.0,0.0016899999999999999
2025-09-22 17:40:00,Uno M404,0.0,0.0,0.0,0.0,0.0,4e-05,-5e-05,0.00069,0.0,0.0,0.77158,0.7884500000000001,0.0,0.0,0.0,0.0,0.0,0.0015300000000000001
2025-09-22 17:45:00,Uno M404,0.0,0.0,0.0,0.0,0.10545,5.9999999999999995e-05,0.0,0.00044,0.0,0.0,0.76622,0.88802,0.0,0.0,0.0,0.0,0.0,0.00195
2025-09-22 17:50:00,Uno M404,0.0,0.0,0.0,0.0,0.09259999999999999,1e-05,-0.00014000000000000001,0.00093,0.0,0.0,0.04286,0.15150999999999998,0.0,0.0,0.0,0.0,0.0,0.00149
2025-09-22 17:55:00,Uno M404,0.0,0.0,0.0,0.0,0.0,0.0,-8e-05,0.0004,0.0,0.0,0.04295,0.05948,0.0,0.0,0.0,0.0,0.0,0.00177
2025-09-22 18:00:00,Uno M404,0.0,0.0,0.0,0.0,0.0,7.000000000000001e-05,-0.00062,0.00047999999999999996,0.0,0.0,0.04308,0.05971,0.0,0.0,0.0,0.0,0.0,0.00147
2025-09-22 18:05:00,Uno M404,0.0,0.0,0.0,0.0,0.0,0.0,-0.00011999999999999999,0.0005899999999999999,0.0,0.0,0.04256,0.059090000000000004,0.0,0.0,0.0,0.0,0.0,0.00156
2025-09-22 18:10:00,Uno M404,0.0,0.0,0.0,0.0,0.0,0.0,-0.00015,0.00027,0.0,0.0,0.042409999999999996,0.05945,0.0,0.0,0.0,0.0,0.0,0.0019299999999999999
2025-09-22 18:15:00,Uno M404,0.0,0.0,0.0,0.0,0.0,0.0,-8.999999999999999e-05,0.00064,0.0,0.0,0.04229,0.05894,0.0,0.0,0.0,0.0,0.0,0.00188
2025-09-22 18:20:00,Uno M404,0.0,0.0,0.0,0.0,0.0,0.0,-7.000000000000001e-05,0.00051,0.0,0.0,0.04236,0.05902,0.0,0.0,0.0,0.0,0.0,0.00159
2025-09-22 18:25:00,Uno M404,0.0,0.0,0.0,0.0,0.0,0.0,-0.00020999999999999998,0.00026000000000000003,0.0,0.0,0.041960000000000004,0.05883,0.0,0.0,0.0,0.0,0.0,0.00155
2025-09-22 18:30:00,Uno M404,0.0,0.0,0.0,0.0,0.0,0.0,-0.00014000000000000001,0.00028000000000000003,0.0,0.0,0.04217,0.0588,0.0,0.0,0.0,0.0,0.0,0.00207
2025-09-22 18:35:00,Uno M404,0.0,0.0,0.0,0.0,0.1043,0.0,-5.9999999999999995e-05,0.00051,0.0,0.0,0.04223,0.1626,0.0,0.0,0.0,0.0,0.0,0.0016
2025-09-22 18:40:00,Uno M404,0.0,0.0,0.0,0.0,0.09209,0.0,-0.00017999999999999998,0.00033,0.0,0.0,0.04182,0.14991,0.0,0.0,0.0,0.0,0.0,0.00128
2025-09-22 18:45:00,Uno M404,1e-05,0.0,0.0,0.0,0.0,5.9999999999999995e-05,-1e-05,0.00019,0.0,0.0,0.04225,0.05858,0.0,0.0,0.0,0.0,0.0,0.00177
2025-09-22 18:50:00,Uno M404,0.0,0.0,0.0,0.0,0.0,2e-05,-8e-05,0.00067,0.0,0.0,0.042409999999999996,0.05947,0.0,0.0,0.0,0.0,0.0,0.00149
2025-09-22 18:55:00,Uno M404,0.0,0.0,0.0,0.0,0.0,7.000000000000001e-05,-0.00011999999999999999,0.00078,0.0,0.0,0.04271,0.05926,0.0,0.0,0.0,0.0,0.0,0.0016200000000000001
2025-09-22 19:00:00,Uno M404,0.0,0.0,0.0,0.0,0.0,7.000000000000001e-05,-8e-05,0.0008900000000000001,0.0,0.0,0.04308,0.05944,0.0,0.0,0.0,0.0,0.0,0.00189
2025-09-22 19:05:00,Uno M404,0.0,0.0,0.0,0.0,0.0,0.00013000000000000002,-0.00011,0.00085,0.0,0.0,0.0434,0.059789999999999996,0.0,0.0,0.0,0.0,0.0,0.0015
2025-09-22 19:10:00,Uno M404,0.0,0.0,0.0,0.0,0.0,8.999999999999999e-05,-0.00013000000000000002,0.0008399999999999999,0.0,0.0,0.04328,0.05968,0.0,0.0,0.0,0.0,0.0,0.00172
2025-09-22 19:15:00,Uno M404,0.0,0.0,0.0,0.0,0.0,0.00016,-0.00013000000000000002,0.00073,0.0,0.0,0.04355,0.06011,0.0,0.0,0.0,0.0,0.0,0.0016200000000000001
2025-09-22 19:20:00,Uno M404,0.0,0.0,0.0,0.0,0.0,0.00014000000000000001,-0.00020999999999999998,0.00095,0.0,0.0,0.04318,0.059539999999999996,0.0,0.0,0.0,0.0,0.0,0.0017
2025-09-22 19:25:00,Uno M404,0.0,0.0,0.0,0.0,0.10512,0.00015,-0.00013000000000000002,0.00106,0.0,0.0,0.04339,0.16457,0.0,0.0,0.0,0.0,0.0,0.0018700000000000001
2025-09-22 19:30:00,Uno M404,0.0,0.0,0.0,0.0,0.09337999999999999,5e-05,0.0,0.0007099999999999999,0.0,0.0,0.04389,0.15337,0.0,0.0,0.0,0.0,0.0,0.00188
2025-09-22 19:35:00,Uno M404,0.0,0.0,0.0,0.0,0.0,0.00035,-0.00054,0.00075,0.0,0.0,0.04389,0.060469999999999996,0.0,0.0,0.0,0.0,0.0,0.00176
2025-09-22 19:40:00,Uno M404,0.0,0.0,0.0,0.0,0.0,2e-05,-0.0011899999999999999,0.00091,0.0,0.0,0.04385,0.06028,0.0,0.0,0.0,0.0,0.0,0.0019399999999999999
2025-09-22 19:45:00,Uno M404,0.0,0.0,0.0,0.0,0.0,0.00014000000000000001,-0.00011999999999999999,0.0011899999999999999,0.0,0.0,0.04423,0.06139,0.0,0.0,0.0,0.0,0.0,0.00196
2025-09-22 19:50:00,Uno M404,0.0,0.0,0.0,0.0,0.0,0.0003,-0.00029,0.0014399999999999999,0.0,0.0,0.04412,0.06089,0.0,0.0,0.0,0.0,0.0,0.0018
2025-09-22 19:55:00,Uno M404,0.0,0.0,0.0,0.0,0.0,8.999999999999999e-05,-0.00017999999999999998,0.0012,0.0,0.0,0.04419,0.06104,0.0,0.0,0.0,0.0,0.0,0.00216
2025-09-22 20:00:00,Uno M404,0.0,0.0,0.0,0.0,0.0,0.00019,-0.00079,0.00155,0.0,0.0,0.04471,0.06135,0.0,0.0,0.0,0.0,0.0,0.00221
2025-09-22 20:05:00,Uno M404,0.0,0.0,0.0,0.0,0.0,0.00027,-0.00020999999999999998,0.0016799999999999999,0.0,0.0,0.04562,0.06239,0.0,0.0,0.0,0.0,0.0,0.00176
2025-09-22 20:10:00,Uno M404,0.0,0.0,0.0,0.0,0.0,0.00022,0.0,0.00094,0.0,0.0,0.04539,0.062079999999999996,0.0,0.0,0.0,0.0,0.0,0.00195
2025-09-22 20:15:00,Uno M404,0.0,0.0,0.0,0.0,0.10579000000000001,0.00015,-0.00033,0.00131,0.0,0.0,0.04496,0.16657,0.0,0.0,0.0,0.0,0.0,0.00206
2025-09-22 20:20:00,Uno M404,0.0,0.0,0.0,0.0,0.09356999999999999,0.00051,-0.00053,0.00146,0.0,0.0,0.04519,0.15478999999999998,0.0,0.0,0.0,0.0,0.0,0.00196
2025-09-22 20:25:00,Uno M404,0.0,0.0,0.0,0.0,0.0,0.00049,-0.00134,0.00117,0.0,0.0,0.04519,0.061840000000000006,0.0,0.0,0.0,0.0,0.0,0.00188
2025-09-22 20:30:00,Uno M404,0.0,0.0,0.0,0.0,0.0,0.00061,-0.00020999999999999998,0.0010500000000000002,0.0,0.0,0.04503,0.06166,0.0,0.0,0.0,0.0,0.0,0.00204
2025-09-22 20:35:00,Uno M404,0.0,0.0,0.0,0.0,0.0,0.00053,-0.00045,0.00126,0.0,0.0,0.04503,0.061630000000000004,0.0,0.0,0.0,0.0,0.0,0.0018
2025-09-22 20:40:00,Uno M404,0.0,0.0,0.0,0.0,0.0,0.00053,-0.00027,0.00135,0.0,0.0,0.045270000000000005,0.062,0.0,0.0,0.0,0.0,0.0,0.0020299999999999997
2025-09-22 20:45:00,Uno M404,0.0,0.0,0.0,0.0,0.0,0.00055,-0.00053,0.0011899999999999999,0.0,0.0,0.04562,0.06232,0.0,0.0,0.0,0.0,0.0,0.00214
2025-09-22 20:50:00,Uno M404,0.0,0.0,0.0,0.0,0.0,0.0005600000000000001,-0.0005600000000000001,0.00135,0.0,0.0,0.04536,0.0619,0.0,0.0,0.0,0.0,0.0,0.00166
2025-09-22 20:55:00,Uno M404,0.0,0.0,0.0,0.0,0.0,0.00064,-0.0005600000000000001,0.00172,0.0,0.0,0.0456,0.06222,0.0,0.0,0.0,0.0,0.0,0.00125
2025-09-22 21:00:00,Uno M404,0.0,0.0,0.0,0.0,0.0,0.00027,-0.00032,0.0014399999999999999,0.0,0.0,0.0455,0.06893,0.0,0.0,0.0,0.0,0.0,0.0020099999999999996
2025-09-22 21:05:00,Uno M404,0.00738,0.0,0.0,0.0,0.10632,0.0003,0.05883,0.00086,0.0,0.00561,0.04405,0.17999,0.0,0.0,0.0,0.0,0.0,0.06252
2025-09-22 21:10:00,Uno M404,0.03127,0.0,0.0,0.0,,,0.13157,0.00185,0.0,0.02933,,,0.0,0.0,0.0,,,0.13527
2025-09-22 21:15:00,Uno M404,3.39893,0.0,0.0,3.36953,0.0911,0.00041,0.12908,0.00017999999999999998,0.0,0.027800000000000002,0.0,0.12214,0.0,0.0,0.0,0.0,0.0,0.13263999999999998
2025-09-22 21:20:00,Uno M404,3.38523,0.0,0.0,3.35625,0.0,0.00067,0.13058,0.0008100000000000001,0.0,0.027579999999999997,0.0,0.03059,0.0,0.0,0.0,0.0,0.0,0.13437000000000002
2025-09-22 21:25:00,Uno M404,3.38704,0.0,0.0,3.3581399999999997,0.0,0.0004,0.12979,0.00028000000000000003,0.0,0.027530000000000002,0.0,0.031039999999999998,0.0,0.0,0.0,0.0,0.0,0.13348
2025-09-22 21:30:00,Uno M404,3.40372,0.0,0.0,3.37485,0.0,0.00032,0.12941,0.00020999999999999998,0.0,0.027579999999999997,0.0,0.05496,0.0,0.0,0.0,0.0,0.0,0.13315000000000002
2025-09-22 21:35:00,Uno M404,0.0,0.0,0.0,0.0,0.0,4e-05,0.12856,0.00041,0.0,0.0,0.0,0.030760000000000003,0.0,0.0,0.0,0.0,0.0,0.13224
2025-09-22 21:40:00,Uno M404,0.0,0.0,0.0,0.0,0.0,1e-05,0.13044,0.00045,0.0,0.0,0.0,0.030699999999999998,0.0,0.0,0.0,0.0,0.0,0.13397
2025-09-22 21:45:00,Uno M404,0.0,0.0,0.0,0.0,0.0,0.0,0.12863,0.0002,0.0,0.0,0.0,0.03133,0.0,0.0,0.0,0.0,0.0,0.13202
2025-09-22 21:50:00,Uno M404,0.0,0.0,0.0,0.0,0.0,0.0,0.13063,0.00031,0.0,0.0,0.0,0.03222,0.0,0.0,0.0,0.0,0.0,0.13387000000000002
2025-09-22 21:55:00,Uno M404,0.0,0.0,0.0,0.0,0.09854,1e-05,0.13076,0.00035,0.0,0.0,0.0,0.12922999999999998,0.0,0.0,0.0,0.0,0.0,0.1343
2025-09-22 22:00:00,Uno M404,0.0,0.0,0.0,0.0,0.08771,2e-05,0.13003,8e-05,0.0,0.0,0.0,0.11927,0.0,0.0,0.0,0.0,0.0,0.13356
2025-09-22 22:05:00,Uno M404,0.0,0.0,0.0,0.0,0.0,0.0,0.12875999999999999,0.00028000000000000003,0.0,0.0,0.0,0.03194,0.0,0.0,0.0,0.0,0.0,0.13209
2025-09-22 22:10:00,Uno M404,0.0,0.0,0.0,0.0,0.0,0.0,0.12961,0.00025,0.0,0.0,0.0,0.031010000000000003,0.0,0.0,0.0,0.0,0.0,0.13269999999999998
2025-09-22 22:15:00,Uno M404,0.0,0.0,0.0,0.0,0.0,0.0,0.12847999999999998,0.00031,0.0,0.0,0.0,0.030809999999999997,0.0,0.0,0.0,0.0,0.0,0.13191
2025-09-22 22:20:00,Uno M404,0.0,0.0,0.0,0.0,0.0,0.0,0.13103,0.00045,0.0,0.0,0.0,0.023780000000000003,0.0,0.0,0.0,0.0,0.0,0.13409000000000001
2025-09-22 22:25:00,Uno M404,8.999999999999999e-05,0.0,0.0,0.0,0.0,0.0,0.13055,5.9999999999999995e-05,0.0,0.0,0.0,0.023690000000000003,0.0,0.0,0.0,0.0,0.0,0.13384000000000001
2025-09-22 22:30:00,Uno M404,1e-05,0.0,0.0,0.0,0.10242,0.0,0.12993000000000002,0.0002,0.0,0.0,0.0,0.12573,0.0,0.0,0.0,0.0,0.0,0.13325
2025-09-22 22:35:00,Uno M404,0.0,0.0,0.0,0.0,0.09040999999999999,0.0,0.13188999999999998,0.00011999999999999999,0.0,0.0,0.0,0.11406999999999999,0.0,0.0,0.0,0.0,0.0,0.13507
2025-09-22 22:40:00,Uno M404,2e-05,0.0,0.0,0.0,0.0,0.0,0.13119999999999998,0.00016,0.0,0.0,0.0,0.02388,0.0,0.0,0.0,0.0,0.0,0.13487000000000002
2025-09-22 22:45:00,Uno M404,0.0,0.0,0.0,0.0,0.0,0.0,0.13076,7.000000000000001e-05,0.0,0.0,0.0,0.02505,0.0,0.0,0.0,0.0,0.0,0.13416999999999998
2025-09-22 22:50:00,Uno M404,0.0,0.0,0.0,0.0,0.0,0.0,0.1306,0.00017999999999999998,0.0,0.0,0.0,0.02416,0.0,0.0,0.0,0.0,0.0,0.13418
2025-09-22 22:55:00,Uno M404,0.0,0.0,0.0,0.0,0.0,0.0,0.13252,0.00022,0.0,0.0,0.0,0.03135,0.0,0.0,0.0,0.0,0.0,0.13602
2025-09-22 23:00:00,Uno M404,0.0,0.0,0.0,0.0,0.0,0.0,0.13113999999999998,0.00023999999999999998,0.0,0.0,0.0,0.01804,0.0,0.0,0.0,0.0,0.0,0.13436
2025-09-22 23:05:00,Uno M404,0.0,0.0,0.0,0.0,0.0,0.0,0.13156,0.00033,0.0,0.0,0.0,0.01812,0.0,0.0,0.0,0.0,0.0,0.13476
2025-09-22 23:10:00,Uno M404,0.0,0.0,0.0,0.0,0.0,0.0,0.12938999999999998,0.00011999999999999999,0.0,0.0,0.0,0.01798,0.0,0.0,0.0,0.0,0.0,0.13275
2025-09-22 23:15:00,Uno M404,0.0,0.0,0.0,0.0,0.10575,0.0,0.12891999999999998,5e-05,0.0,0.0,0.0,0.12362000000000001,0.0,0.0,0.0,0.0,0.0,0.13194999999999998
2025-09-22 23:20:00,Uno M404,1e-05,0.0,0.0,0.0,0.09347,0.0,0.12952000000000002,2e-05,0.0,0.0,0.0,0.11156999999999999,0.0,0.0,0.0,0.0,0.0,0.13286
2025-09-22 23:25:00,Uno M404,0.0,0.0,0.0,0.0,0.0,0.0,0.12925,5.9999999999999995e-05,0.0,0.0,0.0,0.01824,0.0,0.0,0.0,0.0,0.0,0.13251
2025-09-22 23:30:00,Uno M404,0.0,0.0,0.0,0.0,0.0,0.0,0.13019,7.000000000000001e-05,0.0,0.0,0.0,0.01808,0.0,0.0,0.0,0.0,0.0,0.13369999999999999
2025-09-22 23:35:00,Uno M404,0.0,0.0,0.0,0.0,0.0,0.0,0.07061,5e-05,0.0,0.0,0.0,0.018179999999999998,0.0,0.0,0.0,0.0,0.0,0.07403
2025-09-22 23:40:00,Uno M404,0.0,0.0,0.0,0.0,0.0,0.0,0.0697,8e-05,0.0,0.0,0.0,0.01824,0.0,0.0,0.0,0.0,0.0,0.07292
2025-09-22 23:45:00,Uno M404,0.0,0.0,0.0,0.0,0.0,0.0,0.07045,1e-05,0.0,0.0,0.0,0.01828,0.0,0.0,0.0,0.0,0.0,0.07361
2025-09-22 23:50:00,Uno M404,0.0076500000000000005,0.0,0.0,0.0,0.0,0.0,0.0,0.0,0.0,0.00601,0.0,0.00443,0.0,0.0,0.0,0.0,0.0,0.0016200000000000001
2025-09-22 23:55:00,Uno M404,0.0,0.02919,0.0,0.0,0.0,0.0,0.0,0.00014000000000000001,0.0,0.0,0.0,0.00456,0.0,0.0,0.0,0.0,0.0,0.03107
2025-09-23 00:00:00,Uno M404,0.0,0.02927,0.0,0.0,0.0,0.0,0.0,7.000000000000001e-05,0.0,0.0,0.0,0.00451,0.0,0.0,0.0,0.0,0.0,0.03109
2025-09-23 00:05:00,Uno M404,0.0,0.02936,0.0,0.0,0.09944,0.0,0.0,0.00017999999999999998,0.0,0.0,0.0,0.10396,0.0,0.0,0.0,0.0,0.0,0.03107
2025-09-23 00:10:00,Uno M404,0.0,0.02927,0.0,0.0,0.08806,0.0,-2e-05,8e-05,0.0,0.0,0.0,0.09276999999999999,0.0,0.0,0.0,0.0,0.0,0.030920000000000003
2025-09-23 00:15:00,Uno M404,0.0,0.02921,0.0,0.0,0.0,0.0,0.0,1e-05,0.0,0.0,0.0,0.00484,0.0,0.0,0.0,0.0,0.0,0.031100000000000003
2025-09-23 00:20:00,Uno M404,0.0,0.02923,0.0,0.0,0.0,0.0,0.0,0.0,0.0,0.0,0.0,0.00474,0.0,0.0,0.0,0.0,0.0,0.031010000000000003
2025-09-23 00:25:00,Uno M404,0.0,0.02921,0.0,0.0,0.0,0.0,0.0,0.0,0.0,0.0,0.0,0.00481,0.0,0.0,0.0,0.0,0.0,0.03095
2025-09-23 00:30:00,Uno M404,0.0,0.02942,0.0,0.0,0.0,0.0,0.0,8.999999999999999e-05,0.0,0.0,0.0,0.00484,0.0,0.0,0.0,0.0,0.0,0.03121
2025-09-23 00:35:00,Uno M404,0.0,0.02947,0.0,0.0,0.0,0.0,0.0,1e-05,0.0,0.0,0.0,0.0051600000000000005,0.0,0.0,0.0,0.0,0.0,0.0313
2025-09-23 00:40:00,Uno M404,0.0,0.02953,0.0,0.0,0.0,0.0,-1e-05,0.0,0.0,0.0,0.0,0.0049900000000000005,0.0,0.0,0.0,0.0,0.0,0.03128
2025-09-23 00:45:00,Uno M404,0.0,0.02954,0.0,0.0,0.0,0.0,-1e-05,0.0,0.0,0.0,0.0,0.00507,0.0,0.0,0.0,0.0,0.0,0.03131
2025-09-23 00:50:00,Uno M404,0.0,0.0294,0.0,0.0,0.10558,0.0,-4e-05,0.0,0.0,0.0,0.0,0.11102,0.0,0.0,0.0,0.0,0.0,0.03109
2025-09-23 00:55:00,Uno M404,0.0,0.02949,0.0,0.0,0.09369,0.0,-1e-05,2e-05,0.0,0.0,0.0,0.09869,0.0,0.0,0.0,0.0,0.0,0.03135
2025-09-23 01:00:00,Uno M404,0.0,0.02897,0.0,0.0,0.0,0.0,0.0,0.0,0.0,0.0,0.0,0.00483,0.0,0.0,0.0,0.0,0.0,0.030850000000000002
2025-09-23 01:05:00,Uno M404,0.0,0.02915,0.0,0.0,0.0,0.0,0.0,1e-05,0.0,0.0,0.0,0.0048,0.0,0.0,0.0,0.0,0.0,0.030940000000000002
2025-09-23 01:10:00,Uno M404,0.0,0.02923,0.0,0.0,0.0,0.0,0.0,1e-05,0.0,0.0,0.0,0.0049299999999999995,0.0,0.0,0.0,0.0,0.0,0.03095
2025-09-23 01:15:00,Uno M404,0.0,0.02936,0.0,0.0,0.0,0.0,0.0,0.0,0.0,0.0,0.0,0.004900000000000001,0.0,0.0,0.0,0.0,0.0,0.031100000000000003
2025-09-23 01:20:00,Uno M404,0.0,0.02916,0.0,0.0,0.0,0.0,0.0,2e-05,0.0,0.0,0.0,0.00497,0.0,0.0,0.0,0.0,0.0,0.03089
2025-09-23 01:25:00,Uno M404,0.0,0.02926,0.0,0.0,0.0,0.0,0.0,0.0,0.0,0.0,0.0,0.00497,0.0,0.0,0.0,0.0,0.0,0.03096
2025-09-23 01:30:00,Uno M404,0.0,0.02912,0.0,0.0,0.0,0.0,0.0,0.0,0.0,0.0,0.0,0.00492,0.0,0.0,0.0,0.0,0.0,0.03096
2025-09-23 01:35:00,Uno M404,0.0,0.8512799999999999,0.0,0.0,0.0,0.0,0.0,2e-05,0.0,0.0,0.0,0.00533,0.0,0.0,0.0,0.0,0.0,0.85334
2025-09-23 01:40:00,Uno M404,0.0,0.02922,0.0,0.0,0.10359,0.0,0.0,0.0,0.0,0.0,0.0,0.10832,0.0,0.0,0.0,0.0,0.0,0.03108
2025-09-23 01:45:00,Uno M404,0.0,0.02948,0.0,0.0,0.0917,0.0,0.0,0.0,0.0,0.0,0.0,0.09647,0.0,0.0,0.0,0.0,0.0,0.03118
2025-09-23 01:50:00,Uno M404,0.0,0.02927,0.0,0.0,0.0,0.0,0.0,0.0,0.0,0.0,0.0,0.0047599999999999995,0.0,0.0,0.0,0.0,0.0,0.03105
2025-09-23 01:55:00,Uno M404,0.0,0.02928,0.0,0.0,0.0,0.0,0.0,0.0,0.0,0.0,0.0,0.004849999999999999,0.0,0.0,0.0,0.0,0.0,0.03111
2025-09-23 02:00:00,Uno M404,0.0,0.02951,0.0,0.0,0.0,0.0,0.0,0.0,0.0,0.0,0.0,0.00483,0.0,0.0,0.0,0.0,0.0,0.031170000000000003
2025-09-23 02:05:00,Uno M404,0.0,0.02928,0.0,0.0,0.0,0.0,0.0,0.0,0.0,0.0,0.0,0.00479,0.0,0.0,0.0,0.0,0.0,0.03102
2025-09-23 02:10:00,Uno M404,0.0,0.02948,0.0,0.0,0.0,0.0,0.0,1e-05,0.0,0.0,0.0,0.00504,0.0,0.0,0.0,0.0,0.0,0.03123
2025-09-23 02:15:00,Uno M404,0.0,0.02936,0.0,0.0,0.0,0.0,0.0,0.0,0.0,0.0,0.0,0.00518,0.0,0.0,0.0,0.0,0.0,0.0313
2025-09-23 02:20:00,Uno M404,0.0,0.02928,0.0,0.0,0.0,0.0,0.0,0.0,0.0,0.0,0.0,0.00477,0.0,0.0,0.0,0.0,0.0,0.03108
2025-09-23 02:25:00,Uno M404,0.0,0.02941,0.0,0.0,0.0,0.0,0.0,0.0,0.0,0.0,0.0,0.0045899999999999995,0.0,0.0,0.0,0.0,0.0,0.031170000000000003
2025-09-23 02:30:00,Uno M404,0.0,0.02934,0.0,0.0,0.11344,0.0,0.0,0.0,0.0,0.0,0.0,0.11817,0.0,0.0,0.0,0.0,0.0,0.03118
2025-09-23 02:35:00,Uno M404,0.0,0.02943,0.0,0.0,0.095,0.0,-1e-05,4e-05,0.0,0.0,0.0,0.09971,0.0,0.0,0.0,0.0,0.0,0.03136
2025-09-23 02:40:00,Uno M404,0.0,0.02951,0.0,0.0,0.0,0.0,0.0,1e-05,0.0,0.0,0.0,0.00464,0.0,0.0,0.0,0.0,0.0,0.031420000000000003
2025-09-23 02:45:00,Uno M404,0.0,1.12541,0.0,0.0,0.0,0.0,0.0,0.0,0.0,0.0,0.0,0.00477,0.0,0.0,0.0,0.0,0.0,1.12738
2025-09-23 02:50:00,Uno M404,0.0,0.02935,0.0,0.0,0.0,0.0,0.0,0.0,0.0,0.0,0.0,0.00498,0.0,0.0,0.0,0.0,0.0,0.0312
2025-09-23 02:55:00,Uno M404,0.0,0.02937,0.0,0.0,0.0,0.0,0.0,0.0,0.0,0.0,0.0,0.00542,0.0,0.0,0.0,0.0,0.0,0.03128
2025-09-23 03:00:00,Uno M404,0.0,0.0291,0.0,0.0,0.0,0.0,0.0,0.0,0.0,0.0,0.0,0.0054,0.0,0.0,0.0,0.0,0.0,0.031219999999999998
2025-09-23 03:05:00,Uno M404,0.0,0.02955,0.0,0.0,0.0,0.0,0.0,5.9999999999999995e-05,0.0,0.0,0.0,0.00509,0.0,0.0,0.0,0.0,0.0,0.03121
2025-09-23 03:10:00,Uno M404,0.0,0.02929,0.0,0.0,0.0,0.0,0.0,0.0,0.0,0.0,0.0,0.00483,0.0,0.0,0.0,0.0,0.0,0.031100000000000003
2025-09-23 03:15:00,Uno M404,0.0,0.02932,0.0,0.0,0.0,0.0,0.0,0.0,0.0,0.0,0.0,0.004860000000000001,0.0,0.0,0.0,0.0,0.0,0.03114
2025-09-23 03:20:00,Uno M404,0.0,0.02939,0.0,0.0,0.0,0.0,0.0,0.0,0.0,0.0,0.0,0.00478,0.0,0.0,0.0,0.0,0.0,0.03118
2025-09-23 03:25:00,Uno M404,0.0,0.8499500000000001,0.0,0.0,0.09797,0.0,0.0,0.0,0.0,0.0,0.0,0.10283,0.0,0.0,0.0,0.0,0.0,0.74013
2025-09-23 03:30:00,Uno M404,0.0,0.02949,0.0,0.0,0.08701,0.0,0.0,0.0,0.0,0.0,0.0,0.09168000000000001,0.0,0.0,0.0,0.0,0.0,0.03132
2025-09-23 03:35:00,Uno M404,0.0,0.02935,0.0,0.0,0.0,0.0,0.0,0.0,0.0,0.0,0.0,0.00508,0.0,0.0,0.0,0.0,0.0,0.031219999999999998
2025-09-23 03:40:00,Uno M404,0.0,0.02921,0.0,0.0,0.0,0.0,0.0,0.0,0.0,0.0,0.0,0.00513,0.0,0.0,0.0,0.0,0.0,0.03105
2025-09-23 03:45:00,Uno M404,0.0,1.12024,0.0,0.0,0.0,0.0,0.0,0.0,0.0,0.0,0.0,0.00484,0.0,0.0,0.0,0.0,0.0,1.12219
2025-09-23 03:50:00,Uno M404,0.0,0.0295,0.0,0.0,0.0,0.0,0.0,2e-05,0.0,0.0,0.0,0.00484,0.0,0.0,0.0,0.0,0.0,0.03136
2025-09-23 03:55:00,Uno M404,0.0,0.029589999999999998,0.0,0.0,0.0,0.0,0.0,0.0,0.0,0.0,0.0,0.00479,0.0,0.0,0.0,0.0,0.0,0.03148
2025-09-23 04:00:00,Uno M404,0.0,0.02949,0.0,0.0,0.0,0.0,-1e-05,0.0,0.0,0.0,0.0,0.0049299999999999995,0.0,0.0,0.0,0.0,0.0,0.03131
2025-09-23 04:05:00,Uno M404,0.0,1.13181,0.0,0.0,0.0,0.0,0.0,0.0,0.0,0.0,0.0,0.0048,0.0,0.0,0.0,0.0,0.0,1.13381
2025-09-23 04:10:00,Uno M404,0.0,0.02951,0.0,0.0,0.0,0.0,-1e-05,0.0,0.0,0.0,0.0,0.00478,0.0,0.0,0.0,0.0,0.0,0.031420000000000003
2025-09-23 04:15:00,Uno M404,0.0,0.02947,0.0,0.0,0.10418000000000001,0.0,0.0,0.0,0.0,0.0,0.0,0.10894,0.0,0.0,0.0,0.0,0.0,0.0313
2025-09-23 04:20:00,Uno M404,0.0,0.02955,0.0,0.0,0.09197,0.0,0.0,1e-05,0.0,0.0,0.0,0.09686,0.0,0.0,0.0,0.0,0.0,0.031420000000000003
2025-09-23 04:25:00,Uno M404,0.0,1.11914,0.0,0.0,0.0,0.0,0.0,0.0,0.0,0.0,0.0,0.00488,0.0,0.0,0.0,0.0,0.0,1.1211099999999998
2025-09-23 04:30:00,Uno M404,0.0,0.0295,0.0,0.0,0.0,0.0,0.0,0.0,0.0,0.0,0.0,0.00511,0.0,0.0,0.0,0.0,0.0,0.031420000000000003
2025-09-23 04:35:00,Uno M404,0.0,0.02955,0.0,0.0,0.0,0.0,0.0,0.0,0.0,0.0,0.0,0.004860000000000001,0.0,0.0,0.0,0.0,0.0,0.03141
2025-09-23 04:40:00,Uno M404,0.0,0.02955,0.0,0.0,0.0,0.0,-1e-05,0.0,0.0,0.0,0.0,0.00505,0.0,0.0,0.0,0.0,0.0,0.03127
2025-09-23 04:45:00,Uno M404,2e-05,0.02933,0.0,0.0,0.0,0.0,0.0,0.0,0.0,0.0,0.0,0.00458,0.0,0.0,0.0,0.0,0.0,0.031149999999999997
2025-09-23 04:50:00,Uno M404,0.0,0.02936,0.0,0.0,0.0,0.0,0.0,0.0,0.0,0.0,0.0,0.0048,0.0,0.0,0.0,0.0,0.0,0.03125
2025-09-23 04:55:00,Uno M404,0.0,0.02943,0.0,0.0,0.0,0.0,0.0,0.0,0.0,0.0,0.0,0.004940000000000001,0.0,0.0,0.0,0.0,0.0,0.031219999999999998
2025-09-23 05:00:00,Uno M404,0.0,0.02926,0.0,0.0,0.0,0.0,0.0,1e-05,0.0,0.0,0.0,0.00508,0.0,0.0,0.0,0.0,0.0,0.03108
2025-09-23 05:05:00,Uno M404,0.0,0.02937,0.0,0.0,0.0,0.0,0.0,0.0,0.0,0.0,0.0,0.00514,0.0,0.0,0.0,0.0,0.0,0.03109
2025-09-23 05:10:00,Uno M404,0.0,0.02919,0.0,0.0,0.10081,0.0,0.0,0.0,0.0,0.0,0.0,0.10579999999999999,0.0,0.0,0.0,0.0,0.0,0.030969999999999998
2025-09-23 05:15:00,Uno M404,0.0,0.02926,0.0,0.0,0.08957999999999999,0.0,0.0,0.0,0.0,0.0,0.0,0.09437000000000001,0.0,0.0,0.0,0.0,0.0,0.031120000000000002
2025-09-23 05:20:00,Uno M404,0.0,0.02914,0.0,0.0,0.0,0.0,0.0,0.0,0.0,0.0,0.0,0.00525,0.0,0.0,0.0,0.0,0.0,0.031030000000000002
2025-09-23 05:25:00,Uno M404,1e-05,0.0291,0.0,0.0,0.0,0.0,0.0,0.0,0.0,0.0,0.0,0.00477,0.0,0.0,0.0,0.0,0.0,0.030920000000000003
2025-09-23 05:30:00,Uno M404,0.0,0.02922,0.0,0.0,0.0,0.0,0.0,5.9999999999999995e-05,0.0,0.0,0.0,0.00487,0.0,0.0,0.0,0.0,0.0,0.031
2025-09-23 05:35:00,Uno M404,0.0,0.029,0.0,0.0,0.0,0.0,0.0,1e-05,0.0,0.0,0.0,0.00483,0.0,0.0,0.0,0.0,0.0,0.03077
2025-09-23 05:40:00,Uno M404,0.0,0.02876,0.0,0.0,0.0,0.0,0.0,0.0,0.0,0.0,0.0,0.00492,0.0,0.0,0.0,0.0,0.0,0.030809999999999997
2025-09-23 05:45:00,Uno M404,0.0,0.0286,0.0,0.0,0.0,0.0,0.0,0.0,0.0,0.0,0.0,0.00484,0.0,0.0,0.0,0.0,0.0,0.030420000000000003
2025-09-23 05:50:00,Uno M404,0.0,1.1004,0.0,0.0,0.0,0.0,0.0,0.0,0.0,0.0,0.0,0.00484,0.0,0.0,0.0,0.0,0.0,1.10235
2025-09-23 05:55:00,Uno M404,0.0,0.02853,0.0,0.0,0.0,0.0,0.0,0.0,0.0,0.0,0.0,0.00531,0.0,0.0,0.0,0.0,0.0,0.03022
2025-09-23 06:00:00,Uno M404,0.0,0.02863,0.0,0.0,0.0,0.0,0.0,0.0,0.0,0.0,0.0,0.00491,0.0,0.0,0.0,0.0,0.0,0.030449999999999998
2025-09-23 06:05:00,Uno M404,0.0,0.02855,0.0,0.0,0.09715,0.0,0.0,0.0,0.0,0.0,0.0,0.1021,0.0,0.0,0.0,0.0,0.0,0.030289999999999997
2025-09-23 06:10:00,Uno M404,0.0,0.02838,0.0,0.0,0.08578,0.0,0.0,0.0,0.0,0.0,0.0,0.09081,0.0,0.0,0.0,0.0,0.0,0.03006
2025-09-23 06:15:00,Uno M404,0.0,0.02819,0.0,0.0,0.0,0.0,0.0,0.0,0.0,0.0,0.0,0.00545,0.0,0.0,0.0,0.0,0.0,0.02993
2025-09-23 06:20:00,Uno M404,0.0,0.028120000000000003,0.0,0.0,0.0,0.0,0.0,0.0,0.0,0.0,0.0,0.00534,0.0,0.0,0.0,0.0,0.0,0.02989
2025-09-23 06:25:00,Uno M404,0.0,0.02798,0.0,0.0,0.0,0.0,0.0,0.0,0.0,0.0,0.0,0.00522,0.0,0.0,0.0,0.0,0.0,0.02962
2025-09-23 06:30:00,Uno M404,0.0,0.02802,0.0,0.0,0.0,0.0,0.0,0.0,0.0,0.0,0.0,0.00512,0.0,0.0,0.0,0.0,0.0,0.02966
2025-09-23 06:35:00,Uno M404,0.0,1.0844,0.0,0.0,0.0,0.0,0.0,0.0,0.0,0.0,0.0,0.0052699999999999995,0.0,0.0,0.0,0.0,0.0,1.0863900000000002
2025-09-23 06:40:00,Uno M404,0.0,0.027530000000000002,0.0,0.0,0.0,0.0,0.0,0.0,0.0,0.0,0.0,0.00518,0.0,0.0,0.0,0.0,0.0,0.02946
2025-09-23 06:45:00,Uno M404,0.0,0.027739999999999997,0.0,0.0,0.0,0.0,0.0,0.0,0.0,0.0,0.0,0.00531,0.0,0.0,0.0,0.0,0.0,0.02943
2025-09-23 06:50:00,Uno M404,0.0,0.027440000000000003,0.0,0.0,0.0,0.0,0.0,0.0,0.0,0.0,0.0,0.00549,0.0,0.0,0.0,0.0,0.0,0.02914
2025-09-23 06:55:00,Uno M404,0.0,0.02767,0.0,0.0,0.0,0.0,0.0,0.0,0.0,0.0,0.0,0.00554,0.0,0.0,0.0,0.0,0.0,0.02946
2025-09-23 07:00:00,Uno M404,0.0,0.02767,0.0,0.0,0.09405,0.0,0.0,0.0,0.0,0.0,0.0,0.09949,0.0,0.0,0.0,0.0,0.0,0.02941
2025-09-23 07:05:00,Uno M404,0.0,0.02779,0.0,0.0,0.08342000000000001,0.0,0.0,0.0,0.0,0.0,0.0,0.08874,0.0,0.0,0.0,0.0,0.0,0.02948
2025-09-23 07:10:00,Uno M404,0.0,0.027469999999999998,0.0,0.0,0.0,0.0,0.0,1e-05,0.0,0.0,0.0,0.00539,0.0,0.0,0.0,0.0,0.0,0.02921
2025-09-23 07:15:00,Uno M404,0.0,0.027309999999999997,0.0,0.0,0.0,0.0,0.0,0.0,0.0,0.0,0.0,0.00546,0.0,0.0,0.0,0.0,0.0,0.02907
2025-09-23 07:20:00,Uno M404,0.0,0.02748,0.0,0.0,0.0,0.0,0.0,0.0,0.0,0.0,0.0,0.00561,0.0,0.0,0.0,0.0,0.0,0.02935
2025-09-23 07:25:00,Uno M404,0.0,1.06711,0.0,0.0,0.0,0.0,0.0,0.0,0.0,0.0,0.0,0.00538,0.0,0.0,0.0,0.0,0.0,1.06904
2025-09-23 07:30:00,Uno M404,0.0,0.027559999999999998,0.0,0.0,0.0,0.0,0.0,0.0,0.0,0.0,0.0,0.00556,0.0,0.0,0.0,0.0,0.0,0.02926
2025-09-23 07:35:00,Uno M404,0.0,0.027809999999999998,0.0,0.0,0.0,0.0,0.0,0.0,0.0,0.0,0.0,0.0057,0.0,0.0,0.0,0.0,0.0,0.02966
2025-09-23 07:40:00,Uno M404,0.0,0.027719999999999998,0.0,0.0,0.0,0.0,0.0,0.0,0.0,0.0,0.0,0.0057599999999999995,0.0,0.0,0.0,0.0,0.0,0.02942
2025-09-23 07:45:00,Uno M404,0.0,0.02773,0.0,0.0,0.0,0.0,0.0,0.0,0.0,0.0,0.0,0.00557,0.0,0.0,0.0,0.0,0.0,0.02944
2025-09-23 07:50:00,Uno M404,0.0,0.028030000000000003,0.0,0.0,0.10829000000000001,0.0,0.0,0.0,0.0,0.0,0.0,0.11384999999999999,0.0,0.0,0.0,0.0,0.0,0.0297
2025-09-23 07:55:00,Uno M404,0.0,0.027780000000000003,0.0,0.0,0.09325,0.0,0.0,0.0,0.0,0.0,0.0,0.09895999999999999,0.0,0.0,0.0,0.0,0.0,0.029670000000000002
2025-09-23 08:00:00,Uno M404,0.0,0.02782,0.0,0.0,0.0,0.0,0.0,0.0,0.0,0.0,0.0,0.00557,0.0,0.0,0.0,0.0,0.0,0.02951
2025-09-23 08:05:00,Uno M404,0.0,0.027690000000000003,0.0,0.0,0.0,0.0,0.0,0.0,0.0,0.0,0.0,0.00592,0.0,0.0,0.0,0.0,0.0,0.02946
2025-09-23 08:10:00,Uno M404,0.0,0.02755,0.0,0.0,0.0,0.0,0.0,0.0,0.0,0.0,0.0,0.005849999999999999,0.0,0.0,0.0,0.0,0.0,0.02943
2025-09-23 08:15:00,Uno M404,0.0,0.02734,0.0,0.0,0.0,0.0,0.0,0.0,0.0,0.0,0.0,0.006030000000000001,0.0,0.0,0.0,0.0,0.0,0.02927
2025-09-23 08:20:00,Uno M404,0.0,0.02702,0.0,0.0,0.0,0.0,0.0,0.0,0.0,0.0,0.0,0.0057,0.0,0.0,0.0,0.0,0.0,0.02881
2025-09-23 08:25:00,Uno M404,0.0,0.02734,0.0,0.0,0.0,0.0,0.0,0.0,0.0,0.0,0.0,0.006019999999999999,0.0,0.0,0.0,0.0,0.0,0.0291
2025-09-23 08:30:00,Uno M404,0.0,0.027379999999999998,0.0,0.0,0.0,0.0,0.0,0.0,0.0,0.0,0.0,0.006019999999999999,0.0,0.0,0.0,0.0,0.0,0.02912
2025-09-23 08:35:00,Uno M404,0.0,0.02718,0.0,0.0,0.0,0.0,0.0,0.0,0.0,0.0,0.0,0.00632,0.0,0.0,0.0,0.0,0.0,0.02896
2025-09-23 08:40:00,Uno M404,0.0,1.06199,0.0,0.0,0.0,0.0,0.0,0.0,0.0,0.0,0.0,0.005690000000000001,0.0,0.0,0.0,0.0,0.0,1.06384
2025-09-23 08:45:00,Uno M404,0.0,0.0,0.0,0.0,0.10679999999999999,0.0,0.0,0.0,0.0,0.0,0.0,0.11268,0.0,0.0,0.0,0.0,0.0,0.0027
2025-09-23 08:50:00,Uno M404,0.0,0.0,0.0,0.0,0.09245,0.0,0.0,0.0,0.0,0.0,0.0,0.09809,0.0,0.0,0.0,0.0,0.0,0.00277
2025-09-23 08:55:00,Uno M404,0.0,0.0,0.0,0.0,0.0,0.0,0.0,0.0,0.0,0.0,0.0,0.0054,0.0,0.0,0.0,0.0,0.0,0.00287
2025-09-23 09:00:00,Uno M404,0.0,0.0,0.0,0.0,0.0,0.0,0.0,0.0,0.0,0.0,0.0,0.00545,0.0,0.0,0.0,0.0,0.0,0.0027400000000000002
2025-09-23 09:05:00,Uno M404,0.0,0.0,0.0,0.0,0.0,0.0,0.0,0.0,0.0,0.0,0.0,0.0052699999999999995,0.0,0.0,0.0,0.0,0.0,0.00282
2025-09-23 09:10:00,Uno M404,0.02972,0.0,0.0,0.0,0.0,0.0,0.0,0.0,0.0,0.028149999999999998,0.0,0.00563,0.0,0.0,0.0,0.0,0.0,0.00289
2025-09-23 09:15:00,Uno M404,0.02928,0.0,0.0,0.0,0.0,0.0,0.0,0.0,0.0,0.027780000000000003,0.0,0.00563,0.0,0.0,0.0,0.0,0.0,0.00278
2025-09-23 09:20:00,Uno M404,0.02309,0.0,0.0,0.0,0.0,0.0,0.0,0.0,0.0,0.02157,0.0,0.00556,0.0,0.0,0.0,0.0,0.0,0.0027400000000000002
2025-09-23 09:25:00,Uno M404,0.02264,0.0,0.0,0.0,0.0,0.0,0.0,0.0,0.0,0.02113,0.0,0.012539999999999999,0.0,0.0,0.05714,0.0,0.0,0.06078
2025-09-23 09:30:00,Uno M404,0.0229,0.0,0.0,0.0,0.0,0.0,0.0,0.0,0.0,0.02116,0.0,0.28408999999999995,0.0,0.0,0.061649999999999996,0.0,0.24897999999999998,0.06533
2025-09-23 09:35:00,Uno M404,0.02268,0.0,0.0,0.0,0.0,0.0,0.0,0.0,0.0,0.02115,0.0,0.0364,0.0,0.0,0.06431999999999999,0.0,0.0,0.06792000000000001
2025-09-23 09:40:00,Uno M404,0.02287,0.0,0.0,0.0,0.10790999999999999,0.0,0.0,0.0,0.0,0.02134,0.0,0.14386000000000002,0.0,0.0,0.05989,0.0,0.0,0.06365
2025-09-23 09:45:00,Uno M404,0.022879999999999998,0.0,0.0,0.0,0.09226999999999999,0.0,0.0,0.0,0.0,0.02133,0.0,0.12821000000000002,0.0,0.0,0.05407,0.0,0.0,0.05762
2025-09-23 09:50:00,Uno M404,0.02266,0.0,0.0,0.0,0.0,0.0,0.0,0.0,0.0,0.02097,0.0,0.05296,0.0,0.0,0.052539999999999996,0.0,0.01743,0.05621
2025-09-23 09:55:00,Uno M404,0.022699999999999998,0.0,0.0,0.0,0.0,0.0,0.0,0.0,0.0,0.02104,0.0,0.20987999999999998,0.0,0.0,0.05193,0.0,0.1748,0.055600000000000004
2025-09-23 10:00:00,Uno M404,0.02887,0.0,0.0,0.0,0.0,0.0,0.0,0.0,0.0,0.02725,0.0,0.04734,0.0,0.0,0.05071,0.0,0.01214,0.05446
2025-09-23 10:05:00,Uno M404,0.02905,0.0,0.0,0.0,5.9999999999999995e-05,0.0,0.0,0.0,0.0,0.02739,0.0,0.07245,0.0,0.0,0.05218,0.0,0.00566,0.05593
2025-09-23 10:10:00,Uno M404,0.0,0.0,0.0,0.0,0.10334,0.0,0.0,0.0,0.0,0.0,0.0,0.1514,0.0,0.0,0.05198,0.0,0.00635,0.05579
2025-09-23 10:15:00,Uno M404,0.0,0.0,0.0,0.0,0.08965999999999999,0.0,0.0,0.0,0.0,0.0,0.0,0.31009,0.0,0.0,0.05939,0.0,0.17790999999999998,0.0631
2025-09-23 10:20:00,Uno M404,0.0,2e-05,0.0,0.0,0.0,0.0,0.0,0.0,0.0,0.0,0.0,0.26885000000000003,0.0,0.0,0.05061,0.0,0.22712000000000002,0.054020000000000006
2025-09-23 10:25:00,Uno M404,0.0,0.0,0.0,0.0,0.0,0.0,0.0,0.0,0.0,0.0,0.0,0.33944,0.0,0.0,0.04836,0.0,0.29784,0.0516
2025-09-23 10:30:00,Uno M404,0.0,0.0,0.0,0.0,0.0,0.0,0.0,0.0,0.0,0.0,0.0,0.047200000000000006,0.0,0.0,0.04847,0.0,0.00556,0.05193
2025-09-23 10:35:00,Uno M404,0.0,0.0,0.0,0.0,0.0,0.0,0.0,0.0,0.0,0.0,0.0,0.04709000000000001,0.0,0.0,0.05316,0.0,0.00534,0.0567
2025-09-23 10:40:00,Uno M404,0.0,0.0,0.0,0.0,0.0,0.0,0.0,0.0,0.0,0.0,0.0,0.04138,0.0,0.0,0.05031,0.0,0.0,0.053770000000000005
2025-09-23 10:45:00,Uno M404,0.0,,0.0,0.0,0.0,0.0,,0.0,0.0,0.0,0.0,0.04203,,,,0.0,0.0,
2025-09-23 10:50:00,Uno M404,0.0,0.0,0.0,0.0,0.0,0.0,0.0,0.0,0.0,0.0,0.0,0.04215,0.0,0.0,0.05142,0.0,0.0,0.054869999999999995
2025-09-23 10:55:00,Uno M404,0.0,0.0,0.0,0.0,0.0,0.0,0.0,0.0,0.0,0.0,0.0,0.041299999999999996,0.0,0.0,0.05271,0.0,0.0,0.0565
2025-09-23 11:00:00,Uno M404,0.0,0.0,0.0,0.0,0.0,0.0,0.0,0.0,0.0,0.0,0.0,0.04094,0.0,0.0,0.05257,0.0,0.0,0.05627
2025-09-23 11:05:00,Uno M404,0.0,0.0,0.0,0.0,0.0,0.0,0.0,0.0,0.0,0.0,0.0,0.04097,0.0,0.0,0.05287,0.0,0.0,0.05649
2025-09-23 11:10:00,Uno M404,0.0,1e-05,0.0,0.0,0.0,0.0,0.0,0.0,0.0,0.0,0.0,0.04186,0.0,0.0,0.05145,0.0,0.0,0.055159999999999994
2025-09-23 11:15:00,Uno M404,0.0,0.0,0.0,0.0,0.0,0.0,0.0,0.0,0.0,0.0,0.0,0.04093,0.0,0.0,0.05325,0.0,0.0,0.05708
2025-09-23 11:20:00,Uno M404,0.0,0.0,0.0,0.0,0.0,0.0,0.0,0.0,0.0,0.0,0.0,0.040780000000000004,0.0,0.0,0.05393,0.0,0.0,0.05749
2025-09-23 11:25:00,Uno M404,0.0,1e-05,0.0,0.0,0.10694,0.0,0.0,0.0,0.0,0.0,0.0,0.14798,0.0,0.0,0.05316,0.0,0.0,0.056909999999999995
2025-09-23 11:30:00,Uno M404,0.0,1e-05,0.0,0.0,0.0955,0.0,0.0,0.0,0.0,0.0,0.0,0.13641,0.0,0.0,0.0511,0.0,0.0,0.05479
2025-09-23 11:35:00,Uno M404,0.0,1e-05,0.0,0.0,0.08481999999999999,0.0,0.0,1e-05,0.0,0.0,0.0,0.12544,0.0,0.0,0.05304,0.0,0.0,0.05688
2025-09-23 11:40:00,Uno M404,0.0,0.0,0.0,0.0,0.0,0.0,0.0,0.0,0.0,0.0,0.0,0.0337,0.0,0.0,0.05037,0.0,0.0,0.05425
2025-09-23 11:45:00,Uno M404,0.0,0.0,0.0,0.0,8e-05,0.0,0.0,0.0,0.0,0.0,0.0,0.0425,0.0,0.0,0.048530000000000004,0.0,0.0,0.05214
2025-09-23 11:50:00,Uno M404,0.0,0.0,0.0,0.0,0.10369,0.0,0.0,0.0,0.0,0.0,0.0,0.14414,0.0,0.0,0.0505,0.0,0.0,0.05407
2025-09-23 11:55:00,Uno M404,0.0,2e-05,0.0,0.0,0.09040999999999999,0.0,-1e-05,0.0,0.0,0.0,0.7682899999999999,0.8996900000000001,0.0,0.0,0.05115,0.0,0.0,0.054740000000000004
2025-09-23 12:00:00,Uno M404,0.0,5.9999999999999995e-05,0.0,0.0,0.08417,0.0,0.0,0.0,0.0,0.0,0.76476,0.8889600000000001,0.0,0.0,0.05276,0.0,0.0,0.056659999999999995
2025-09-23 12:05:00,Uno M404,0.0,0.0,0.0,0.0,0.0,0.0,0.0,5.9999999999999995e-05,0.0,0.0,0.77391,0.81449,0.0,0.0,0.05128,0.0,0.0,0.054799999999999995
2025-09-23 12:10:00,Uno M404,0.0,5.9999999999999995e-05,0.0,0.0,0.0,0.0,0.0,0.0,0.0,0.0,0.77643,0.81665,0.0,0.0,0.05243,0.0,0.0,0.05627
2025-09-23 12:15:00,Uno M404,0.0,0.0,0.0,0.0,0.0,0.0,-1e-05,5.9999999999999995e-05,0.0,0.0,0.0427,0.08284,0.0,0.0,0.05116,0.0,0.0,0.05482
2025-09-23 12:20:00,Uno M404,0.0,5.9999999999999995e-05,0.0,0.0,0.0,0.0,0.0,4e-05,0.0,0.0,0.04301,0.08293,0.0,0.0,0.052340000000000005,0.0,0.0,0.05622
2025-09-23 12:25:00,Uno M404,0.0,5e-05,0.0,0.0,0.10452,0.0,0.0,0.00041999999999999996,0.0,0.0,0.04315,0.18777000000000002,0.0,0.0,0.05171,0.0,0.0,0.05533
2025-09-23 12:30:00,Uno M404,0.0,8.999999999999999e-05,0.0,0.0,0.08989,0.0,-1e-05,0.00033,0.0,0.0,0.04332,0.16559000000000001,0.0,0.0,0.05142,0.0,0.0,0.055189999999999996
2025-09-23 12:35:00,Uno M404,0.0,0.00020999999999999998,0.0,0.0,0.0,1e-05,-2e-05,0.00058,0.0,0.0,0.04325,0.07678,0.0,0.0,0.0245,0.0,0.0,0.02853
2025-09-23 12:40:00,Uno M404,0.0,0.00015,0.0,0.0,0.0,5e-05,-4e-05,0.00013000000000000002,0.0,0.0,0.04345,0.07581,0.0,0.0,0.02445,0.0,0.0,0.02847
2025-09-23 12:45:00,Uno M404,0.0,0.00047999999999999996,0.0,0.0,0.0,0.00026000000000000003,-4e-05,0.00051,0.0,0.0,0.04374,0.07572,0.0,0.0,0.02088,0.0,0.0,0.02487
2025-09-23 12:50:00,Uno M404,0.0,0.00054,0.0,0.0,0.0,0.00059,-0.00066,0.00146,0.0,0.0,0.0875,0.15184,0.0,0.0,0.04072,0.0,0.0,0.0485
2025-09-23 12:55:00,Uno M404,0.0,0.00015999999999999999,0.0,0.0,0.0,0.00092,-0.00020999999999999998,0.0013,0.0,0.0,0.0,0.08052,0.0,0.0,0.03636,0.0,0.0,0.04436
2025-09-23 13:00:00,Uno M404,0.0,0.0005,0.0,0.0,0.0,0.00094,-0.00078,0.0015999999999999999,0.0,0.0,0.0,0.07984000000000001,0.0,0.0,0.0359,0.0,0.0,0.04392
2025-09-23 13:05:00,Uno M404,0.0,0.00013000000000000002,0.0,0.0,0.0,0.00034,-0.00019,0.00114,0.0,0.0,0.0,0.03971,0.0,0.0,0.01816,0.0,0.0,0.02244
2025-09-23 13:10:00,Uno M404,0.0,0.00028000000000000003,0.0,0.0,0.0,0.0006,-0.00015,0.00086,0.0,0.0,0.0,0.0395,0.0,0.0,0.01713,0.0,0.0,0.02117
2025-09-23 13:15:00,Uno M404,0.0,0.00041999999999999996,0.0,0.0,0.10166,0.0004,-0.00063,0.00101,0.0,0.0,0.0,0.14051,0.0,0.0,0.0077,0.0,0.0,0.011699999999999999
2025-09-23 13:20:00,Uno M404,0.0,5.9999999999999995e-05,0.0,0.0,0.08868999999999999,0.00068,-0.00039,0.00145,0.0,0.0,0.0,0.12837,0.0,0.0,0.00783,0.0,0.0,0.01193
2025-09-23 13:25:00,Uno M404,0.0,0.00028000000000000003,0.0,0.0,0.0,0.00058,-0.00127,0.00098,0.0,0.0,0.0,0.039270000000000006,0.0,0.0,0.00741,0.0,0.0,0.01148
2025-09-23 13:30:00,Uno M404,0.0,8.999999999999999e-05,0.0,0.0,0.0,0.00054,-0.0007199999999999999,0.00099,0.0,0.0,0.0,0.03958,0.0,0.0,0.0099,0.0,0.0,0.014039999999999999
2025-09-23 13:35:00,Uno M404,0.0,0.0004,0.0,0.0,0.0,0.00057,-0.00076,0.00155,0.0,0.0,0.0,0.039689999999999996,0.0,0.0,0.02114,0.0,0.0,0.02534
2025-09-23 13:40:00,Uno M404,0.0,0.00015,0.0,0.0,0.0,0.00055,-0.0005600000000000001,0.00126,0.0,0.0,0.0,0.03959,0.0,0.0,0.10327,0.0,0.0,0.10737000000000001
2025-09-23 13:45:00,Uno M404,,,,,0.0,0.00047999999999999996,,,,,0.0,0.039439999999999996,,,,0.0,0.0,
2025-09-23 13:50:00,Uno M404,0.0,0.00019,0.0,0.0,0.0,0.00046,0.07362,0.00092,0.0,0.0,0.0,0.039880000000000006,0.0,0.0,0.09551000000000001,0.0,0.0,0.17493
2025-09-23 13:55:00,Uno M404,0.0,0.00015,0.0,0.0,0.10664,0.00035999999999999997,0.07146,0.00114,0.0,0.0,0.0,0.14565999999999998,0.0,0.0,0.09087,0.0,0.0,0.16795
2025-09-23 14:00:00,Uno M404,0.0,0.00019,0.0,0.0,,,0.07153,0.00134,0.0,0.0,,,0.0,0.0,0.07748999999999999,,,0.15466
2025-09-23 14:05:00,Uno M404,0.0,0.00023,0.0,0.0,0.08552,0.00033,0.06969,0.00101,0.0,0.0,0.0,0.12525,0.0,0.0,0.08959,0.0,0.0,0.16516
2025-09-23 14:10:00,Uno M404,0.0,0.00017999999999999998,0.0,0.0,0.0,0.00023,0.0704,0.0006,0.0,0.0,0.0,0.03971,0.0,0.0,0.07887000000000001,0.0,0.0,0.15488
2025-09-23 14:15:00,Uno M404,0.0,0.00032,0.0,0.0,0.0,0.00025,0.06899,0.00066,0.0,0.0,0.0,0.039520000000000007,0.0,0.0,0.08061,0.0,0.0,0.15522
2025-09-23 14:20:00,Uno M404,0.0,0.00029,0.0,0.0,0.0,0.00027,0.06848,0.0007199999999999999,0.0,0.0,0.0,0.0394,0.0,0.0,0.09043999999999999,0.0,0.0,0.16451
2025-09-23 14:25:00,Uno M404,0.0,8e-05,0.0,0.0,0.0,8e-05,0.07045,0.0005600000000000001,0.0,0.0,0.0,0.03257,0.0,0.0,0.07059,0.0,0.0,0.14654
2025-09-23 14:30:00,Uno M404,0.0,0.00015,0.0,0.0,0.0,8.999999999999999e-05,0.12913,0.0006,0.0,0.0,0.0,0.05622,0.0,0.0,0.0593,0.0,0.0,0.19384
2025-09-23 14:35:00,Uno M404,0.0,0.00023,0.0,0.0,0.0,0.00014000000000000001,0.13269999999999998,0.00061,0.0,0.0,0.0,0.032780000000000004,0.0,0.0,0.0587,0.0,0.0,0.19677
2025-09-23 14:40:00,Uno M404,1e-05,0.00011,0.0,0.0,0.0,0.00035999999999999997,0.1237,0.00054,0.0,0.0,0.0,0.03271,0.0,0.0,0.05417,0.0,0.0,0.18325999999999998
2025-09-23 14:45:00,Uno M404,0.0,0.00023,0.0,0.0,0.09979,0.00019,0.11569,0.00085,0.0,0.0,0.0,0.13241999999999998,0.0,0.0,0.0499,0.0,0.0,0.17134
2025-09-23 14:50:00,Uno M404,0.0,0.00016,0.0,0.0,0.08629,0.00019,0.11087999999999999,0.00028000000000000003,0.0,0.0,0.0,0.11859,0.0,0.0,0.046049999999999994,0.0,0.0,0.16271000000000002
2025-09-23 14:55:00,Uno M404,0.0,5e-05,0.0,0.0,0.0,0.00019,0.10224,0.0005899999999999999,0.0,0.0,0.0,0.03319,0.0,0.0,0.046869999999999995,0.0,0.0,0.15450999999999998
2025-09-23 15:00:00,Uno M404,0.0,0.00011,0.0,0.0,0.0,8.999999999999999e-05,0.09576000000000001,0.00028000000000000003,0.0,0.0,0.0,0.033030000000000004,0.0,0.0,0.04512,0.0,0.0,0.14645
2025-09-23 15:05:00,Uno M404,0.0,0.00016,0.0,0.0,0.0,7.000000000000001e-05,0.10005,0.00064,0.0,0.0,0.0,0.03307,0.0,0.0,0.0030800000000000003,0.0,0.0,0.10873999999999999
2025-09-23 15:10:00,Uno M404,0.0,0.00017999999999999998,0.0,0.0,0.0,0.0,0.10356,0.00054,0.0,0.0,0.0,0.03313,0.0,0.0,0.00219,0.0,0.0,0.11156999999999999
2025-09-23 15:15:00,Uno M404,0.0,0.00019,0.0,0.0,0.0,8.999999999999999e-05,0.093,0.00020999999999999998,0.0,0.0,0.0,0.03294,0.0,0.0,0.0026,0.0,0.0,0.1013
2025-09-23 15:20:00,Uno M404,0.0,7.000000000000001e-05,0.0,0.0,0.0,2e-05,0.09094,0.00051,0.0,0.0,0.0,0.03308,0.0,0.0,0.0037099999999999998,0.0,0.0,0.10022
2025-09-23 15:25:00,Uno M404,0.0,5.9999999999999995e-05,0.0,0.0,0.0,2e-05,0.09356,0.0004,0.0,0.0,0.0,0.033100000000000004,0.0,0.0,0.00357,0.0,0.0,0.10254
2025-09-23 15:30:00,Uno M404,0.0,8e-05,0.0,0.0,0.10601000000000001,0.0,0.08892,0.00034,0.0,0.0,0.0,0.13878000000000001,0.0,0.0,0.00311,0.0,0.0,0.09762
2025-09-23 15:35:00,Uno M404,0.0,0.00019,0.0,0.0,0.09134,0.0,0.08821999999999999,0.00031,0.0,0.0,0.0,0.12412999999999999,0.0,0.0,0.0028599999999999997,0.0,0.0,0.09668
2025-09-23 15:40:00,Uno M404,0.0,0.00011,0.0,0.0,0.0,0.0,0.08857,0.00028000000000000003,0.0,0.0,0.0,0.033280000000000004,0.0,0.0,0.00281,0.0,0.0,0.09695000000000001
2025-09-23 15:45:00,Uno M404,0.0,0.0,0.0,0.0,0.0,0.0,0.08524,0.00022,0.0,0.0,0.0,0.03301,0.0,0.0,0.0033399999999999997,0.0,0.0,0.09384
2025-09-23 15:50:00,Uno M404,0.0,5e-05,0.0,0.0,0.0,0.0,0.08523,0.00031,0.0,0.0,0.0,0.03308,0.0,0.0,0.00313,0.0,0.0,0.09381999999999999
2025-09-23 15:55:00,Uno M404,0.0,1e-05,0.0,0.0,0.0,0.0,0.08575,0.00014000000000000001,0.0,0.0,0.0,0.0343,0.0,0.0,0.00357,0.0,0.0,0.09468
2025-09-23 16:00:00,Uno M404,0.0,5e-05,0.0,0.0,0.0,1e-05,0.08244,0.00033,0.0,0.0,0.0,0.03418,0.0,0.0,0.00342,0.0,0.0,0.09115999999999999
2025-09-23 16:05:00,Uno M404,0.0,0.00011,0.0,0.0,0.0,0.0,0.08506,0.00034,0.0,0.0,0.0,0.03334,0.0,0.0,0.00215,0.0,0.0,0.09268000000000001
2025-09-23 16:10:00,Uno M404,0.0,8e-05,0.0,0.0,0.0,0.0,0.0881,0.00023999999999999998,0.0,0.0,0.0,0.03306,0.0,0.0,0.002,0.0,0.0,0.0955
2025-09-23 16:15:00,Uno M404,0.0,8e-05,0.0,0.0,0.0,0.0,0.08275,0.00022,0.0,0.0,0.0,0.033159999999999995,0.0,0.0,0.0030499999999999998,0.0,0.0,0.09112999999999999
2025-09-23 16:20:00,Uno M404,0.0,1e-05,0.0,0.0,0.10186,0.0,0.08341,0.00033,0.0,0.0,0.0,0.1346,0.0,0.0,0.00302,0.0,0.0,0.09194
2025-09-23 16:25:00,Uno M404,0.0,7.000000000000001e-05,0.0,0.0,0.0884,0.0,0.08329,0.00020999999999999998,0.0,0.0,0.0,0.12139,0.0,0.0,0.00331,0.0,0.0,0.09225
2025-09-23 16:30:00,Uno M404,0.0,0.00011,0.0,0.0,0.0,0.0,0.08205,0.00025,0.0,0.0,0.0,0.03313,0.0,0.0,0.00239,0.0,0.0,0.09001
2025-09-23 16:35:00,Uno M404,0.0,0.00016,0.0,0.0,0.0,0.0,0.08101,0.00041,0.0,0.0,0.0,0.03326,0.0,0.0,0.00317,0.0,0.0,0.08964
2025-09-23 16:40:00,Uno M404,0.0,5e-05,0.0,0.0,0.0,0.0,0.09037,0.00047,0.0,0.0,0.0,0.03301,0.0,0.0,0.0032,0.0,0.0,0.10096
2025-09-23 16:45:00,Uno M404,0.0,0.00013000000000000002,0.0,0.0,0.0,2e-05,0.09136,0.00020999999999999998,0.0,0.0,0.0,0.032979999999999995,0.0,0.0,0.00323,0.0,0.0,0.10034
2025-09-23 16:50:00,Uno M404,0.0,0.00013000000000000002,0.0,0.0,0.0,0.0,0.09099,0.00038,0.0,0.0,0.0,0.03329,0.0,0.0,0.0033599999999999997,0.0,0.0,0.09998
2025-09-23 16:55:00,Uno M404,0.0,0.00019,0.0,0.0,0.0,2e-05,0.09171,4e-05,0.0,0.0,0.0,0.033049999999999996,0.0,0.0,0.0034300000000000003,0.0,0.0,0.10061
2025-09-23 17:00:00,Uno M404,0.0,5e-05,0.0,0.0,0.0,2e-05,0.08967,0.00017999999999999998,0.0,0.0,0.0,0.03377,0.0,0.0,0.00275,0.0,0.0,0.09791
2025-09-23 17:05:00,Uno M404,1e-05,8e-05,0.0,0.0,0.0,5e-05,0.09995,0.0005899999999999999,0.0,0.0,0.0,0.03295,0.0,0.0,0.0030299999999999997,0.0,0.0,0.10854000000000001
2025-09-23 17:10:00,Uno M404,0.0,0.00028000000000000003,0.0,0.0,0.09951,0.0,0.08104,0.00027,0.0,0.0,0.0,0.13224,0.0,0.0,0.0029,0.0,0.0,0.08925
2025-09-23 17:15:00,Uno M404,0.0,0.00026000000000000003,0.0,0.0,0.08628,1e-05,0.08014,0.00017999999999999998,0.0,0.0,0.0,0.11913,0.0,0.0,0.00268,0.0,0.0,0.08815
2025-09-23 17:20:00,Uno M404,0.0,0.00034,0.0,0.0,0.0,5e-05,0.08134999999999999,0.00025,0.0,0.0,0.0,0.03265,0.0,0.0,0.0030800000000000003,0.0,0.0,0.08979999999999999
2025-09-23 17:25:00,Uno M404,0.0,7.000000000000001e-05,0.0,0.0,0.0,0.0,0.0106,0.00035999999999999997,0.0,0.0,0.0,0.032850000000000004,0.0,0.0,0.0016799999999999999,0.0,0.0,0.01769
2025-09-23 17:30:00,Uno M404,0.0,0.00011,0.0,0.0,0.0,7.000000000000001e-05,0.00936,0.0005600000000000001,0.0,0.0,0.0,0.03284,0.0,0.0,0.0033,0.0,0.0,0.01797
2025-09-23 17:35:00,Uno M404,0.0,8.999999999999999e-05,0.0,0.0,0.0,2e-05,0.00851,0.00022,0.0,0.0,0.0,0.032920000000000005,0.0,0.0,0.003,0.0,0.0,0.01706
2025-09-23 17:40:00,Uno M404,0.0,4e-05,0.0,0.0,0.0,0.0,0.00888,7.000000000000001e-05,0.0,0.0,0.0,0.03319,0.0,0.0,0.00323,0.0,0.0,0.01757
2025-09-23 17:45:00,Uno M404,0.0,7.000000000000001e-05,0.0,0.0,0.0,0.0,0.010029999999999999,0.00017999999999999998,0.0,0.0,0.0,0.032990000000000005,0.0,0.0,0.00348,0.0,0.0,0.01907
2025-09-23 17:50:00,Uno M404,0.0,8e-05,0.0,0.0,0.0,1e-05,0.01123,0.00025,0.0,0.0,0.0,0.03314,0.0,0.0,0.0030800000000000003,0.0,0.0,0.019809999999999998
2025-09-23 17:55:00,Uno M404,0.0,8e-05,0.0,0.0,0.0,0.0,0.011529999999999999,0.00035999999999999997,0.0,0.0,0.0,0.03306,0.0,0.0,0.00268,0.0,0.0,0.019420000000000003
2025-09-23 18:00:00,Uno M404,0.0,0.00011,0.0,0.0,0.10016,0.0,0.01025,0.00025,0.0,0.0,0.0,0.1328,0.0,0.0,0.00287,0.0,0.0,0.01848
2025-09-23 18:05:00,Uno M404,0.0,8e-05,0.0,0.0,0.08691,0.0,0.011710000000000002,0.0002,0.0,0.0,0.0,0.11936,0.0,0.0,0.00282,0.0,0.0,0.01986
2025-09-23 18:10:00,Uno M404,0.0,2e-05,0.0,0.0,0.0,1e-05,0.01097,0.00053,0.0,0.0,0.0,0.0332,0.0,0.0,0.00317,0.0,0.0,0.01967
2025-09-23 18:15:00,Uno M404,0.0,8.999999999999999e-05,0.0,0.0,0.0,0.0,0.01134,0.00028000000000000003,0.0,0.0,0.0,0.032920000000000005,0.0,0.0,0.00242,0.0,0.0,0.01925
2025-09-23 18:20:00,Uno M404,0.0,7.000000000000001e-05,0.0,0.0,0.0,0.0,0.00994,0.00045,0.0,0.0,0.0,0.03289,0.0,0.0,0.00256,0.0,0.0,0.01779
2025-09-23 18:25:00,Uno M404,0.0,4e-05,0.0,0.0,0.0,0.0,0.01225,0.00011,0.0,0.0,0.0,0.03294,0.0,0.0,0.0030800000000000003,0.0,0.0,0.02059
2025-09-23 18:30:00,Uno M404,0.0,2e-05,0.0,0.0,0.0,0.0,0.01382,0.00031,0.0,0.0,0.0,0.03282,0.0,0.0,0.0029300000000000003,0.0,0.0,0.02214
2025-09-23 18:35:00,Uno M404,0.0,0.00013000000000000002,0.0,0.0,0.0,0.0,0.01041,0.00016,0.0,0.0,0.0,0.03288,0.0,0.0,0.0033,0.0,0.0,0.0192
2025-09-23 18:40:00,Uno M404,0.02912,0.00017999999999999998,0.0,0.0,0.0,2e-05,0.012580000000000001,5.9999999999999995e-05,0.0,0.02732,0.0,0.03281,0.0,0.0,0.10291,0.0,0.0,0.12062
2025-09-23 18:45:00,Uno M404,0.02929,0.00019,0.0,0.0,0.0,8e-05,0.00888,0.00022,0.0,0.02743,0.0,0.03279,0.0,0.0,0.09634999999999999,0.0,0.0,0.11048999999999999
2025-09-23 18:50:00,Uno M404,3.24884,0.00086,0.0,3.2206799999999998,0.10105,8.999999999999999e-05,0.00868,0.00028000000000000003,0.0,0.02649,0.0,0.13336,0.0,0.0,0.08266,0.0,0.0,0.09673000000000001
2025-09-23 18:55:00,Uno M404,0.02914,0.00035999999999999997,0.0,0.0,0.08710999999999999,5e-05,0.011009999999999999,0.00027,0.0,0.02718,0.0,0.11955,0.0,0.0,0.08231000000000001,0.0,0.0,0.09887
2025-09-23 19:00:00,Uno M404,3.22038,0.00043,0.0,3.1926799999999997,0.0,0.00022,0.01194,4e-05,0.0,0.026170000000000002,0.0,0.03293,0.0,0.0,0.09637000000000001,0.0,0.0,0.11359
2025-09-23 19:05:00,Uno M404,3.26442,0.00066,0.0,3.23657,0.0,0.00020999999999999998,0.01764,5.9999999999999995e-05,0.0,0.0265,0.0,0.032920000000000005,0.0,0.0,0.08695,0.0,0.0,0.10998999999999999
2025-09-23 19:10:00,Uno M404,3.2682800000000003,0.00032,0.0,3.24042,0.0,0.00016,0.00861,0.00014000000000000001,0.0,0.026629999999999997,0.0,0.033170000000000005,0.0,0.0,0.07898000000000001,0.0,0.0,0.09326000000000001
2025-09-23 19:15:00,Uno M404,3.2506500000000003,8.999999999999999e-05,0.0,3.2229,0.0,5e-05,0.00932,0.0,0.0,0.0265,0.0,0.03327,0.0,0.0,0.05109,0.0,0.0,0.06611
2025-09-23 19:20:00,Uno M404,0.0,8e-05,0.0,0.0,0.0,0.0,0.0844,1e-05,0.0,0.0,0.0,0.03417,0.0,0.0,0.03658,0.0,0.0,0.1263
2025-09-23 19:25:00,Uno M404,0.0,0.00015,0.0,0.0,0.0,1e-05,0.08689,8e-05,0.0,0.0,0.0,0.0346,0.0,0.0,0.03458,0.0,0.0,0.12665
2025-09-23 19:30:00,Uno M404,0.0,4e-05,0.0,0.0,0.0,0.0,0.08345999999999999,0.0002,0.0,0.0,0.0,0.0341,0.0,0.0,0.02981,0.0,0.0,0.11844
2025-09-23 19:35:00,Uno M404,0.0,1e-05,0.0,0.0,0.0,0.0,0.0824,4e-05,0.0,0.0,0.0,0.13413,0.0,0.0,0.02684,0.0,0.0,0.11439
2025-09-23 19:40:00,Uno M404,0.0,8e-05,0.0,0.0,0.10378,0.0,0.11159999999999999,8.999999999999999e-05,0.0,0.0,0.0,0.2377,0.0,0.0,0.04197,0.0,0.0,0.15882
2025-09-23 19:45:00,Uno M404,0.0,2e-05,0.0,0.0,0.09028,0.0,0.10872,5.9999999999999995e-05,0.0,0.0,0.0,0.22506,0.0,0.0,0.0,0.0,0.0,0.11314
2025-09-23 19:50:00,Uno M404,0.0,7.000000000000001e-05,0.0,0.0,0.0,0.0,0.11251,0.00011,0.0,0.0,0.0,0.13405,0.0,0.0,0.0,0.0,0.0,0.11698
2025-09-23 19:55:00,Uno M404,0.0,0.00019,0.0,0.0,0.0,0.0,0.11195000000000001,5e-05,0.0,0.0,0.0,0.13488,0.0,0.0,0.0,0.0,0.0,0.11656
2025-09-23 20:00:00,Uno M404,0.0,5.9999999999999995e-05,0.0,0.0,0.0,0.0,0.11265,0.00073,0.0,0.0,0.0,0.35016,0.0,0.0,0.0,0.0,0.3168,0.11699
2025-09-23 20:05:00,Uno M404,0.0,5e-05,0.0,0.0,0.0,8e-05,0.11746,0.00026000000000000003,0.0,0.0,0.0,0.04276,0.0,0.0,0.0,0.0,0.0,0.12204999999999999
2025-09-23 20:10:00,Uno M404,0.0,0.00022,0.0,0.0,0.0,0.0,0.11907999999999999,0.0002,0.0,0.0,0.78119,0.82214,0.0,0.0,0.0,0.0,0.0,0.12362000000000001
2025-09-23 20:15:00,Uno M404,1e-05,8.999999999999999e-05,0.0,0.0,0.0,2e-05,0.11301,0.00025,0.0,0.0,0.7875800000000001,0.8297599999999999,0.0,0.0,0.0,0.0,0.0,0.11764
2025-09-23 20:20:00,Uno M404,0.0,0.00011999999999999999,0.0,0.0,0.0,0.00013000000000000002,0.11438,0.00055,0.0,0.0,0.79204,1.1118299999999999,0.0,0.0,0.0,0.0,0.28223000000000004,0.11881
2025-09-23 20:25:00,Uno M404,0.0,7.000000000000001e-05,0.0,0.0,0.00033,0.0,0.12334,0.00046,0.0,0.0,0.79016,0.95116,0.0,0.0,0.0,0.0,0.11909,0.12785
2025-09-23 20:30:00,Uno M404,0.0,0.00031,0.0,0.0,,,0.12251999999999999,0.00031,0.0,0.0,,,0.0,0.0,0.0,,,0.12727
2025-09-23 20:35:00,Uno M404,0.0,0.00035,0.0,0.0,0.08648,5.9999999999999995e-05,0.12176000000000001,0.00073,0.0,0.0,0.79489,0.9278099999999999,0.0,0.0,0.0,0.0,0.006809999999999999,0.12639
2025-09-23 20:40:00,Uno M404,0.0,0.00025,0.0,0.0,0.0,7.000000000000001e-05,0.11087999999999999,0.00058,0.0,0.0,0.79383,0.8889900000000001,0.0,0.0,0.0,0.0,0.054619999999999995,0.11555
2025-09-23 20:45:00,Uno M404,,0.00020999999999999998,,,0.0,0.00023,0.1118,,,,0.0438,0.34382,0.0,0.0,0.0,0.0,0.26045999999999997,0.11638
2025-09-23 20:50:00,Uno M404,0.0,0.00015,0.0,0.0,0.0,0.00022,0.11033,0.0002,0.0,0.0,0.044270000000000004,0.09051999999999999,0.0,0.0,0.0,0.0,0.00675,0.11488
2025-09-23 20:55:00,Uno M404,0.0,0.00019,0.0,0.0,0.0,0.00041,0.12727,0.0008,0.0,0.0,0.04444,0.08541,0.0,0.0,0.0,0.0,0.0,0.13196000000000002
2025-09-23 21:00:00,Uno M404,0.0,8.999999999999999e-05,0.0,0.0,0.0,0.00016,0.12544,0.0006,0.0,0.0,0.04471,0.08557,0.0,0.0,0.0,0.0,0.00106,0.13015000000000002
2025-09-23 21:05:00,Uno M404,0.0,0.00034,0.0,0.0,0.0,0.00028000000000000003,0.12423999999999999,0.00094,0.0,0.0,0.04489,0.091,0.0,0.0,0.0,0.0,0.00684,0.12906
2025-09-23 21:10:00,Uno M404,0.0,0.00031,0.0,0.0,0.0,0.00028000000000000003,0.12393000000000001,0.00079,0.0,0.0,0.04488,0.14726,0.0,0.0,0.0,0.0,0.01459,0.12866
2025-09-23 21:15:00,Uno M404,0.0,0.00025,0.0,0.0,0.10783,0.00023,0.12371,0.00074,0.0,0.0,0.0,0.19765,0.0,0.0,0.0,0.0,0.0069299999999999995,0.12836
2025-09-23 21:20:00,Uno M404,0.0,0.00032,0.0,0.0,0.09408,0.00026000000000000003,0.12383,0.00087,0.0,0.0,0.0,0.18184,0.0,0.0,0.0,0.0,0.00617,0.12865000000000001
2025-09-23 21:25:00,Uno M404,0.0,0.00020999999999999998,0.0,0.0,0.0,0.00034,0.12401000000000001,0.00085,0.0,0.0,0.0,0.08203,0.0,0.0,0.0,0.0,0.0,0.12866999999999998
2025-09-23 21:30:00,Uno M404,0.0,0.00011,0.0,0.0,0.0,0.00044,0.12644,0.00088,0.0,0.0,0.0,0.08305,0.0,0.0,0.0,0.0,0.0,0.13119999999999998
2025-09-23 21:35:00,Uno M404,0.0,0.00022,0.0,0.0,0.0,0.00035,0.14051,0.00114,0.0,0.0,0.0,0.08766,0.0,0.0,0.0,0.0,0.00624,0.14521
2025-09-23 21:40:00,Uno M404,0.0,0.00019,0.0,0.0,0.0,7.000000000000001e-05,0.12802000000000002,0.00106,0.0,0.0,0.0,0.3497,0.0,0.0,0.0,0.0,0.26747000000000004,0.13278
2025-09-23 21:45:00,Uno M404,0.0,0.00015,0.0,0.0,0.0,0.00049,0.12872,0.00109,0.0,0.0,0.0,0.0814,0.0,0.0,0.0,0.0,0.0,0.13352
2025-09-23 21:50:00,Uno M404,0.0,0.00022,0.0,0.0,0.0,0.00035999999999999997,0.12664,0.00078,0.0,0.0,0.0,0.08134000000000001,0.0,0.0,0.0,0.0,0.0,0.13124
2025-09-23 21:55:00,Uno M404,0.0,0.00017999999999999998,0.0,0.0,0.0,4e-05,0.12835,0.00088,0.0,0.0,0.0,0.08076,0.0,0.0,0.0,0.0,0.0,0.13323
2025-09-23 22:00:00,Uno M404,0.0,0.0002,0.0,0.0,0.09744,0.00011,0.13169,0.0005600000000000001,0.0,0.0,0.0,0.13669,0.0,0.0,0.0,0.0,0.0,0.13626
2025-09-23 22:05:00,Uno M404,0.0,0.00013000000000000002,0.0,0.0,0.0,0.00014000000000000001,0.043590000000000004,0.00075,0.0,0.0,0.0,0.03264,0.0,0.0,0.0,0.0,0.0,0.0482
2025-09-23 22:10:00,Uno M404,0.0,0.96077,0.0,0.0,0.09787,0.00011,0.0,0.00087,0.0,0.0,0.0,0.1971,0.0,0.0,0.0,0.0,0.0,0.9837
2025-09-23 22:15:00,Uno M404,0.0,0.02638,0.0,0.0,0.08565,5.9999999999999995e-05,-0.00032,0.00054,0.0,0.0,0.0,0.18422999999999998,0.0,0.0,0.0,0.0,0.0,0.028120000000000003
2025-09-23 22:20:00,Uno M404,0.0,0.027149999999999997,0.0,0.0,0.08078,7.000000000000001e-05,-1e-05,0.0005200000000000001,0.0,0.0,0.0,0.17893,0.0,0.0,0.0,0.0,0.0,0.028829999999999998
2025-09-23 22:25:00,Uno M404,0.0,0.00023,0.0,0.0,0.07870999999999999,0.00013000000000000002,-5e-05,0.00062,0.0,0.0,0.0,0.17668999999999999,0.0,0.0,0.0,0.0,0.0,0.00317
2025-09-23 22:30:00,Uno M404,0.0,0.00011999999999999999,0.0,0.0,0.0,7.000000000000001e-05,-0.00011999999999999999,0.0005899999999999999,0.0,0.0,0.0,0.09839,0.0,0.0,0.0,0.0,0.0,0.00296
2025-09-23 22:35:00,Uno M404,0.0,0.00022,0.0,0.0,0.0,0.00049,-7.000000000000001e-05,0.001,0.0,0.0,0.0,0.09844,0.0,0.0,0.0,0.0,0.0,0.00302
2025-09-23 22:40:00,Uno M404,0.0,0.00015,0.0,0.0,0.0,0.00020999999999999998,-0.00027,0.00066,0.0,0.0,0.0,0.09859,0.0,0.0,0.0,0.0,0.0,0.00311
2025-09-23 22:45:00,Uno M404,0.0,0.00034,0.0,0.0,0.10117,0.00027,-0.00047,0.00053,0.0,0.0,0.0,0.1991,0.0,0.0,0.0,0.0,0.0,0.00309
2025-09-23 22:50:00,Uno M404,0.0,0.00041999999999999996,0.0,0.0,0.08516,0.00061,-0.00061,0.00053,0.0,0.0,0.0,0.18284999999999998,0.0,0.0,0.0,0.0,0.0,0.00315
2025-09-23 22:55:00,Uno M404,0.0,0.00011,0.0,0.0,0.07977,0.00049,-8e-05,0.00092,0.0,0.0,0.0,0.17782,0.0,0.0,0.0,0.0,0.0,0.00314
2025-09-23 23:00:00,Uno M404,0.0,0.00015,0.0,0.0,0.0,0.00085,-0.00043,0.00079,0.0,0.0,0.0,0.09863,0.0,0.0,0.0,0.0,0.0,0.0032400000000000003
2025-09-23 23:05:00,Uno M404,0.0,0.00034,0.0,0.0,0.0,0.00069,-2e-05,0.00132,0.0,0.0,0.0,0.09872,0.0,0.0,0.0,0.0,0.0,0.0032400000000000003
2025-09-23 23:10:00,Uno M404,0.0,0.00034,0.0,0.0,0.0,0.0011200000000000001,-0.00020999999999999998,0.00145,0.0,0.0,0.0,0.09823,0.0,0.0,0.0,0.0,0.0,0.00302
2025-09-23 23:15:00,Uno M404,0.0,0.00031,0.0,0.0,0.0,0.0009,-0.00011999999999999999,0.0015300000000000001,0.0,0.0,0.0,0.09849,0.0,0.0,0.01068,0.0,0.0,0.01473
2025-09-23 23:20:00,Uno M404,0.0,0.00061,0.0,0.0,0.09162000000000001,0.00092,-1e-05,0.00128,0.0,0.0,0.0,0.18919,0.0,0.0,0.0108,0.0,0.0,0.01486
2025-09-23 23:25:00,Uno M404,0.0,0.02973,0.0,0.0,0.08181999999999999,0.00126,-0.00148,0.00134,0.0,0.0,0.0,0.179,0.0,0.0,0.01106,0.0,0.0,0.04325
2025-09-23 23:30:00,Uno M404,0.0,0.032119999999999996,0.0,0.0,0.0,0.0011,-0.00148,0.00145,0.0,0.0,0.0,0.098,0.0,0.0,0.011009999999999999,0.0,0.0,0.045649999999999996
2025-09-23 23:35:00,Uno M404,0.0,0.02969,0.0,0.0,0.0,0.0013700000000000001,-0.00054,0.0018,0.0,0.0,0.0,0.09859,0.0,0.0,0.01114,0.0,0.0,0.04344
2025-09-23 23:40:00,Uno M404,0.0,0.03349,0.0,0.0,0.0,0.00123,-0.00029,0.0015400000000000001,0.0,0.0,0.0,0.09866,0.0,0.0,0.0111,0.0,0.0,0.04721
2025-09-23 23:45:00,Uno M404,0.0,0.03376,0.0,0.0,0.0,0.00183,-0.00041,0.00145,0.0,0.0,0.0,0.09845999999999999,0.0,0.0,0.01115,0.0,0.0,0.04752
2025-09-23 23:50:00,Uno M404,0.0,0.03394,0.0,0.0,0.0,0.00151,-0.00073,0.0017900000000000001,0.0,0.0,0.0,0.09847,0.0,0.0,0.011130000000000001,0.0,0.0,0.04759
2025-09-23 23:55:00,Uno M404,0.0,0.03043,0.0,0.0,0.0868,0.00164,-0.00065,0.00132,0.0,0.0,0.0,0.18474000000000002,0.0,0.0,0.01112,0.0,0.0,0.04401
2025-09-24 00:00:00,Uno M404,0.0,0.033659999999999995,0.0,0.0,0.08055,0.00152,-0.00073,0.00128,0.0,0.0,0.0,0.17861000000000002,0.0,0.0,0.01115,0.0,0.0,0.04735
2025-09-24 00:05:00,Uno M404,0.0,0.03016,0.0,0.0,0.0,0.00183,-0.00047,0.0013700000000000001,0.0,0.0,0.0,0.09911,0.0,0.0,0.01114,0.0,0.0,0.04391
2025-09-24 00:10:00,Uno M404,0.0,0.02754,0.0,0.0,0.0,0.00161,-0.00074,0.00189,0.0,0.0,0.0,0.09931999999999999,0.0,0.0,0.01116,0.0,0.0,0.04142
2025-09-24 00:15:00,Uno M404,0.0,0.02969,0.0,0.0,0.0,0.0019299999999999999,-0.00041999999999999996,0.0015300000000000001,0.0,0.0,0.0,0.09855,0.0,0.0,0.01114,0.0,0.0,0.04347
2025-09-24 00:20:00,Uno M404,0.0,0.02954,0.0,0.0,0.0,0.00182,-0.00051,0.00151,0.0,0.0,0.0,0.09911,0.0,0.0,0.01103,0.0,0.0,0.04312
2025-09-24 00:25:00,Uno M404,0.0,0.02987,0.0,0.0,0.09992,0.0016799999999999999,-0.0006,0.0015400000000000001,0.0,0.0,0.0,0.19757,0.0,0.0,0.0112,0.0,0.0,0.04351
2025-09-24 00:30:00,Uno M404,0.0,0.03043,0.0,0.0,0.0846,0.0016899999999999999,-0.00114,0.00147,0.0,0.0,0.0,0.18216,0.0,0.0,0.01115,0.0,0.0,0.0441
2025-09-24 00:35:00,Uno M404,0.0,0.02987,0.0,0.0,0.07948000000000001,0.00174,-0.0009599999999999999,0.0016200000000000001,0.0,0.0,0.0,0.17712,0.0,0.0,0.011210000000000001,0.0,0.0,0.0435
2025-09-24 00:40:00,Uno M404,0.0,0.027239999999999997,0.0,0.0,0.0,0.0016799999999999999,-0.00063,0.0016799999999999999,0.0,0.0,0.0,0.09872,0.0,0.0,0.0112,0.0,0.0,0.04095
2025-09-24 00:45:00,Uno M404,0.0,0.030199999999999998,0.0,0.0,0.0,0.00196,-0.0008100000000000001,0.0016699999999999998,0.0,0.0,0.0,0.09964,0.0,0.0,0.011210000000000001,0.0,0.0,0.0439
2025-09-24 00:50:00,Uno M404,0.0,0.030440000000000002,0.0,0.0,0.0,0.00176,-0.00103,0.0016,0.0,0.0,0.0,0.09916,0.0,0.0,0.01117,0.0,0.0,0.04403
2025-09-24 00:55:00,Uno M404,0.0,0.027620000000000002,0.0,0.0,0.0,0.0016899999999999999,-0.0007199999999999999,0.0017900000000000001,0.0,0.0,0.0,0.09901,0.0,0.0,0.01117,0.0,0.0,0.04139
2025-09-24 01:00:00,Uno M404,0.0,0.027510000000000003,0.0,0.0,0.09595000000000001,0.00165,-0.0008100000000000001,0.00155,0.0,0.0,0.0,0.1946,0.0,0.0,0.011210000000000001,0.0,0.0,0.041229999999999996
2025-09-24 01:05:00,Uno M404,0.0,0.03458,0.0,0.0,0.08337,0.00159,-0.00047,0.0014,0.0,0.0,0.0,0.18243,0.0,0.0,0.01123,0.0,0.0,0.04828
2025-09-24 01:10:00,Uno M404,0.0,0.030670000000000003,0.0,0.0,0.0,0.0019,-0.00074,0.0016899999999999999,0.0,0.0,0.0,0.10031999999999999,0.0,0.0,0.011269999999999999,0.0,0.0,0.04431
2025-09-24 01:15:00,Uno M404,0.0,0.027809999999999998,0.0,0.0,0.0,0.0016,-0.0005899999999999999,0.00174,0.0,0.0,0.0,0.09978000000000001,0.0,0.0,0.01117,0.0,0.0,0.041350000000000005
2025-09-24 01:20:00,Uno M404,0.0,0.02773,0.0,0.0,0.0,0.00139,-0.0014299999999999998,0.00181,0.0,0.0,0.0,0.10039000000000001,0.0,0.0,0.0112,0.0,0.0,0.041350000000000005
2025-09-24 01:25:00,Uno M404,1e-05,0.030629999999999998,0.0,0.0,0.0,0.00172,-0.00148,0.00155,0.0,0.0,0.0,0.10034,0.0,0.0,0.01131,0.0,0.0,0.04438
2025-09-24 01:30:00,Uno M404,0.0,0.030379999999999997,0.0,0.0,0.0,0.00164,-0.00033,0.00141,0.0,0.0,0.0,0.10028000000000001,0.0,0.0,0.011210000000000001,0.0,0.0,0.04418
2025-09-24 01:35:00,Uno M404,0.0,0.030379999999999997,0.0,0.0,0.09367,0.0015400000000000001,-0.00062,0.00195,0.0,0.0,0.0,0.19316999999999998,0.0,0.0,0.01123,0.0,0.0,0.04406
2025-09-24 01:40:00,Uno M404,0.0,0.03037,0.0,0.0,0.08247,0.00175,-0.00095,0.00151,0.0,0.0,0.0,0.18187,0.0,0.0,0.011210000000000001,0.0,0.0,0.044039999999999996
2025-09-24 01:45:00,Uno M404,0.0,0.02834,0.0,0.0,0.0,0.00172,-0.00047,0.00146,0.0,0.0,0.0,0.10053,0.0,0.0,0.011210000000000001,0.0,0.0,0.04222
2025-09-24 01:50:00,Uno M404,2e-05,0.030289999999999997,0.0,0.0,0.0,0.00157,-0.00141,0.00173,0.0,0.0,0.0,0.10014,0.0,0.0,0.0112,0.0,0.0,0.04405
2025-09-24 01:55:00,Uno M404,0.0,0.030260000000000002,0.0,0.0,0.0,0.00155,-0.00041,0.00151,0.0,0.0,0.0,0.10089000000000001,0.0,0.0,0.01122,0.0,0.0,0.04406
2025-09-24 02:00:00,Uno M404,0.0,0.030899999999999997,0.0,0.0,0.0,0.0015300000000000001,-0.00045,0.00175,0.0,0.0,0.0,0.10098,0.0,0.0,0.011210000000000001,0.0,0.0,0.044840000000000005
2025-09-24 02:05:00,Uno M404,0.0,0.028,0.0,0.0,0.0,0.0015,-0.00047,0.00177,0.0,0.0,0.0,0.10069,0.0,0.0,0.011269999999999999,0.0,0.0,0.04161
2025-09-24 02:10:00,Uno M404,0.0,0.03465,0.0,0.0,0.09431,0.00131,-0.00031,0.0014,0.0,0.0,0.0,0.19411,0.0,0.0,0.01122,0.0,0.0,0.048350000000000004
2025-09-24 02:15:00,Uno M404,0.0,0.03061,0.0,0.0,0.083,0.00176,-0.00086,0.00141,0.0,0.0,0.0,0.18328999999999998,0.0,0.0,0.01117,0.0,0.0,0.04431
2025-09-24 02:20:00,Uno M404,1e-05,0.03003,0.0,0.0,0.0,0.0016799999999999999,-0.00076,0.00164,0.0,0.0,0.0,0.10106,0.0,0.0,0.011210000000000001,0.0,0.0,0.04392
2025-09-24 02:25:00,Uno M404,0.0,0.030350000000000002,0.0,0.0,0.0,0.00145,-0.00043,0.00124,0.0,0.0,0.0,0.10111,0.0,0.0,0.01116,0.0,0.0,0.04424
2025-09-24 02:30:00,Uno M404,0.0,0.03503,0.0,0.0,0.0,0.00113,-0.00041999999999999996,0.00124,0.0,0.0,0.0,0.10073,0.0,0.0,0.0111,0.0,0.0,0.04884
2025-09-24 02:35:00,Uno M404,0.0,0.02827,0.0,0.0,0.0,0.00113,-0.00026000000000000003,0.00132,0.0,0.0,0.0,0.10055,0.0,0.0,0.011130000000000001,0.0,0.0,0.041960000000000004
2025-09-24 02:40:00,Uno M404,1e-05,0.03024,0.0,0.0,0.0,0.00124,-0.0005899999999999999,0.00155,0.0,0.0,0.0,0.10052,0.0,0.0,0.01122,0.0,0.0,0.04399
2025-09-24 02:45:00,Uno M404,0.0,0.03004,0.0,0.0,0.09501000000000001,0.00117,-0.0006,0.00138,0.0,0.0,0.0,0.19469999999999998,0.0,0.0,0.01126,0.0,0.0,0.04374
2025-09-24 02:50:00,Uno M404,0.0,0.030260000000000002,0.0,0.0,0.08285,0.00113,-0.00028000000000000003,0.0012,0.0,0.0,0.0,0.18222,0.0,0.0,0.01122,0.0,0.0,0.04413
2025-09-24 02:55:00,Uno M404,0.0,0.03061,0.0,0.0,0.0,0.0008900000000000001,-0.00029,0.00109,0.0,0.0,0.0,0.10022,0.0,0.0,0.01116,0.0,0.0,0.0445
2025-09-24 03:00:00,Uno M404,0.0,0.030359999999999998,0.0,0.0,0.0,0.00093,-0.00016,0.00108,0.0,0.0,0.0,0.10101,0.0,0.0,0.011300000000000001,0.0,0.0,0.04414
2025-09-24 03:05:00,Uno M404,0.0,0.02996,0.0,0.0,0.0,0.00106,-0.00063,0.0012,0.0,0.0,0.0,0.10071,0.0,0.0,0.01123,0.0,0.0,0.04371
2025-09-24 03:10:00,Uno M404,0.0,0.02875,0.0,0.0,0.0,0.0008900000000000001,-0.0006,0.00102,0.0,0.0,0.0,0.10142,0.0,0.0,0.01128,0.0,0.0,0.04251
2025-09-24 03:15:00,Uno M404,0.0,0.03065,0.0,0.0,0.0,0.00093,-0.00053,0.0014399999999999999,0.0,0.0,0.0,0.10125,0.0,0.0,0.011210000000000001,0.0,0.0,0.04444
2025-09-24 03:20:00,Uno M404,0.0,0.02872,0.0,0.0,0.09865,0.00079,-0.00015,0.00102,0.0,0.0,0.0,0.19956000000000002,0.0,0.0,0.0112,0.0,0.0,0.04253
2025-09-24 03:25:00,Uno M404,0.0,0.028140000000000002,0.0,0.0,0.08381999999999999,0.0010400000000000001,-0.00017999999999999998,0.00091,0.0,0.0,0.0,0.18469999999999998,0.0,0.0,0.01117,0.0,0.0,0.04186
2025-09-24 03:30:00,Uno M404,0.0,0.03022,0.0,0.0,0.0,0.0005,-0.00028000000000000003,0.00175,0.0,0.0,0.0,0.10098,0.0,0.0,0.01122,0.0,0.0,0.044039999999999996
2025-09-24 03:35:00,Uno M404,0.0,0.03456,0.0,0.0,0.0,0.0007,-0.00034,0.00082,0.0,0.0,0.0,0.10123,0.0,0.0,0.01117,0.0,0.0,0.04829
2025-09-24 03:40:00,Uno M404,0.0,0.027510000000000003,0.0,0.0,0.0,0.00082,0.0,0.0017900000000000001,0.0,0.0,0.0,0.1012,0.0,0.0,0.01122,0.0,0.0,0.04136
2025-09-24 03:45:00,Uno M404,0.0,0.02795,0.0,0.0,0.0,0.0009,-0.00032,0.00091,0.0,0.0,0.0,0.10151,0.0,0.0,0.01124,0.0,0.0,0.0419
2025-09-24 03:50:00,Uno M404,1e-05,0.03027,0.0,0.0,0.0,0.00062,-0.0002,0.0007099999999999999,0.0,0.0,0.0,0.10161,0.0,0.0,0.0112,0.0,0.0,0.044039999999999996
2025-09-24 03:55:00,Uno M404,1e-05,0.03021,0.0,0.0,0.0,0.00065,-5e-05,0.00172,0.0,0.0,0.0,0.10109,0.0,0.0,0.01117,0.0,0.0,0.04407
2025-09-24 04:00:00,Uno M404,1e-05,0.027649999999999997,0.0,0.0,0.08658,0.0005600000000000001,-8e-05,0.00148,0.0,0.0,0.0,0.18763,0.0,0.0,0.011210000000000001,0.0,0.0,0.041710000000000004
2025-09-24 04:05:00,Uno M404,0.0,0.03048,0.0,0.0,0.08027,0.0003,-0.00022,0.0008399999999999999,0.0,0.0,0.0,0.18069,0.0,0.0,0.0112,0.0,0.0,0.04446
2025-09-24 04:10:00,Uno M404,0.0,0.03431,0.0,0.0,0.0,0.00058,-0.00031,0.00074,0.0,0.0,0.0,0.10122,0.0,0.0,0.011210000000000001,0.0,0.0,0.04803
2025-09-24 04:15:00,Uno M404,1e-05,0.027809999999999998,0.0,0.0,0.0,0.0006,-0.00015,0.0005600000000000001,0.0,0.0,0.0,0.10111,0.0,0.0,0.01122,0.0,0.0,0.04164
2025-09-24 04:20:00,Uno M404,0.0,0.06124,0.0,0.0,0.0,0.00058,-2e-05,0.00132,0.0,0.0,0.0,0.20388,0.0,0.0,0.02244,0.0,0.0,0.08866
2025-09-24 04:25:00,Uno M404,0.0,0.12068000000000001,0.0,0.0,0.0,0.0014399999999999999,-0.00064,0.0033599999999999997,0.0,0.0,0.0,0.40612,0.0,0.0,0.04448,0.0,0.0,0.17652
2025-09-24 04:30:00,Uno M404,0.0,0.02741,0.0,0.0,0.0,0.00054,0.0,0.00102,0.0,0.0,0.0,0.10166,0.0,0.0,0.01114,0.0,0.0,0.04109
2025-09-24 04:35:00,Uno M404,0.0,0.02752,0.0,0.0,0.09085,0.00011,-0.0005600000000000001,0.00069,0.0,0.0,0.0,0.19144,0.0,0.0,0.01115,0.0,0.0,0.04129
2025-09-24 04:40:00,Uno M404,0.0,0.03048,0.0,0.0,0.08120999999999999,0.00035,-0.00031,0.00146,0.0,0.0,0.0,0.18181,0.0,0.0,0.01123,0.0,0.0,0.0443
2025-09-24 04:45:00,Uno M404,1e-05,0.027829999999999997,0.0,0.0,0.0,0.00028000000000000003,-0.00035,0.00038,0.0,0.0,0.0,0.10083,0.0,0.0,0.0112,0.0,0.0,0.04168
2025-09-24 04:50:00,Uno M404,0.0,0.03116,0.0,0.0,0.0,0.00043,-0.00020999999999999998,0.0010400000000000001,0.0,0.0,0.0,0.10173,0.0,0.0,0.0112,0.0,0.0,0.04505
2025-09-24 04:55:00,Uno M404,0.0,0.03031,0.0,0.0,0.0,0.00028000000000000003,-7.000000000000001e-05,0.00028000000000000003,0.0,0.0,0.0,0.10139,0.0,0.0,0.01112,0.0,0.0,0.04419
2025-09-24 05:00:00,Uno M404,0.0,0.03453,0.0,0.0,0.0,0.00053,-5e-05,0.00101,0.0,0.0,0.0,0.10154,0.0,0.0,0.01116,0.0,0.0,0.04847
2025-09-24 05:05:00,Uno M404,0.0,0.02739,0.0,0.0,0.0,0.00011,-0.00013000000000000002,0.00055,0.0,0.0,0.0,0.10092,0.0,0.0,0.01126,0.0,0.0,0.04122
2025-09-24 05:10:00,Uno M404,0.0,0.02927,0.0,0.0,0.09791,0.00017999999999999998,0.0,0.0005200000000000001,0.0,0.0,0.0,0.19791,0.0,0.0,0.01126,0.0,0.0,0.04312
2025-09-24 05:15:00,Uno M404,0.0,0.03015,0.0,0.0,0.08333,0.00041,0.0,0.00028000000000000003,0.0,0.0,0.0,0.18306999999999998,0.0,0.0,0.01119,0.0,0.0,0.0439
2025-09-24 05:20:00,Uno M404,0.0,0.02956,0.0,0.0,0.0,0.00014000000000000001,-0.00013000000000000002,0.0005600000000000001,0.0,0.0,0.0,0.10052,0.0,0.0,0.01115,0.0,0.0,0.041030000000000004
2025-09-24 05:25:00,Uno M404,0.0,0.02677,0.0,0.0,0.0,0.00015,-1e-05,0.00032,0.0,0.0,0.0,0.09993,0.0,0.0,0.01109,0.0,0.0,0.040670000000000005
2025-09-24 05:30:00,Uno M404,1e-05,0.02983,0.0,0.0,0.0,0.00022,-2e-05,0.00055,0.0,0.0,0.0,0.10001,0.0,0.0,0.01115,0.0,0.0,0.04356
2025-09-24 05:35:00,Uno M404,0.0,0.03364,0.0,0.0,0.0,8e-05,-2e-05,0.00047,0.0,0.0,0.0,0.09979,0.0,0.0,0.01106,0.0,0.0,0.04743
2025-09-24 05:40:00,Uno M404,0.0,0.02921,0.0,0.0,0.0,2e-05,-7.000000000000001e-05,0.00026000000000000003,0.0,0.0,0.0,0.09942000000000001,0.0,0.0,0.01103,0.0,0.0,0.04306
2025-09-24 05:45:00,Uno M404,0.0,0.02928,0.0,0.0,0.0,0.00016,-8e-05,0.00035999999999999997,0.0,0.0,0.0,0.09865,0.0,0.0,0.01116,0.0,0.0,0.04292
2025-09-24 05:50:00,Uno M404,0.0,0.02941,0.0,0.0,0.08737,0.0,0.0,0.00017999999999999998,0.0,0.0,0.0,0.18581,0.0,0.0,0.01106,0.0,0.0,0.04307
2025-09-24 05:55:00,Uno M404,0.0,0.02795,0.0,0.0,0.07886,5.9999999999999995e-05,-5e-05,0.0007099999999999999,0.0,0.0,0.0,0.17721,0.0,0.0,0.01103,0.0,0.0,0.04149
2025-09-24 06:00:00,Uno M404,0.0,0.02664,0.0,0.0,0.0,0.00011999999999999999,-2e-05,8e-05,0.0,0.0,0.0,0.09865,0.0,0.0,0.01097,0.0,0.0,0.040490000000000005
2025-09-24 06:05:00,Uno M404,0.0,0.02919,0.0,0.0,0.0,7.000000000000001e-05,-2e-05,0.00017999999999999998,0.0,0.0,0.0,0.09754,0.0,0.0,0.01092,0.0,0.0,0.04262
2025-09-24 06:10:00,Uno M404,0.0,0.02904,0.0,0.0,0.0,4e-05,-2e-05,0.00014000000000000001,0.0,0.0,0.0,0.098,0.0,0.0,0.01077,0.0,0.0,0.04245
2025-09-24 06:15:00,Uno M404,0.0,0.027309999999999997,0.0,0.0,0.0,2e-05,-1e-05,0.00041,0.0,0.0,0.0,0.09761,0.0,0.0,0.0107,0.0,0.0,0.040479999999999995
2025-09-24 06:20:00,Uno M404,0.0,0.02859,0.0,0.0,0.0,0.0,-4e-05,4e-05,0.0,0.0,0.0,0.09670999999999999,0.0,0.0,0.01063,0.0,0.0,0.041909999999999996
2025-09-24 06:25:00,Uno M404,0.0,0.02901,0.0,0.0,0.09348000000000001,1e-05,-1e-05,0.00016,0.0,0.0,0.0,0.18949000000000002,0.0,0.0,0.01068,0.0,0.0,0.042159999999999996
2025-09-24 06:30:00,Uno M404,0.0,0.02571,0.0,0.0,0.08088,0.0,0.0,0.00014000000000000001,0.0,0.0,0.0,0.17784,0.0,0.0,0.01039,0.0,0.0,0.038619999999999995
2025-09-24 06:35:00,Uno M404,4e-05,0.02819,0.0,0.0,0.0,0.0,-1e-05,0.00017999999999999998,0.0,0.0,0.0,0.09609999999999999,0.0,0.0,0.01056,0.0,0.0,0.04124
2025-09-24 06:40:00,Uno M404,0.0,0.03182,0.0,0.0,0.0,1e-05,-1e-05,0.00011999999999999999,0.0,0.0,0.0,0.09631999999999999,0.0,0.0,0.01057,0.0,0.0,0.04485
2025-09-24 06:45:00,Uno M404,0.0,0.02888,0.0,0.0,0.0,4e-05,-1e-05,0.00015,0.0,0.0,0.0,0.09736,0.0,0.0,0.01073,0.0,0.0,0.0423
2025-09-24 06:50:00,Uno M404,0.0,0.02846,0.0,0.0,0.0,1e-05,0.0,5e-05,0.0,0.0,0.0,0.0959,0.0,0.0,0.01067,0.0,0.0,0.04168
2025-09-24 06:55:00,Uno M404,0.0,0.02818,0.0,0.0,0.0,0.0,0.0,0.00017999999999999998,0.0,0.0,0.0,0.09526000000000001,0.0,0.0,0.01063,0.0,0.0,0.04137
2025-09-24 07:00:00,Uno M404,0.0,0.026539999999999998,0.0,0.0,0.0,4e-05,0.0,7.000000000000001e-05,0.0,0.0,0.0,0.09603,0.0,0.0,0.0107,0.0,0.0,0.03964
2025-09-24 07:05:00,Uno M404,0.0,0.02906,0.0,0.0,0.08538,0.0,-5.9999999999999995e-05,2e-05,0.0,0.0,0.0,0.18124,0.0,0.0,0.01073,0.0,0.0,0.0422
2025-09-24 07:10:00,Uno M404,0.0,0.02854,0.0,0.0,0.07792,0.0,0.0,5e-05,0.0,0.0,0.0,0.1743,0.0,0.0,0.01059,0.0,0.0,0.041350000000000005
2025-09-24 07:15:00,Uno M404,0.0,0.02586,0.0,0.0,0.0,0.0,-1e-05,0.00041999999999999996,0.0,0.0,0.0,0.09723000000000001,0.0,0.0,0.01056,0.0,0.0,0.03890999999999999
2025-09-24 07:20:00,Uno M404,0.0,0.03253,0.0,0.0,0.0,0.0,0.0,8.999999999999999e-05,0.0,0.0,0.0,0.09486,0.0,0.0,0.01061,0.0,0.0,0.04553
2025-09-24 07:25:00,Uno M404,0.0,0.02826,0.0,0.0,0.0,0.0,-1e-05,0.00013000000000000002,0.0,0.0,0.0,0.09658,0.0,0.0,0.01047,0.0,0.0,0.041280000000000004
2025-09-24 07:30:00,Uno M404,0.0,0.03156,0.0,0.0,0.0,0.0,0.0,4e-05,0.0,0.0,0.0,0.09623000000000001,0.0,0.0,0.01053,0.0,0.0,0.044539999999999996
2025-09-24 07:35:00,Uno M404,0.0,0.02872,0.0,0.0,0.0,0.0,0.0,2e-05,0.0,0.0,0.0,0.09553,0.0,0.0,0.01057,0.0,0.0,0.04181
2025-09-24 07:40:00,Uno M404,0.0,0.02632,0.0,0.0,0.09298000000000001,0.0,0.0,5e-05,0.0,0.0,0.0,0.18827000000000002,0.0,0.0,0.01059,0.0,0.0,0.03929
2025-09-24 07:45:00,Uno M404,0.0,0.028480000000000002,0.0,0.0,0.08,0.0,0.0,5.9999999999999995e-05,0.0,0.0,0.0,0.17534,0.0,0.0,0.0107,0.0,0.0,0.04184
2025-09-24 07:50:00,Uno M404,0.0,0.02583,0.0,0.0,0.0,0.0,0.0,8e-05,0.0,0.0,0.0,0.09597,0.0,0.0,0.01069,0.0,0.0,0.039009999999999996
2025-09-24 07:55:00,Uno M404,0.0,0.02867,0.0,0.0,0.0,4e-05,-4e-05,8.999999999999999e-05,0.0,0.0,0.0,0.09713,0.0,0.0,0.01063,0.0,0.0,0.04179
2025-09-24 08:00:00,Uno M404,0.0,0.02896,0.0,0.0,0.0,1e-05,-2e-05,8e-05,0.0,0.0,0.0,0.09666,0.0,0.0,0.01075,0.0,0.0,0.04215
2025-09-24 08:05:00,Uno M404,0.0,0.02847,0.0,0.0,0.0,1e-05,-2e-05,0.00014000000000000001,0.0,0.0,0.0,0.09601000000000001,0.0,0.0,0.01063,0.0,0.0,0.04155
2025-09-24 08:10:00,Uno M404,0.0,0.02845,0.0,0.0,0.0,0.0,-1e-05,5e-05,0.0,0.0,0.0,0.09598999999999999,0.0,0.0,0.01063,0.0,0.0,0.041409999999999995
2025-09-24 08:15:00,Uno M404,0.0,0.026350000000000002,0.0,0.0,0.0,4e-05,0.0,8.999999999999999e-05,0.0,0.0,0.0,0.0948,0.0,0.0,0.01048,0.0,0.0,0.039310000000000005
2025-09-24 08:20:00,Uno M404,0.0,0.02782,0.0,0.0,0.08557,2e-05,0.0,0.00033,0.0,0.0,0.0,0.18073,0.0,0.0,0.01034,0.0,0.0,0.04084
2025-09-24 08:25:00,Uno M404,0.0,0.02802,0.0,0.0,0.07729000000000001,0.0,-1e-05,0.00011,0.0,0.0,0.0,0.17154,0.0,0.0,0.0104,0.0,0.0,0.04096
2025-09-24 08:30:00,Uno M404,0.0,0.02638,0.0,0.0,0.0,8e-05,-2e-05,0.00028000000000000003,0.0,0.0,0.0,0.09472,0.0,0.0,0.0104,0.0,0.0,0.03934
2025-09-24 08:35:00,Uno M404,0.0,0.028,0.0,0.0,0.0,0.0,0.0,0.00020999999999999998,0.0,0.0,0.0,0.09473000000000001,0.0,0.0,0.010320000000000001,0.0,0.0,0.04084
2025-09-24 08:40:00,Uno M404,0.0,0.0281,0.0,0.0,0.0,7.000000000000001e-05,-1e-05,0.00017999999999999998,0.0,0.0,0.0,0.09545999999999999,0.0,0.0,0.010369999999999999,0.0,0.0,0.040850000000000004
2025-09-24 08:45:00,Uno M404,0.0,0.02834,0.0,0.0,0.0,7.000000000000001e-05,0.0,0.00025,0.0,0.0,0.0,0.09434999999999999,0.0,0.0,0.01043,0.0,0.0,0.041280000000000004
2025-09-24 08:50:00,Uno M404,0.0,0.02852,0.0,0.0,0.0,7.000000000000001e-05,-1e-05,0.00016,0.0,0.0,0.0,0.09384,0.0,0.0,0.010289999999999999,0.0,0.0,0.04117
2025-09-24 08:55:00,Uno M404,0.0,0.028030000000000003,0.0,0.0,0.09575,4e-05,-1e-05,0.00045,0.0,0.0,0.0,0.1895,0.0,0.0,0.0104,0.0,0.0,0.04045
2025-09-24 09:00:00,Uno M404,0.0,0.02538,0.0,0.0,0.08025,0.00014000000000000001,-1e-05,0.00049,0.0,0.0,0.0,0.1726,0.0,0.0,0.010230000000000001,0.0,0.0,0.038079999999999996
2025-09-24 09:05:00,Uno M404,0.0,0.027870000000000002,0.0,0.0,0.0,0.00019,0.0,0.00028000000000000003,0.0,0.0,0.0,0.09284,0.0,0.0,0.01021,0.0,0.0,0.040549999999999996
2025-09-24 09:10:00,Uno M404,0.0,0.03108,0.0,0.0,0.0,0.00041999999999999996,0.0,0.0002,0.0,0.0,0.0,0.09246,0.0,0.0,0.010029999999999999,0.0,0.0,0.0434
2025-09-24 09:15:00,Uno M404,0.0,0.0285,0.0,0.0,0.0,0.00037,-0.00023,0.00038,0.0,0.0,0.0,0.09551000000000001,0.0,0.0,0.01062,0.0,0.0,0.04155
2025-09-24 09:20:00,Uno M404,0.0,0.02863,0.0,0.0,0.0,0.00082,-0.00028000000000000003,0.0007099999999999999,0.0,0.0,0.0,0.09556999999999999,0.0,0.0,0.01057,0.0,0.0,0.04159
2025-09-24 09:25:00,Uno M404,0.0,0.00035999999999999997,0.0,0.0,0.0,0.00051,-0.00016,0.00028000000000000003,0.0,0.0,0.0,0.09558,0.0,0.0,0.01072,0.0,0.0,0.01482
2025-09-24 09:30:00,Uno M404,0.0,0.00023,0.0,0.0,0.0,0.0005600000000000001,-0.0004,0.0012,0.0,0.0,0.0,0.09565,0.0,0.0,0.041350000000000005,0.0,0.0,0.04482
2025-09-24 09:35:00,Uno M404,0.02966,0.00047,0.0,0.0,0.08907999999999999,0.00115,-0.0008,0.0005600000000000001,0.0,0.02794,0.0,0.18302000000000002,0.0,0.0,0.04862,0.0,0.0,0.05251
2025-09-24 09:40:00,Uno M404,0.02979,0.00035,0.0,0.0,0.07856,0.0011899999999999999,-0.00027,0.00085,0.0,0.027870000000000002,0.0,0.17176,0.0,0.0,0.05196,0.0,0.0,0.05583
2025-09-24 09:45:00,Uno M404,0.023350000000000003,0.00041999999999999996,0.0,0.0,0.0,0.00086,-0.00022,0.00086,0.0,0.02153,0.0,0.09492,0.0,0.0,0.04266,0.0,0.0,0.046310000000000004
2025-09-24 09:50:00,Uno M404,0.02296,0.00046,0.0,0.0,0.0,0.0011899999999999999,-0.00013000000000000002,0.00094,0.0,0.02133,0.0,0.09387000000000001,0.0,0.0,0.05429,0.0,0.0,0.05837
2025-09-24 09:55:00,Uno M404,0.02282,0.00041,0.0,0.0,0.0,0.0009699999999999999,-0.00093,0.00066,0.0,0.02109,0.0,0.09453,0.0,0.0,0.0519,0.0,0.0,0.05588
2025-09-24 10:00:00,Uno M404,0.02271,0.00028000000000000003,0.0,0.0,0.0,0.00103,-0.00011,0.00065,0.0,0.02096,0.0,0.09434999999999999,0.0,0.0,0.04936,0.0,0.0,0.053200000000000004
2025-09-24 10:05:00,Uno M404,0.04305,0.00028000000000000003,0.0,0.0,0.0,0.00051,-1e-05,0.02203,0.0,0.02102,0.0,0.09368000000000001,0.0,0.0,0.05411,0.0,0.0,0.05798
2025-09-24 10:10:00,Uno M404,0.03386,0.00027,0.0,0.0,0.0,0.0011200000000000001,-0.00068,0.02194,0.0,0.01168,0.0,0.09406999999999999,0.0,0.0,0.05109,0.0,0.0,0.055130000000000005
2025-09-24 10:15:00,Uno M404,0.03374,0.00041999999999999996,0.0,0.0,0.08445,0.00079,-0.00063,0.02204,0.0,0.0116,0.0,0.17751,0.0,0.0,0.05152,0.0,0.0,0.05554
2025-09-24 10:20:00,Uno M404,0.027280000000000002,0.0004,0.0,0.0,0.07706,0.0006,0.04324,0.022019999999999998,0.0,0.00547,0.0,0.16979,0.0,0.0,0.05706,0.0,0.0,0.1057
2025-09-24 10:25:00,Uno M404,0.027379999999999998,0.00014000000000000001,0.0,0.0,0.0,0.00062,0.04323,0.0221,0.0,0.00538,0.0,0.09370999999999999,0.0,0.0,0.05197,0.0,0.0,0.10042
2025-09-24 10:30:00,Uno M404,0.02743,0.00031,0.0,0.0,0.0,0.0007700000000000001,0.0432,0.022,0.0,0.00535,0.0,0.09481,0.0,0.0,0.05439,0.0,0.0,0.10287
2025-09-24 10:35:00,Uno M404,0.02734,0.00022,0.0,0.0,0.0,0.00103,0.04314,0.022109999999999998,0.0,0.00523,0.0,0.09465000000000001,0.0,0.0,0.05386,0.0,0.0,0.10234
2025-09-24 10:40:00,Uno M404,0.02734,0.00028000000000000003,0.0,0.0,0.0,0.001,0.04313,0.0219,0.0,0.00538,0.0,0.11547,0.0,0.0,0.055869999999999996,0.01269,0.0,0.10437
2025-09-24 10:45:00,Uno M404,0.027469999999999998,0.00026000000000000003,0.0,0.0,0.0,0.00132,0.04316,0.022019999999999998,0.0,0.0054800000000000005,0.0,0.11476,0.0,0.0,0.05341,0.01249,0.0,0.10193
2025-09-24 10:50:00,Uno M404,0.02736,0.00013000000000000002,0.0,0.0,0.09519,0.0007099999999999999,0.04311,0.02204,0.0,0.00544,0.0,0.19604,0.0,0.0,0.04992,0.0,0.0,0.09858
2025-09-24 10:55:00,Uno M404,0.02734,0.00041,0.0,0.0,0.0837,0.00132,0.04303,0.022,0.0,0.0053,0.0,0.17786000000000002,0.0,0.0,0.055119999999999995,0.0,0.0,0.10364
2025-09-24 11:00:00,Uno M404,0.02725,0.00025,0.0,0.0,0.07812000000000001,0.00074,0.04303,0.02194,0.0,0.0053,0.0,0.16928,0.0,0.0,0.06788,0.0,0.0,0.11626
2025-09-24 11:05:00,Uno M404,0.02741,0.00011999999999999999,0.0,0.0,0.0,0.00035999999999999997,0.04304,0.02203,0.0,0.0053,0.0,0.09104999999999999,0.0,0.0,0.05147,0.0,0.0,0.09981
2025-09-24 11:10:00,Uno M404,0.02732,0.00046,0.0,0.0,0.0,0.00085,0.043,0.02208,0.0,0.00532,0.0,0.09484999999999999,0.0,0.0,0.05657,0.0,0.0,0.10499
2025-09-24 11:15:00,Uno M404,0.02745,0.00041999999999999996,0.0,0.0,0.0,0.00088,0.04294,0.02216,0.0,0.00532,0.0,0.09419,0.0,0.0,0.051590000000000004,0.0,0.0,0.10014
2025-09-24 11:20:00,Uno M404,0.03824,0.00067,0.0,0.0,0.0,0.00109,0.043,0.03890999999999999,0.0,0.0,0.0,0.09518,0.0,0.0,0.05119,0.0,0.0,0.10054
2025-09-24 11:25:00,Uno M404,0.11137000000000001,0.00034,0.0,0.0,0.0,0.00109,0.04299,0.11225,0.0,0.0,0.0,0.09537000000000001,0.0,0.0,0.05153,0.0,0.0,0.10018
2025-09-24 12:20:00,Uno M404,0.02156,0.0020099999999999996,0.0,0.0,0.09456999999999999,0.00166,0.04274,0.022690000000000002,0.0,0.0,0.0,0.24609,0.0,0.0,0.08777,0.0,0.0,0.13681000000000001
2025-09-24 12:25:00,Uno M404,0.02148,0.0016799999999999999,0.0,0.0,0.08474,0.00209,0.04253,0.02268,0.0,0.0,0.0,0.19183,0.0,0.0,0.05065,0.0,0.0,0.09971
2025-09-24 12:30:00,Uno M404,0.02135,0.00211,0.0,0.0,0.08101,0.0019399999999999999,0.04244,0.02271,0.0,0.0,0.0,0.1881,0.0,0.0,0.06388,0.0,0.0,0.11288
2025-09-24 12:35:00,Uno M404,0.02151,0.00221,0.0,0.0,0.0,0.00204,0.04223,0.02271,0.0,0.0,0.0,0.10647,0.0,0.0,0.05943,0.0,0.0,0.10859
2025-09-24 12:40:00,Uno M404,0.02154,,0.0,0.0,0.0,0.00226,,0.022789999999999998,0.0,0.0,0.0,0.10686,,,,0.0,0.0,
2025-09-24 12:45:00,Uno M404,0.02157,0.00237,0.0,0.0,0.0,0.00231,0.04212,0.02287,0.0,0.0,0.0,0.10649,0.0,0.0,0.06069,0.0,0.0,0.10989
2025-09-24 12:50:00,Uno M404,0.02157,0.00221,0.0,0.0,0.10163,0.0024500000000000004,0.04218,0.0228,0.0,0.0,0.0,0.20883000000000002,0.0,0.0,0.05457,0.0,0.0,0.1037
2025-09-24 12:55:00,Uno M404,0.04272,0.004659999999999999,0.0,0.0,0.17358,0.004900000000000001,0.08415,0.04566,0.0,0.0,0.0,0.18997999999999998,0.0,0.0,0.13202,0.0,0.0,0.23029
2025-09-24 13:00:00,Uno M404,0.02147,0.00209,0.0,0.0,0.08038,0.0024300000000000003,0.04212,0.02282,0.0,0.0,0.0,0.08846,0.0,0.0,0.047369999999999995,0.0,0.0,0.09617
2025-09-24 13:05:00,Uno M404,0.0214,0.00206,0.0,0.0,0.0,0.0023599999999999997,0.04218,0.022760000000000002,0.0,0.0,0.0,0.00881,0.0,0.0,0.045259999999999995,0.0,0.0,0.09409000000000001
2025-09-24 13:10:00,Uno M404,0.0216,0.0020099999999999996,0.0,0.0,0.0,0.0023799999999999997,0.04211,0.02275,0.0,0.0,0.0,0.00878,0.0,0.0,0.045520000000000005,0.0,0.0,0.09448999999999999
2025-09-24 13:15:00,Uno M404,0.02154,0.0015400000000000001,0.0,0.0,0.0,0.0024700000000000004,0.13252,0.02273,0.0,0.0,0.0,0.00865,0.0,0.0,0.047909999999999994,0.0,0.0,0.18688
2025-09-24 13:20:00,Uno M404,0.02146,0.00148,0.0,0.0,0.0,0.0024,0.12903,0.02256,0.0,0.0,0.0,0.00879,0.0,0.0,0.04506,0.0,0.0,0.1807
2025-09-24 13:25:00,Uno M404,0.02153,0.00159,0.0,0.0,0.09423999999999999,0.00234,0.12937,0.02262,0.0,0.0,0.0,0.1026,0.0,0.0,0.04513,0.0,0.0,0.18109999999999998
2025-09-24 13:30:00,Uno M404,0.02158,0.00146,0.0,0.0,0.08328,0.00233,0.12996000000000002,0.022600000000000002,0.0,0.0,0.0,0.09178,0.0,0.0,0.04911,0.0,0.0,0.18585
2025-09-24 13:35:00,Uno M404,0.02151,0.00157,0.0,0.0,0.0,0.00228,0.12921000000000002,0.02259,0.0,0.0,0.0,0.00915,0.0,0.0,0.04546,0.0,0.0,0.1814
2025-09-24 13:40:00,Uno M404,0.02162,0.0013700000000000001,0.0,0.0,0.0,0.0022299999999999998,0.12913,0.022609999999999998,0.0,0.0,0.0,0.009609999999999999,0.0,0.0,0.052649999999999995,0.0,0.0,0.1881
2025-09-24 13:45:00,Uno M404,0.02789,0.00114,0.0,0.0,0.0,0.00217,0.12897999999999998,0.02259,0.0,0.005719999999999999,0.0,0.00911,0.0,0.0,0.05391,0.0,0.0,0.18913999999999997
2025-09-24 13:50:00,Uno M404,0.02133,0.00099,0.0,0.0,0.0,0.00217,0.13013,0.02249,0.0,0.0,0.0,0.009349999999999999,0.0,0.0,0.048960000000000004,0.0,0.0,0.18553
2025-09-24 13:55:00,Uno M404,0.02153,0.00101,0.0,0.0,0.0,0.0021000000000000003,0.12887,0.022539999999999998,0.0,0.0,0.0,0.009349999999999999,0.0,0.0,0.047439999999999996,0.0,0.0,0.18268
2025-09-24 14:00:00,Uno M404,0.02134,0.00116,0.0,0.0,0.0,0.0020800000000000003,0.12818000000000002,0.02239,0.0,0.0,0.0,0.00937,0.0,0.0,0.04808,0.0,0.0,0.18262
2025-09-24 14:05:00,Uno M404,0.02147,0.00082,0.0,0.0,0.08681,0.00188,0.1293,0.0225,0.0,0.0,0.0,0.09584000000000001,0.0,0.0,0.05056,0.0,0.0,0.18606999999999999
2025-09-24 14:10:00,Uno M404,0.0214,0.00102,0.0,0.0,0.07909000000000001,0.00199,0.12909,0.02224,0.0,0.0,0.0,0.0882,0.0,0.0,0.0,0.0,0.0,0.13416999999999998
2025-09-24 14:15:00,Uno M404,0.02135,0.00063,0.0,0.0,0.0,0.00199,0.1293,0.02234,0.0,0.0,0.0,0.00942,0.0,0.0,0.0,0.0,0.0,0.13474
2025-09-24 14:20:00,Uno M404,0.0214,0.0006,0.0,0.0,0.0,0.00158,0.12748,0.0223,0.0,0.0,0.0,0.00977,0.0,0.0,0.0,0.0,0.0,0.13249
2025-09-24 14:25:00,Uno M404,0.11175,0.00061,0.0,0.0,0.0,0.0018700000000000001,0.11297,0.11245000000000001,0.0,0.0,0.0,0.009710000000000002,0.0,0.0,0.0,0.0,0.0,0.11795
2025-09-24 14:30:00,Uno M404,0.11195999999999999,0.0007199999999999999,0.0,0.0,0.0,0.0020299999999999997,0.11270999999999999,0.11286,0.0,0.0,0.0,0.0095,0.0,0.0,0.0,0.0,0.0,0.1177
2025-09-24 14:35:00,Uno M404,0.11189,0.00028000000000000003,0.0,0.0,0.0,0.0019399999999999999,0.11519,0.11273999999999999,0.0,0.0,0.0,0.009779999999999999,0.0,0.0,0.0,0.0,0.0,0.12018999999999999
2025-09-24 14:40:00,Uno M404,0.10456,0.00058,0.0,0.0,0.08904000000000001,0.00164,0.11451,0.10556,0.0,0.0,0.0,0.09827,0.0,0.0,0.0,0.0,0.0,0.11938
2025-09-24 14:45:00,Uno M404,0.09348999999999999,0.00039,0.0,0.0,0.07972,0.00176,0.04976,0.09434000000000001,0.0,0.0,0.0,0.08902,0.0,0.0,0.0,0.0,0.0,0.05471
2025-09-24 14:50:00,Uno M404,0.09356999999999999,0.00054,0.0,0.0,0.0,0.00148,0.04314,0.09437999999999999,0.0,0.0,0.0,0.009699999999999999,0.0,0.0,0.0,0.0,0.0,0.04808
2025-09-24 14:55:00,Uno M404,0.10162,0.0004,0.0,0.0,0.0,0.0016699999999999998,0.04319,0.10244,0.0,0.0,0.0,0.009859999999999999,0.0,0.0,0.0,0.0,0.0,0.04797
2025-09-24 15:00:00,Uno M404,0.10259,0.0004,0.0,0.0,0.0,0.00132,0.04316,0.10332,0.0,0.0,0.0,0.0101,0.0,0.0,0.0,0.0,0.0,0.04815
2025-09-24 15:05:00,Uno M404,0.09154000000000001,0.00041,0.0,0.0,0.0,0.00091,0.04323,0.09234,0.0,0.0,0.0,0.00982,0.0,0.0,0.0,0.0,0.0,0.04796
2025-09-24 15:10:00,Uno M404,3.41022,0.00073,0.0,3.28662,0.0,0.00164,0.04313,0.09547,0.0,0.02702,0.0,0.01022,0.0,0.0,0.0,0.0,0.0,0.04779
2025-09-24 15:15:00,Uno M404,3.4097600000000003,0.00063,0.0,3.2931,0.10582,0.00116,0.04306,0.08857999999999999,0.0,0.02709,0.0,0.11621,0.0,0.0,0.0,0.0,0.0,0.04813
2025-09-24 15:20:00,Uno M404,3.37383,0.00054,0.0,3.26656,0.08439,0.00083,0.04313,0.07927,0.0,0.026949999999999998,0.0,0.09478,0.0,0.0,0.0,0.0,0.0,0.047939999999999997
2025-09-24 15:25:00,Uno M404,3.4015999999999997,0.00058,0.0,3.29557,0.07817,0.00092,0.04303,0.07812000000000001,0.0,0.02696,0.0,0.08936,0.0,0.0,0.0,0.0,0.0,0.04795
2025-09-24 15:30:00,Uno M404,3.3813299999999997,0.00055,0.0,3.27993,0.0,0.0013,0.04307,0.07425,0.0,0.026760000000000003,0.0,0.0107,0.0,0.0,0.0,0.0,0.0,0.0479
2025-09-24 15:35:00,Uno M404,0.06784,0.00045,0.0,0.0,0.0,0.00074,0.04326,0.06961,0.0,0.0,0.0,0.01149,0.0,0.0,0.10166,0.0,0.0,0.15037999999999999
2025-09-24 15:40:00,Uno M404,0.06795999999999999,0.00022,0.0,0.0,0.0,0.00044,0.0433,0.06974,0.0,0.0,0.0,0.02172,0.0,0.0,0.09024,0.00747,0.0,0.1389
2025-09-24 15:45:00,Uno M404,0.06442,0.00014000000000000001,0.0,0.0,0.0,0.0002,0.04341,0.0659,0.0,0.0,0.0,0.01968,0.0,0.0,0.06308,0.007549999999999999,0.0,0.11183
2025-09-24 15:50:00,Uno M404,0.06289,5e-05,0.0,0.0,0.0,7.000000000000001e-05,0.0435,0.06392,0.0,0.0,0.0,0.02034,0.0,0.0,0.08066,0.0074199999999999995,0.0,0.12940000000000002
2025-09-24 15:55:00,Uno M404,0.0624,5e-05,0.0,0.0,0.09558,0.0,0.04344,0.06328,0.0,0.0,0.0,0.11608,0.0,0.0,0.07540000000000001,0.00739,0.0,0.12404000000000001
2025-09-24 16:00:00,Uno M404,0.06311,1e-05,0.0,0.0,0.08231000000000001,0.0,0.04363,0.06431,0.0,0.0,0.0,0.09673999999999999,0.0,0.0,0.07642,0.00744,0.0,0.12495999999999999
2025-09-24 16:05:00,Uno M404,0.06175,0.0,0.0,0.0,0.0,0.0,0.04366,0.06292,0.0,0.0,0.0,0.01434,0.0,0.0,0.07708,0.00733,0.0,0.1258
2025-09-24 16:10:00,Uno M404,0.07271,1e-05,0.0,0.0,0.0,0.0,0.04358,0.07398,0.0,0.0,0.0,0.01345,0.0,0.0,0.08186,0.00746,0.0,0.13047
2025-09-24 16:15:00,Uno M404,0.06445000000000001,0.0,0.0,0.0,0.0,0.0,0.04376,0.06572,0.0,0.0,0.0,0.0145,0.0,0.0,0.05335,0.00749,0.0,0.10219
2025-09-24 16:20:00,Uno M404,0.06508,0.0,0.0,0.0,0.0,0.0,0.04372,0.06597,0.0,0.0,0.0,0.01306,0.0,0.0,0.05274,0.00756,0.0,0.10141
2025-09-24 16:25:00,Uno M404,0.06374,0.0,0.0,0.0,0.0,0.0,0.04374,0.06467,0.0,0.0,0.0,0.01317,0.0,0.0,0.05207,0.00758,0.0,0.101
2025-09-24 16:30:00,Uno M404,0.06604,0.0,0.0,0.0,0.0,0.0,0.04376,0.06717000000000001,0.0,0.0,0.0,0.013980000000000001,0.0,0.0,0.05278,0.00746,0.0,0.10154
2025-09-24 16:35:00,Uno M404,0.06736,0.0,0.0,0.0,0.09179000000000001,0.0,0.04379,0.06836,0.0,0.0,0.0,0.10598,0.0,0.0,0.05058,0.00734,0.0,0.09925
2025-09-24 16:40:00,Uno M404,0.06274,0.0,0.0,0.0,0.08029,0.0,0.04403,0.06288,0.0,0.0,0.0,0.08665,0.0,0.0,0.03461,0.0,0.0,0.08320999999999999
2025-09-24 16:45:00,Uno M404,0.06262,0.0,0.0,0.0,0.0,0.0,0.04406,0.06321,0.0,0.0,0.0,0.00617,0.0,0.0,0.033780000000000004,0.0,0.0,0.08220000000000001
2025-09-24 16:50:00,Uno M404,0.06341,0.0,0.0,0.0,0.0,0.0,0.04396,0.06411,0.0,0.0,0.0,0.00632,0.0,0.0,0.04118,0.0,0.0,0.08993000000000001
2025-09-24 16:55:00,Uno M404,0.06305,0.0,0.0,0.0,0.0,0.0,0.04394,0.06337,0.0,0.0,0.0,0.00598,0.0,0.0,0.038329999999999996,0.0,0.0,0.08694
2025-09-24 17:00:00,Uno M404,0.06279,0.0,0.0,0.0,0.0,0.0,0.044039999999999996,0.06354,0.0,0.0,0.0,0.00604,0.0,0.0,0.036340000000000004,0.0,0.0,0.08488
2025-09-24 17:05:00,Uno M404,0.06259,0.0,0.0,0.0,0.0,0.0,0.04397,0.06314,0.0,0.0,0.0,0.00587,0.0,0.0,0.03494,0.0,0.0,0.0835
2025-09-24 17:10:00,Uno M404,0.06615,0.0,0.0,0.0,0.0,0.0,0.044,0.0669,0.0,0.0,0.0,0.0057599999999999995,0.0,0.0,0.03326,0.0,0.0,0.0818
2025-09-24 17:15:00,Uno M404,0.06332,0.0,0.0,0.0,0.08936,0.0,0.04405,0.06395,0.0,0.0,0.0,0.09501000000000001,0.0,0.0,0.03418,0.0,0.0,0.08270999999999999
2025-09-24 17:20:00,Uno M404,0.06275,0.0,0.0,0.0,0.07928,0.0,0.04391,0.06337,0.0,0.0,0.0,0.08474,0.0,0.0,0.03358,0.0,0.0,0.08214
2025-09-24 17:25:00,Uno M404,0.060020000000000004,0.0,0.0,0.0,0.0,0.0,0.04385,0.06048,0.0,0.0,0.0,0.00549,0.0,0.0,0.03412,0.0,0.0,0.08241
2025-09-24 17:30:00,Uno M404,0.06445999999999999,0.0,0.0,0.0,0.0,0.0,0.04396,0.03761,0.0,0.027350000000000003,0.0,0.0054,0.0,0.0,0.03713,0.0,0.0,0.08548
2025-09-24 17:35:00,Uno M404,0.0645,0.0,0.0,0.0,0.0,0.0,0.04388,0.037380000000000004,0.0,0.02745,0.0,0.00546,0.0,0.0,0.03497,0.0,0.0,0.08320999999999999
2025-09-24 17:40:00,Uno M404,0.06402,0.0,0.0,0.0,0.0,0.0,0.044109999999999996,0.03701,0.0,0.02705,0.0,0.00529,0.0,0.0,0.03349,0.0,0.0,0.08197
2025-09-24 17:45:00,Uno M404,0.07159,0.0,0.0,0.0,0.0,0.0,0.04399,0.0723,0.0,0.0,0.0,0.00535,0.0,0.0,0.033350000000000005,0.0,0.0,0.08184999999999999
2025-09-24 17:50:00,Uno M404,0.06677,0.0,0.0,0.0,0.0,0.0,0.04392,0.0678,0.0,0.0,0.0,0.00528,0.0,0.0,0.0343,0.0,0.0,0.08274
2025-09-24 17:55:00,Uno M404,0.06648,0.0,0.0,0.0,0.08716,0.0,0.04407,0.06761,0.0,0.0,0.0,0.09262999999999999,0.0,0.0,0.03318,0.0,0.0,0.08147
2025-09-24 18:00:00,Uno M404,0.06459000000000001,0.0,0.0,0.0,0.07862999999999999,0.0,0.04391,0.06573000000000001,0.0,0.0,0.0,0.08349,0.0,0.0,0.0351,0.0,0.0,0.08356999999999999
2025-09-24 18:05:00,Uno M404,0.0724,0.0,0.0,0.0,0.0,0.0,0.04372,0.07313,0.0,0.0,0.0,0.00508,0.0,0.0,0.03514,0.0,0.0,0.08345999999999999
2025-09-24 18:10:00,Uno M404,0.06608,0.0,0.0,0.0,0.0,0.0,0.04385,0.06699,0.0,0.0,0.0,0.004940000000000001,0.0,0.0,0.03277,0.0,0.0,0.08095000000000001
2025-09-24 18:15:00,Uno M404,0.07286,0.0,0.0,0.0,0.0,0.0,0.04399,0.07390000000000001,0.0,0.0,0.0,0.00532,0.0,0.0,0.03372,0.0,0.0,0.08214
2025-09-24 18:20:00,Uno M404,0.06531,0.0,0.0,0.0,0.0,0.0,0.04401,0.06634000000000001,0.0,0.0,0.0,0.00526,0.0,0.0,0.03706,0.0,0.0,0.08549
2025-09-24 18:25:00,Uno M404,0.06301,0.0,0.0,0.0,0.0,0.0,0.04388,0.0636,0.0,0.0,0.0,0.0052699999999999995,0.0,0.0,0.0352,0.0,0.0,0.08369
2025-09-24 18:30:00,Uno M404,0.02134,0.0,0.0,0.0,0.0,0.0,0.04396,0.02147,0.0,0.0,0.0,0.00519,0.0,0.0,0.03444,0.0,0.0,0.0828
2025-09-24 18:35:00,Uno M404,0.02137,0.0,0.0,0.0,0.08475,0.0,0.04393,0.02158,0.0,0.0,0.0,0.0901,0.0,0.0,0.03318,0.0,0.0,0.08164
2025-09-24 18:40:00,Uno M404,0.0214,0.0,0.0,0.0,0.07676000000000001,0.0,0.04392,0.0216,0.0,0.0,0.0,0.0818,0.0,0.0,0.0358,0.0,0.0,0.08413
2025-09-24 18:45:00,Uno M404,0.02142,0.0,0.0,0.0,0.0,0.0,0.04396,0.02158,0.0,0.0,0.0,0.004860000000000001,0.0,0.0,0.03577,0.0,0.0,0.08416
2025-09-24 18:50:00,Uno M404,0.02138,0.0,0.0,0.0,0.0,0.0,0.04388,0.02169,0.0,0.0,0.0,0.004860000000000001,0.0,0.0,0.0342,0.0,0.0,0.08258
2025-09-24 18:55:00,Uno M404,0.02142,0.0,0.0,0.0,0.0,0.0,0.04381,0.02166,0.0,0.0,0.0,0.00501,0.0,0.0,0.03329,0.0,0.0,0.08168
2025-09-24 19:00:00,Uno M404,0.02143,0.0,0.0,0.0,0.0,0.0,0.04387,0.02162,0.0,0.0,0.0,0.00484,0.0,0.0,0.03562,0.0,0.0,0.08434
2025-09-24 19:05:00,Uno M404,0.02144,0.0,0.0,0.0,0.0,0.0,0.04376,0.02164,0.0,0.0,0.0,0.00505,0.0,0.0,0.03295,0.0,0.0,0.08147
2025-09-24 19:10:00,Uno M404,0.02133,0.0,0.0,0.0,0.0,0.0,0.04374,0.02173,0.0,0.0,0.0,0.005,0.0,0.0,0.033979999999999996,0.0,0.0,0.0824
2025-09-24 19:15:00,Uno M404,0.0214,0.0,0.0,0.0,0.08443,0.0,0.04407,0.02176,0.0,0.0,0.0,0.08884,0.0,0.0,0.03338,0.0,0.0,0.08214
2025-09-24 19:20:00,Uno M404,0.02134,0.0,0.0,0.0,0.07759,0.0,0.04373,0.021670000000000002,0.0,0.0,0.0,0.08219,0.0,0.0,0.03289,0.0,0.0,0.08119
2025-09-24 19:25:00,Uno M404,0.02143,0.0,0.0,0.0,0.0,0.0,0.05046,0.02174,0.0,0.0,0.0,0.00488,0.0,0.0,0.03544,0.0,0.0,0.09046
2025-09-24 19:30:00,Uno M404,0.02128,0.0,0.0,0.0,0.0,0.0,0.0438,0.02161,0.0,0.0,0.0,0.00479,0.0,0.0,0.03384,0.0,0.0,0.08229
2025-09-24 19:35:00,Uno M404,0.02144,1e-05,0.0,0.0,0.0,0.0,0.04378,0.02178,0.0,0.0,0.0,0.00477,0.0,0.0,0.035679999999999996,0.0,0.0,0.0842
2025-09-24 19:40:00,Uno M404,0.02141,0.0,0.0,0.0,0.0,0.0,0.0437,0.0218,0.0,0.0,0.0,0.0046,0.0,0.0,0.032920000000000005,0.0,0.0,0.08141
2025-09-24 19:45:00,Uno M404,0.02141,0.0,0.0,0.0,0.0,0.0,0.04378,0.02177,0.0,0.0,0.0,0.011470000000000001,0.0,0.0,0.05825,0.0,0.0,0.10684
2025-09-24 19:50:00,Uno M404,0.02131,0.0,0.0,0.0,0.0,0.0,0.11513,0.02178,0.0,0.0,0.0,0.011460000000000001,0.0,0.0,0.0,0.0,0.0,0.11925
2025-09-24 19:55:00,Uno M404,0.02146,2e-05,0.0,0.0,0.08497,0.0,0.11617,0.02183,0.0,0.0,0.0,0.09581,0.0,0.0,0.0,0.0,0.0,0.12040000000000001
2025-09-24 20:00:00,Uno M404,0.02147,0.0,0.0,0.0,0.08481,0.0,0.11566,0.02187,0.0,0.0,0.0,0.09558,0.0,0.0,0.0,0.0,0.0,0.12005
2025-09-24 20:05:00,Uno M404,0.02137,1e-05,0.0,0.0,0.08093,0.0,0.11462,0.02183,0.0,0.0,0.0,0.09179999999999999,0.0,0.0,0.0,0.0,0.0,0.11878
2025-09-24 20:10:00,Uno M404,0.0214,0.0,0.0,0.0,0.07931,0.0,0.11531,0.02191,0.0,0.0,0.0,0.09054999999999999,0.0,0.0,0.0,0.0,0.0,0.1195
2025-09-24 20:15:00,Uno M404,0.02137,5.9999999999999995e-05,0.0,0.0,0.0,0.0,0.11352,0.02188,0.0,0.0,0.77077,0.78189,0.0,0.0,0.0,0.0,0.0,0.11785999999999999
2025-09-24 20:20:00,Uno M404,0.02138,0.0,0.0,0.0,0.0,0.0,0.11531,0.02191,0.0,0.0,0.04244,0.10945,0.0,0.0,0.0,0.0,0.0,0.11961
2025-09-24 20:25:00,Uno M404,0.02148,0.0,0.0,0.0,0.0,0.0,0.1152,0.02187,0.0,0.0,0.04251,0.09481,0.0,0.0,0.0,0.0,0.0,0.1196
2025-09-24 20:30:00,Uno M404,0.02127,0.0,0.0,0.0,0.0,0.0,0.11868000000000001,0.02177,0.0,0.0,0.04287,0.09343000000000001,0.0,0.0,0.0,0.0,0.0,0.12201000000000001
2025-09-24 20:35:00,Uno M404,0.02147,5e-05,0.0,0.0,0.0,1e-05,0.11408,0.02197,0.0,0.0,0.04281,0.09298999999999999,0.0,0.0,0.0,0.0,0.0,0.11841
2025-09-24 20:40:00,Uno M404,0.02134,8e-05,0.0,0.0,0.0,0.00015,0.11473,0.02187,0.0,0.0,0.04301,0.09317,0.0,0.0,0.0,0.0,0.0,0.11911
2025-09-24 20:45:00,Uno M404,0.0214,5.9999999999999995e-05,0.0,0.0,0.08613,4e-05,0.11631,0.02191,0.0,0.0,0.04281,0.17907,0.0,0.0,0.0,0.0,0.0,0.12088
2025-09-24 20:50:00,Uno M404,0.02141,5.9999999999999995e-05,0.0,0.0,0.07998000000000001,8e-05,0.11368,0.02194,0.0,0.0,0.0,0.1303,0.0,0.0,0.0,0.0,0.0,0.11805
2025-09-24 20:55:00,Uno M404,0.02131,8e-05,0.0,0.0,0.0,0.00022,0.11542,0.02197,0.0,0.0,0.0,0.05068,0.0,0.0,0.0,0.0,0.0,0.11985
2025-09-24 21:00:00,Uno M404,0.0215,0.00017999999999999998,0.0,0.0,0.0,0.00011,0.11523,0.022,0.0,0.0,0.0,0.05111,0.0,0.0,0.01148,0.0,0.0,0.1321
2025-09-24 21:05:00,Uno M404,0.02142,0.00026000000000000003,0.0,0.0,0.0,0.00013000000000000002,0.11533,0.02195,0.0,0.0,0.0,0.05137,0.0,0.0,0.01087,0.0,0.0,0.1315
2025-09-24 21:10:00,Uno M404,0.02134,0.00020999999999999998,0.0,0.0,0.0,5.9999999999999995e-05,0.11376,0.022010000000000002,0.0,0.0,0.0,0.05155,0.0,0.0,0.01103,0.0,0.0,0.13015000000000002
2025-09-24 21:15:00,Uno M404,0.02151,0.00015,0.0,0.0,0.0,0.00011,0.11658,0.022010000000000002,0.0,0.0,0.0,0.05144,0.0,0.0,0.01026,0.0,0.0,0.13231
2025-09-24 21:20:00,Uno M404,0.02141,0.00023,0.0,0.0,0.1025,0.00014000000000000001,0.11431999999999999,0.021929999999999998,0.0,0.0,0.0,0.15386000000000002,0.0,0.0,0.010490000000000001,0.0,0.0,0.13031
2025-09-24 21:25:00,Uno M404,0.0215,0.00031,0.0,0.0,0.08562,5e-05,0.11341,0.022,0.0,0.0,0.0,0.13707,0.0,0.0,0.01034,0.0,0.0,0.12927000000000002
2025-09-24 21:30:00,Uno M404,0.02138,0.00011,0.0,0.0,0.08009999999999999,1e-05,0.11545,0.0219,0.0,0.0,0.0,0.13055,0.0,0.0,0.01167,0.0,0.0,0.13232
2025-09-24 21:35:00,Uno M404,0.02158,0.00015,0.0,0.0,0.07834999999999999,0.0,0.11420999999999999,0.02195,0.0,0.0,0.0,0.12899000000000002,0.0,0.0,0.011800000000000001,0.0,0.0,0.13125
2025-09-24 21:40:00,Uno M404,0.02147,8.999999999999999e-05,0.0,0.0,,,0.11567,0.02194,0.0,0.0,,,0.0,0.0,0.011699999999999999,,,0.13246
2025-09-24 21:45:00,Uno M404,0.02143,0.00011,0.0,0.0,0.0,5.9999999999999995e-05,0.11596,0.02196,0.0,0.0,0.0,0.05073,0.0,0.0,0.01173,0.0,0.0,0.13294999999999998
2025-09-24 21:50:00,Uno M404,0.0,0.0001,0.0,0.0,0.0,2e-05,0.28864,0.0003,0.0,0.0,0.0,0.0546,0.0,0.0,0.0,0.0,0.0,0.32488
2025-09-24 21:55:00,Uno M404,0.0,1e-05,0.0,0.0,0.0,0.0,0.14387,8.999999999999999e-05,0.0,0.0,0.0,0.00412,0.0,0.0,0.0,0.0,0.0,0.15392
2025-09-24 22:00:00,Uno M404,0.0,0.0,0.0,0.0,0.0,0.0,0.14385,2e-05,0.0,0.0,0.0,0.00398,0.0,0.0,0.0,0.0,0.0,0.15384
2025-09-24 22:05:00,Uno M404,0.0,0.89249,0.0,0.0,0.09667,0.0,0.14366,2e-05,0.0,0.0,0.0,0.10056999999999999,0.0,0.0,0.0,0.0,0.0,1.03919
2025-09-24 22:10:00,Uno M404,0.0,0.026269999999999998,0.0,0.0,0.08256000000000001,0.0,0.14329,0.0,0.0,0.0,0.0,0.08651,0.0,0.0,0.0,0.0,0.0,0.17267
2025-09-24 22:15:00,Uno M404,0.0,1.0999700000000001,0.0,0.0,0.0,0.0,0.14547,0.0,0.0,0.0,0.0,0.004030000000000001,0.0,0.0,0.0,0.0,0.0,1.24708
2025-09-24 22:20:00,Uno M404,0.0,0.02586,0.0,0.0,0.0,0.0,0.14307,0.0,0.0,0.0,0.0,0.00436,0.0,0.0,0.0,0.0,0.0,0.17193
2025-09-24 22:25:00,Uno M404,0.0,0.02584,0.0,0.0,0.0,0.0,0.1456,0.0,0.0,0.0,0.0,0.0043,0.0,0.0,0.0,0.0,0.0,0.17432
2025-09-24 22:30:00,Uno M404,0.0,0.02529,0.0,0.0,0.0,0.0,0.11438,0.0,0.0,0.0,0.0,0.0045899999999999995,0.0,0.0,0.0,0.0,0.0,0.14271
2025-09-24 22:35:00,Uno M404,0.0,0.02551,0.0,0.0,0.0,0.0,0.11556999999999999,0.0,0.0,0.0,0.0,0.0041600000000000005,0.0,0.0,0.0,0.0,0.0,0.14383
2025-09-24 22:40:00,Uno M404,0.0,0.02525,0.0,0.0,0.0,0.0,0.11470999999999999,0.0,0.0,0.0,0.0,0.00457,0.0,0.0,0.0,0.0,0.0,0.14268
2025-09-24 22:45:00,Uno M404,0.0,0.02541,0.0,0.0,0.09217,0.0,0.11562,0.0,0.0,0.0,0.0,0.09598999999999999,0.0,0.0,0.0,0.0,0.0,0.144
2025-09-24 22:50:00,Uno M404,0.0,0.0254,0.0,0.0,0.08094,0.0,0.11408,0.0,0.0,0.0,0.0,0.08485,0.0,0.0,0.0,0.0,0.0,0.14236000000000001
2025-09-24 22:55:00,Uno M404,0.0,1.1345,0.0,0.0,0.0,0.0,0.11315,0.0,0.0,0.0,0.0,0.0041600000000000005,0.0,0.0,0.0,0.0,0.0,1.25066
2025-09-24 23:00:00,Uno M404,0.0,0.02544,0.0,0.0,0.0,0.0,0.11456999999999999,0.0,0.0,0.0,0.0,0.00404,0.0,0.0,0.0,0.0,0.0,0.14309
2025-09-24 23:05:00,Uno M404,0.0,0.02553,0.0,0.0,0.0,0.0,0.11488,1e-05,0.0,0.0,0.0,0.00395,0.0,0.0,0.0,0.0,0.0,0.17035
2025-09-24 23:10:00,Uno M404,0.0,0.02558,0.0,0.0,0.0,0.0,0.11525,1e-05,0.0,0.0,0.0,0.0044800000000000005,0.0,0.0,0.0,0.0,0.0,0.16834
2025-09-24 23:15:00,Uno M404,0.0,0.02546,0.0,0.0,0.0,0.0,0.11498,4e-05,0.0,0.0,0.0,0.00439,0.0,0.0,0.0,0.0,0.0,0.16769
2025-09-24 23:20:00,Uno M404,0.0,0.02558,0.0,0.0,0.0,0.0,0.11453,0.0,0.0,0.0,0.0,0.00449,0.0,0.0,0.0,0.0,0.0,0.16783
2025-09-24 23:25:00,Uno M404,0.0,0.02552,0.0,0.0,0.08918999999999999,0.0,0.11508,8e-05,0.0,0.0,0.0,0.09353,0.0,0.0,0.0,0.0,0.0,0.16849
2025-09-24 23:30:00,Uno M404,0.0,0.025670000000000002,0.0,0.0,0.07981,0.0,0.12511,1e-05,0.0,0.0,0.0,0.08367000000000001,0.0,0.0,0.0,0.0,0.0,0.17758000000000002
2025-09-24 23:35:00,Uno M404,0.0,1.1355899999999999,0.0,0.0,0.0,0.0,0.12290000000000001,7.000000000000001e-05,0.0,0.0,0.0,0.00409,0.0,0.0,0.0,0.0,0.0,1.27877
2025-09-24 23:40:00,Uno M404,0.0,0.02554,0.0,0.0,0.0,0.0,0.12287999999999999,2e-05,0.0,0.0,0.0,0.00421,0.0,0.0,0.0,0.0,0.0,0.17152
2025-09-24 23:45:00,Uno M404,0.0,0.02561,0.0,0.0,0.0,0.0,0.121,0.0,0.0,0.0,0.0,0.00422,0.0,0.0,0.0,0.0,0.0,0.16572
2025-09-24 23:50:00,Uno M404,0.0,0.02573,0.0,0.0,0.0,0.0,0.12157,0.0,0.0,0.0,0.0,0.00404,0.0,0.0,0.0,0.0,0.0,0.16234
2025-09-24 23:55:00,Uno M404,0.0,0.02564,0.0,0.0,0.0,0.0,0.1216,0.0,0.0,0.0,0.0,0.00458,0.0,0.0,0.0,0.0,0.0,0.16259
2025-09-25 00:00:00,Uno M404,0.0,0.02546,0.0,0.0,0.0,0.0,0.12113,0.0,0.0,0.0,0.0,0.00429,0.0,0.0,0.0,0.0,0.0,0.16169
2025-09-25 00:05:00,Uno M404,0.0,0.02557,0.0,0.0,0.08805,0.0,0.12261,0.0,0.0,0.0,0.0,0.09234999999999999,0.0,0.0,0.0,0.0,0.0,0.16243000000000002
2025-09-25 00:10:00,Uno M404,0.0,0.025670000000000002,0.0,0.0,0.08029,0.0,0.12311,4e-05,0.0,0.0,0.0,0.08455,0.0,0.0,0.0,0.0,0.0,0.16516
2025-09-25 00:15:00,Uno M404,0.0,0.0257,0.0,0.0,0.0,0.0,0.12304999999999999,4e-05,0.0,0.0,0.0,0.00415,0.0,0.0,0.0,0.0,0.0,0.15825999999999998
2025-09-25 00:20:00,Uno M404,0.0,0.02558,0.0,0.0,0.0,0.0,0.013519999999999999,0.0,0.0,0.0,0.0,0.00441,0.0,0.0,0.0,0.0,0.0,0.048409999999999995
2025-09-25 00:25:00,Uno M404,0.0,0.02568,0.0,0.0,0.0,0.0,0.013720000000000001,0.0,0.0,0.0,0.0,0.00391,0.0,0.0,0.0,0.0,0.0,0.04665999999999999
2025-09-25 00:30:00,Uno M404,0.0,0.02539,0.0,0.0,0.0,0.0,0.01368,0.0,0.0,0.0,0.0,0.00387,0.0,0.0,0.0,0.0,0.0,0.04562
2025-09-25 00:35:00,Uno M404,0.0,0.0255,0.0,0.0,0.0,0.0,0.013630000000000001,8.999999999999999e-05,0.0,0.0,0.0,0.00422,0.0,0.0,0.0,0.0,0.0,0.045200000000000004
2025-09-25 00:40:00,Uno M404,0.0,0.02551,0.0,0.0,0.0,0.0,0.013609999999999999,0.0002,0.0,0.0,0.0,0.00379,0.0,0.0,0.0,0.0,0.0,0.044899999999999995
2025-09-25 00:45:00,Uno M404,0.0,0.02544,0.0,0.0,0.08814,0.0,0.01358,0.0,0.0,0.0,0.0,0.09185,0.0,0.0,0.0,0.0,0.0,0.0446
2025-09-25 00:50:00,Uno M404,0.0,0.02545,0.0,0.0,0.07972,0.0,0.013640000000000001,0.00022,0.0,0.0,0.0,0.08374,0.0,0.0,0.0,0.0,0.0,0.04453
2025-09-25 00:55:00,Uno M404,0.0,0.02541,0.0,0.0,0.0,0.0,0.013519999999999999,5.9999999999999995e-05,0.0,0.0,0.0,0.00411,0.0,0.0,0.0,0.0,0.0,0.04446
2025-09-25 01:00:00,Uno M404,0.0,0.02556,0.0,0.0,0.0,0.0,0.01342,0.00011,0.0,0.0,0.0,0.004030000000000001,0.0,0.0,0.0,0.0,0.0,0.04272
2025-09-25 01:05:00,Uno M404,0.0,0.02557,0.0,0.0,0.0,0.0,0.01354,0.00011999999999999999,0.0,0.0,0.0,0.00439,0.0,0.0,0.0,0.0,0.0,0.0426
2025-09-25 01:10:00,Uno M404,0.0,0.02557,0.0,0.0,0.0,0.0,0.01368,5e-05,0.0,0.0,0.0,0.00408,0.0,0.0,0.0,0.0,0.0,0.04253
2025-09-25 01:15:00,Uno M404,0.0,0.0257,0.0,0.0,0.0,0.0,0.01365,4e-05,0.0,0.0,0.0,0.00401,0.0,0.0,0.0,0.0,0.0,0.04274
2025-09-25 01:20:00,Uno M404,0.0,1.1299000000000001,0.0,0.0,0.0,0.0,0.01382,0.00020999999999999998,0.0,0.0,0.0,0.0035299999999999997,0.0,0.0,0.0,0.0,0.0,1.14702
2025-09-25 01:25:00,Uno M404,0.0,0.02578,0.0,0.0,0.08938,0.0,0.013630000000000001,8e-05,0.0,0.0,0.0,0.0927,0.0,0.0,0.0,0.0,0.0,0.04272
2025-09-25 01:30:00,Uno M404,0.0,0.02579,0.0,0.0,0.08039,0.0,0.013699999999999999,0.0,0.0,0.0,0.0,0.084,0.0,0.0,0.0,0.0,0.0,0.04277
2025-09-25 01:35:00,Uno M404,0.0,0.02563,0.0,0.0,0.0,0.0,0.013619999999999998,0.00035999999999999997,0.0,0.0,0.0,0.00382,0.0,0.0,0.0,0.0,0.0,0.04339
2025-09-25 01:40:00,Uno M404,0.0,0.0257,0.0,0.0,0.0,0.0,0.01359,0.00026000000000000003,0.0,0.0,0.0,0.00369,0.0,0.0,0.0,0.0,0.0,0.04262
2025-09-25 01:45:00,Uno M404,0.0,0.02576,0.0,0.0,0.0,5.9999999999999995e-05,0.0135,0.00026000000000000003,0.0,0.0,0.0,0.0035800000000000003,0.0,0.0,0.0,0.0,0.0,0.04264
2025-09-25 01:50:00,Uno M404,0.0,0.02585,0.0,0.0,0.0,0.0,0.013609999999999999,0.00031,0.0,0.0,0.0,0.00372,0.0,0.0,0.0,0.0,0.0,0.04286
2025-09-25 01:55:00,Uno M404,0.0,0.02591,0.0,0.0,,,0.01354,5e-05,0.0,0.0,,,0.0,0.0,0.0,,,0.04299
2025-09-25 02:10:00,Uno M404,0.0,0.02603,0.0,0.0,0.08142,0.0,0.013470000000000001,0.00016,0.0,0.0,0.0,0.0848,0.0,0.0,0.0,0.0,0.0,0.04294
2025-09-25 02:15:00,Uno M404,,0.025929999999999998,,,,,0.013470000000000001,,,,,,0.0,0.0,0.0,,,0.04349
2025-09-25 02:35:00,Uno M404,,0.02597,,,0.0,0.0,0.013689999999999999,,,,0.0,0.00391,0.0,0.0,0.0,0.0,0.0,0.04307
2025-09-25 02:40:00,Uno M404,0.0,,0.0,0.0,,,,0.00031,0.0,0.0,,,,,,,,
2025-09-25 02:50:00,Uno M404,0.0,0.02595,0.0,0.0,0.08212,0.0,0.01357,5.9999999999999995e-05,0.0,0.0,0.0,0.08572,0.0,0.0,0.0,0.0,0.0,0.04289
2025-09-25 02:55:00,Uno M404,2e-05,0.02595,0.0,0.0,0.0,0.0,0.0135,0.00015,0.0,0.0,0.0,0.00432,0.0,0.0,0.0,0.0,0.0,0.04286
2025-09-25 03:00:00,Uno M404,0.0,0.026109999999999998,0.0,0.0,0.0,0.0,0.013619999999999998,0.0,0.0,0.0,0.0,0.00428,0.0,0.0,0.0,0.0,0.0,0.04326
2025-09-25 03:05:00,Uno M404,0.0,0.026170000000000002,0.0,0.0,0.0,0.0,0.013519999999999999,0.0,0.0,0.0,0.0,0.00429,0.0,0.0,0.0,0.0,0.0,0.04309
2025-09-25 03:10:00,Uno M404,0.0,0.02615,0.0,0.0,0.0,0.0,0.013779999999999999,8e-05,0.0,0.0,0.0,0.0038900000000000002,0.0,0.0,0.0,0.0,0.0,0.04313
2025-09-25 03:15:00,Uno M404,0.0,0.02605,0.0,0.0,0.0,0.0,0.013560000000000001,8.999999999999999e-05,0.0,0.0,0.0,0.00382,0.0,0.0,0.0,0.0,0.0,0.04298
2025-09-25 03:20:00,Uno M404,0.0,0.02606,0.0,0.0,0.0,0.0,0.01349,1e-05,0.0,0.0,0.0,0.0038,0.0,0.0,0.0,0.0,0.0,0.04306
2025-09-25 03:25:00,Uno M404,1e-05,0.02619,0.0,0.0,0.09591,0.0,0.013470000000000001,0.0,0.0,0.0,0.0,0.09991,0.0,0.0,0.0,0.0,0.0,0.04319
2025-09-25 03:30:00,Uno M404,0.0,0.02613,0.0,0.0,0.08327,0.0,0.013519999999999999,0.0,0.0,0.0,0.0,0.08674,0.0,0.0,0.0,0.0,0.0,0.04316
2025-09-25 03:35:00,Uno M404,0.0,0.02605,0.0,0.0,0.0,1e-05,0.013550000000000001,1e-05,0.0,0.0,0.0,0.00393,0.0,0.0,0.0,0.0,0.0,0.04304
2025-09-25 03:40:00,Uno M404,0.0,0.02605,0.0,0.0,0.0,0.0,0.01354,5.9999999999999995e-05,0.0,0.0,0.0,0.00375,0.0,0.0,0.0,0.0,0.0,0.04291
2025-09-25 03:45:00,Uno M404,0.0,0.02614,0.0,0.0,0.0,0.0,0.013519999999999999,0.00017999999999999998,0.0,0.0,0.0,0.00398,0.0,0.0,0.0,0.0,0.0,0.04406
2025-09-25 03:50:00,Uno M404,0.0,1.12339,0.0,0.0,0.0,0.0,0.01376,7.000000000000001e-05,0.0,0.0,0.0,0.00367,0.0,0.0,0.0,0.0,0.0,1.1401199999999998
2025-09-25 03:55:00,Uno M404,0.0,0.026260000000000002,0.0,0.0,0.0,0.0,0.0135,7.000000000000001e-05,0.0,0.0,0.0,0.00414,0.0,0.0,0.0,0.0,0.0,0.04323
2025-09-25 04:00:00,Uno M404,0.0,0.02612,0.0,0.0,0.0,0.0,0.01359,2e-05,0.0,0.0,0.0,0.00382,0.0,0.0,0.0,0.0,0.0,0.04364
2025-09-25 04:05:00,Uno M404,0.0,0.02606,0.0,0.0,0.09918,0.0,0.013630000000000001,4e-05,0.0,0.0,0.0,0.10343000000000001,0.0,0.0,0.0,0.0,0.0,0.04567
2025-09-25 04:10:00,Uno M404,0.0,0.02605,0.0,0.0,0.08427,0.0,0.013560000000000001,5e-05,0.0,0.0,0.0,0.08937,0.0,0.0,0.0,0.0,0.0,0.045
2025-09-25 04:15:00,Uno M404,0.0,0.026260000000000002,0.0,0.0,0.07906,0.0,0.013710000000000002,1e-05,0.0,0.0,0.0,0.08270000000000001,0.0,0.0,0.0,0.0,0.0,0.04314
2025-09-25 04:20:00,Uno M404,0.0,0.02605,0.0,0.0,0.0,0.0,0.01377,5.9999999999999995e-05,0.0,0.0,0.0,0.00382,0.0,0.0,0.0,0.0,0.0,0.04317
2025-09-25 04:25:00,Uno M404,0.0,1.13502,0.0,0.0,0.0,0.0,0.013779999999999999,8.999999999999999e-05,0.0,0.0,0.0,0.00408,0.0,0.0,0.0,0.0,0.0,1.15223
2025-09-25 04:30:00,Uno M404,0.0,0.026010000000000002,0.0,0.0,0.0,0.0,0.01359,5.9999999999999995e-05,0.0,0.0,0.0,0.0040999999999999995,0.0,0.0,0.0,0.0,0.0,0.04304
2025-09-25 04:35:00,Uno M404,0.0,0.02597,0.0,0.0,0.0,0.0,0.01348,0.0,0.0,0.0,0.0,0.0038,0.0,0.0,0.0,0.0,0.0,0.04289
2025-09-25 04:40:00,Uno M404,0.0,0.025929999999999998,0.0,0.0,0.0,0.0,0.013689999999999999,2e-05,0.0,0.0,0.0,0.00375,0.0,0.0,0.0,0.0,0.0,0.04293
2025-09-25 04:45:00,Uno M404,0.0,0.02606,0.0,0.0,0.10628,0.0,0.01357,5.9999999999999995e-05,0.0,0.0,0.0,0.11034999999999999,0.0,0.0,0.0,0.0,0.0,0.04314
2025-09-25 04:50:00,Uno M404,0.0,0.0259,0.0,0.0,0.08562,0.0,0.013609999999999999,2e-05,0.0,0.0,0.0,0.08987,0.0,0.0,0.0,0.0,0.0,0.04299
2025-09-25 04:55:00,Uno M404,0.0,0.025929999999999998,0.0,0.0,0.07948000000000001,0.0,0.013609999999999999,1e-05,0.0,0.0,0.0,0.08341,0.0,0.0,0.0,0.0,0.0,0.044770000000000004
2025-09-25 05:00:00,Uno M404,0.0,0.0259,0.0,0.0,0.0,0.0,0.01365,0.0,0.0,0.0,0.0,0.00405,0.0,0.0,0.0,0.0,0.0,0.04296
2025-09-25 05:05:00,Uno M404,0.0,0.02576,0.0,0.0,0.0,0.0,0.01366,0.0,0.0,0.0,0.0,0.0039700000000000004,0.0,0.0,0.0,0.0,0.0,0.04272
2025-09-25 05:10:00,Uno M404,0.0,0.02565,0.0,0.0,0.0,0.0,0.013630000000000001,0.0,0.0,0.0,0.0,0.00412,0.0,0.0,0.0,0.0,0.0,0.04276
2025-09-25 05:15:00,Uno M404,,0.0256,,,0.0,0.0,0.013779999999999999,,,,0.0,0.00441,0.0,0.0,0.0,0.0,0.0,0.0426
2025-09-25 05:20:00,Uno M404,0.0,2.21344,0.0,0.0,0.0,0.0,0.02776,2e-05,0.0,0.0,0.0,0.008039999999999999,0.0,0.0,0.0,0.0,0.0,2.24904
2025-09-25 05:25:00,Uno M404,0.0,0.02564,0.0,0.0,0.0,0.0,0.01375,0.0,0.0,0.0,0.0,0.00431,0.0,0.0,0.0,0.0,0.0,0.042570000000000004
2025-09-25 05:30:00,Uno M404,0.0,0.02553,0.0,0.0,0.0878,0.0,0.013689999999999999,1e-05,0.0,0.0,0.0,0.09194,0.0,0.0,0.0,0.0,0.0,0.04306
2025-09-25 05:35:00,Uno M404,0.0,0.02536,0.0,0.0,0.0792,0.0,0.01377,0.0,0.0,0.0,0.0,0.08339,0.0,0.0,0.0,0.0,0.0,0.0423
2025-09-25 05:40:00,Uno M404,0.0,0.02523,0.0,0.0,0.0,0.0,0.013619999999999998,0.0,0.0,0.0,0.0,0.00443,0.0,0.0,0.0,0.0,0.0,0.042159999999999996
2025-09-25 05:45:00,Uno M404,0.0,0.02532,0.0,0.0,0.0,0.0,0.01366,0.0,0.0,0.0,0.0,0.00443,0.0,0.0,0.0,0.0,0.0,0.04224
2025-09-25 05:50:00,Uno M404,0.0,0.02514,0.0,0.0,0.0,0.0,0.013619999999999998,0.0,0.0,0.0,0.0,0.0044800000000000005,0.0,0.0,0.0,0.0,0.0,0.04213
2025-09-25 05:55:00,Uno M404,0.0,0.02517,0.0,0.0,0.0,0.0,0.013710000000000002,0.0,0.0,0.0,0.0,0.00445,0.0,0.0,0.0,0.0,0.0,0.04209
2025-09-25 06:00:00,Uno M404,0.0,0.0252,0.0,0.0,0.0,0.0,0.013630000000000001,0.0,0.0,0.0,0.0,0.0045899999999999995,0.0,0.0,0.0,0.0,0.0,0.04267
2025-09-25 06:05:00,Uno M404,0.0,0.025160000000000002,0.0,0.0,0.0,0.0,0.01384,0.0,0.0,0.0,0.0,0.0044599999999999996,0.0,0.0,0.0,0.0,0.0,0.04209
2025-09-25 06:10:00,Uno M404,1e-05,0.02493,0.0,0.0,0.09068000000000001,0.0,0.013779999999999999,0.0,0.0,0.0,0.0,0.09536,0.0,0.0,0.0,0.0,0.0,0.0429
2025-09-25 06:15:00,Uno M404,0.0,1.08919,0.0,0.0,0.07931999999999999,0.0,0.01397,1e-05,0.0,0.0,0.0,0.08381,0.0,0.0,0.0,0.0,0.0,1.1063800000000001
2025-09-25 06:20:00,Uno M404,0.0,0.0247,0.0,0.0,0.0,0.0,0.01375,0.0,0.0,0.0,0.0,0.00456,0.0,0.0,0.0,0.0,0.0,0.04169
2025-09-25 06:25:00,Uno M404,0.0,0.02478,0.0,0.0,0.0,0.0,0.013789999999999998,0.0,0.0,0.0,0.0,0.004730000000000001,0.0,0.0,0.0,0.0,0.0,0.04158
2025-09-25 06:30:00,Uno M404,0.0,0.024730000000000002,0.0,0.0,0.0,0.0,0.013789999999999998,0.0,0.0,0.0,0.0,0.0047,0.0,0.0,0.0,0.0,0.0,0.04211
2025-09-25 06:35:00,Uno M404,0.0,0.024489999999999998,0.0,0.0,0.0,0.0,0.01375,0.0,0.0,0.0,0.0,0.00477,0.0,0.0,0.0,0.0,0.0,0.041479999999999996
2025-09-25 06:40:00,Uno M404,0.0,0.0245,0.0,0.0,0.0,0.0,0.01383,0.0,0.0,0.0,0.0,0.00457,0.0,0.0,0.0,0.0,0.0,0.04114
2025-09-25 06:45:00,Uno M404,0.0,0.02457,0.0,0.0,0.0,0.0,0.01365,0.0,0.0,0.0,0.0,0.00466,0.0,0.0,0.0,0.0,0.0,0.041159999999999995
2025-09-25 06:50:00,Uno M404,0.0,0.02457,0.0,0.0,0.09543,0.0,0.013779999999999999,0.0,0.0,0.0,0.0,0.10016,0.0,0.0,0.0,0.0,0.0,0.04115
2025-09-25 06:55:00,Uno M404,0.0,1.08727,0.0,0.0,0.08105,0.0,0.01397,0.0,0.0,0.0,0.0,0.08577,0.0,0.0,0.0,0.0,0.0,1.10419
2025-09-25 07:00:00,Uno M404,0.0,0.02499,0.0,0.0,0.0,0.0,0.013810000000000001,0.0,0.0,0.0,0.0,0.00467,0.0,0.0,0.0,0.0,0.0,0.041659999999999996
2025-09-25 07:05:00,Uno M404,0.0,0.02477,0.0,0.0,0.0,0.0,0.013789999999999998,0.0,0.0,0.0,0.0,0.00484,0.0,0.0,0.0,0.0,0.0,0.041350000000000005
2025-09-25 07:10:00,Uno M404,0.0,0.0,0.0,0.0,0.0,0.0,0.01375,0.0,0.0,0.0,0.0,0.004730000000000001,0.0,0.0,0.0,0.0,0.0,0.01779
2025-09-25 07:15:00,Uno M404,0.0,0.0,0.0,0.0,0.0,0.0,0.01368,0.0,0.0,0.0,0.0,0.00488,0.0,0.0,0.0,0.0,0.0,0.017839999999999998
2025-09-25 07:20:00,Uno M404,0.0,0.0,0.0,0.0,0.0,0.0,0.01368,0.0,0.0,0.0,0.0,0.00528,0.0,0.0,0.0,0.0,0.0,0.01773
2025-09-25 07:25:00,Uno M404,3.17529,0.0,0.0,3.14616,0.0,0.0,0.0,0.0,0.0,0.02668,0.0,0.004860000000000001,0.0,0.0,0.0884,0.0,0.0,0.09196
2025-09-25 07:30:00,Uno M404,0.02879,0.0,0.0,0.0,0.0,0.0,0.0,0.0,0.0,0.02689,0.0,0.00467,0.0,0.0,0.0884,0.0,0.0,0.09196
2025-09-25 07:35:00,Uno M404,3.13617,0.0,0.0,3.1078099999999997,0.08413,0.0,0.0,0.0,0.0,0.025920000000000002,0.0,0.08887,0.0,0.0,0.07521,0.0,0.0,0.0788
2025-09-25 07:40:00,Uno M404,3.19739,1e-05,0.0,3.1686300000000003,0.07783,0.0,0.0,0.0,0.0,0.02619,0.0,0.08289,0.0,0.0,0.07495,0.0,0.0,0.07870999999999999
2025-09-25 07:45:00,Uno M404,0.0,0.0,0.0,0.0,0.0,0.0,0.0,0.0,0.0,0.0,0.0,0.04311,0.0,0.0,0.0,0.00764,0.0,0.00298
2025-09-25 07:50:00,Uno M404,0.0,0.0,0.0,0.0,0.0,0.0,1.41988,0.0,0.0,0.0,0.0,0.04279,0.0,0.0,0.0,0.00747,0.0,1.4236099999999998
2025-09-25 07:55:00,Uno M404,0.0,0.0,0.0,0.0,0.0,0.0,0.0,0.0,0.0,0.0,0.0,0.04276,0.0,0.0,0.0,0.00756,0.0,0.00278
2025-09-25 08:00:00,Uno M404,0.0,2e-05,0.0,0.0,0.0,0.0,0.0,0.0,0.0,0.0,0.0,0.04291,0.0,0.0,0.0,0.00762,0.0,0.00273
2025-09-25 08:05:00,Uno M404,0.0,1e-05,0.0,0.0,0.0,0.0,0.0,0.0,0.0,0.0,0.0,0.04256,0.0,0.0,0.0,0.00753,0.0,0.00275
2025-09-25 08:10:00,Uno M404,0.0,4e-05,0.0,0.0,0.0,0.0,0.0,0.0,0.0,0.0,0.0,0.04845,0.0,0.0,0.01315,0.00767,0.0,0.01701
2025-09-25 08:15:00,Uno M404,0.0,0.0,0.0,0.0,0.08927,0.0,0.0,0.0,0.0,0.0,0.0,0.09383,0.0,0.0,0.0,0.0,0.0,0.0029500000000000004
2025-09-25 08:20:00,Uno M404,0.0,0.0,0.0,0.0,0.0785,0.0,0.0,0.0,0.0,0.0,0.0,0.08301,0.0,0.0,0.0,0.0,0.0,0.0028599999999999997
2025-09-25 08:25:00,Uno M404,0.0,0.0,0.0,0.0,0.0,0.0,0.0,0.0,0.0,0.0,0.0,0.0046,0.0,0.0,0.0,0.0,0.0,0.0028399999999999996
2025-09-25 08:30:00,Uno M404,0.0,0.0,0.0,0.0,0.0,0.0,0.0,1e-05,0.0,0.0,0.0,0.00444,0.0,0.0,0.0,0.0,0.0,0.0028599999999999997
2025-09-25 08:35:00,Uno M404,0.0,0.0,0.0,0.0,0.0,0.0,0.0,0.0,0.0,0.0,0.0,0.00431,0.0,0.0,0.0,0.0,0.0,0.00287
2025-09-25 08:40:00,Uno M404,0.0,0.0,0.0,0.0,0.0,0.0,0.0,0.0,0.0,0.0,0.0,0.00457,0.0,0.0,0.0,0.0,0.0,0.00287
2025-09-25 08:45:00,Uno M404,0.0,0.0,0.0,0.0,0.0,0.0,0.0,0.0,0.0,0.0,0.0,0.00435,0.0,0.0,0.0,0.0,0.0,0.00289
2025-09-25 08:50:00,Uno M404,0.0,0.0,0.0,0.0,0.0,0.0,0.0,1e-05,0.0,0.0,0.0,0.0043,0.0,0.0,0.0,0.0,0.0,0.00281
2025-09-25 08:55:00,Uno M404,1e-05,0.0,0.0,0.0,0.09728,0.0,0.0,1e-05,0.0,0.0,0.0,0.10189,0.0,0.0,0.0,0.0,0.0,0.00302
2025-09-25 09:00:00,Uno M404,0.0,0.0,0.0,0.0,0.08229,0.0,0.0,0.0,0.0,0.0,0.0,0.08646,0.0,0.0,0.0,0.0,0.0,0.0028799999999999997
2025-09-25 09:05:00,Uno M404,0.0,0.0,0.0,0.0,0.07632,0.0,0.0,0.0,0.0,0.0,0.0,0.08056,0.0,0.0,0.0,0.0,0.0,0.00283
2025-09-25 09:10:00,Uno M404,0.0,1e-05,0.0,0.0,0.0,0.0,0.0,0.0,0.0,0.0,0.0,0.00479,0.0,0.0,0.0,0.0,0.0,0.00298
2025-09-25 09:15:00,Uno M404,0.0,1e-05,0.0,0.0,0.0,0.0,0.0,5.9999999999999995e-05,0.0,0.0,0.0,0.00464,0.0,0.0,0.0,0.0,0.0,0.00282
2025-09-25 09:20:00,Uno M404,0.0,1e-05,0.0,0.0,0.0,0.0,0.0,0.0,0.0,0.0,0.0,0.00438,0.0,0.0,0.0,0.0,0.0,0.0029
2025-09-25 09:25:00,Uno M404,0.0,0.0,0.0,0.0,0.0,0.0,0.0,0.0,0.0,0.0,0.0,0.00432,0.0,0.0,0.0,0.0,0.0,0.00297
2025-09-25 09:30:00,Uno M404,0.0,0.0,0.0,0.0,0.0,0.0,0.0,0.0,0.0,0.0,0.0,0.0046500000000000005,0.0,0.0,0.0,0.0,0.0,0.00287
2025-09-25 09:35:00,Uno M404,0.0,0.0,0.0,0.0,0.0,0.0,-1e-05,0.0,0.0,0.0,0.0,0.0043,0.0,0.0,0.0,0.0,0.0,0.0028599999999999997
2025-09-25 09:40:00,Uno M404,0.0,0.0,0.0,0.0,0.08688,0.0,0.0,0.0,0.0,0.0,0.0,0.09148999999999999,0.0,0.0,0.0,0.0,0.0,0.003
2025-09-25 09:45:00,Uno M404,0.0,2e-05,0.0,0.0,0.07815000000000001,0.0,0.0,0.0,0.0,0.0,0.0,0.08231000000000001,0.0,0.0,0.0,0.0,0.0,0.0028799999999999997
2025-09-25 09:50:00,Uno M404,0.0,0.0,0.0,0.0,0.0,0.0,0.0,0.0,0.0,0.0,0.0,0.00431,0.0,0.0,0.0,0.0,0.0,0.00287
2025-09-25 09:55:00,Uno M404,0.0,0.0,0.0,0.0,0.0,0.0,0.0,0.0,0.0,0.0,0.0,0.00422,0.0,0.0,0.0,0.0,0.0,0.0028799999999999997
2025-09-25 10:00:00,Uno M404,0.0,0.0,0.0,0.0,0.0,0.0,0.0,0.0,0.0,0.0,0.0,0.00425,0.0,0.0,0.0,0.0,0.0,0.0028599999999999997
2025-09-25 10:05:00,Uno M404,0.0,0.0,0.0,0.0,0.0,0.0,0.0,0.0,0.0,0.0,0.0,0.00431,0.0,0.0,0.0,0.0,0.0,0.00289
2025-09-25 10:10:00,Uno M404,0.0,0.0,0.0,0.0,0.0,0.0,0.0,0.0,0.0,0.0,0.0,0.00452,0.0,0.0,0.0,0.0,0.0,0.0028799999999999997
2025-09-25 10:15:00,Uno M404,0.0,0.0,0.0,0.0,0.0,0.0,0.0,0.0,0.0,0.0,0.0,0.00411,0.0,0.0,0.0,0.0,0.0,0.0028799999999999997
2025-09-25 10:20:00,Uno M404,0.0,0.0,0.0,0.0,0.09383,0.0,0.0,0.0,0.0,0.0,0.0,0.0979,0.0,0.0,0.0,0.0,0.0,0.00283
2025-09-25 10:25:00,Uno M404,0.0,0.0,0.0,0.0,0.08022,0.0,0.0,2e-05,0.0,0.0,0.0,0.08439,0.0,0.0,0.0,0.0,0.0,0.00296
2025-09-25 10:30:00,Uno M404,0.0,0.0,0.0,0.0,0.0,0.0,0.0,1e-05,0.0,0.0,0.0,0.0043,0.0,0.0,0.0,0.0,0.0,0.0028599999999999997
2025-09-25 10:35:00,Uno M404,0.0,0.0,0.0,0.0,0.0,0.0,0.0,0.0,0.0,0.0,0.0,0.00428,0.0,0.0,0.0,0.0,0.0,0.0028399999999999996
2025-09-25 10:40:00,Uno M404,0.0,0.0,0.0,0.0,0.0,0.0,0.0,0.0,0.0,0.0,0.0,0.00415,0.0,0.0,0.0,0.0,0.0,0.0028799999999999997
2025-09-25 10:45:00,Uno M404,0.0,0.0,0.0,0.0,0.0,0.0,0.0,2e-05,0.0,0.0,0.0,0.00479,0.0,0.0,0.0,0.0,0.0,0.00283
2025-09-25 10:50:00,Uno M404,0.0,0.0,0.0,0.0,0.0,0.0,0.0,0.0,0.0,0.0,0.0,0.00415,0.0,0.0,0.0,0.0,0.0,0.00283
2025-09-25 10:55:00,Uno M404,0.0,0.0,0.0,0.0,0.0,0.0,0.0,1e-05,0.0,0.0,0.0,0.00437,0.0,0.0,0.0,0.0,0.0,0.00294
2025-09-25 11:00:00,Uno M404,0.0,4e-05,0.0,0.0,0.0,0.0,0.0,4e-05,0.0,0.0,0.0,0.00409,0.0,0.0,0.0,0.0,0.0,0.00289
2025-09-25 11:05:00,Uno M404,0.0,0.0,0.0,0.0,0.08572,0.0,0.0,0.0,0.0,0.0,0.0,0.08957999999999999,0.0,0.0,0.0,0.0,0.0,0.00283
2025-09-25 11:10:00,Uno M404,0.0,0.0,0.0,0.0,0.07783,0.0,0.0,2e-05,0.0,0.0,0.0,0.0818,0.0,0.0,0.0,0.0,0.0,0.0030099999999999997
2025-09-25 11:15:00,Uno M404,0.0,0.0,0.0,0.0,0.0,0.0,0.0,4e-05,0.0,0.0,0.0,0.00417,0.0,0.0,0.0,0.0,0.0,0.0028799999999999997
2025-09-25 11:20:00,Uno M404,0.0,0.0,0.0,0.0,0.0,0.0,0.0,4e-05,0.0,0.0,0.0,0.00422,0.0,0.0,0.0,0.0,0.0,0.0029100000000000003
2025-09-25 11:25:00,Uno M404,0.0,0.0,0.0,0.0,0.0,0.0,0.0,0.0,0.0,0.0,0.0,0.00414,0.0,0.0,0.0,0.0,0.0,0.00281
2025-09-25 11:30:00,Uno M404,0.0,0.0,0.0,0.0,0.0,0.0,0.0,1e-05,0.0,0.0,0.0,0.0045,0.0,0.0,0.0,0.0,0.0,0.0028599999999999997
2025-09-25 11:35:00,Uno M404,0.0,0.0,0.0,0.0,0.0,0.0,0.0,0.0,0.0,0.0,0.0,0.00419,0.0,0.0,0.0,0.0,0.0,0.00281
2025-09-25 11:40:00,Uno M404,0.0,0.0,0.0,0.0,0.0,0.0,0.0,5e-05,0.0,0.0,0.0,0.00419,0.0,0.0,0.0,0.0,0.0,0.00298
2025-09-25 11:45:00,Uno M404,0.0,0.0,0.0,0.0,0.0935,0.0,0.0,1e-05,0.0,0.0,0.0,0.09726,0.0,0.0,0.0,0.0,0.0,0.00287
2025-09-25 11:50:00,Uno M404,0.0,0.0,0.0,0.0,0.08051,0.0,0.0,1e-05,0.0,0.0,0.0,0.08446,0.0,0.0,0.0,0.0,0.0,0.0029300000000000003
2025-09-25 11:55:00,Uno M404,0.0,2e-05,0.0,0.0,0.0,0.0,-1e-05,1e-05,0.0,0.0,0.0,0.00381,0.0,0.0,0.0,0.0,0.0,0.0029
2025-09-25 12:00:00,Uno M404,0.0,0.0,0.0,0.0,0.0,0.0,0.0,5e-05,0.0,0.0,0.0,0.0039700000000000004,0.0,0.0,0.0,0.0,0.0,0.0029300000000000003
2025-09-25 12:05:00,Uno M404,0.0,,0.0,0.0,0.0,0.0,,1e-05,0.0,0.0,0.0,0.00423,,,,0.0,0.0,
2025-09-25 12:10:00,Uno M404,0.0,1e-05,0.0,0.0,0.0,0.0,0.0,8e-05,0.0,0.0,0.0,0.00425,0.0,0.0,0.0,0.0,0.0,0.00281
2025-09-25 12:15:00,Uno M404,0.0,0.0,0.0,0.0,0.0,0.0,-4e-05,0.00038,0.0,0.0,0.0,0.01624,0.0,0.0,0.0,0.0,0.0,0.011359999999999999
2025-09-25 12:20:00,Uno M404,0.0,4e-05,0.0,0.0,0.0,0.0,0.0,0.00023999999999999998,0.0,0.0,0.0,0.0075,0.0,0.0,0.0,0.0,0.0,0.00592
2025-09-25 12:25:00,Uno M404,0.0,1e-05,0.0,0.0,0.0,0.0,0.0,0.00022,0.0,0.0,0.0,0.00774,0.0,0.0,0.0,0.0,0.0,0.00573
2025-09-25 12:30:00,Uno M404,0.0,1e-05,0.0,0.0,0.08534,0.0,-1e-05,4e-05,0.0,0.0,0.0,0.08887,0.0,0.0,0.0,0.0,0.0,0.0029500000000000004
2025-09-25 12:35:00,Uno M404,0.0,1e-05,0.0,0.0,0.07826999999999999,0.0,0.0,5e-05,0.0,0.0,0.0,0.08161,0.0,0.0,0.0,0.0,0.0,0.0029300000000000003
2025-09-25 12:40:00,Uno M404,0.0,0.0,0.0,0.0,0.0,0.0,-1e-05,2e-05,0.0,0.0,0.0,0.0038799999999999998,0.0,0.0,0.0,0.0,0.0,0.0030099999999999997
2025-09-25 12:45:00,Uno M404,0.0,5e-05,0.0,0.0,0.0,0.0,-1e-05,1e-05,0.0,0.0,0.0,0.00398,0.0,0.0,0.0,0.0,0.0,0.0029100000000000003
2025-09-25 12:50:00,Uno M404,0.0,1e-05,0.0,0.0,0.0,1e-05,-5e-05,4e-05,0.0,0.0,0.0,0.004,0.0,0.0,0.0,0.0,0.0,0.00298
2025-09-25 12:55:00,Uno M404,0.0,0.0,0.0,0.0,0.0,0.0,0.0,0.00013000000000000002,0.0,0.0,0.0,0.00368,0.0,0.0,0.0,0.0,0.0,0.003
2025-09-25 13:00:00,Uno M404,0.0,8.999999999999999e-05,0.0,0.0,0.0,1e-05,0.0,0.00034,0.0,0.0,0.0,0.00359,0.0,0.0,0.0,0.0,0.0,0.0030800000000000003
2025-09-25 13:05:00,Uno M404,0.0,7.000000000000001e-05,0.0,0.0,0.0,5e-05,-0.00017999999999999998,0.00027,0.0,0.0,0.0,0.00382,0.0,0.0,0.0,0.0,0.0,0.00311
2025-09-25 13:10:00,Uno M404,0.0,5.9999999999999995e-05,0.0,0.0,0.09462999999999999,0.0,-4e-05,0.00013000000000000002,0.0,0.0,0.0,0.09799,0.0,0.0,0.0,0.0,0.0,0.00316
2025-09-25 13:15:00,Uno M404,0.0,8.999999999999999e-05,0.0,0.0,0.08272,5e-05,-1e-05,0.00014000000000000001,0.0,0.0,0.0,0.08594,0.0,0.0,0.0,0.0,0.0,0.0030299999999999997
2025-09-25 13:20:00,Uno M404,0.0,0.0,0.0,0.0,0.0,8e-05,-5e-05,5e-05,0.0,0.0,0.0,0.0035099999999999997,0.0,0.0,0.0,0.0,0.0,0.00304
2025-09-25 13:25:00,Uno M404,0.0,8e-05,0.0,0.0,0.0,0.00017999999999999998,-2e-05,0.00011999999999999999,0.0,0.0,0.0,0.0033900000000000002,0.0,0.0,0.0,0.0,0.0,0.0030099999999999997
2025-09-25 13:30:00,Uno M404,0.0,4e-05,0.0,0.0,0.0,4e-05,-7.000000000000001e-05,0.00011,0.0,0.0,0.0,0.01086,0.0,0.0,0.0,0.0,0.0,0.00307
2025-09-25 13:35:00,Uno M404,0.0,5e-05,0.0,0.0,0.0,0.00013000000000000002,0.0,7.000000000000001e-05,0.0,0.0,0.0,0.01055,0.0,0.0,0.0,0.0,0.0,0.0030499999999999998
2025-09-25 13:40:00,Uno M404,0.0,1e-05,0.0,0.0,0.10449,5e-05,-2e-05,5e-05,0.0,0.0,0.0,0.11481999999999999,0.0,0.0,0.0,0.0,0.0,0.00296
2025-09-25 13:45:00,Uno M404,0.0,1e-05,0.0,0.0,0.08766,0.0,0.0,0.00031,0.0,0.0,0.0,0.09806999999999999,0.0,0.0,0.0,0.0,0.0,0.0030800000000000003
2025-09-25 13:50:00,Uno M404,0.00732,0.0,0.0,0.0,0.08337,8.999999999999999e-05,-1e-05,2e-05,0.0,0.00571,0.0,0.0866,0.0,0.0,0.0,0.0,0.0,0.00307
2025-09-25 13:55:00,Uno M404,0.00738,0.00014000000000000001,0.0,0.0,0.07948999999999999,0.0,-1e-05,5e-05,0.0,0.0055899999999999995,0.0,0.08285,0.0,0.0,0.0,0.0,0.0,0.00302
2025-09-25 14:00:00,Uno M404,0.0074,4e-05,0.0,0.0,0.0,0.00014000000000000001,0.0,0.0,0.0,0.00571,0.0,0.0038799999999999998,0.0,0.0,0.0,0.0,0.0,0.0029300000000000003
2025-09-25 14:05:00,Uno M404,0.00726,1e-05,0.0,0.0,0.0,8e-05,0.0,2e-05,0.0,0.00577,0.0,0.0035600000000000002,0.0,0.0,0.0,0.0,0.0,0.0030499999999999998
2025-09-25 14:10:00,Uno M404,0.0072,4e-05,0.0,0.0,0.0,0.00016,-1e-05,7.000000000000001e-05,0.0,0.00564,0.0,0.0033799999999999998,0.0,0.0,0.0,0.0,0.0,0.0030099999999999997
2025-09-25 14:15:00,Uno M404,0.0071600000000000006,4e-05,0.0,0.0,0.0,7.000000000000001e-05,0.0,2e-05,0.0,0.00557,0.0,0.00367,0.0,0.0,0.0,0.0,0.0,0.00311
2025-09-25 14:20:00,Uno M404,0.0072699999999999996,4e-05,0.0,0.0,0.0,2e-05,0.0,0.0,0.0,0.0056,0.0,0.0035099999999999997,0.0,0.0,0.0,0.0,0.0,0.0029300000000000003
2025-09-25 14:25:00,Uno M404,0.00717,8.999999999999999e-05,0.0,0.0,0.10640000000000001,5e-05,0.0,0.0,0.0,0.0057599999999999995,0.0,0.10972,0.0,0.0,0.0,0.0,0.0,0.0028799999999999997
2025-09-25 14:30:00,Uno M404,0.00734,5.9999999999999995e-05,0.0,0.0,0.08538,5.9999999999999995e-05,-1e-05,1e-05,0.0,0.0056500000000000005,0.0,0.08862,0.0,0.0,0.0,0.0,0.0,0.00298
2025-09-25 14:35:00,Uno M404,0.00717,0.00011,0.0,0.0,0.07925,0.0,0.0,0.0,0.0,0.0056,0.0,0.08278,0.0,0.0,0.0,0.0,0.0,0.0029100000000000003
2025-09-25 14:40:00,Uno M404,0.00718,5e-05,0.0,0.0,0.0,0.00015,0.0,1e-05,0.0,0.00571,0.0,0.00379,0.0,0.0,0.0,0.0,0.0,0.0028799999999999997
2025-09-25 14:45:00,Uno M404,0.0073,5e-05,0.0,0.0,0.0,0.00013000000000000002,-2e-05,0.0,0.0,0.005679999999999999,0.0,0.00369,0.0,0.0,0.0,0.0,0.0,0.0028599999999999997
2025-09-25 14:50:00,Uno M404,0.0071600000000000006,2e-05,0.0,0.0,0.0,0.0,0.0,4e-05,0.0,0.0057,0.0,0.00362,0.0,0.0,0.0,0.0,0.0,0.0029
2025-09-25 14:55:00,Uno M404,0.00713,2e-05,0.0,0.0,0.0,5e-05,0.0,5e-05,0.0,0.00556,0.0,0.0038399999999999997,0.0,0.0,0.0,0.0,0.0,0.00309
2025-09-25 15:00:00,Uno M404,0.0073,8e-05,0.0,0.0,0.0,5.9999999999999995e-05,0.0,0.0,0.0,0.0055899999999999995,0.0,0.00379,0.0,0.0,0.0,0.0,0.0,0.00302
2025-09-25 15:05:00,Uno M404,0.00731,0.0,0.0,0.0,0.0,4e-05,0.0,0.0,0.0,0.00557,0.0,0.00359,0.0,0.0,0.0,0.0,0.0,0.00294
2025-09-25 15:10:00,Uno M404,0.00723,2e-05,0.0,0.0,0.08568,0.0,0.0,0.0,0.0,0.00558,0.0,0.08917,0.0,0.0,0.0,0.0,0.0,0.00297
2025-09-25 15:15:00,Uno M404,0.00721,2e-05,0.0,0.0,0.07891,0.0,-1e-05,0.0,0.0,0.00554,0.0,0.08243,0.0,0.0,0.0,0.0,0.0,0.00304
2025-09-25 15:20:00,Uno M404,0.00726,1e-05,0.0,0.0,0.0,2e-05,0.0,5.9999999999999995e-05,0.0,0.00566,0.0,0.00362,0.0,0.0,0.0,0.0,0.0,0.0029100000000000003
2025-09-25 15:25:00,Uno M404,0.0071600000000000006,5.9999999999999995e-05,0.0,0.0,0.0,5.9999999999999995e-05,0.0,5.9999999999999995e-05,0.0,0.00564,0.0,0.00361,0.0,0.0,0.0,0.0,0.0,0.0029300000000000003
2025-09-25 15:30:00,Uno M404,0.00729,0.00011,0.0,0.0,0.0,4e-05,-1e-05,5.9999999999999995e-05,0.0,0.00557,0.0,0.00359,0.0,0.0,0.0,0.0,0.0,0.0029500000000000004
2025-09-25 15:35:00,Uno M404,0.00721,5.9999999999999995e-05,0.0,0.0,0.0,8e-05,-4e-05,0.00014000000000000001,0.0,0.00554,0.0,0.00368,0.0,0.0,0.0,0.0,0.0,0.003
2025-09-25 15:40:00,Uno M404,0.00731,4e-05,0.0,0.0,0.0,0.00011,-1e-05,0.0,0.0,0.00557,0.0,0.00361,0.0,0.0,0.0,0.0,0.0,0.0030299999999999997
2025-09-25 15:45:00,Uno M404,0.00721,7.000000000000001e-05,0.0,0.0,0.0,5.9999999999999995e-05,-1e-05,8e-05,0.0,0.00558,0.0,0.00367,0.0,0.0,0.0,0.0,0.0,0.0028799999999999997
2025-09-25 15:50:00,Uno M404,0.00734,5.9999999999999995e-05,0.0,0.0,0.08562,0.0,0.0,4e-05,0.0,0.00557,0.0,0.08911,0.0,0.0,0.0,0.0,0.0,0.00302
2025-09-25 15:55:00,Uno M404,0.00713,5e-05,0.0,0.0,0.07876000000000001,0.0,-1e-05,0.0,0.0,0.00577,0.0,0.08275,0.0,0.0,0.0,0.0,0.0,0.00302
2025-09-25 16:00:00,Uno M404,0.00723,5e-05,0.0,0.0,0.0,7.000000000000001e-05,0.0,1e-05,0.0,0.00558,0.0,0.0035499999999999998,0.0,0.0,0.0,0.0,0.0,0.003
2025-09-25 16:05:00,Uno M404,0.00724,2e-05,0.0,0.0,0.0,7.000000000000001e-05,-1e-05,1e-05,0.0,0.00558,0.0,0.0038399999999999997,0.0,0.0,0.0,0.0,0.0,0.00304
2025-09-25 16:10:00,Uno M404,0.00711,2e-05,0.0,0.0,0.0,4e-05,0.0,1e-05,0.0,0.00556,0.0,0.00375,0.0,0.0,0.0,0.0,0.0,0.0030299999999999997
2025-09-25 16:15:00,Uno M404,0.00713,5.9999999999999995e-05,0.0,0.0,0.0,5e-05,-4e-05,4e-05,0.0,0.00553,0.0,0.00363,0.0,0.0,0.0,0.0,0.0,0.00297
2025-09-25 16:20:00,Uno M404,0.00723,0.00011,0.0,0.0,0.0,0.0,0.0,2e-05,0.0,0.00557,0.0,0.0035600000000000002,0.0,0.0,0.0,0.0,0.0,0.00297
2025-09-25 16:25:00,Uno M404,0.0071600000000000006,4e-05,0.0,0.0,0.0,2e-05,-2e-05,4e-05,0.0,0.00561,0.0,0.00361,0.0,0.0,0.0,0.0,0.0,0.00298
2025-09-25 16:30:00,Uno M404,0.00707,7.000000000000001e-05,0.0,0.0,0.0862,0.0,0.0,0.0,0.0,0.00552,0.0,0.0897,0.0,0.0,0.0,0.0,0.0,0.00287
2025-09-25 16:35:00,Uno M404,0.00714,0.00016,0.0,0.0,0.07815000000000001,2e-05,-2e-05,0.0,0.0,0.00554,0.0,0.08199,0.0,0.0,0.0,0.0,0.0,0.003
2025-09-25 16:40:00,Uno M404,0.00711,8.999999999999999e-05,0.0,0.0,0.0,1e-05,-1e-05,0.0,0.0,0.0055,0.0,0.0035499999999999998,0.0,0.0,0.0,0.0,0.0,0.003
2025-09-25 16:45:00,Uno M404,0.0070599999999999994,4e-05,0.0,0.0,0.0,1e-05,-1e-05,0.0,0.0,0.00553,0.0,0.00368,0.0,0.0,0.0,0.0,0.0,0.00287
2025-09-25 16:50:00,Uno M404,0.00714,8.999999999999999e-05,0.0,0.0,0.0,2e-05,0.0,0.0,0.0,0.00552,0.0,0.00381,0.0,0.0,0.0,0.0,0.0,0.0030299999999999997
2025-09-25 16:55:00,Uno M404,0.00721,5e-05,0.0,0.0,0.0,0.00014000000000000001,0.0,0.0,0.0,0.00561,0.0,0.0036,0.0,0.0,0.0,0.0,0.0,0.00289
2025-09-25 17:00:00,Uno M404,0.00731,5.9999999999999995e-05,0.0,0.0,0.0,5e-05,0.0,1e-05,0.0,0.00564,0.0,0.0037400000000000003,0.0,0.0,0.0,0.0,0.0,0.0030299999999999997
2025-09-25 17:05:00,Uno M404,0.00705,0.00015,0.0,0.0,0.0,0.00016,0.0,5e-05,0.0,0.00551,0.0,0.00382,0.0,0.0,0.0,0.0,0.0,0.0029500000000000004
2025-09-25 17:10:00,Uno M404,0.00714,5.9999999999999995e-05,0.0,0.0,0.08744,2e-05,-2e-05,5.9999999999999995e-05,0.0,0.00561,0.0,0.09098,0.0,0.0,0.0,0.0,0.0,0.00283
2025-09-25 17:15:00,Uno M404,0.00705,7.000000000000001e-05,0.0,0.0,0.07865000000000001,8e-05,-1e-05,0.0,0.0,0.00551,0.0,0.08217,0.0,0.0,0.0,0.0,0.0,0.00289
2025-09-25 17:20:00,Uno M404,0.00713,2e-05,0.0,0.0,0.0,0.0,0.0,0.0,0.0,0.0055,0.0,0.00362,0.0,0.0,0.0,0.0,0.0,0.00289
2025-09-25 17:25:00,Uno M404,0.00713,1e-05,0.0,0.0,0.0,0.00014000000000000001,0.0,0.0,0.0,0.00551,0.0,0.00361,0.0,0.0,0.0,0.0,0.0,0.00283
2025-09-25 17:30:00,Uno M404,,0.00019,,,0.0,8.999999999999999e-05,0.0,,,,0.0,0.00359,0.0,0.0,0.0,0.0,0.0,0.0029100000000000003
2025-09-25 17:35:00,Uno M404,0.00718,5e-05,0.0,0.0,,,-4e-05,5.9999999999999995e-05,0.0,0.0055899999999999995,,,0.0,0.0,0.0,,,0.0030299999999999997
2025-09-25 17:40:00,Uno M404,0.0146,0.0001,0.0,0.0,0.0,0.00011999999999999999,0.0,2e-05,0.0,0.01126,0.0,0.00724,0.0,0.0,0.0,0.0,0.0,0.005679999999999999
2025-09-25 17:45:00,Uno M404,0.02184,0.00026999999999999995,0.0,0.0,0.0,0.00045,-3.0000000000000004e-05,0.00011999999999999999,0.0,0.016890000000000002,0.0,0.011040000000000001,0.0,0.0,0.0,0.0,0.0,0.008790000000000001
2025-09-25 17:50:00,Uno M404,0.00729,0.00016,0.0,0.0,0.08897,0.00013000000000000002,-7.000000000000001e-05,0.0,0.0,0.00564,0.0,0.09215999999999999,0.0,0.0,0.0,0.0,0.0,0.0029500000000000004
2025-09-25 17:55:00,Uno M404,0.00734,0.00016,0.0,0.0,0.08020000000000001,8.999999999999999e-05,-4e-05,5e-05,0.0,0.0057,0.0,0.0833,0.0,0.0,0.0,0.0,0.0,0.00302
2025-09-25 18:00:00,Uno M404,0.00719,0.00013000000000000002,0.0,0.0,0.0,0.00015,-0.00038,5e-05,0.0,0.00563,0.0,0.00335,0.0,0.0,0.0,0.0,0.0,0.0029300000000000003
2025-09-25 18:05:00,Uno M404,0.00737,7.000000000000001e-05,0.0,0.0,0.0,0.00027,-7.000000000000001e-05,5.9999999999999995e-05,0.0,0.00556,0.0,0.0035600000000000002,0.0,0.0,0.0,0.0,0.0,0.0031
2025-09-25 18:10:00,Uno M404,0.0074,4e-05,0.0,0.0,0.0,8e-05,-2e-05,7.000000000000001e-05,0.0,0.0055899999999999995,0.0,0.0035099999999999997,0.0,0.0,0.0,0.0,0.0,0.00304
2025-09-25 18:15:00,Uno M404,0.00731,4e-05,0.0,0.0,0.0,0.00022,-4e-05,4e-05,0.0,0.00564,0.0,0.00342,0.0,0.0,0.0,0.0,0.0,0.0030299999999999997
2025-09-25 18:20:00,Uno M404,0.00729,2e-05,0.0,0.0,0.0,2e-05,-0.00011,4e-05,0.0,0.0057599999999999995,0.0,0.00347,0.0,0.0,0.0,0.0,0.0,0.0030099999999999997
2025-09-25 18:25:00,Uno M404,0.00724,2e-05,0.0,0.0,0.0,1e-05,-8e-05,7.000000000000001e-05,0.0,0.00556,0.0,0.0039,0.0,0.0,0.0,0.0,0.0,0.003
2025-09-25 18:30:00,Uno M404,0.00726,1e-05,0.0,0.0,0.0911,7.000000000000001e-05,0.0,4e-05,0.0,0.00563,0.0,0.09467,0.0,0.0,0.0,0.0,0.0,0.00298
2025-09-25 18:35:00,Uno M404,0.0073,7.000000000000001e-05,0.0,0.0,0.08062000000000001,0.0,-1e-05,1e-05,0.0,0.0056,0.0,0.08411,0.0,0.0,0.0,0.0,0.0,0.00309
2025-09-25 18:40:00,Uno M404,0.00723,5.9999999999999995e-05,0.0,0.0,0.0,2e-05,0.0,0.0002,0.0,0.0056,0.0,0.00362,0.0,0.0,0.0,0.0,0.0,0.00307
2025-09-25 18:45:00,Uno M404,0.00719,0.00011,0.0,0.0,0.0,2e-05,-1e-05,8e-05,0.0,0.0055899999999999995,0.0,0.00375,0.0,0.0,0.0,0.0,0.0,0.00296
2025-09-25 18:50:00,Uno M404,0.00723,7.000000000000001e-05,0.0,0.0,0.0,0.00014000000000000001,0.0,1e-05,0.0,0.0056,0.0,0.00377,0.0,0.0,0.0,0.0,0.0,0.0030499999999999998
2025-09-25 18:55:00,Uno M404,0.00711,8e-05,0.0,0.0,0.0,4e-05,-8e-05,0.0,0.0,0.0056,0.0,0.00366,0.0,0.0,0.0,0.0,0.0,0.00302
2025-09-25 19:00:00,Uno M404,0.0073,5e-05,0.0,0.0,0.0,4e-05,-4e-05,4e-05,0.0,0.00554,0.0,0.0035800000000000003,0.0,0.0,0.0,0.0,0.0,0.00298
2025-09-25 19:05:00,Uno M404,0.00721,0.00014000000000000001,0.0,0.0,0.0,0.0,-2e-05,0.0,0.0,0.00554,0.0,0.00368,0.0,0.0,0.0,0.0,0.0,0.00307
2025-09-25 19:10:00,Uno M404,0.00717,4e-05,0.0,0.0,0.09183,1e-05,-4e-05,0.0,0.0,0.00551,0.0,0.09528,0.0,0.0,0.0,0.0,0.0,0.0029500000000000004
2025-09-25 19:15:00,Uno M404,0.0072699999999999996,5.9999999999999995e-05,0.0,0.0,0.08069,2e-05,0.0,1e-05,0.0,0.0055899999999999995,0.0,0.08418,0.0,0.0,0.0,0.0,0.0,0.0030099999999999997
2025-09-25 19:20:00,Uno M404,0.0072,4e-05,0.0,0.0,0.0,2e-05,0.0,5.9999999999999995e-05,0.0,0.00571,0.0,0.0035600000000000002,0.0,0.0,0.0,0.0,0.0,0.00304
2025-09-25 19:25:00,Uno M404,0.00749,1e-05,0.0,0.0,0.0,5.9999999999999995e-05,0.0,2e-05,0.0,0.00577,0.0,0.0038,0.0,0.0,0.0,0.0,0.0,0.00304
2025-09-25 19:30:00,Uno M404,0.00724,2e-05,0.0,0.0,0.0,4e-05,-2e-05,0.0,0.0,0.005730000000000001,0.0,0.00375,0.0,0.0,0.0,0.0,0.0,0.00296
2025-09-25 19:35:00,Uno M404,0.00736,1e-05,0.0,0.0,0.0,0.0,0.0,4e-05,0.0,0.005730000000000001,0.0,0.00411,0.0,0.0,0.0,0.0,0.0,0.00307
2025-09-25 19:40:00,Uno M404,0.00736,0.0,0.0,0.0,0.0,5e-05,0.0,4e-05,0.0,0.0056,0.0,0.00381,0.0,0.0,0.0,0.0,0.0,0.00296
2025-09-25 19:45:00,Uno M404,0.00736,8e-05,0.0,0.0,0.0,1e-05,-1e-05,8.999999999999999e-05,0.0,0.00574,0.0,0.00361,0.0,0.0,0.0,0.0,0.0,0.00309
2025-09-25 19:50:00,Uno M404,0.00737,5e-05,0.0,0.0,0.09459999999999999,4e-05,-1e-05,0.0,0.0,0.00579,0.0,0.09776,0.0,0.0,0.0,0.0,0.0,0.0031
2025-09-25 19:55:00,Uno M404,0.00731,1e-05,0.0,0.0,0.08270999999999999,4e-05,-1e-05,1e-05,0.0,0.005679999999999999,0.0,0.08641,0.0,0.0,0.0,0.0,0.0,0.003
2025-09-25 20:00:00,Uno M404,0.00743,0.0,0.0,0.0,0.07789,4e-05,-2e-05,0.0,0.0,0.00564,0.0,0.08098000000000001,0.0,0.0,0.0,0.0,0.0,0.00307
2025-09-25 20:05:00,Uno M404,0.00744,2e-05,0.0,0.0,0.0,7.000000000000001e-05,-2e-05,5e-05,0.0,0.00564,0.0,0.00383,0.0,0.0,0.0,0.0,0.0,0.00311
2025-09-25 20:10:00,Uno M404,0.0074,2e-05,0.0,0.0,0.0,4e-05,0.0,5e-05,0.0,0.0057,0.0,0.00404,0.0,0.0,0.0,0.0,0.0,0.00307
2025-09-25 20:15:00,Uno M404,0.00743,5.9999999999999995e-05,0.0,0.0,0.0,8e-05,-0.00025,4e-05,0.0,0.00578,0.0,0.00369,0.0,0.0,0.0,0.0,0.0,0.00296
2025-09-25 20:20:00,Uno M404,0.00741,1e-05,0.0,0.0,0.0,1e-05,-8e-05,5e-05,0.0,0.00579,0.0,0.00359,0.0,0.0,0.0,0.0,0.0,0.00313
2025-09-25 20:25:00,Uno M404,0.00744,0.0,0.0,0.0,0.0,5.9999999999999995e-05,-1e-05,2e-05,0.0,0.00583,0.0,0.00373,0.0,0.0,0.0,0.0,0.0,0.00316
2025-09-25 20:30:00,Uno M404,0.00741,4e-05,0.0,0.0,0.09781999999999999,0.0,0.0,8e-05,0.0,0.00579,0.0,0.1013,0.0,0.0,0.0,0.0,0.0,0.0029100000000000003
2025-09-25 20:35:00,Uno M404,0.00743,2e-05,0.0,0.0,0.08403000000000001,4e-05,-1e-05,0.00011,0.0,0.005719999999999999,0.0,0.08752,0.0,0.0,0.0,0.0,0.0,0.0030099999999999997
2025-09-25 20:40:00,Uno M404,0.00746,5.9999999999999995e-05,0.0,0.0,0.07847,8.999999999999999e-05,-1e-05,1e-05,0.0,0.005730000000000001,0.0,0.08259,0.0,0.0,0.0,0.0,0.0,0.00317
2025-09-25 20:45:00,Uno M404,0.0074,4e-05,0.0,0.0,0.0,1e-05,-1e-05,4e-05,0.0,0.00574,0.0,0.00361,0.0,0.0,0.0,0.0,0.0,0.0029500000000000004
2025-09-25 20:50:00,Uno M404,0.00733,0.0,0.0,0.0,0.0,5e-05,-8e-05,0.0,0.0,0.005730000000000001,0.0,0.0038799999999999998,0.0,0.0,0.0,0.0,0.0,0.00307
2025-09-25 20:55:00,Uno M404,0.00749,0.00011,0.0,0.0,0.0,5.9999999999999995e-05,-1e-05,0.0,0.0,0.00566,0.0,0.00363,0.0,0.0,0.0,0.0,0.0,0.00309
2025-09-25 21:00:00,Uno M404,0.00732,4e-05,0.0,0.0,0.0,8.999999999999999e-05,-1e-05,2e-05,0.0,0.00577,0.0,0.00348,0.0,0.0,0.0,0.0,0.0,0.00297
2025-09-25 21:05:00,Uno M404,0.00736,5e-05,0.0,0.0,0.0,0.0,-7.000000000000001e-05,1e-05,0.0,0.00567,0.0,0.00359,0.0,0.0,0.0,0.0,0.0,0.00304
2025-09-25 21:10:00,Uno M404,0.00756,8.999999999999999e-05,0.0,0.0,0.10711,4e-05,-2e-05,7.000000000000001e-05,0.0,0.005809999999999999,0.0,0.11073000000000001,0.0,0.0,0.0,0.0,0.0,0.00327
2025-09-25 21:15:00,Uno M404,0.00745,4e-05,0.0,0.0,0.08641,5.9999999999999995e-05,-1e-05,1e-05,0.0,0.00592,0.0,0.08989,0.0,0.0,0.0,0.0,0.0,0.0030299999999999997
2025-09-25 21:20:00,Uno M404,0.00758,4e-05,0.0,0.0,0.08011,5.9999999999999995e-05,-1e-05,5e-05,0.0,0.00566,0.0,0.08358,0.0,0.0,0.0,0.0,0.0,0.0030800000000000003
2025-09-25 21:25:00,Uno M404,0.00753,4e-05,0.0,0.0,0.0,8.999999999999999e-05,-1e-05,0.0,0.0,0.005730000000000001,0.0,0.00375,0.0,0.0,0.0,0.0,0.0,0.00314
2025-09-25 21:30:00,Uno M404,0.00737,1e-05,0.0,0.0,0.0,2e-05,-1e-05,8.999999999999999e-05,0.0,0.005679999999999999,0.0,0.0033900000000000002,0.0,0.0,0.0,0.0,0.0,0.00297
2025-09-25 21:35:00,Uno M404,0.00739,5e-05,0.0,0.0,0.0,8e-05,-1e-05,8e-05,0.0,0.00584,0.0,0.00344,0.0,0.0,0.0,0.0,0.0,0.0030800000000000003
2025-09-25 21:40:00,Uno M404,0.00751,8.999999999999999e-05,0.0,0.0,0.0,7.000000000000001e-05,-1e-05,0.0,0.0,0.00579,0.0,0.00354,0.0,0.0,0.0,0.0,0.0,0.00304
2025-09-25 21:45:00,Uno M404,0.00752,0.00013000000000000002,0.0,0.0,0.0,8e-05,-5e-05,0.0,0.0,0.00579,0.0,0.00349,0.0,0.0,0.0,0.0,0.0,0.00298
2025-09-25 21:50:00,Uno M404,0.00749,7.000000000000001e-05,0.0,0.0,0.0,5.9999999999999995e-05,0.0,0.00014000000000000001,0.0,0.00592,0.0,0.00347,0.0,0.0,0.0,0.0,0.0,0.00302
2025-09-25 21:55:00,Uno M404,0.00756,8.999999999999999e-05,0.0,0.0,0.09017,7.000000000000001e-05,-1e-05,8e-05,0.0,0.00591,0.0,0.09355,0.0,0.0,0.0,0.0,0.0,0.00322
2025-09-25 22:00:00,Uno M404,0.00745,8e-05,0.0,0.0,0.08226,0.0,-1e-05,5.9999999999999995e-05,0.0,0.00567,0.0,0.08576,0.0,0.0,0.0,0.0,0.0,0.00318
2025-09-25 22:05:00,Uno M404,0.00739,7.000000000000001e-05,0.0,0.0,0.0,1e-05,-1e-05,4e-05,0.0,0.00571,0.0,0.00375,0.0,0.0,0.0,0.0,0.0,0.0030800000000000003
2025-09-25 22:10:00,Uno M404,0.00758,8.999999999999999e-05,0.0,0.0,0.0,7.000000000000001e-05,-4e-05,8e-05,0.0,0.00567,0.0,0.00369,0.0,0.0,0.0,0.0,0.0,0.00321
2025-09-25 22:15:00,Uno M404,0.00754,5e-05,0.0,0.0,0.0,5e-05,0.0,0.00011,0.0,0.00584,0.0,0.00333,0.0,0.0,0.0,0.0,0.0,0.0030299999999999997
2025-09-25 22:20:00,Uno M404,0.00746,8e-05,0.0,0.0,0.0,5e-05,-2e-05,0.00011999999999999999,0.0,0.00567,0.0,0.0034,0.0,0.0,0.0,0.0,0.0,0.0030800000000000003
2025-09-25 22:25:00,Uno M404,0.00766,4e-05,0.0,0.0,0.0,8e-05,-1e-05,7.000000000000001e-05,0.0,0.005860000000000001,0.0,0.0036,0.0,0.0,0.0,0.0,0.0,0.0032
2025-09-25 22:30:00,Uno M404,0.00746,4e-05,0.0,0.0,0.0,2e-05,-1e-05,0.00011,0.0,0.005719999999999999,0.0,0.00346,0.0,0.0,0.0,0.0,0.0,0.00304
2025-09-25 22:35:00,Uno M404,0.00743,4e-05,0.0,0.0,0.09534999999999999,0.0,0.0,0.00017999999999999998,0.0,0.005809999999999999,0.0,0.09868,0.0,0.0,0.0,0.0,0.0,0.00302
2025-09-25 22:40:00,Uno M404,0.00746,0.00014000000000000001,0.0,0.0,0.08370999999999999,5e-05,-7.000000000000001e-05,8e-05,0.0,0.00579,0.0,0.087,0.0,0.0,0.0,0.0,0.0,0.00317
2025-09-25 22:45:00,Uno M404,0.00747,5.9999999999999995e-05,0.0,0.0,0.0,2e-05,-5e-05,2e-05,0.0,0.0057599999999999995,0.0,0.00348,0.0,0.0,0.0,0.0,0.0,0.003
2025-09-25 22:50:00,Uno M404,0.00746,5e-05,0.0,0.0,0.0,2e-05,-5e-05,0.0,0.0,0.00567,0.0,0.00361,0.0,0.0,0.0,0.0,0.0,0.00314
2025-09-25 22:55:00,Uno M404,0.0075,8.999999999999999e-05,0.0,0.0,0.0,0.0,-1e-05,1e-05,0.0,0.0058,0.0,0.00344,0.0,0.0,0.0,0.0,0.0,0.00314
2025-09-25 23:00:00,Uno M404,0.00731,5e-05,0.0,0.0,0.0,5.9999999999999995e-05,-4e-05,0.0,0.0,0.00567,0.0,0.00344,0.0,0.0,0.0,0.0,0.0,0.0030499999999999998
2025-09-25 23:05:00,Uno M404,0.00744,0.0,0.0,0.0,0.0,0.00011,-1e-05,0.0,0.0,0.00588,0.0,0.00362,0.0,0.0,0.0,0.0,0.0,0.00307
2025-09-25 23:10:00,Uno M404,0.0075,2e-05,0.0,0.0,0.0,0.0,-5e-05,5e-05,0.0,0.00583,0.0,0.0035800000000000003,0.0,0.0,0.0,0.0,0.0,0.0032400000000000003
2025-09-25 23:15:00,Uno M404,0.00741,4e-05,0.0,0.0,0.10515000000000001,0.0,-5.9999999999999995e-05,0.0,0.0,0.00574,0.0,0.1085,0.0,0.0,0.0,0.0,0.0,0.00304
2025-09-25 23:20:00,Uno M404,0.0074,0.0,0.0,0.0,0.08648,1e-05,0.0,0.0,0.0,0.00588,0.0,0.08971,0.0,0.0,0.0,0.0,0.0,0.00321
2025-09-25 23:25:00,Uno M404,0.00754,5e-05,0.0,0.0,0.08070000000000001,0.0,-4e-05,0.00016,0.0,0.00584,0.0,0.08405,0.0,0.0,0.0,0.0,0.0,0.0032
2025-09-25 23:30:00,Uno M404,0.00743,7.000000000000001e-05,0.0,0.0,0.0,2e-05,0.0,0.0,0.0,0.00588,0.0,0.0035499999999999998,0.0,0.0,0.0,0.0,0.0,0.0030800000000000003
2025-09-25 23:35:00,Uno M404,0.00739,4e-05,0.0,0.0,0.0,8.999999999999999e-05,-1e-05,0.0,0.0,0.00588,0.0,0.0033,0.0,0.0,0.0,0.0,0.0,0.00304
2025-09-25 23:40:00,Uno M404,0.00756,4e-05,0.0,0.0,0.0,0.00013000000000000002,-2e-05,0.0,0.0,0.00578,0.0,0.0038799999999999998,0.0,0.0,0.0,0.0,0.0,0.0031
2025-09-25 23:45:00,Uno M404,0.00745,0.00013000000000000002,0.0,0.0,0.0,1e-05,-4e-05,2e-05,0.0,0.00584,0.0,0.0034100000000000003,0.0,0.0,0.0,0.0,0.0,0.00307
2025-09-25 23:50:00,Uno M404,0.00739,2e-05,0.0,0.0,0.0,0.0,-1e-05,2e-05,0.0,0.00577,0.0,0.00376,0.0,0.0,0.0,0.0,0.0,0.0030499999999999998
2025-09-25 23:55:00,Uno M404,0.0075,2e-05,0.0,0.0,0.0,5.9999999999999995e-05,-0.00033,0.0,0.0,0.00574,0.0,0.0034100000000000003,0.0,0.0,0.0,0.0,0.0,0.00321
2025-09-26 00:05:00,Uno M404,0.00745,,0.0,0.0,,,,4e-05,0.0,0.0058,,,,,,,,
2025-09-26 00:20:00,Uno M404,,,,,0.0,2e-05,,,,,0.0,0.0033799999999999998,,,,0.0,0.0,
2025-09-26 00:25:00,Uno M404,,2e-05,,,0.0,0.00020999999999999998,-5e-05,,,,0.0,0.00349,0.0,0.0,0.0,0.0,0.0,0.00321
2025-09-26 00:30:00,Uno M404,0.014960000000000001,8e-05,0.0,0.0,,,0.0,1e-05,0.0,0.0117,,,0.0,0.0,0.0,,,0.006019999999999999
2025-09-26 00:35:00,Uno M404,0.01488,0.00011999999999999999,0.0,0.0,0.0,0.00022000000000000003,-8e-05,0.00011999999999999999,0.0,0.01182,0.0,0.00728,0.0,0.0,0.0,0.0,0.0,0.00626
2025-09-26 00:40:00,Uno M404,0.00758,1e-05,0.0,0.0,0.1006,0.0,-1e-05,7.000000000000001e-05,0.0,0.00587,0.0,0.10375,0.0,0.0,0.0,0.0,0.0,0.00314
2025-09-26 00:45:00,Uno M404,0.00747,5e-05,0.0,0.0,0.08582,4e-05,-5.9999999999999995e-05,0.0,0.0,0.005849999999999999,0.0,0.08940000000000001,0.0,0.0,0.0,0.0,0.0,0.0030800000000000003
2025-09-26 00:50:00,Uno M404,0.00741,8.999999999999999e-05,0.0,0.0,0.08048000000000001,2e-05,-1e-05,1e-05,0.0,0.00594,0.0,0.08354,0.0,0.0,0.0,0.0,0.0,0.00296
2025-09-26 01:00:00,Uno M404,,2e-05,,,0.0,0.00014000000000000001,-4e-05,,,,0.0,0.00694,0.0,0.0,0.0,0.0,0.0,0.00614
2025-09-26 01:25:00,Uno M404,,5.9999999999999995e-05,,,0.0,4e-05,-2e-05,,,,0.0,0.0033,0.0,0.0,0.0,0.0,0.0,0.00307
2025-09-26 01:45:00,Uno M404,0.030940000000000002,0.0,0.0,0.0,,,0.0,7.000000000000001e-05,0.0,0.02911,,,0.0,0.0,0.0,,,0.02389
2025-09-26 01:50:00,Uno M404,0.061439999999999995,4e-05,0.0,0.0,0.0,1e-05,0.0,2e-05,0.0,0.0581,0.0,0.007039999999999999,0.0,0.0,0.0,0.0,0.0,0.047700000000000006
2025-09-26 01:55:00,Uno M404,,4e-05,,,,,0.0,,,,,,0.0,0.0,0.0,,,0.07529999999999999
2025-09-26 02:00:00,Uno M404,0.0,0.0,0.0,0.0,0.0,5e-05,0.0,8e-05,0.0,0.0,0.0,0.007209999999999999,0.0,0.0,0.0,0.0,0.0,0.14698
2025-09-26 02:05:00,Uno M404,0.0,8e-05,0.0,0.0,0.20124,0.0,-0.0001,0.00022,0.0,0.0,0.0,0.20858000000000002,0.0,0.0,0.0,0.0,0.0,0.14372
2025-09-26 02:10:00,Uno M404,0.0,1.0835,0.0,0.0,0.08607,0.0,0.0,0.00047999999999999996,0.0,0.0,0.0,0.08909,0.0,0.0,0.0,0.0,0.0,1.1525999999999998
2025-09-26 02:15:00,Uno M404,0.0,1.13851,0.0,0.0,,,0.0,0.00032,0.0,0.0,,,0.0,0.0,0.0,,,1.2077200000000001
2025-09-26 02:20:00,Uno M404,,1.06817,,,0.0,0.0,0.0,,,,0.0,0.00344,0.0,0.0,0.0,0.0,0.0,1.1365
2025-09-26 02:25:00,Uno M404,0.0,0.053880000000000004,0.0,0.0,0.0,0.0,0.0,0.00048000000000000007,0.0,0.0,0.0,0.0070999999999999995,0.0,0.0,0.0,0.0,0.0,0.1915
2025-09-26 02:30:00,Uno M404,0.0,0.026879999999999998,0.0,0.0,0.0,0.0,-2e-05,2e-05,0.0,0.0,0.0,0.00344,0.0,0.0,0.0,0.0,0.0,0.09556
2025-09-26 02:35:00,Uno M404,0.0,0.026699999999999998,0.0,0.0,0.0,0.0,-1e-05,1e-05,0.0,0.0,0.0,0.00372,0.0,0.0,0.0,0.0,0.0,0.09408
2025-09-26 02:40:00,Uno M404,0.0,0.02668,0.0,0.0,0.0,1e-05,0.0,7.000000000000001e-05,0.0,0.0,0.0,0.00365,0.0,0.0,0.0,0.0,0.0,0.09354000000000001
2025-09-26 02:45:00,Uno M404,0.0,0.026609999999999998,0.0,0.0,0.0,2e-05,0.0,4e-05,0.0,0.0,0.0,0.004019999999999999,0.0,0.0,0.0,0.0,0.0,0.09370999999999999
2025-09-26 02:50:00,Uno M404,0.0,1.15756,0.0,0.0,0.09326999999999999,0.0,0.0,7.000000000000001e-05,0.0,0.0,0.0,0.09686,0.0,0.0,0.0,0.0,0.0,1.224
2025-09-26 02:55:00,Uno M404,0.0,0.026449999999999998,0.0,0.0,0.08267000000000001,0.0,0.0,8e-05,0.0,0.0,0.0,0.08615,0.0,0.0,0.0,0.0,0.0,0.09387000000000001
2025-09-26 03:05:00,Uno M404,0.0,0.026600000000000002,0.0,0.0,0.0,0.0,0.0,0.0,0.0,0.0,0.0,0.00377,0.0,0.0,0.0,0.0,0.0,0.0932
2025-09-26 03:10:00,Uno M404,,0.026719999999999997,,,0.0,0.0,0.0,,,,0.0,0.00391,0.0,0.0,0.0,0.0,0.0,0.09373999999999999
2025-09-26 03:15:00,Uno M404,0.0,1.14717,0.0,0.0,0.0,0.0,0.0,2e-05,0.0,0.0,0.0,0.00352,0.0,0.0,0.0,0.0,0.0,1.21395
2025-09-26 03:20:00,Uno M404,0.0,,0.0,0.0,0.0,0.0,,7.000000000000001e-05,0.0,0.0,0.0,0.00387,,,,0.0,0.0,
2025-09-26 03:25:00,Uno M404,,0.026809999999999997,,,,,0.0,,,,,,0.0,0.0,0.0,,,0.09401000000000001
2025-09-26 03:30:00,Uno M404,0.0,0.02682,0.0,0.0,0.0,0.0,0.0,5.9999999999999995e-05,0.0,0.0,0.0,0.00382,0.0,0.0,0.0,0.0,0.0,0.0945
2025-09-26 03:35:00,Uno M404,0.0,,0.0,0.0,,,,8e-05,0.0,0.0,,,,,,,,
2025-09-26 03:40:00,Uno M404,1e-05,0.02665,0.0,0.0,0.0,0.0,0.0,4e-05,0.0,0.0,0.0,0.00395,0.0,0.0,0.0,0.0,0.0,0.09420999999999999
2025-09-26 03:45:00,Uno M404,,1.15195,,,,,0.0,,,,,,0.0,0.0,0.0,,,1.21884
2025-09-26 03:55:00,Uno M404,0.0,1.09662,0.0,0.0,0.0,0.0,0.0,0.0,0.0,0.0,0.0,0.0038,0.0,0.0,0.0,0.0,0.0,1.16308
2025-09-26 04:00:00,Uno M404,0.0,0.02668,0.0,0.0,0.08792,0.0,0.0,7.000000000000001e-05,0.0,0.0,0.0,0.09147,0.0,0.0,0.0,0.0,0.0,0.09376000000000001
2025-09-26 04:05:00,Uno M404,0.0,0.02671,0.0,0.0,0.08111,0.0,0.0,2e-05,0.0,0.0,0.0,0.08483,0.0,0.0,0.0,0.0,0.0,0.09447
2025-09-26 04:10:00,Uno M404,0.0,,0.0,0.0,0.0,0.0,,0.00013000000000000002,0.0,0.0,0.0,0.00408,,,,0.0,0.0,
2025-09-26 04:15:00,Uno M404,,1.1523299999999999,,,,,0.0,,,,,,0.0,0.0,0.0,,,1.21932
2025-09-26 04:20:00,Uno M404,0.0,0.02678,0.0,0.0,0.0,0.0,0.0,0.00011999999999999999,0.0,0.0,0.0,0.0037,0.0,0.0,0.0,0.0,0.0,0.09445
2025-09-26 04:25:00,Uno M404,,,,,0.0,0.0,,,,,0.0,0.00396,,,,0.0,0.0,
2025-09-26 04:40:00,Uno M404,0.0,1.17492,0.0,0.0,0.0,0.0,0.0,0.00011999999999999999,0.0,0.0,0.0,0.00824,0.0,0.0,0.0,0.0,0.0,1.30879
2025-09-26 04:45:00,Uno M404,0.0,,0.0,0.0,0.0,0.0,,4e-05,0.0,0.0,0.0,0.00369,,,,0.0,0.0,
2025-09-26 04:50:00,Uno M404,,0.02671,,,,,0.0,,,,,,0.0,0.0,0.0,,,0.09395
2025-09-26 04:55:00,Uno M404,0.0,0.026609999999999998,0.0,0.0,0.0,0.0,0.0,8e-05,0.0,0.0,0.0,0.0038599999999999997,0.0,0.0,0.0,0.0,0.0,0.09339
2025-09-26 05:00:00,Uno M404,0.0,0.0265,0.0,0.0,0.0,0.0,0.0,0.0,0.0,0.0,0.0,0.0038,0.0,0.0,0.0,0.0,0.0,0.0932
2025-09-26 05:05:00,Uno M404,0.0,0.02671,0.0,0.0,0.0,0.0,0.0,2e-05,0.0,0.0,0.0,0.00405,0.0,0.0,0.0,0.0,0.0,0.09367
2025-09-26 05:10:00,Uno M404,0.0,,0.0,0.0,0.09206,0.0,,0.0,0.0,0.0,0.0,0.09616,,,,0.0,0.0,
2025-09-26 05:15:00,Uno M404,0.0,0.02659,0.0,0.0,0.08191,0.0,0.0,0.0,0.0,0.0,0.0,0.08575,0.0,0.0,0.0,0.0,0.0,0.09348000000000001
2025-09-26 05:20:00,Uno M404,,,,,0.0,0.0,,,,,0.0,0.00404,,,,0.0,0.0,
2025-09-26 05:25:00,Uno M404,0.0,0.02648,0.0,0.0,,,0.0,0.0,0.0,0.0,,,0.0,0.0,0.0,,,0.09292
2025-09-26 05:30:00,Uno M404,0.0,0.02628,0.0,0.0,0.0,0.0,0.0,0.0,0.0,0.0,0.0,0.004019999999999999,0.0,0.0,0.0,0.0,0.0,0.09257
2025-09-26 05:35:00,Uno M404,,0.026539999999999998,,,0.0,0.0,0.0,,,,0.0,0.00404,0.0,0.0,0.0,0.0,0.0,0.09312000000000001
2025-09-26 05:40:00,Uno M404,0.0,0.02637,0.0,0.0,0.0,0.0,0.0,0.0,0.0,0.0,0.0,0.00404,0.0,0.0,0.0,0.0,0.0,0.09240999999999999
2025-09-26 05:45:00,Uno M404,0.0,1.14724,0.0,0.0,0.0,0.0,0.0,4e-05,0.0,0.0,0.0,0.00375,0.0,0.0,0.0,0.0,0.0,1.21269
2025-09-26 06:00:00,Uno M404,,0.02607,,,0.0,0.0,0.0,,,,0.0,0.00412,0.0,0.0,0.0,0.0,0.0,0.09067
2025-09-26 06:05:00,Uno M404,,1.1378599999999999,,,0.0,0.0,0.0,,,,0.0,0.0038399999999999997,0.0,0.0,0.0,0.0,0.0,1.2025599999999999
2025-09-26 06:15:00,Uno M404,0.0,,0.0,0.0,0.0,0.0,,0.0,0.0,0.0,0.0,0.00432,,,,0.0,0.0,
2025-09-26 06:20:00,Uno M404,0.0,0.02591,0.0,0.0,,,0.0,0.0,0.0,0.0,,,0.0,0.0,0.0,,,0.09051999999999999
2025-09-26 06:25:00,Uno M404,,0.0259,,,0.0,0.0,0.0,,,,0.0,0.00441,0.0,0.0,0.0,0.0,0.0,0.09033
2025-09-26 06:30:00,Uno M404,0.0,,0.0,0.0,,,,0.0,0.0,0.0,,,,,,,,
2025-09-26 06:35:00,Uno M404,0.0,1.1360999999999999,0.0,0.0,,,0.0,0.0,0.0,0.0,,,0.0,0.0,0.0,,,1.19964
2025-09-26 06:40:00,Uno M404,,0.02556,,,0.0,0.0,0.0,,,,0.0,0.00415,0.0,0.0,0.0,0.0,0.0,0.08938
2025-09-26 06:45:00,Uno M404,0.0,,0.0,0.0,,,,0.0,0.0,0.0,,,,,,,,
2025-09-26 06:50:00,Uno M404,,0.02541,,,0.0,0.0,0.0,,,,0.0,0.00423,0.0,0.0,0.0,0.0,0.0,0.08796999999999999
2025-09-26 06:55:00,Uno M404,0.0,,0.0,0.0,,,,0.0,0.0,0.0,,,,,,,,
2025-09-26 07:00:00,Uno M404,,0.02532,,,,,0.0,,,,,,0.0,0.0,0.0,,,0.0884
2025-09-26 07:05:00,Uno M404,0.0,,0.0,0.0,0.09675,0.0,,0.0,0.0,0.0,0.0,0.10095,,,,0.0,0.0,
2025-09-26 07:10:00,Uno M404,0.0,0.02525,0.0,0.0,,,0.0,0.0,0.0,0.0,,,0.0,0.0,0.0,,,0.08698
2025-09-26 07:15:00,Uno M404,,0.02537,,,0.08244,0.0,0.0,,,,0.0,0.08677,0.0,0.0,0.0,0.0,0.0,0.08784
2025-09-26 07:20:00,Uno M404,0.0,,0.0,0.0,,,,0.0,0.0,0.0,,,,,,,,
2025-09-26 07:25:00,Uno M404,0.0,0.02543,0.0,0.0,0.07684999999999999,0.0,0.0,0.0,0.0,0.0,0.0,0.08111,0.0,0.0,0.0,0.0,0.0,0.08823
2025-09-26 07:30:00,Uno M404,,0.02517,,,,,0.0,,,,,,0.0,0.0,0.0,,,0.08766
2025-09-26 07:35:00,Uno M404,,,,,0.0,0.0,,,,,0.0,0.00444,,,,0.0,0.0,
2025-09-26 07:40:00,Uno M404,0.0,1.1325699999999999,0.0,0.0,,,0.0,0.0,0.0,0.0,,,0.0,0.0,0.0,,,1.1950699999999999
2025-09-26 07:45:00,Uno M404,0.0,,0.0,0.0,,,,0.0,0.0,0.0,,,,,,,,
2025-09-26 07:50:00,Uno M404,,0.02541,,,0.0,0.0,0.0,,,,0.0,0.0045899999999999995,0.0,0.0,0.0,0.0,0.0,0.08826
2025-09-26 07:55:00,Uno M404,0.0,,0.0,0.0,,,,0.0,0.0,0.0,,,,,,,,
2025-09-26 08:00:00,Uno M404,,0.02557,,,0.0,0.0,0.0,,,,0.0,0.00508,0.0,0.0,0.0,0.0,0.0,0.08893000000000001
2025-09-26 08:05:00,Uno M404,0.0,,0.0,0.0,0.0,0.0,,0.0,0.0,0.0,0.0,0.0043,,,,0.0,0.0,
2025-09-26 08:10:00,Uno M404,0.0,0.02543,0.0,0.0,,,0.0,0.0,0.0,0.0,,,0.0,0.0,0.0,,,0.0884
2025-09-26 08:15:00,Uno M404,,0.02514,,,0.0,0.0,0.0,,,,0.0,0.00437,0.0,0.0,0.0,0.0,0.0,0.08798
2025-09-26 08:20:00,Uno M404,0.0,,0.0,0.0,,,,0.0,0.0,0.0,,,,,,,,
2025-09-26 08:25:00,Uno M404,0.0,0.0255,0.0,0.0,0.0,0.0,0.0,0.0,0.0,0.0,0.0,0.00449,0.0,0.0,0.0,0.0,0.0,0.089
2025-09-26 08:30:00,Uno M404,,,,,0.09203,0.0,,,,,0.0,0.0965,,,,0.0,0.0,
2025-09-26 08:35:00,Uno M404,0.0,0.02545,0.0,0.0,,,0.0,0.0,0.0,0.0,,,0.0,0.0,0.0,,,0.08843999999999999
2025-09-26 08:40:00,Uno M404,,0.02537,,,0.08067,0.0,0.0,,,,0.0,0.08497,0.0,0.0,0.0,0.0,0.0,0.08852
2025-09-26 08:45:00,Uno M404,0.0,,0.0,0.0,0.0,0.0,,0.0,0.0,0.0,0.0,0.00442,,,,0.0,0.0,
2025-09-26 08:50:00,Uno M404,0.0,1.13166,0.0,0.0,,,0.0,0.0,0.0,0.0,,,0.0,0.0,0.0,,,1.19512
2025-09-26 09:00:00,Uno M404,0.0,0.02577,0.0,0.0,0.0,0.0,0.0,4e-05,0.0,0.0,0.0,0.00434,0.0,0.0,0.0,0.0,0.0,0.08979000000000001
2025-09-26 09:10:00,Uno M404,0.0,0.02565,0.0,0.0,0.0,0.0,0.0,0.0,0.0,0.0,0.0,0.00441,0.0,0.0,0.0,0.0,0.0,0.08957999999999999
2025-09-26 09:15:00,Uno M404,0.0,1.13245,0.0,0.0,0.0,0.0,0.0,0.0,0.0,0.0,0.0,0.00456,0.0,0.0,0.0,0.0,0.0,1.19601
2025-09-26 09:20:00,Uno M404,0.0,,0.0,0.0,0.0,0.0,,0.0,0.0,0.0,0.0,0.0043,,,,0.0,0.0,
2025-09-26 09:25:00,Uno M404,,0.0258,,,,,0.0,,,,,,0.0,0.0,0.0,,,0.08997
2025-09-26 09:30:00,Uno M404,1e-05,,0.0,0.0,0.0,0.0,,0.0,0.0,0.0,0.0,0.004849999999999999,,,,0.0,0.0,
2025-09-26 09:35:00,Uno M404,0.0,0.02587,0.0,0.0,0.0,0.0,0.0,1e-05,0.0,0.0,0.0,0.00401,0.0,0.0,0.0,0.0,0.0,0.09012
2025-09-26 09:45:00,Uno M404,0.0,1.1318800000000002,0.0,0.0,0.08909,0.0,0.0,0.0,0.0,0.0,0.0,0.09282,0.0,0.0,0.0,0.0,0.0,1.19524
2025-09-26 09:50:00,Uno M404,2e-05,0.02568,0.0,0.0,,,0.0,1e-05,0.0,0.0,,,0.0,0.0,0.0,,,0.08926
2025-09-26 09:55:00,Uno M404,,,,,0.07983,0.0,,,,,0.0,0.08406999999999999,,,,0.0,0.0,
2025-09-26 10:00:00,Uno M404,0.0,0.02558,0.0,0.0,,,0.0,5.9999999999999995e-05,0.0,0.0,,,0.0,0.0,0.0,,,0.08954000000000001
2025-09-26 10:05:00,Uno M404,0.0,,0.0,0.0,0.0,0.0,,0.0,0.0,0.0,0.0,0.0041600000000000005,,,,0.0,0.0,
2025-09-26 10:10:00,Uno M404,0.0,0.02564,0.0,0.0,0.0,0.0,0.0,2e-05,0.0,0.0,0.0,0.00422,0.0,0.0,0.0,0.0,0.0,0.08927
2025-09-26 10:15:00,Uno M404,,0.02539,,,,,0.0,,,,,,0.0,0.0,0.0,,,0.08846
2025-09-26 10:20:00,Uno M404,0.0,,0.0,0.0,,,,2e-05,0.0,0.0,,,,,,,,
2025-09-26 10:25:00,Uno M404,,1.13059,,,0.0,0.0,0.0,,,,0.0,0.00425,0.0,0.0,0.0,0.0,0.0,1.1935799999999999
2025-09-26 10:30:00,Uno M404,0.0,,0.0,0.0,,,,0.0,0.0,0.0,,,,,,,,
2025-09-26 10:35:00,Uno M404,,0.02551,,,,,0.0,,,,,,0.0,0.0,0.0,,,0.08854000000000001
2025-09-26 10:40:00,Uno M404,0.0,,0.0,0.0,0.0,0.0,,1e-05,0.0,0.0,0.0,0.00452,,,,0.0,0.0,
2025-09-26 10:45:00,Uno M404,,0.0252,,,0.0,0.0,0.0,,,,0.0,0.0043,0.0,0.0,0.0,0.0,0.0,0.08721
2025-09-26 10:50:00,Uno M404,0.0,,0.0,0.0,,,,0.0,0.0,0.0,,,,,,,,
2025-09-26 10:55:00,Uno M404,0.0,0.02534,0.0,0.0,0.0,0.0,0.0,0.0,0.0,0.0,0.0,0.00435,0.0,0.0,0.0,0.0,0.0,0.08782999999999999
2025-09-26 11:00:00,Uno M404,,0.02533,,,,,0.0,,,,,,0.0,0.0,0.0,,,0.08745
2025-09-26 11:05:00,Uno M404,0.0,,0.0,0.0,0.0,0.0,,5.9999999999999995e-05,0.0,0.0,0.0,0.00449,,,,0.0,0.0,
2025-09-26 11:10:00,Uno M404,,1.1500599999999999,,,,,0.0,,,,,,0.0,0.0,0.0,,,1.2161600000000001
2025-09-26 11:20:00,Uno M404,0.0,,0.0,0.0,0.08511,0.0,,5e-05,0.0,0.0,0.0,0.08968000000000001,,,,0.0,0.0,
2025-09-26 11:30:00,Uno M404,,0.02632,,,,,0.0,,,,,,0.0,0.0,0.0,,,0.09195
2025-09-26 11:35:00,Uno M404,,,,,0.07787999999999999,0.0,,,,,0.0,0.08201,,,,0.0,0.0,
2025-09-26 11:40:00,Uno M404,0.0,0.02612,0.0,0.0,,,-1e-05,5e-05,0.0,0.0,,,0.0,0.0,0.0,,,0.09098
2025-09-26 11:45:00,Uno M404,,,,,0.0,0.0,,,,,0.0,0.00437,,,,0.0,0.0,
2025-09-26 11:50:00,Uno M404,,0.0,,,,,0.0,,,,,,0.0,0.0,0.0,,,0.06584000000000001
2025-09-26 11:55:00,Uno M404,0.0,,0.0,0.0,0.0,0.0,,0.0,0.0,0.0,0.0,0.0038799999999999998,,,,0.0,0.0,
2025-09-26 12:00:00,Uno M404,,0.0,,,,,0.0,,,,,,0.0,0.0,0.0,,,0.06608
2025-09-26 12:05:00,Uno M404,0.0,,0.0,0.0,,,,0.0,0.0,0.0,,,,,,,,
2025-09-26 12:10:00,Uno M404,0.0,,0.0,0.0,0.0,0.0,,0.0,0.0,0.0,0.0,0.004690000000000001,,,,0.0,0.0,
2025-09-26 12:20:00,Uno M404,,1e-05,,,,,0.0,,,,,,0.0,0.0,0.052219999999999996,,,0.055850000000000004
2025-09-26 12:25:00,Uno M404,8e-05,0.00014,0.0,0.0,,,-0.00012,0.00232,0.0,0.0,,,0.0,0.0,0.41198,,,0.44024
2025-09-26 12:30:00,Uno M404,2e-05,,0.0,0.0,,,,0.00047000000000000004,0.0,0.0,,,,,,,,
2025-09-26 12:35:00,Uno M404,0.0,4e-05,0.0,0.0,,,-8e-05,0.0006000000000000001,0.0,0.0,,,0.0,0.0,0.20902,,,0.22346
2025-09-26 12:40:00,Uno M404,,4e-05,,,,,-1e-05,,,,,,0.0,0.0,0.053079999999999995,,,0.05669
2025-09-26 12:45:00,Uno M404,0.0,2e-05,0.0,0.0,0.0,7.000000000000001e-05,-5e-05,0.00015,0.0,0.0,0.04406,0.047020000000000006,0.0,0.0,0.05106,0.0,0.0,0.05489
2025-09-26 12:50:00,Uno M404,0.0,3.0000000000000004e-05,0.0,0.0,0.0,0.00017,0.0,0.0006000000000000001,0.0,0.0,0.1331,0.14970999999999998,0.0,0.0,0.15414,0.0,0.0,0.16544999999999999
2025-09-26 12:55:00,Uno M404,4e-05,0.0,0.0,0.0,,,0.0,0.00031000000000000005,0.0,0.0,,,0.0,0.0,0.11514,,,0.12322
2025-09-26 13:00:00,Uno M404,,0.0,,,0.0,1e-05,-2e-05,,,,0.04661,0.05632,0.0,0.0,0.04983,0.0,0.0,0.05372
2025-09-26 13:05:00,Uno M404,2e-05,4e-05,0.0,0.0,0.17696,0.0,-0.00022,0.0005499999999999999,0.0,0.0,0.0887,0.28598,0.0,0.0,0.11868000000000001,0.0,0.0,0.12662
2025-09-26 13:10:00,Uno M404,0.0,,0.0,0.0,,,,2e-05,0.0,0.0,,,,,,,,
2025-09-26 13:15:00,Uno M404,0.0,0.0,0.0,0.0,0.34009999999999996,2e-05,0.0,0.00030000000000000003,0.0,0.0,0.26538,0.6664,0.0,0.0,0.33015,0.0,0.0,0.35295
2025-09-26 13:20:00,Uno M404,0.0,1e-05,0.0,0.0,0.0,0.0,-2e-05,0.00017999999999999998,0.0,0.0,0.044219999999999995,0.05441,0.0,0.0,0.047420000000000004,0.0,0.0,0.05119
2025-09-26 13:25:00,Uno M404,0.0,0.0,0.0,0.0,0.0,5.9999999999999995e-05,0.03807,0.00016,0.0,0.0,0.0,0.03405,0.0,0.0,0.05069,0.0,0.0,0.09401000000000001
2025-09-26 13:30:00,Uno M404,8e-05,1e-05,0.0,0.0,0.0,1e-05,0.03782,2e-05,0.0,0.0,0.0,0.01075,0.0,0.0,0.04618,0.0,0.0,0.08907
2025-09-26 13:35:00,Uno M404,0.0,1e-05,0.0,0.0,0.0,0.0,0.03762,5e-05,0.0,0.0,0.0,0.01385,0.0,0.0,0.052090000000000004,0.0,0.0,0.09483
2025-09-26 13:40:00,Uno M404,0.0,0.0,0.0,0.0,0.0,0.0,0.037700000000000004,7.000000000000001e-05,0.0,0.0,0.0,0.011,0.0,0.0,0.0523,0.0,0.0,0.09527
2025-09-26 13:45:00,Uno M404,0.0,0.0,0.0,0.0,0.08962,1e-05,0.03767,8e-05,0.0,0.0,0.0,0.09993,0.0,0.0,0.05175,0.0,0.0,0.09458
2025-09-26 13:50:00,Uno M404,0.0,0.0,0.0,0.0,0.08139,0.0,0.03773,2e-05,0.0,0.0,0.0,0.09237000000000001,0.0,0.0,0.05081,0.0,0.0,0.09369
2025-09-26 13:55:00,Uno M404,0.0,2e-05,0.0,0.0,0.0,0.0,0.00797,0.00014000000000000001,0.0,0.0,0.0,0.010960000000000001,0.0,0.0,0.05075,0.0,0.0,0.06386
2025-09-26 14:00:00,Uno M404,0.1015,0.0,0.0,0.0,0.0,0.0,0.00785,0.10183,0.0,0.0,0.0,0.01123,0.0,0.0,0.04893,0.0,0.0,0.06171
2025-09-26 14:05:00,Uno M404,0.11203,0.0,0.0,0.0,0.0,0.0,0.0,0.11244,0.0,0.0,0.0,0.00414,0.0,0.0,0.053130000000000004,0.0,0.0,0.05686
2025-09-26 14:10:00,Uno M404,0.09251000000000001,0.0,0.0,0.0,0.0,0.0,0.0,0.09297,0.0,0.0,0.0,0.00394,0.0,0.0,0.04994,0.0,0.0,0.05364
2025-09-26 14:15:00,Uno M404,0.10033,0.0,0.0,0.0,0.0,0.0,0.0,0.10083,0.0,0.0,0.0,0.00417,0.0,0.0,0.052270000000000004,0.0,0.0,0.056060000000000006
2025-09-26 14:20:00,Uno M404,0.09987,0.0,0.0,0.0,0.0,0.0,0.0,0.10031999999999999,0.0,0.0,0.0,0.00453,0.0,0.0,0.05256,0.0,0.0,0.05626
2025-09-26 14:25:00,Uno M404,0.1071,1e-05,0.0,0.0,0.09079000000000001,0.0,0.0,0.10764,0.0,0.0,0.0,0.09516,0.0,0.0,0.06325,0.0,0.0,0.06693
2025-09-26 14:30:00,Uno M404,,,,,0.08095000000000001,0.0,,,,,0.0,0.0852,,,,0.0,0.0,
2025-09-26 14:35:00,Uno M404,0.35953999999999997,0.0,0.0,0.0,0.0,0.0,0.0,0.36068,0.0,0.0,0.0,0.019960000000000002,0.0,0.0,0.27262,0.0,0.0,0.28786
2025-09-26 14:40:00,Uno M404,0.10872,0.0,0.0,0.0,0.0,0.0,0.0,0.10909,0.0,0.0,0.0,0.00444,0.0,0.0,0.06283,0.0,0.0,0.06656999999999999
2025-09-26 14:45:00,Uno M404,0.11104,0.0,0.0,0.0,0.0,0.0,0.07486,0.11143,0.0,0.0,0.0,0.0116,0.0,0.0,0.0573,0.0,0.0,0.13733
2025-09-26 14:50:00,Uno M404,0.08825,0.0,0.0,0.0,0.0,0.0,0.12822999999999998,0.08865,0.0,0.0,0.0,0.011179999999999999,0.0,0.0,0.05092,0.0,0.0,0.18425999999999998
2025-09-26 14:55:00,Uno M404,0.08807,0.0,0.0,0.0,0.0,0.0,0.12938999999999998,0.08845,0.0,0.0,0.0,0.011980000000000001,0.0,0.0,0.05122,0.0,0.0,0.18574000000000002
2025-09-26 15:00:00,Uno M404,0.09015999999999999,1e-05,0.0,0.0,0.0,0.0,0.12754000000000001,0.09053,0.0,0.0,0.0,0.012199999999999999,0.0,0.0,0.048729999999999996,0.0,0.0,0.18126
2025-09-26 15:05:00,Uno M404,0.08876,0.0,0.0,0.0,0.08897,0.0,0.1286,0.08918000000000001,0.0,0.0,0.0,0.10117,0.0,0.0,0.04838,0.0,0.0,0.18191
2025-09-26 15:10:00,Uno M404,0.10504999999999999,0.0,0.0,0.0,0.08155,0.0,0.12465000000000001,0.10549,0.0,0.0,0.0,0.09315000000000001,0.0,0.0,0.04747,0.0,0.0,0.17715
2025-09-26 15:15:00,Uno M404,0.08206000000000001,0.0,0.0,0.0,0.0,0.0,0.12726,0.08356999999999999,0.0,0.0,0.0,0.01125,0.0,0.0,0.0495,0.0,0.0,0.18159
2025-09-26 15:20:00,Uno M404,0.07523,0.0,0.0,0.0,0.0,0.0,0.12894999999999998,0.07681,0.0,0.0,0.0,0.011179999999999999,0.0,0.0,0.04965,0.0,0.0,0.18333000000000002
2025-09-26 15:25:00,Uno M404,0.07890000000000001,0.0,0.0,0.0,0.0,0.0,0.12795,0.07989,0.0,0.0,0.0,0.00508,0.0,0.0,0.047299999999999995,0.0,0.0,0.18009999999999998
2025-09-26 15:30:00,Uno M404,0.06751,0.0,0.0,0.0,0.0,0.0,0.12404000000000001,0.06881,0.0,0.0,0.0,0.00444,0.0,0.0,0.050140000000000004,0.0,0.0,0.17956999999999998
2025-09-26 15:35:00,Uno M404,0.0653,0.0,0.0,0.0,0.0,0.0,0.12519,0.06606000000000001,0.0,0.0,0.0,0.01176,0.0,0.0,0.05218,0.0,0.0,0.18242
2025-09-26 15:40:00,Uno M404,0.06420000000000001,0.0,0.0,0.0,0.0,0.0,0.12356,0.0649,0.0,0.0,0.0,0.01157,0.0,0.0,0.07609,0.0,0.0,0.20464
2025-09-26 15:45:00,Uno M404,0.06315,0.0,0.0,0.0,0.0,0.0,0.11676,0.06361,0.0,0.0,0.0,0.01261,0.0,0.0,0.07331,0.0,0.0,0.19531
2025-09-26 15:50:00,Uno M404,0.07356,0.0,0.0,0.0,0.09068999999999999,0.0,0.0,0.07453,0.0,0.0,0.0,0.09466,0.0,0.0,0.07264,0.0,0.0,0.07643000000000001
2025-09-26 15:55:00,Uno M404,0.06348,0.0,0.0,0.0,0.08142,0.0,0.0,0.06409999999999999,0.0,0.0,0.0,0.08585,0.0,0.0,0.07013,0.0,0.0,0.07387
2025-09-26 16:00:00,Uno M404,0.05942,0.0,0.0,0.0,0.0,0.0,-1e-05,0.060289999999999996,0.0,0.0,0.0,0.00534,0.0,0.0,0.06895,0.0,0.0,0.07281
2025-09-26 16:05:00,Uno M404,0.05878,0.0,0.0,0.0,0.0,0.0,0.0,0.05939,0.0,0.0,0.0,0.00449,0.0,0.0,0.0734,0.0,0.0,0.07715000000000001
2025-09-26 16:10:00,Uno M404,0.06309000000000001,0.0,0.0,0.0,0.0,0.0,0.0,0.06357,0.0,0.0,0.0,0.00415,0.0,0.0,0.0,0.0,0.0,0.0029300000000000003
2025-09-26 16:15:00,Uno M404,0.059590000000000004,0.0,0.0,0.0,0.0,0.0,0.0,0.06013,0.0,0.0,0.0,0.00534,0.0,0.0,0.0,0.0,0.0,0.00294
2025-09-26 16:20:00,Uno M404,0.05905,0.0,0.0,0.0,0.0,0.0,0.0,0.05967,0.0,0.0,0.0,0.00424,0.0,0.0,0.0,0.0,0.0,0.00304
2025-09-26 16:25:00,Uno M404,0.05873,0.0,0.0,0.0,0.0,0.0,0.0,0.05968,0.0,0.0,0.0,0.004070000000000001,0.0,0.0,0.0,0.0,0.0,0.0029300000000000003
2025-09-26 16:30:00,Uno M404,0.05823,0.0,0.0,0.0,0.0,0.0,0.0,0.05865,0.0,0.0,0.0,0.0038799999999999998,0.0,0.0,0.0,0.0,0.0,0.0030499999999999998
2025-09-26 16:35:00,Uno M404,0.05886,1e-05,0.0,0.0,0.08973,0.0,0.0,0.059539999999999996,0.0,0.0,0.0,0.09317,0.0,0.0,0.0,0.0,0.0,0.0030499999999999998
2025-09-26 16:40:00,Uno M404,0.05966,0.0,0.0,0.0,0.08038,1e-05,0.0,0.05996,0.0,0.0,0.0,0.08636,0.0,0.0,0.0,0.0,0.0,0.00296
2025-09-26 16:45:00,Uno M404,0.05896,0.0,0.0,0.0,0.0,5e-05,0.0,0.05973,0.0,0.0,0.0,0.00362,0.0,0.0,0.0,0.0,0.0,0.00307
2025-09-26 16:50:00,Uno M404,0.05902,4e-05,0.0,0.0,0.0,1e-05,0.0,0.059789999999999996,0.0,0.0,0.0,0.0034,0.0,0.0,0.0,0.0,0.0,0.00283
2025-09-26 16:55:00,Uno M404,0.05902,0.0,0.0,0.0,0.0,4e-05,0.0,0.05973,0.0,0.0,0.0,0.00365,0.0,0.0,0.0,0.0,0.0,0.00287
2025-09-26 17:00:00,Uno M404,0.06281,1e-05,0.0,0.0,0.0,0.0,0.0,0.06442,0.0,0.0,0.0,0.00361,0.0,0.0,0.0,0.0,0.0,0.00283
2025-09-26 17:05:00,Uno M404,0.06125,0.0,0.0,0.0,0.0,0.0,0.0,0.062369999999999995,0.0,0.0,0.0,0.0076,0.0,0.0,0.0,0.0,0.0,0.00294
2025-09-26 17:10:00,Uno M404,0.05887,0.0,0.0,0.0,0.0,4e-05,0.0,0.05969,0.0,0.0,0.0,0.0036,0.0,0.0,0.0,0.0,0.0,0.0029
2025-09-26 17:15:00,Uno M404,0.06286,2e-05,0.0,0.0,0.0,0.0,0.0,0.06367,0.0,0.0,0.0,0.00382,0.0,0.0,0.0,0.0,0.0,0.00298
2025-09-26 17:20:00,Uno M404,0.05958,1e-05,0.0,0.0,0.08917,0.0,0.0,0.06046,0.0,0.0,0.0,0.09279000000000001,0.0,0.0,0.0,0.0,0.0,0.00294
2025-09-26 17:25:00,Uno M404,0.059789999999999996,0.0,0.0,0.0,0.07959000000000001,0.0,0.0,0.06062,0.0,0.0,0.0,0.08303,0.0,0.0,0.0,0.0,0.0,0.0028599999999999997
2025-09-26 17:30:00,Uno M404,0.06089,0.0,0.0,0.0,0.0,4e-05,0.0,0.06191,0.0,0.0,0.0,0.00379,0.0,0.0,0.0,0.0,0.0,0.0028399999999999996
2025-09-26 17:35:00,Uno M404,0.05914,0.0,0.0,0.0,0.0,0.0,0.0,0.060200000000000004,0.0,0.0,0.0,0.00354,0.0,0.0,0.0,0.0,0.0,0.0028399999999999996
2025-09-26 17:40:00,Uno M404,0.060840000000000005,1e-05,0.0,0.0,0.0,0.0,0.0,0.06282,0.0,0.0,0.0,0.00368,0.0,0.0,0.0,0.0,0.0,0.0029
2025-09-26 17:45:00,Uno M404,0.06043,4e-05,0.0,0.0,0.0,5e-05,0.0,0.06118,0.0,0.0,0.0,0.00365,0.0,0.0,0.0,0.0,0.0,0.00296
2025-09-26 17:50:00,Uno M404,0.05859,0.0,0.0,0.0,0.0,5e-05,-1e-05,0.05942,0.0,0.0,0.0,0.00376,0.0,0.0,0.0,0.0,0.0,0.0028799999999999997
2025-09-26 17:55:00,Uno M404,3.31259,1e-05,0.0,3.26511,0.0,0.00022,0.04364,0.01908,0.0,0.027280000000000002,0.0,0.02677,0.0,0.0,0.0,0.0,0.0,0.04789
2025-09-26 18:00:00,Uno M404,3.35312,5e-05,0.0,3.30721,0.0,1e-05,0.04333,0.01752,0.0,0.027399999999999997,0.0,0.00377,0.0,0.0,0.0,0.0,0.0,0.04783
2025-09-26 18:05:00,Uno M404,3.35718,4e-05,0.0,3.31244,0.09172,0.00015,0.04326,0.01657,0.0,0.027149999999999997,0.0,0.09567,0.0,0.0,0.0,0.0,0.0,0.047549999999999995
2025-09-26 18:10:00,Uno M404,3.33679,0.0,0.0,3.29006,0.08133,0.0,0.0433,0.018600000000000002,0.0,0.02696,0.0,0.08561,0.0,0.0,0.0,0.0,0.0,0.04772
2025-09-26 18:15:00,Uno M404,3.343,0.0,0.0,3.2980500000000004,0.0,0.0,0.04332,0.01691,0.0,0.02687,0.0,0.00491,0.0,0.0,0.0,0.0,0.0,0.04753
2025-09-26 18:20:00,Uno M404,3.31414,1e-05,0.0,3.27048,0.0,0.0,0.04319,0.01568,0.0,0.0269,0.0,0.00471,0.0,0.0,0.0,0.0,0.0,0.04757
2025-09-26 18:25:00,Uno M404,0.01685,0.0,0.0,0.0,0.0,0.0,0.047189999999999996,0.01717,0.0,0.0,0.0,0.00532,0.0,0.0,0.0,0.0,0.0,0.05136
2025-09-26 18:30:00,Uno M404,0.01642,0.0,0.0,0.0,0.0,0.0,0.12654,0.01688,0.0,0.0,0.0,0.01214,0.0,0.0,0.0,0.0,0.0,0.13071000000000002
2025-09-26 18:35:00,Uno M404,0.01803,0.0,0.0,0.0,0.0,0.0,0.1255,0.018420000000000002,0.0,0.0,0.0,0.01274,0.0,0.0,0.0,0.0,0.0,0.1295
2025-09-26 18:40:00,Uno M404,0.00623,0.0,0.0,0.0,0.0,0.0,0.12384999999999999,0.0065,0.0,0.0,0.0,0.01191,0.0,0.0,0.0,0.0,0.0,0.12794
2025-09-26 18:45:00,Uno M404,0.00656,0.0,0.0,0.0,0.0,0.0,0.12403,0.0069299999999999995,0.0,0.0,0.0,0.01177,0.0,0.0,0.0,0.0,0.0,0.12809
2025-09-26 18:50:00,Uno M404,0.006730000000000001,0.0,0.0,0.0,0.09270999999999999,0.0,0.1245,0.00717,0.0,0.0,0.0,0.10459,0.0,0.0,0.0,0.0,0.0,0.12847999999999998
2025-09-26 18:55:00,Uno M404,0.006860000000000001,0.0,0.0,0.0,0.08155,0.0,0.12384,0.0073,0.0,0.0,0.0,0.09329000000000001,0.0,0.0,0.0,0.0,0.0,0.12788
2025-09-26 19:00:00,Uno M404,,0.0,,,0.0,0.0,0.12376999999999999,,,,0.0,0.011789999999999998,0.0,0.0,0.0,0.0,0.0,0.12786
2025-09-26 19:05:00,Uno M404,0.013219999999999999,0.0,0.0,0.0,0.0,0.0,0.24958000000000002,0.01383,0.0,0.0,0.0,0.02444,0.0,0.0,0.0,0.0,0.0,0.2575
2025-09-26 19:10:00,Uno M404,0.007,0.0,0.0,0.0,0.0,0.0,0.1253,0.00714,0.0,0.0,0.0,0.01184,0.0,0.0,0.0,0.0,0.0,0.12922999999999998
2025-09-26 19:15:00,Uno M404,0.00647,0.0,0.0,0.0,0.0,0.0,0.05995,0.006679999999999999,0.0,0.0,0.0,0.01194,0.0,0.0,0.0,0.0,0.0,0.06405
2025-09-26 19:20:00,Uno M404,0.007030000000000001,0.0,0.0,0.0,0.0,0.0,0.05292,0.0072,0.0,0.0,0.0,0.01191,0.0,0.0,0.0,0.0,0.0,0.05694
2025-09-26 19:25:00,Uno M404,0.0064800000000000005,0.0,0.0,0.0,0.0,0.0,0.12648,0.00683,0.0,0.0,0.0,0.01228,0.0,0.0,0.0,0.0,0.0,0.13054
2025-09-26 19:30:00,Uno M404,0.03564,0.0,0.0,0.0,0.0,0.0,0.12342,0.006860000000000001,0.0,0.02852,0.0,0.0124,0.0,0.0,0.0,0.0,0.0,0.12744
2025-09-26 19:35:00,Uno M404,0.00637,0.0,0.0,0.0,0.09592,0.0,0.12406,0.00656,0.0,0.0,0.0,0.10887000000000001,0.0,0.0,0.0,0.0,0.0,0.12813
2025-09-26 19:40:00,Uno M404,0.01811,0.0,0.0,0.0,0.08342000000000001,0.0,0.1145,0.01837,0.0,0.0,0.0,0.08832,0.0,0.0,0.0,0.0,0.0,0.11851
2025-09-26 19:45:00,Uno M404,0.01778,0.0,0.0,0.0,0.07884999999999999,0.0,0.11439,0.01804,0.0,0.0,0.0,0.08398,0.0,0.0,0.0,0.0,0.0,0.11828
2025-09-26 19:50:00,Uno M404,0.00666,0.0,0.0,0.0,0.0,0.0,0.11542,0.00671,0.0,0.0,0.0,0.0048,0.0,0.0,0.0,0.0,0.0,0.1194
2025-09-26 19:55:00,Uno M404,0.007030000000000001,0.0,0.0,0.0,0.0,0.0,0.1151,0.00737,0.0,0.0,0.0,0.00477,0.0,0.0,0.0,0.0,0.0,0.11912
2025-09-26 20:00:00,Uno M404,0.006730000000000001,0.0,0.0,0.0,0.0,0.0,0.04957,0.00691,0.0,0.0,0.0,0.00504,0.0,0.0,0.0,0.0,0.0,0.053840000000000006
2025-09-26 20:05:00,Uno M404,0.00692,0.0,0.0,0.0,0.0,0.0,0.04883,0.00697,0.0,0.0,0.0,0.01205,0.0,0.0,0.0,0.0,0.0,0.05299
2025-09-26 20:10:00,Uno M404,0.00666,0.0,0.0,0.0,0.0,0.0,0.04388,0.00705,0.0,0.0,0.0,0.011970000000000001,0.0,0.0,0.0,0.0,0.0,0.048
2025-09-26 20:15:00,Uno M404,0.00694,0.0,0.0,0.0,0.10092,0.0,0.0439,0.0071200000000000005,0.0,0.0,0.0,0.11318,0.0,0.0,0.0,0.0,0.0,0.048060000000000005
2025-09-26 20:20:00,Uno M404,0.0069299999999999995,0.0,0.0,0.0,0.08728,0.0,0.04363,0.0072,0.0,0.0,0.0,0.09904,0.0,0.0,0.0,0.0,0.0,0.0479
2025-09-26 20:25:00,Uno M404,0.00658,0.0,0.0,0.0,0.08086,0.0,0.04377,0.0068,0.0,0.0,0.0,0.09215999999999999,0.0,0.0,0.0,0.0,0.0,0.04808
2025-09-26 20:30:00,Uno M404,0.00643,0.0,0.0,0.0,0.0,0.0,0.04372,0.0067599999999999995,0.0,0.0,0.0,0.01116,0.0,0.0,0.0,0.0,0.0,0.047869999999999996
2025-09-26 20:35:00,Uno M404,0.00661,0.0,0.0,0.0,0.0,0.0,0.043859999999999996,0.00683,0.0,0.0,0.0,0.011630000000000001,0.0,0.0,0.0,0.0,0.0,0.04777
2025-09-26 20:40:00,Uno M404,0.006679999999999999,0.0,0.0,0.0,0.0,0.0,0.04383,0.00714,0.0,0.0,0.0,0.011810000000000001,0.0,0.0,0.0,0.0,0.0,0.04777
2025-09-26 20:45:00,Uno M404,0.0065,0.0,0.0,0.0,0.0,0.0,0.04383,0.0070999999999999995,0.0,0.0,0.0,0.01193,0.0,0.0,0.0,0.0,0.0,0.04768
2025-09-26 20:50:00,Uno M404,0.00639,0.0,0.0,0.0,0.0,0.0,0.04373,0.00667,0.0,0.0,0.0,0.01177,0.0,0.0,0.0,0.0,0.0,0.04768
2025-09-26 20:55:00,Uno M404,0.00677,0.0,0.0,0.0,0.0,0.0,0.043590000000000004,0.00701,0.0,0.0,0.0,0.011800000000000001,0.0,0.0,0.0,0.0,0.0,0.047659999999999994
2025-09-26 21:00:00,Uno M404,0.00664,0.0,0.0,0.0,0.10623,0.0,0.04381,0.006849999999999999,0.0,0.0,0.0,0.11814,0.0,0.0,0.0,0.0,0.0,0.04795
2025-09-26 21:05:00,Uno M404,0.0061600000000000005,0.0,0.0,0.0,0.08625,0.0,0.0437,0.00653,0.0,0.0,0.0,0.09756999999999999,0.0,0.0,0.0,0.0,0.0,0.04782
2025-09-26 21:10:00,Uno M404,0.00653,0.0,0.0,0.0,0.07931,0.0,0.04393,0.00684,0.0,0.0,0.0,0.09119,0.0,0.0,0.0,0.0,0.0,0.04803
2025-09-26 21:15:00,Uno M404,0.00654,0.0,0.0,0.0,0.0,0.0,0.04372,0.00687,0.0,0.0,0.0,0.01188,0.0,0.0,0.0,0.0,0.0,0.04784
2025-09-26 21:20:00,Uno M404,0.00674,0.0,0.0,0.0,0.0,0.0,0.043859999999999996,0.0071600000000000006,0.0,0.0,0.0,0.0116,0.0,0.0,0.0,0.0,0.0,0.04802
2025-09-26 21:25:00,Uno M404,0.00639,0.0,0.0,0.0,0.0,0.0,0.04373,0.0064800000000000005,0.0,0.0,0.0,0.0119,0.0,0.0,0.0,0.0,0.0,0.04776
2025-09-26 21:30:00,Uno M404,0.00624,0.0,0.0,0.0,0.0,0.0,0.043859999999999996,0.00661,0.0,0.0,0.0,0.01177,0.0,0.0,0.0,0.0,0.0,0.04779
2025-09-26 21:35:00,Uno M404,0.00677,0.0,0.0,0.0,0.0,0.0,0.04383,0.0071200000000000005,0.0,0.0,0.0,0.011640000000000001,0.0,0.0,0.0,0.0,0.0,0.047659999999999994
2025-09-26 21:40:00,Uno M404,0.00636,0.0,0.0,0.0,0.0,0.0,0.0,0.0067,0.0,0.0,0.0,0.00451,0.0,0.0,0.0,0.0,0.0,0.02443
2025-09-26 21:45:00,Uno M404,0.00694,0.0,0.0,0.0,0.10546,0.0,0.0,0.00726,0.0,0.0,0.0,0.11808,0.0,0.0,0.0,0.00754,0.0,0.02427
2025-09-26 21:50:00,Uno M404,0.00644,1.02347,0.0,0.0,0.08712,0.0,0.0,0.00692,0.0,0.0,0.0,0.09123,0.0,0.0,0.0,0.0,0.0,1.02597
2025-09-26 21:55:00,Uno M404,0.00639,1.13944,0.0,0.0,0.08008,0.0,0.0,0.00709,0.0,0.0,0.0,0.08419,0.0,0.0,0.0,0.0,0.0,1.1625999999999999
2025-09-26 22:00:00,Uno M404,0.006719999999999999,1.1516600000000001,0.0,0.0,0.0,0.0,0.0,0.00729,0.0,0.0,0.0,0.00396,0.0,0.0,0.0,0.0,0.0,1.15395
2025-09-26 22:05:00,Uno M404,0.00628,0.02553,0.0,0.0,0.0,0.0,0.0,0.00667,0.0,0.0,0.0,0.00438,0.0,0.0,0.0,0.0,0.0,0.02764
2025-09-26 22:10:00,Uno M404,0.00666,0.02554,0.0,0.0,0.0,0.0,0.0,0.00714,0.0,0.0,0.0,0.0043,0.0,0.0,0.0,0.0,0.0,0.02786
2025-09-26 22:15:00,Uno M404,0.00661,0.03125,0.0,0.0,0.0,0.0,0.0,0.00684,0.0,0.0,0.0,0.00409,0.0,0.0,0.0,0.0,0.0,0.03351
2025-09-26 22:20:00,Uno M404,0.006849999999999999,0.03129,0.0,0.0,0.0,0.0,0.0,0.0072,0.0,0.0,0.0,0.00423,0.0,0.0,0.0,0.0,0.0,0.03344
2025-09-26 22:25:00,Uno M404,0.006679999999999999,0.03149,0.0,0.0,0.0,0.0,0.0,0.007,0.0,0.0,0.0,0.00421,0.0,0.0,0.0,0.0,0.0,0.03362
2025-09-26 22:30:00,Uno M404,0.006809999999999999,0.03159,0.0,0.0,0.0,0.0,0.0,0.007,0.0,0.0,0.0,0.00436,0.0,0.0,0.0,0.0,0.0,0.03359
2025-09-26 22:35:00,Uno M404,0.0066,1.1546800000000002,0.0,0.0,0.08828,0.0,0.0,0.00714,0.0,0.0,0.0,0.09215000000000001,0.0,0.0,0.0,0.0,0.0,1.15697
2025-09-26 22:40:00,Uno M404,0.00637,0.03163,0.0,0.0,0.08031999999999999,0.0,0.0,0.006730000000000001,0.0,0.0,0.0,0.08411,0.0,0.0,0.0,0.0,0.0,0.03379
2025-09-26 22:45:00,Uno M404,0.00636,0.03161,0.0,0.0,0.0,0.0,0.0,0.0067,0.0,0.0,0.0,0.00442,0.0,0.0,0.0,0.0,0.0,0.03384
2025-09-26 22:50:00,Uno M404,0.00645,0.03175,0.0,0.0,0.0,0.0,0.0,0.00698,0.0,0.0,0.0,0.0040999999999999995,0.0,0.0,0.0,0.0,0.0,0.034
2025-09-26 22:55:00,Uno M404,0.00646,0.03179,0.0,0.0,0.0,0.0,0.0,0.0067599999999999995,0.0,0.0,0.0,0.00414,0.0,0.0,0.0,0.0,0.0,0.03384
2025-09-26 23:00:00,Uno M404,0.00671,0.03168,0.0,0.0,0.0,0.0,0.0,0.00714,0.0,0.0,0.0,0.00425,0.0,0.0,0.0,0.0,0.0,0.0337
2025-09-26 23:05:00,Uno M404,0.00663,1.15663,0.0,0.0,0.0,0.0,0.0,0.00725,0.0,0.0,0.0,0.00396,0.0,0.0,0.0,0.0,0.0,1.15903
2025-09-26 23:10:00,Uno M404,0.0067599999999999995,0.03165,0.0,0.0,0.0,0.0,0.0,0.00721,0.0,0.0,0.0,0.00395,0.0,0.0,0.0,0.0,0.0,0.033909999999999996
2025-09-26 23:15:00,Uno M404,0.00664,1.14926,0.0,0.0,0.0,0.0,0.0,0.00733,0.0,0.0,0.0,0.00379,0.0,0.0,0.0,0.0,0.0,1.1516099999999998
2025-09-26 23:20:00,Uno M404,0.00654,0.03197,0.0,0.0,0.09065999999999999,0.0,0.0,0.0069900000000000006,0.0,0.0,0.0,0.09453,0.0,0.0,0.0,0.0,0.0,0.03406
2025-09-26 23:25:00,Uno M404,0.0065,0.03209,0.0,0.0,0.08119,0.0,0.0,0.00698,0.0,0.0,0.0,0.08481999999999999,0.0,0.0,0.0,0.0,0.0,0.03413
2025-09-26 23:30:00,Uno M404,0.00658,0.03204,0.0,0.0,0.0,0.0,0.0,0.00688,0.0,0.0,0.0,0.00405,0.0,0.0,0.0,0.0,0.0,0.03436
2025-09-26 23:35:00,Uno M404,0.00661,0.03209,0.0,0.0,0.0,0.0,0.0,0.0071200000000000005,0.0,0.0,0.0,0.00377,0.0,0.0,0.0,0.0,0.0,0.03407
2025-09-26 23:40:00,Uno M404,0.01383,1.1772,0.0,0.0,0.0,0.0,0.0,0.01443,0.0,0.0,0.0,0.00354,0.0,0.0,0.0,0.0,0.0,1.17973
2025-09-26 23:45:00,Uno M404,0.0,0.03188,0.0,0.0,0.0,0.0,0.05442,8e-05,0.0,0.0,0.0,0.00376,0.0,0.0,0.0,0.0,0.0,0.11039
2025-09-26 23:50:00,Uno M404,0.0,1.1689100000000001,0.0,0.0,0.0,0.0,0.14681,2e-05,0.0,0.0,0.0,0.00365,0.0,0.0,0.0,0.0,0.0,1.33957
2025-09-26 23:55:00,Uno M404,0.0,1.17466,0.0,0.0,0.0,0.0,0.14587999999999998,5.9999999999999995e-05,0.0,0.0,0.0,0.00366,0.0,0.0,0.0,0.0,0.0,1.3445
2025-09-27 00:00:00,Uno M404,0.0,1.1756300000000002,0.0,0.0,0.0,0.0,0.14737,1e-05,0.0,0.0,0.0,0.00404,0.0,0.0,0.0,0.0,0.0,1.3468499999999999
2025-09-27 00:05:00,Uno M404,0.0,1.18452,0.0,0.0,0.09426000000000001,0.0,0.14573,0.0,0.0,0.0,0.0,0.09886,0.0,0.0,0.0,0.0,0.0,1.3549
2025-09-27 00:10:00,Uno M404,0.0,1.1849,0.0,0.0,0.08273,0.0,0.14443,0.0,0.0,0.0,0.0,0.08744,0.0,0.0,0.0,0.0,0.0,1.35296
2025-09-27 00:15:00,Uno M404,0.0,0.03189,0.0,0.0,0.07823000000000001,0.0,0.14302,0.0,0.0,0.0,0.0,0.0831,0.0,0.0,0.0,0.0,0.0,0.17787999999999998
2025-09-27 00:20:00,Uno M404,0.9302999999999999,1.19631,0.9083300000000001,0.0,0.0,0.0,0.13736,0.02164,0.0,0.0,0.0,0.00437,0.0,0.0,0.0,0.0,0.0,1.3366900000000002
2025-09-27 00:25:00,Uno M404,1.07288,0.03232,1.05073,0.0,0.0,0.0,0.13801,0.02186,0.0,0.0,0.0,0.00518,0.0,0.0,0.0,0.0,0.0,0.17326
2025-09-27 00:30:00,Uno M404,1.10008,1.18616,1.07805,0.0,0.0,0.0,0.13538999999999998,0.02184,0.0,0.0,0.0,0.00443,0.0,0.0,0.0,0.0,0.0,1.32467
2025-09-27 00:35:00,Uno M404,1.10352,0.032380000000000006,1.08138,0.0,0.0,0.0,0.13241999999999998,0.02173,0.0,0.0,0.0,0.0047599999999999995,0.0,0.0,0.0,0.0,0.0,0.16755
2025-09-27 00:40:00,Uno M404,1.09323,1.16618,1.0711199999999999,0.0,0.0,0.0,0.13215000000000002,0.021929999999999998,0.0,0.0,0.0,0.00487,0.0,0.0,0.0,0.0,0.0,1.30134
2025-09-27 00:45:00,Uno M404,1.08789,0.032420000000000004,1.08625,0.0,0.0,0.0,0.13231,0.0,0.0,0.0,0.0,0.00411,0.0,0.0,0.0,0.0,0.0,0.16762
2025-09-27 00:50:00,Uno M404,1.07765,0.03233,1.07597,0.0,0.09858,0.0,0.13019999999999998,0.0,0.0,0.0,0.0,0.1027,0.0,0.0,0.0,0.0,0.0,0.16536
2025-09-27 00:55:00,Uno M404,1.0708199999999999,0.03252,1.0691199999999998,0.0,0.08522,0.0,0.12906,0.0,0.0,0.0,0.0,0.08986,0.0,0.0,0.0,0.0,0.0,0.16434
2025-09-27 01:00:00,Uno M404,1.06602,0.03252,1.0643,0.0,0.07987000000000001,0.0,0.12721,0.0,0.0,0.0,0.0,0.08393,0.0,0.0,0.0,0.0,0.0,0.16274
2025-09-27 01:05:00,Uno M404,1.06806,1.1703800000000002,1.06641,0.0,0.0,0.0,0.12628,0.0,0.0,0.0,0.0,0.00391,0.0,0.0,0.0,0.0,0.0,1.2995999999999999
2025-09-27 01:10:00,Uno M404,1.06327,0.03245,1.06157,0.0,0.0,0.0,0.11173000000000001,0.0,0.0,0.0,0.0,0.004849999999999999,0.0,0.0,0.0,0.0,0.0,0.14699
2025-09-27 01:15:00,Uno M404,0.031420000000000003,1.15853,0.03039,0.0,0.0,0.0,0.11134000000000001,1e-05,0.0,0.0,0.0,0.004860000000000001,0.0,0.0,0.0,0.0,0.0,1.2730899999999998
2025-09-27 01:20:00,Uno M404,1.06808,0.032350000000000004,1.0664,0.0,0.0,0.0,0.13069,0.0,0.0,0.0,0.0,0.0059900000000000005,0.0,0.0,0.0,0.0,0.0,0.16579
2025-09-27 01:25:00,Uno M404,1.06376,1.15718,1.0622,0.0,0.0,0.0,0.13086,5.9999999999999995e-05,0.0,0.0,0.0,0.00394,0.0,0.0,0.0,0.0,0.0,1.29103
2025-09-27 01:30:00,Uno M404,1.05832,0.03269,1.0506300000000002,0.0,0.09944,0.0,0.13031,0.0,0.0,0.00561,0.0,0.10321,0.0,0.0,0.0,0.0,0.0,0.16591999999999998
2025-09-27 01:35:00,Uno M404,0.0375,0.89525,0.030449999999999998,0.0,0.08556,0.0,0.13004,5e-05,0.0,0.0057,0.0,0.08904999999999999,0.0,0.0,0.0,0.0,0.0,1.0283499999999999
2025-09-27 01:40:00,Uno M404,1.07537,0.03245,1.0673599999999999,0.0,0.07993,0.0,0.13071000000000002,0.0,0.0,0.00601,0.0,0.08451,0.0,0.0,0.0,0.0,0.0,0.16605
2025-09-27 01:45:00,Uno M404,0.031420000000000003,0.03236,0.030359999999999998,0.0,0.0,1e-05,0.13056,5e-05,0.0,0.0,0.0,0.00441,0.0,0.0,0.0,0.0,0.0,0.16579
2025-09-27 01:50:00,Uno M404,1.09483,0.03233,1.07311,0.0,0.0,0.0,0.03048,0.02144,0.0,0.0,0.0,0.0036,0.0,0.0,0.0,0.0,0.0,0.06554
2025-09-27 01:55:00,Uno M404,1.0921500000000002,0.03259,1.07035,0.0,0.0,0.0,0.03048,0.02151,0.0,0.0,0.0,0.00373,0.0,0.0,0.0,0.0,0.0,0.06602
2025-09-27 02:00:00,Uno M404,1.19764,1.16445,1.17599,0.0,0.0,0.0,0.03626,0.02144,0.0,0.0,0.0,0.0038799999999999998,0.0,0.0,0.0,0.0,0.0,1.20383
2025-09-27 02:05:00,Uno M404,1.08984,0.03268,1.0686,0.0,0.0,0.0,0.03037,0.02103,0.0,0.0,0.0,0.0039700000000000004,0.0,0.0,0.0,0.0,0.0,0.06601
2025-09-27 02:10:00,Uno M404,0.051,1.16051,0.03087,0.0,0.0,0.0,0.03055,0.020640000000000002,0.0,0.0,0.0,0.0036,0.0,0.0,0.0,0.0,0.0,1.19425
2025-09-27 02:15:00,Uno M404,1.08948,0.032990000000000005,1.0695,0.0,0.0,5.9999999999999995e-05,0.030690000000000002,0.01989,0.0,0.0,0.0,0.00382,0.0,0.0,0.0,0.0,0.0,0.06659999999999999
2025-09-27 02:20:00,Uno M404,0.05031,0.03308,0.030809999999999997,0.0,0.08866,2e-05,0.03048,0.019809999999999998,0.0,0.0,0.0,0.092,0.0,0.0,0.0,0.0,0.0,0.06642
2025-09-27 02:25:00,Uno M404,1.0764500000000001,0.03319,1.06589,0.0,0.08155,0.0,0.03022,0.01024,0.0,0.0,0.0,0.08469,0.0,0.0,0.0,0.0,0.0,0.06617
2025-09-27 02:30:00,Uno M404,1.07864,1.16119,1.0652300000000001,0.0,0.0,0.0,0.03053,0.013380000000000001,0.0,0.0,0.0,0.0034500000000000004,0.0,0.0,0.0,0.0,0.0,1.19476
2025-09-27 02:35:00,Uno M404,1.0708,0.03331,1.0573,0.0,0.0,2e-05,0.03023,0.013300000000000001,0.0,0.0,0.0,0.00367,0.0,0.0,0.0,0.0,0.0,0.06637
2025-09-27 02:40:00,Uno M404,1.07706,1.16387,1.06363,0.0,0.0,0.0,0.030420000000000003,0.0135,0.0,0.0,0.0,0.00327,0.0,0.0,0.0,0.0,0.0,1.19743
2025-09-27 02:45:00,Uno M404,1.02039,0.03283,1.00689,0.0,0.0,0.0,0.03041,0.01339,0.0,0.0,0.0,0.0035299999999999997,0.0,0.0,0.0,0.0,0.0,0.06567
2025-09-27 02:50:00,Uno M404,1.08006,1.1578499999999998,1.06664,0.0,0.0,0.0,0.03047,0.01332,0.0,0.0,0.0,0.00337,0.0,0.0,0.0,0.0,0.0,1.1913099999999999
2025-09-27 02:55:00,Uno M404,1.06111,0.03284,1.04739,0.0,0.0,5e-05,0.030629999999999998,0.013300000000000001,0.0,0.0,0.0,0.0035499999999999998,0.0,0.0,0.0,0.0,0.0,0.06627
2025-09-27 03:00:00,Uno M404,0.04356,1.15753,0.03087,0.0,0.0,0.0,0.03058,0.01339,0.0,0.0,0.0,0.00326,0.0,0.0,0.0,0.0,0.0,1.19116
2025-09-27 03:05:00,Uno M404,1.0726099999999998,0.03296,1.0589000000000002,0.0,0.09334999999999999,2e-05,0.03049,0.01332,0.0,0.0,0.0,0.09669,0.0,0.0,0.0,0.0,0.0,0.06636
2025-09-27 03:10:00,Uno M404,0.04357,1.15581,0.03098,0.0,0.08245000000000001,2e-05,0.030510000000000002,0.01339,0.0,0.0,0.0,0.0858,0.0,0.0,0.0,0.0,0.0,1.1896300000000002
2025-09-27 03:15:00,Uno M404,0.04336,0.03264,0.03075,0.0,0.0,0.0,0.03037,0.01333,0.0,0.0,0.0,0.00359,0.0,0.0,0.0,0.0,0.0,0.06593
2025-09-27 03:20:00,Uno M404,1.0752599999999999,1.15736,1.0618699999999999,0.0,0.0,0.0,0.03049,0.01337,0.0,0.0,0.0,0.00347,0.0,0.0,0.0,0.0,0.0,1.19082
2025-09-27 03:25:00,Uno M404,1.0783099999999999,0.033159999999999995,1.06627,0.0,0.0,2e-05,0.03033,0.01191,0.0,0.0,0.0,0.00369,0.0,0.0,0.0,0.0,0.0,0.06636
2025-09-27 03:30:00,Uno M404,1.0628900000000001,0.033170000000000005,1.05271,0.0,0.0,0.0,0.036090000000000004,0.00983,0.0,0.0,0.0,0.00361,0.0,0.0,0.0,0.0,0.0,0.07226
2025-09-27 03:35:00,Uno M404,1.07175,0.033049999999999996,1.06379,0.0,0.0,4e-05,0.030440000000000002,0.0078,0.0,0.0,0.0,0.00337,0.0,0.0,0.0,0.0,0.0,0.06643
2025-09-27 03:40:00,Uno M404,1.05841,0.033030000000000004,1.05065,0.0,0.0,5.9999999999999995e-05,0.030420000000000003,0.00764,0.0,0.0,0.0,0.0035099999999999997,0.0,0.0,0.0,0.0,0.0,0.06643
2025-09-27 03:45:00,Uno M404,0.03518,0.03293,0.031129999999999998,0.0,0.0,0.0,0.03037,0.00434,0.0,0.0,0.0,0.0034,0.0,0.0,0.0,0.0,0.0,0.06623
2025-09-27 03:50:00,Uno M404,1.06617,1.16508,1.062,0.0,0.09911,0.0,0.030510000000000002,0.00418,0.0,0.0,0.0,0.10267,0.0,0.0,0.0,0.0,0.0,1.1986199999999998
2025-09-27 03:55:00,Uno M404,0.03463,0.03318,0.0312,0.0,0.08571,1e-05,0.03041,0.004059999999999999,0.0,0.0,0.0,0.08904000000000001,0.0,0.0,0.0,0.0,0.0,0.06644
2025-09-27 04:00:00,Uno M404,1.0628199999999999,0.03344,1.0578699999999999,0.0,0.08023999999999999,0.0,0.030440000000000002,0.00479,0.0,0.0,0.0,0.08337,0.0,0.0,0.0,0.0,0.0,0.06662
2025-09-27 04:05:00,Uno M404,0.03427,0.033100000000000004,0.03116,0.0,0.0,4e-05,0.0304,0.00378,0.0,0.0,0.0,0.00337,0.0,0.0,0.0,0.0,0.0,0.06615
2025-09-27 04:10:00,Uno M404,1.0553299999999999,0.033170000000000005,1.05158,0.0,0.0,2e-05,0.03043,0.0035800000000000003,0.0,0.0,0.0,0.0033900000000000002,0.0,0.0,0.0,0.0,0.0,0.06620000000000001
2025-09-27 04:15:00,Uno M404,0.03362,0.033,0.03111,0.0,0.0,0.00025,0.03028,0.0029300000000000003,0.0,0.0,0.0,0.00327,0.0,0.0,0.0,0.0,0.0,0.06628
2025-09-27 04:20:00,Uno M404,1.05689,0.03339,1.0536800000000002,0.0,0.0,2e-05,0.030379999999999997,0.00315,0.0,0.0,0.0,0.0034500000000000004,0.0,0.0,0.0,0.0,0.0,0.06654
2025-09-27 04:25:00,Uno M404,0.03269,0.03313,0.03095,0.0,0.0,4e-05,0.03037,0.00213,0.0,0.0,0.0,0.0035299999999999997,0.0,0.0,0.0,0.0,0.0,0.06644
2025-09-27 04:30:00,Uno M404,1.06406,0.033159999999999995,1.06089,0.0,0.0,4e-05,0.030440000000000002,0.00298,0.0,0.0,0.0,0.00348,0.0,0.0,0.0,0.0,0.0,0.0665
2025-09-27 04:35:00,Uno M404,0.03435,1.1593099999999998,0.03136,0.0,0.0,0.0,0.03055,0.00352,0.0,0.0,0.0,0.00317,0.0,0.0,0.0,0.0,0.0,1.19298
2025-09-27 04:40:00,Uno M404,1.06757,0.032920000000000005,1.0652300000000001,0.0,0.08876,4e-05,0.030629999999999998,0.00226,0.0,0.0,0.0,0.09189,0.0,0.0,0.0,0.0,0.0,0.06655
2025-09-27 04:45:00,Uno M404,1.0167,1.1636,1.01447,0.0,0.08154,5e-05,0.030510000000000002,0.0022400000000000002,0.0,0.0,0.0,0.08465,0.0,0.0,0.0,0.0,0.0,1.19736
2025-09-27 04:50:00,Uno M404,0.03294,0.03289,0.03114,0.0,0.0,0.0,0.030350000000000002,0.00222,0.0,0.0,0.0,0.00404,0.0,0.0,0.0,0.0,0.0,0.06626
2025-09-27 04:55:00,Uno M404,1.06522,1.16635,1.06077,0.0,0.0,5e-05,0.03058,0.00424,0.0,0.0,0.0,0.00747,0.0,0.0,0.0,0.0,0.0,1.19991
2025-09-27 05:00:00,Uno M404,0.03426,0.03315,0.031190000000000002,0.0,0.0,5e-05,0.03028,0.0033900000000000002,0.0,0.0,0.0,0.00744,0.0,0.0,0.0,0.0,0.0,0.06649
2025-09-27 05:05:00,Uno M404,0.03405,0.0327,0.03089,0.0,0.0,5e-05,0.030359999999999998,0.00357,0.0,0.0,0.0,0.007549999999999999,0.0,0.0,0.0,0.0,0.0,0.06611
2025-09-27 05:10:00,Uno M404,1.0594400000000002,0.03275,1.05549,0.0,0.0,0.00013000000000000002,0.03037,0.00377,0.0,0.0,0.0,0.0076100000000000004,0.0,0.0,0.0,0.0,0.0,0.06609999999999999
2025-09-27 05:15:00,Uno M404,0.03459,0.03239,0.03086,0.0,0.0,8e-05,0.03047,0.00392,0.0,0.0,0.0,0.0033900000000000002,0.0,0.0,0.0,0.0,0.0,0.06592
2025-09-27 05:20:00,Uno M404,0.03392,0.03233,0.03082,0.0,0.0,2e-05,0.03034,0.00342,0.0,0.0,0.0,0.00344,0.0,0.0,0.0,0.0,0.0,0.06554
2025-09-27 05:25:00,Uno M404,1.05916,0.032490000000000005,1.05626,0.0,0.09459999999999999,0.0,0.03031,0.00281,0.0,0.0,0.0,0.09806999999999999,0.0,0.0,0.0,0.0,0.0,0.06573000000000001
2025-09-27 05:30:00,Uno M404,0.03312,0.03245,0.03096,0.0,0.08329,0.0,0.030350000000000002,0.00265,0.0,0.0,0.0,0.08662,0.0,0.0,0.0,0.0,0.0,0.06564
2025-09-27 05:35:00,Uno M404,1.0718800000000002,0.032479999999999995,1.0678599999999998,0.0,0.0,5.9999999999999995e-05,0.030420000000000003,0.00394,0.0,0.0,0.0,0.00373,0.0,0.0,0.0,0.0,0.0,0.06570000000000001
2025-09-27 05:40:00,Uno M404,0.03359,0.032479999999999995,0.030600000000000002,0.0,0.0,4e-05,0.02998,0.00357,0.0,0.0,0.0,0.00368,0.0,0.0,0.0,0.0,0.0,0.06509000000000001
2025-09-27 05:45:00,Uno M404,1.0678299999999998,0.032299999999999995,1.06389,0.0,0.0,1e-05,0.03034,0.0039900000000000005,0.0,0.0,0.0,0.00369,0.0,0.0,0.0,0.0,0.0,0.0655
2025-09-27 05:50:00,Uno M404,1.04524,0.03218,1.0428199999999999,0.0,0.0,4e-05,0.030440000000000002,0.0024,0.0,0.0,0.0,0.00348,0.0,0.0,0.0,0.0,0.0,0.0655
2025-09-27 05:55:00,Uno M404,0.034210000000000004,0.03185,0.03034,0.0,0.0,1e-05,0.0304,0.00437,0.0,0.0,0.0,0.0034500000000000004,0.0,0.0,0.0,0.0,0.0,0.06520000000000001
2025-09-27 06:00:00,Uno M404,1.05606,0.03225,1.05264,0.0,0.0,1e-05,0.03016,0.0034,0.0,0.0,0.0,0.00349,0.0,0.0,0.0,0.0,0.0,0.06547
2025-09-27 06:05:00,Uno M404,0.0322,0.03198,0.030379999999999997,0.0,0.0,7.000000000000001e-05,0.0304,0.00232,0.0,0.0,0.0,0.00379,0.0,0.0,0.0,0.0,0.0,0.06531999999999999
2025-09-27 06:10:00,Uno M404,1.06656,1.14548,1.0635999999999999,0.0,0.10012,0.0,0.030440000000000002,0.0029500000000000004,0.0,0.0,0.0,0.10309,0.0,0.0,0.0,0.0,0.0,1.17881
2025-09-27 06:15:00,Uno M404,1.03896,0.03194,1.0342799999999999,0.0,0.08542,8.999999999999999e-05,0.03024,0.00458,0.0,0.0,0.0,0.0884,0.0,0.0,0.0,0.0,0.0,0.06519
2025-09-27 06:20:00,Uno M404,0.033299999999999996,0.03162,0.0298,0.0,0.07912000000000001,1e-05,0.0303,0.00391,0.0,0.0,0.0,0.08238,0.0,0.0,0.0,0.0,0.0,0.06478
2025-09-27 06:25:00,Uno M404,1.04998,0.03138,1.04753,0.0,0.0,0.00017999999999999998,0.03056,0.00227,0.0,0.0,0.0,0.00335,0.0,0.0,0.0,0.0,0.0,0.06488
2025-09-27 06:30:00,Uno M404,1.00714,0.03165,1.00468,0.0,0.0,0.00022,0.03031,0.00199,0.0,0.0,0.0,0.00342,0.0,0.0,0.0,0.0,0.0,0.06503
2025-09-27 06:35:00,Uno M404,0.031219999999999998,0.03135,0.02927,0.0,0.0,0.00011,0.0303,0.00242,0.0,0.0,0.0,0.0034,0.0,0.0,0.0,0.0,0.0,0.06439
2025-09-27 06:40:00,Uno M404,1.04651,0.03157,1.04405,0.0,0.0,8e-05,0.03008,0.0025,0.0,0.0,0.0,0.00375,0.0,0.0,0.0,0.0,0.0,0.06429
2025-09-27 06:45:00,Uno M404,0.98812,1.1318800000000002,0.98393,0.0,0.0,0.00026000000000000003,0.03041,0.00411,0.0,0.0,0.0,0.0033799999999999998,0.0,0.0,0.0,0.0,0.0,1.1653
2025-09-27 06:50:00,Uno M404,0.95438,0.03121,0.9502200000000001,0.0,0.0,0.00037,0.03016,0.00412,0.0,0.0,0.0,0.00325,0.0,0.0,0.0,0.0,0.0,0.06434000000000001
2025-09-27 06:55:00,Uno M404,0.03149,0.03087,0.02966,0.0,0.0,0.00033,0.03031,0.00233,0.0,0.0,0.0,0.00312,0.0,0.0,0.0,0.0,0.0,0.064
2025-09-27 07:00:00,Uno M404,1.05702,0.03139,1.0546099999999998,0.0,0.09111,0.00027,0.030260000000000002,0.00229,0.0,0.0,0.0,0.09405,0.0,0.0,0.0,0.0,0.0,0.06462000000000001
2025-09-27 07:05:00,Uno M404,0.03202,0.03102,0.02958,0.0,0.08070000000000001,0.00011,0.030379999999999997,0.0029100000000000003,0.0,0.0,0.0,0.08403000000000001,0.0,0.0,0.0,0.0,0.0,0.06418
2025-09-27 07:10:00,Uno M404,1.04732,0.03127,1.0449000000000002,0.0,0.0,0.00020999999999999998,0.030170000000000002,0.00257,0.0,0.0,0.0,0.00365,0.0,0.0,0.010230000000000001,0.0,0.0,0.07490000000000001
2025-09-27 07:15:00,Uno M404,0.030670000000000003,0.03131,0.02889,0.0,0.0,0.00034,0.03015,0.00222,0.0,0.0,0.0,0.00359,0.0,0.0,0.0,0.0,0.0,0.06412999999999999
2025-09-27 07:20:00,Uno M404,1.0509300000000001,0.031010000000000003,1.0493599999999998,0.0,0.0,0.00011,0.030199999999999998,0.00235,0.0,0.0,0.0,0.00319,0.0,0.0,0.0,0.0,0.0,0.06412000000000001
2025-09-27 07:25:00,Uno M404,1.01833,0.03116,1.01598,0.0,0.0,0.00039,0.03016,0.00242,0.0,0.0,0.0,0.0033399999999999997,0.0,0.0,0.0,0.0,0.0,0.06426000000000001
2025-09-27 07:30:00,Uno M404,0.030539999999999998,0.031010000000000003,0.02876,0.0,0.0,0.00046,0.03015,0.0025099999999999996,0.0,0.0,0.0,0.00311,0.0,0.0,0.0,0.0,0.0,0.06401000000000001
2025-09-27 07:35:00,Uno M404,1.04001,0.031120000000000002,1.03782,0.0,0.0,0.00058,0.03022,0.00233,0.0,0.0,0.0,0.00318,0.0,0.0,0.0,0.0,0.0,0.06425
2025-09-27 07:40:00,Uno M404,0.03074,1.12782,0.02894,0.0,0.0,0.00026000000000000003,0.03009,0.0024,0.0,0.0,0.0,0.00296,0.0,0.0,0.0,0.0,0.0,1.16085
2025-09-27 07:45:00,Uno M404,1.0585799999999999,0.03127,1.0558599999999998,0.0,0.09768,0.00027,0.03027,0.00272,0.0,0.0,0.0,0.10053,0.0,0.0,0.0,0.0,0.0,0.06434999999999999
2025-09-27 07:50:00,Uno M404,1.03356,0.030780000000000002,1.03127,0.0,0.0837,0.00041999999999999996,0.03021,0.00229,0.0,0.0,0.0,0.08655,0.0,0.0,0.0,0.0,0.0,0.0638
2025-09-27 07:55:00,Uno M404,0.031010000000000003,0.030899999999999997,0.02931,0.0,0.07784999999999999,0.00028000000000000003,0.03033,0.00226,0.0,0.0,0.0,0.08056,0.0,0.0,0.0,0.0,0.0,0.06408
2025-09-27 08:00:00,Uno M404,1.05249,0.030920000000000003,1.05027,0.0,0.0,0.00047,0.030170000000000002,0.00231,0.0,0.0,0.0,0.00297,0.0,0.0,0.0,0.0,0.0,0.06386
2025-09-27 08:05:00,Uno M404,0.99929,1.13365,0.9969199999999999,0.0,0.0,0.00026000000000000003,0.0303,0.0026,0.0,0.0,0.0,0.00292,0.0,0.0,0.0,0.0,0.0,1.167
2025-09-27 08:10:00,Uno M404,0.03032,0.03084,0.02861,0.0,0.0,0.00068,0.03014,0.0024100000000000002,0.0,0.0,0.0,0.00313,0.0,0.0,0.0,0.0,0.0,0.0638
2025-09-27 08:15:00,Uno M404,1.0371400000000002,0.031,1.0348199999999999,0.0,0.0,0.0005,0.030100000000000002,0.00239,0.0,0.0,0.0,0.00318,0.0,0.0,0.0,0.0,0.0,0.0638
2025-09-27 08:20:00,Uno M404,0.00109,0.03065,0.0,0.0,0.0,0.00041999999999999996,0.03013,0.00252,0.0,0.0,0.0,0.00326,0.0,0.0,0.0,0.0,0.0,0.06374
2025-09-27 08:25:00,Uno M404,0.00062,0.03062,0.0,0.0,0.0,0.00017999999999999998,0.03023,0.0024100000000000002,0.0,0.0,0.0,0.00317,0.0,0.0,0.0,0.0,0.0,0.06366
2025-09-27 08:30:00,Uno M404,0.00034,1.12073,0.0,0.0,0.0,0.00023,0.030420000000000003,0.0024700000000000004,0.0,0.0,0.0,0.003,0.0,0.0,0.0,0.0,0.0,1.1541400000000002
2025-09-27 08:35:00,Uno M404,0.00124,0.03027,0.0,0.0,0.08849,0.00035,0.03018,0.00267,0.0,0.0,0.0,0.09137,0.0,0.0,0.0,0.0,0.0,0.06338
2025-09-27 08:40:00,Uno M404,0.00047999999999999996,0.03049,0.0,0.0,0.07951000000000001,0.00054,0.02987,0.00231,0.0,0.0,0.0,0.08242000000000001,0.0,0.0,0.0,0.0,0.0,0.06326
2025-09-27 08:45:00,Uno M404,0.00087,0.030699999999999998,0.0,0.0,0.0,0.00034,0.03015,0.00242,0.0,0.0,0.0,0.00326,0.0,0.0,0.0,0.0,0.0,0.06371
2025-09-27 08:50:00,Uno M404,0.0015300000000000001,0.03068,0.0,0.0,0.0,0.00049,0.03009,0.00261,0.0,0.0,0.0,0.00319,0.0,0.0,0.0,0.0,0.0,0.06378
2025-09-27 08:55:00,Uno M404,0.00032,1.13324,0.0,0.0,0.0,0.00043,0.030359999999999998,0.00239,0.0,0.0,0.0,0.00273,0.0,0.0,0.0,0.0,0.0,1.16673
2025-09-27 09:00:00,Uno M404,0.0005600000000000001,0.03077,0.0,0.0,0.0,0.0007099999999999999,0.03008,0.00228,0.0,0.0,0.0,0.0029100000000000003,0.0,0.0,0.0,0.0,0.0,0.06395
2025-09-27 09:05:00,Uno M404,0.02949,0.03065,0.0,0.0,0.0,0.0004,0.030170000000000002,0.00248,0.0,0.026850000000000002,0.0,0.0030800000000000003,0.0,0.0,0.0,0.0,0.0,0.06387
2025-09-27 09:10:00,Uno M404,0.02916,0.030170000000000002,0.0,0.0,0.0,0.00062,0.03023,0.00229,0.0,0.02674,0.0,0.00335,0.0,0.0,0.0,0.0,0.0,0.06326
2025-09-27 09:15:00,Uno M404,0.02354,0.03158,0.0,0.0,0.0,0.00064,0.030010000000000002,0.00237,0.0,0.02115,0.0,0.00297,0.0,0.0,0.0,0.0,0.0,0.06448999999999999
2025-09-27 09:20:00,Uno M404,0.0232,0.03145,0.0,0.0,0.09576000000000001,0.00108,0.03016,0.0023799999999999997,0.0,0.020730000000000002,0.0,0.09799,0.0,0.0,0.0,0.0,0.0,0.06441
2025-09-27 09:25:00,Uno M404,0.02334,0.03061,0.0,0.0,0.08228,0.00069,0.03008,0.00234,0.0,0.02104,0.0,0.08465,0.0,0.0,0.0,0.0,0.0,0.06373
2025-09-27 09:30:00,Uno M404,0.02389,0.030760000000000003,0.0,0.0,0.07708,0.00093,0.030289999999999997,0.00237,0.0,0.02067,0.0,0.07947,0.0,0.0,0.0,0.0,0.0,0.064
2025-09-27 09:35:00,Uno M404,0.023350000000000003,0.030699999999999998,0.0,0.0,0.0,0.0009,0.030170000000000002,0.0024,0.0,0.02091,0.0,0.0029100000000000003,0.0,0.0,0.0,0.0,0.0,0.06367
2025-09-27 09:40:00,Uno M404,0.02361,0.030760000000000003,0.0,0.0,0.0,0.0012,0.02983,0.00257,0.0,0.02089,0.0,0.00262,0.0,0.0,0.0,0.0,0.0,0.06355
2025-09-27 09:45:00,Uno M404,0.02308,0.03087,0.0,0.0,0.0,0.0009699999999999999,0.030199999999999998,0.00239,0.0,0.02071,0.0,0.00254,0.0,0.0,0.0,0.0,0.0,0.06392
2025-09-27 09:50:00,Uno M404,0.02373,0.031030000000000002,0.0,0.0,0.0,0.00132,0.02996,0.0025800000000000003,0.0,0.02097,0.0,0.0027,0.0,0.0,0.0,0.0,0.0,0.064
2025-09-27 09:55:00,Uno M404,0.02314,0.030809999999999997,0.0,0.0,0.0,0.00145,0.02996,0.0024,0.0,0.02076,0.0,0.00256,0.0,0.0,0.0,0.0,0.0,0.06389
2025-09-27 10:00:00,Uno M404,0.023030000000000002,0.03075,0.0,0.0,0.0,0.0012,0.02987,0.0024100000000000002,0.0,0.0205,0.0,0.00273,0.0,0.0,0.0,0.0,0.0,0.06365
2025-09-27 10:05:00,Uno M404,0.02259,0.030780000000000002,0.0,0.0,0.0,0.00113,0.03004,0.00028000000000000003,0.0,0.02076,0.0,0.0025099999999999996,0.0,0.0,0.0,0.0,0.0,0.06381
2025-09-27 10:10:00,Uno M404,0.022359999999999998,0.03062,0.0,0.0,0.08738,0.0010400000000000001,0.030109999999999998,1e-05,0.0,0.02053,0.0,0.10304,0.0,0.0,0.0,0.0,0.0,0.06351
2025-09-27 10:15:00,Uno M404,0.022269999999999998,0.03083,0.0,0.0,0.07884999999999999,0.0009,0.02998,0.00028000000000000003,0.0,0.02038,0.0,0.08848,0.0,0.0,0.0,0.0,0.0,0.06382
2025-09-27 10:20:00,Uno M404,0.02241,0.03056,0.0,0.0,0.0,0.0009699999999999999,0.03545,0.00035999999999999997,0.0,0.02045,0.0,0.009859999999999999,0.0,0.0,0.0,0.0,0.0,0.06908
2025-09-27 10:25:00,Uno M404,0.02249,0.9632200000000001,0.0,0.0,0.0,0.00123,0.03024,0.00109,0.0,0.020730000000000002,0.0,0.009519999999999999,0.0,0.0,0.0,0.0,0.0,0.9966900000000001
2025-09-27 10:30:00,Uno M404,0.022359999999999998,0.00025,0.0,0.0,0.0,0.00158,0.03,0.00046,0.0,0.02051,0.0,0.009859999999999999,0.0,0.0,0.0,0.0,0.0,0.03464
2025-09-27 10:35:00,Uno M404,0.02247,0.00043,0.0,0.0,0.0,0.0016,0.030379999999999997,0.00051,0.0,0.020579999999999998,0.0,0.009699999999999999,0.0,0.0,0.0,0.0,0.0,0.03501
2025-09-27 10:40:00,Uno M404,0.02895,0.00038,0.0,0.0,0.0,0.0011899999999999999,0.03007,0.00046,0.0,0.02702,0.0,0.009800000000000001,0.0,0.0,0.03161,0.0,0.0,0.06711
2025-09-27 10:45:00,Uno M404,0.02891,0.00028000000000000003,0.0,0.0,0.0,0.00172,0.10128,0.00016,0.0,0.02708,0.0,0.04043,0.0,0.0,0.01988,0.0,0.0,0.12648
2025-09-27 10:50:00,Uno M404,0.0,0.00026000000000000003,0.0,0.0,0.0,0.00146,0.11992,0.00093,0.0,0.0,0.0,0.039229999999999994,0.0,0.0,0.0,0.0,0.0,0.12439
2025-09-27 10:55:00,Uno M404,1e-05,0.00023,0.0,0.0,0.09568,0.00108,0.12137,0.00094,0.0,0.0,0.0,0.13563999999999998,0.0,0.0,0.0,0.0,0.0,0.12593000000000001
2025-09-27 11:00:00,Uno M404,0.00746,0.00022,0.0,0.0,0.08286,0.00165,0.12486,0.00015,0.0,0.005809999999999999,0.0,0.1212,0.0,0.0,0.0,0.0,0.0,0.12940000000000002
2025-09-27 11:05:00,Uno M404,0.0,0.00063,0.0,0.0,0.07757,0.00157,0.12425,0.00068,0.0,0.0,0.0,0.11585,0.0,0.0,0.01033,0.0,0.0,0.13989
2025-09-27 11:10:00,Uno M404,0.00736,0.0002,0.0,0.0,0.0,0.0013700000000000001,0.12749,0.00020999999999999998,0.0,0.00563,0.0,0.03918,0.0,0.0,0.0,0.0,0.0,0.13205
2025-09-27 11:15:00,Uno M404,0.00739,0.00011999999999999999,0.0,0.0,0.0,0.00159,0.11281999999999999,0.00039,0.0,0.00567,0.0,0.03882,0.0,0.0,0.0,0.0,0.0,0.11731
2025-09-27 11:20:00,Uno M404,0.00736,7.000000000000001e-05,0.0,0.0,0.0,0.00176,0.0,0.0002,0.0,0.00554,0.0,0.0595,0.0,0.0,0.0,0.0,0.0,0.00415
2025-09-27 11:25:00,Uno M404,0.00738,0.00041,0.0,0.0,0.0,0.0016,0.0,0.00026000000000000003,0.0,0.00558,0.0,0.031760000000000004,0.0,0.0,0.0,0.0,0.0,0.00414
2025-09-27 11:30:00,Uno M404,0.00725,0.00011,0.0,0.0,0.0,0.00164,0.0,0.00028000000000000003,0.0,0.00551,0.0,0.03158,0.0,0.0,0.0,0.0,0.0,0.00414
2025-09-27 11:35:00,Uno M404,0.00725,0.00034,0.0,0.0,0.0,0.00174,0.0,0.00032,0.0,0.00552,0.0,0.03157,0.0,0.0,0.0,0.0,0.0,0.004070000000000001
2025-09-27 11:40:00,Uno M404,0.00732,0.00029,0.0,0.0,0.0,0.0016699999999999998,0.0,0.00031,0.0,0.00567,0.0,0.03157,0.0,0.0,0.0,0.0,0.0,0.00419
2025-09-27 11:45:00,Uno M404,0.00729,0.0002,0.0,0.0,0.08904999999999999,0.0016699999999999998,0.10274,0.00029,0.0,0.0056500000000000005,0.0,0.11998,0.0,0.0,0.0,0.0,0.0,0.10733
2025-09-27 11:50:00,Uno M404,0.0072699999999999996,0.00028000000000000003,0.0,0.0,0.08048999999999999,0.00145,0.10423,0.00051,0.0,0.00551,0.0,0.11152,0.0,0.0,0.0,0.0,0.0,0.1088
2025-09-27 11:55:00,Uno M404,0.00721,0.00013000000000000002,0.0,0.0,0.0,0.00166,0.10162,0.00033,0.0,0.00574,0.0,0.03177,0.0,0.0,0.0,0.0,0.0,0.10624
2025-09-27 12:00:00,Uno M404,0.00723,0.00035999999999999997,0.0,0.0,0.0,0.00172,0.10396,0.00062,0.0,0.0058,0.0,0.03257,0.0,0.0,0.0,0.0,0.0,0.1088
2025-09-27 12:05:00,Uno M404,0.00741,0.00032,0.0,0.0,0.0,0.0019399999999999999,0.10182,0.00015,0.0,0.005719999999999999,0.0,0.03878,0.0,0.0,0.0,0.0,0.0,0.10654999999999999
2025-09-27 12:10:00,Uno M404,0.00738,0.00031,0.0,0.0,0.0,0.0019399999999999999,0.10308,0.00028000000000000003,0.0,0.00571,0.0,0.0389,0.0,0.0,0.0,0.0,0.0,0.10779000000000001
2025-09-27 12:15:00,Uno M404,0.02924,0.0014,0.0,0.0,0.0,0.00702,0.40028,0.00216,0.0,0.0228,0.0,0.15572,0.0,0.0,0.0,0.0,0.0,0.41864
2025-09-27 12:20:00,Uno M404,0.00725,0.00035,0.0,0.0,0.09462999999999999,0.00183,0.10357,0.00044,0.0,0.0056500000000000005,0.0,0.13343,0.0,0.0,0.0,0.0,0.0,0.10826999999999999
2025-09-27 12:25:00,Uno M404,0.00725,0.00051,0.0,0.0,0.08753,0.00189,0.10276,0.00046,0.0,0.00554,0.0,0.12553,0.0,0.0,0.0,0.0,0.0,0.10744
2025-09-27 12:30:00,Uno M404,0.00734,0.00038,0.0,0.0,0.08725,0.00199,0.09964,0.00061,0.0,0.00579,0.0,0.17959999999999998,0.0,0.0,0.0,0.0,0.0,0.10436
2025-09-27 12:35:00,Uno M404,0.00745,0.00041999999999999996,0.0,0.0,0.08598,0.00197,0.09865,0.0007099999999999999,0.0,0.00566,0.0,0.16698,0.0,0.0,0.0,0.0,0.0,0.10362
2025-09-27 12:40:00,Uno M404,0.00749,0.00027,0.0,0.0,0.08308,0.0019299999999999999,0.06895,0.00095,0.0,0.005719999999999999,0.0,0.16274,0.0,0.0,0.0,0.0,0.0,0.07332
2025-09-27 12:45:00,Uno M404,0.0076500000000000005,0.00033,0.0,0.0,0.08063,0.00204,0.10027,0.00067,0.0,0.00577,0.0,0.15879,0.0,0.0,0.0,0.0,0.0,0.10485
2025-09-27 12:50:00,Uno M404,0.0075899999999999995,0.00033,0.0,0.0,0.0,0.0020099999999999996,0.09897,0.00044,0.0,0.00578,0.0,0.07861,0.0,0.0,0.0,0.0,0.0,0.10361
2025-09-27 12:55:00,Uno M404,0.00758,0.00035,0.0,0.0,0.0,0.00214,0.09897,0.00062,0.0,0.00584,0.0,0.0788,0.0,0.0,0.0,0.0,0.0,0.10356
2025-09-27 13:00:00,Uno M404,0.0075899999999999995,0.0007199999999999999,0.0,0.0,0.0,0.00215,0.09975,0.00074,0.0,0.00578,0.0,0.07916,0.0,0.0,0.0,0.0,0.0,0.10475
2025-09-27 13:05:00,Uno M404,0.00756,0.00055,0.0,0.0,0.0,0.0021000000000000003,0.09947,0.00073,0.0,0.005900000000000001,0.0,0.07993,0.0,0.0,0.0,0.0,0.0,0.10415
2025-09-27 13:10:00,Uno M404,0.00739,0.00067,0.0,0.0,0.0,0.00219,0.09954,0.00127,0.0,0.005730000000000001,0.0,0.07968,0.0,0.0,0.0,0.0,0.0,0.10449
2025-09-27 13:15:00,Uno M404,0.00747,0.00043,0.0,0.0,0.10331,0.0022299999999999998,0.09853,0.0012900000000000001,0.0,0.005719999999999999,0.0,0.18208000000000002,0.0,0.0,0.0,0.0,0.0,0.10361
2025-09-27 13:20:00,Uno M404,0.00758,0.00066,0.0,0.0,0.08965999999999999,0.00221,0.09888,0.00127,0.0,0.00574,0.0,0.16867,0.0,0.0,0.0,0.0,0.0,0.1039
2025-09-27 13:25:00,Uno M404,0.00753,0.00045,0.0,0.0,0.0833,0.0022,0.10094,0.0008399999999999999,0.0,0.00571,0.0,0.16305,0.0,0.0,0.0,0.0,0.0,0.10568999999999999
2025-09-27 13:30:00,Uno M404,0.00739,0.00046,0.0,0.0,0.07961,0.00227,0.10112,0.0011200000000000001,0.0,0.00566,0.0,0.15913999999999998,0.0,0.0,0.0,0.0,0.0,0.10604999999999999
2025-09-27 13:35:00,Uno M404,0.00751,0.00049,0.0,0.0,0.0,0.00226,0.10149,0.0014399999999999999,0.0,0.0057,0.0,0.07948000000000001,0.0,0.0,0.0,0.0,0.0,0.10629999999999999
2025-09-27 13:40:00,Uno M404,0.00749,0.0005600000000000001,0.0,0.0,0.0,0.0022299999999999998,0.10284,0.00121,0.0,0.00563,0.0,0.07884000000000001,0.0,0.0,0.0,0.0,0.0,0.1077
2025-09-27 13:45:00,Uno M404,0.0075,0.00041,0.0,0.0,0.0,0.00227,0.1032,0.00098,0.0,0.00563,0.0,0.07868,0.0,0.0,0.0,0.0,0.0,0.10796
2025-09-27 13:50:00,Uno M404,0.00736,0.0006,0.0,0.0,0.0,0.00212,0.10085,0.0015400000000000001,0.0,0.005679999999999999,0.0,0.07976000000000001,0.0,0.0,0.0,0.0,0.0,0.10582
2025-09-27 13:55:00,Uno M404,0.0074,0.00043,0.0,0.0,0.10106,0.0022,0.09906999999999999,0.00044,0.0,0.0058,0.0,0.17907,0.0,0.0,0.0,0.0,0.0,0.10401
2025-09-27 14:00:00,Uno M404,0.00757,0.0005899999999999999,0.0,0.0,0.08874,0.00222,0.1036,0.0008900000000000001,0.0,0.00571,0.0,0.19011,0.0,0.0,0.0,0.0,0.0,0.10875
2025-09-27 14:05:00,Uno M404,0.00746,0.0008900000000000001,0.0,0.0,0.08233,0.00219,0.10316,0.00106,0.0,0.00558,0.0,0.16033,0.0,0.0,0.0,0.0,0.0,0.10798999999999999
2025-09-27 14:10:00,Uno M404,0.00739,0.00049,0.0,0.0,0.07879000000000001,0.0021000000000000003,0.11067,0.0008,0.0,0.00577,0.0,0.17808000000000002,0.0,0.0,0.0,0.0,0.0,0.11531
2025-09-27 14:15:00,Uno M404,0.0074,0.00053,0.0,0.0,0.0,0.0019399999999999999,0.11394,0.00099,0.0,0.005719999999999999,0.0,0.07840000000000001,0.0,0.0,0.0345,0.0,0.0,0.15397
2025-09-27 14:20:00,Uno M404,0.00744,0.00028000000000000003,0.0,0.0,0.0,0.00209,0.10906999999999999,0.00079,0.0,0.00564,0.0,0.07837999999999999,0.0,0.0,0.0,0.0,0.0,0.11370999999999999
2025-09-27 14:25:00,Uno M404,0.00739,0.00045,0.0,0.0,0.0,0.00209,0.10837999999999999,0.00051,0.0,0.005719999999999999,0.0,0.07787000000000001,0.0,0.0,0.0,0.0,0.0,0.11303
2025-09-27 14:30:00,Uno M404,2e-05,0.00046,0.0,0.0,0.0,0.00206,0.10920999999999999,0.00101,0.0,0.0,0.0,0.07837999999999999,0.0,0.0,0.0,0.0,0.0,0.11402
2025-09-27 14:35:00,Uno M404,0.0,0.00043,0.0,0.0,0.10421,0.00206,0.12026,0.0014,0.0,0.0,0.0,0.18278,0.0,0.0,0.0,0.0,0.0,0.12504
2025-09-27 14:40:00,Uno M404,0.0,0.0005200000000000001,0.0,0.0,0.09036,0.00189,0.10811,0.0011899999999999999,0.0,0.0,0.0,0.16778,0.0,0.0,0.0,0.0,0.0,0.11283
2025-09-27 14:45:00,Uno M404,0.0,0.00035999999999999997,0.0,0.0,0.08267000000000001,0.00199,0.11162000000000001,0.0015300000000000001,0.0,0.0,0.0,0.16041,0.0,0.0,0.0,0.0,0.0,0.11631
2025-09-27 14:50:00,Uno M404,0.0075,0.0006,0.0,0.0,0.07984000000000001,0.0019199999999999998,0.11087000000000001,0.00106,0.0,0.00571,0.0,0.15794999999999998,0.0,0.0,0.0,0.0,0.0,0.11572
2025-09-27 14:55:00,Uno M404,0.00743,0.00045,0.0,0.0,0.0,0.00202,0.11034000000000001,0.00028000000000000003,0.0,0.00567,0.0,0.07845,0.0,0.0,0.0,0.0,0.0,0.11495
2025-09-27 15:00:00,Uno M404,0.0,0.00034,0.0,0.0,0.0,0.0018,0.11162000000000001,0.00074,0.0,0.0,0.0,0.07969,0.0,0.0,0.0,0.0,0.0,0.11619
2025-09-27 15:05:00,Uno M404,3.38113,0.00053,0.0,3.35086,0.0,0.0020099999999999996,0.11106999999999999,0.00053,0.0,0.0275,0.0,0.07898000000000001,0.0,0.0,0.0,0.0,0.0,0.11573
2025-09-27 15:10:00,Uno M404,3.37598,0.00069,0.0,3.34584,0.0,0.00202,0.11284000000000001,0.0013700000000000001,0.0,0.02755,0.0,0.07869,0.0,0.0,0.0,0.0,0.0,0.11759
2025-09-27 15:15:00,Uno M404,3.39103,0.00066,0.0,3.3608800000000003,0.0,0.0020099999999999996,0.11184000000000001,0.00049,0.0,0.027420000000000003,0.0,0.08114,0.0,0.0,0.0,0.0,0.0,0.1166
2025-09-27 15:20:00,Uno M404,3.39743,0.00049,0.0,3.3672,0.0,0.0019199999999999998,0.11416,0.00020999999999999998,0.0,0.027530000000000002,0.0,0.0808,0.0,0.0,0.0,0.0,0.0,0.11907
2025-09-27 15:25:00,Uno M404,0.0,0.00026000000000000003,0.0,0.0,0.10291,0.00164,0.10787000000000001,0.0007199999999999999,0.0,0.0,0.0,0.18233000000000002,0.0,0.0,0.0,0.0,0.0,0.11263
2025-09-27 15:30:00,Uno M404,0.0,0.00026000000000000003,0.0,0.0,0.08705,0.001,0.10942,0.00068,0.0,0.0,0.0,0.1663,0.0,0.0,0.0,0.0,0.0,0.11395000000000001
2025-09-27 15:35:00,Uno M404,0.0,0.00023,0.0,0.0,0.0809,0.0010400000000000001,0.11748,0.00031,0.0,0.0,0.0,0.16083,0.0,0.0,0.0,0.0,0.0,0.12215000000000001
2025-09-27 15:40:00,Uno M404,0.0,0.00014000000000000001,0.0,0.0,0.0,0.00058,0.11281000000000001,0.00011,0.0,0.0,0.0,0.07962999999999999,0.0,0.0,0.0,0.0,0.0,0.11711
2025-09-27 15:45:00,Uno M404,0.0,0.00014000000000000001,0.0,0.0,0.0,0.00029,0.11194,8.999999999999999e-05,0.0,0.0,0.0,0.08028,0.0,0.0,0.0,0.0,0.0,0.11631
2025-09-27 15:50:00,Uno M404,0.0,5.9999999999999995e-05,0.0,0.0,0.0,0.00011999999999999999,0.10834999999999999,5e-05,0.0,0.0,0.0,0.07972,0.0,0.0,0.0,0.0,0.0,0.11277
2025-09-27 15:55:00,Uno M404,0.0,0.0,0.0,0.0,0.0,0.00049,0.10808,0.00027,0.0,0.0,0.0,0.08048000000000001,0.0,0.0,0.0,0.0,0.0,0.1123
2025-09-27 16:00:00,Uno M404,0.0,0.0,0.0,0.0,0.0,0.00014000000000000001,0.10890999999999999,4e-05,0.0,0.0,0.0,0.08159000000000001,0.0,0.0,0.0,0.0,0.0,0.11325
2025-09-27 16:05:00,Uno M404,0.0,2e-05,0.0,0.0,0.0,5e-05,0.10804000000000001,0.00019,0.0,0.0,0.0,0.08044,0.0,0.0,0.0,0.0,0.0,0.11238
2025-09-27 16:10:00,Uno M404,0.0,4e-05,0.0,0.0,0.0,8.999999999999999e-05,0.10357999999999999,7.000000000000001e-05,0.0,0.0,0.0,0.10303,0.0,0.0,0.0,0.0,0.0,0.10807
2025-09-27 16:15:00,Uno M404,1e-05,8.999999999999999e-05,0.0,0.0,0.09797,0.0,0.10452,5e-05,0.0,0.0,0.0,0.17808000000000002,0.0,0.0,0.0,0.0,0.0,0.10912000000000001
2025-09-27 16:20:00,Uno M404,0.0,8e-05,0.0,0.0,0.08479,0.00011,0.10376,0.00016,0.0,0.0,0.0,0.16419999999999998,0.0,0.0,0.0,0.0,0.0,0.10817
2025-09-27 16:25:00,Uno M404,0.0,8.999999999999999e-05,0.0,0.0,0.07889,7.000000000000001e-05,0.10227,0.00011999999999999999,0.0,0.0,0.0,0.15808000000000003,0.0,0.0,0.0,0.0,0.0,0.10662
2025-09-27 16:30:00,Uno M404,0.0,5.9999999999999995e-05,0.0,0.0,0.0,0.00011,0.10438,0.00020999999999999998,0.0,0.0,0.0,0.08009000000000001,0.0,0.0,0.0,0.0,0.0,0.10873999999999999
2025-09-27 16:35:00,Uno M404,0.0,5e-05,0.0,0.0,0.0,0.0,0.12393000000000001,0.00015,0.0,0.0,0.0,0.07989,0.0,0.0,0.0,0.0,0.0,0.12798
2025-09-27 16:40:00,Uno M404,1e-05,0.0,0.0,0.0,0.0,7.000000000000001e-05,0.11935,2e-05,0.0,0.0,0.0,0.08005,0.0,0.0,0.0,0.0,0.0,0.12372
2025-09-27 16:45:00,Uno M404,0.0,5e-05,0.0,0.0,0.0,8e-05,0.11462,0.00011999999999999999,0.0,0.0,0.0,0.07973999999999999,0.0,0.0,0.0,0.0,0.0,0.11895
2025-09-27 16:50:00,Uno M404,0.0,0.0,0.0,0.0,0.0,0.0,0.1019,5.9999999999999995e-05,0.0,0.0,0.0,0.04036,0.0,0.0,0.0,0.0,0.0,0.10613
2025-09-27 16:55:00,Uno M404,0.0,0.0,0.0,0.0,0.0,5e-05,0.11342,0.00133,0.0,0.0,0.0,0.03954,0.0,3.24091,0.03143,0.0,0.0,3.39032
2025-09-27 17:00:00,Uno M404,0.0,0.0,0.0,0.0,0.0,0.00022,0.11343,0.00091,0.0,0.0,0.0,0.039689999999999996,0.0,3.2433,0.03105,0.0,0.0,3.39229
2025-09-27 17:05:00,Uno M404,0.0,0.0,0.0,0.0,0.09454000000000001,4e-05,0.11456999999999999,0.0010500000000000002,0.0,0.0,0.0,0.13438999999999998,0.0,3.24604,0.030780000000000002,0.0,0.0,3.39582
2025-09-27 17:10:00,Uno M404,0.0,8e-05,0.0,0.0,0.08194,5.9999999999999995e-05,0.14437,0.00016,0.0,0.0,0.0,0.12240000000000001,0.0,0.0,0.0,0.0,0.0,0.23848
2025-09-27 17:15:00,Uno M404,0.00737,1e-05,0.0,0.0,0.07703,0.00039,0.14273,0.0,0.0,0.005809999999999999,0.0,0.12576,0.0,0.0,0.0,0.00736,0.0,0.16773
2025-09-27 17:20:00,Uno M404,0.0,2e-05,0.0,0.0,0.0,8e-05,0.14311000000000001,0.0,0.0,0.0,0.0,0.048909999999999995,0.0,0.0,0.010150000000000001,0.0074800000000000005,0.0,0.15808000000000003
2025-09-27 17:25:00,Uno M404,0.0,0.0,0.0,0.0,0.0,0.00015,0.14474,0.00016,0.0,0.0,0.0,0.04957,0.0,0.0,0.0,0.00746,0.0,0.14874
2025-09-27 17:30:00,Uno M404,0.02162,1e-05,0.0,0.0,0.0,0.00019,0.11456999999999999,0.02184,0.0,0.0,0.0,0.04933,0.0,0.0,0.0,0.00739,0.0,0.11838
2025-09-27 17:35:00,Uno M404,0.02161,0.0,0.0,0.0,0.0,0.00015,0.13207,0.02196,0.0,0.0,0.0,0.04879,0.0,0.0,0.0,0.0075,0.0,0.13595
2025-09-27 17:40:00,Uno M404,0.02142,1e-05,0.0,0.0,0.0,0.0,0.13261,0.02177,0.0,0.0,0.0,0.041049999999999996,0.0,0.0,0.0,0.0,0.0,0.1368
2025-09-27 17:45:00,Uno M404,0.0,0.0,0.0,0.0,0.0,0.0,0.028489999999999998,0.0,0.0,0.0,0.0,0.00425,0.0,0.0,0.0,0.0,0.0,0.03232
2025-09-27 17:50:00,Uno M404,0.0,1e-05,0.0,0.0,0.0,0.0,0.0,4e-05,0.0,0.0,0.0,0.00428,0.0,0.0,0.0,0.0,0.0,0.00281
2025-09-27 17:55:00,Uno M404,0.0,2e-05,0.0,0.0,0.08961,0.0,0.0,0.0,0.0,0.0,0.0,0.09368000000000001,0.0,0.0,0.0,0.0,0.0,0.0028799999999999997
2025-09-27 18:00:00,Uno M404,0.0,0.0,0.0,0.0,0.08224,0.0,0.0,0.00014000000000000001,0.0,0.0,0.0,0.09312000000000001,0.0,0.0,0.0,0.0,0.0,0.0028399999999999996
2025-09-27 18:05:00,Uno M404,0.0,0.0,0.0,0.0,0.08059000000000001,0.0,0.0,2e-05,0.0,0.0,0.0,0.09751,0.0,0.0,0.0,0.0,0.0,0.0028
2025-09-27 18:10:00,Uno M404,0.0,1e-05,0.0,0.0,0.07847,1e-05,0.013640000000000001,4e-05,0.0,0.0,0.0,0.08957,0.0,0.0,0.0,0.0,0.0,0.01797
2025-09-27 18:15:00,Uno M404,0.0,0.0,0.0,0.0,0.0,5e-05,0.01345,0.0,0.0,0.0,0.0,0.01114,0.0,0.0,0.0,0.0,0.0,0.01781
2025-09-27 18:20:00,Uno M404,0.0,0.0,0.0,0.0,0.00011999999999999999,5.9999999999999995e-05,0.01354,0.0,0.0,0.0,0.0,0.01227,0.0,0.0,0.0,0.0,0.0,0.01782
2025-09-27 18:25:00,Uno M404,1e-05,4e-05,0.0,0.0,0.0,4e-05,0.01368,4e-05,0.0,0.0,0.0,0.01125,0.0,0.0,0.0,0.0,0.0,0.01801
2025-09-27 18:30:00,Uno M404,0.0,5.9999999999999995e-05,0.0,0.0,0.0,0.0,0.013380000000000001,8.999999999999999e-05,0.0,0.0,0.0,0.01115,0.0,0.0,0.0,0.0,0.0,0.01781
2025-09-27 18:35:00,Uno M404,0.0,0.0,0.0,0.0,0.10203,0.0,0.01345,4e-05,0.0,0.0,0.0,0.11374,0.0,0.0,0.0,0.0,0.0,0.01797
2025-09-27 18:40:00,Uno M404,0.0,1e-05,0.0,0.0,0.0885,0.0,0.01342,5e-05,0.0,0.0,0.0,0.09941,0.0,0.0,0.0,0.0,0.0,0.01795
2025-09-27 18:45:00,Uno M404,0.0,8e-05,0.0,0.0,0.0818,2e-05,0.013519999999999999,1e-05,0.0,0.0,0.0,0.09256,0.0,0.0,0.0,0.0,0.0,0.01785
2025-09-27 18:50:00,Uno M404,0.0,8.999999999999999e-05,0.0,0.0,0.07812999999999999,2e-05,0.01345,8e-05,0.0,0.0,0.76605,0.85425,0.0,0.0,0.0,0.0,0.0,0.01791
2025-09-27 18:55:00,Uno M404,0.0,0.0,0.0,0.0,0.0,0.0,0.013439999999999999,1e-05,0.0,0.0,0.7761699999999999,0.77976,0.0,0.0,0.0,0.0,0.0,0.018
2025-09-27 19:00:00,Uno M404,0.0,2e-05,0.0,0.0,0.0,1e-05,0.013550000000000001,7.000000000000001e-05,0.0,0.0,0.77801,0.7815700000000001,0.0,0.0,0.0,0.0,0.0,0.017920000000000002
2025-09-27 19:05:00,Uno M404,0.0,0.00022,0.0,0.0,0.0,8.999999999999999e-05,0.013359999999999999,8e-05,0.0,0.0,0.78164,0.7850199999999999,0.0,0.0,0.0,0.0,0.0,0.01802
2025-09-27 19:10:00,Uno M404,1e-05,0.00032,0.0,0.0,0.0,5.9999999999999995e-05,0.01337,0.00011999999999999999,0.0,0.0,0.77662,0.78049,0.0,0.0,0.0,0.0,0.0,0.01812
2025-09-27 19:15:00,Uno M404,0.0,0.00011,0.0,0.0,0.0,7.000000000000001e-05,0.013470000000000001,0.00029,0.0,0.0,0.7760199999999999,0.7794,0.0,0.0,0.0,0.0,0.0,0.01797
2025-09-27 19:20:00,Uno M404,0.0,8e-05,0.0,0.0,0.0,1e-05,0.01339,0.0002,0.0,0.0,0.77555,0.77911,0.0,0.0,0.0,0.0,0.0,0.01795
2025-09-27 19:25:00,Uno M404,0.0,2e-05,0.0,0.0,0.0,8.999999999999999e-05,0.01337,0.00016,0.0,0.0,0.04366,0.04696,0.0,0.0,0.0,0.0,0.0,0.01805
2025-09-27 19:30:00,Uno M404,0.0,5.9999999999999995e-05,0.0,0.0,0.09031,0.00014000000000000001,0.013349999999999999,0.0004,0.0,0.0,0.04391,0.1372,0.0,0.0,0.0,0.0,0.0,0.01788
2025-09-27 19:35:00,Uno M404,0.0,4e-05,0.0,0.0,0.08272,0.00013000000000000002,0.01339,0.00029,0.0,0.0,0.04424,0.12986,0.0,0.0,0.0,0.0,0.0,0.01798
2025-09-27 19:40:00,Uno M404,0.0,1e-05,0.0,0.0,0.0,8.999999999999999e-05,0.01351,0.00017999999999999998,0.0,0.0,0.04408,0.04728,0.0,0.0,0.0,0.0,0.0,0.01808
2025-09-27 19:45:00,Uno M404,0.0,8.999999999999999e-05,0.0,0.0,0.0,7.000000000000001e-05,0.01358,0.0008100000000000001,0.0,0.0,0.04446,0.04754,0.0,0.0,0.0,0.0,0.0,0.01791
2025-09-27 19:50:00,Uno M404,0.0,5.9999999999999995e-05,0.0,0.0,0.0,0.0004,0.01348,0.00026000000000000003,0.0,0.0,0.04485,0.047920000000000004,0.0,0.0,0.0,0.0,0.0,0.01809
2025-09-27 19:55:00,Uno M404,0.0,8.999999999999999e-05,0.0,0.0,0.0,0.0003,0.013210000000000001,0.00106,0.0,0.0,0.04555,0.04838,0.0,0.0,0.0,0.0,0.0,0.01791
2025-09-27 20:00:00,Uno M404,2e-05,5.9999999999999995e-05,0.0,0.0,0.0,0.00041999999999999996,0.01342,0.0008,0.0,0.0,0.04575,0.04907,0.0,0.0,0.0,0.0,0.0,0.01815
2025-09-27 20:05:00,Uno M404,0.0,5e-05,0.0,0.0,0.0,0.00033,0.01334,0.00088,0.0,0.0,0.04618,0.04886,0.0,0.0,0.0,0.0,0.0,0.01798
2025-09-27 20:10:00,Uno M404,0.0,0.00017999999999999998,0.0,0.0,0.0,0.00032,0.01345,0.00064,0.0,0.0,0.0455,0.04843,0.0,0.0,0.0,0.0,0.0,0.01811
2025-09-27 20:15:00,Uno M404,1e-05,0.00011,0.0,0.0,0.10187,0.00028000000000000003,0.01337,0.00033,0.0,0.0,0.045270000000000005,0.14973,0.0,0.0,0.0,0.0,0.0,0.01815
2025-09-27 20:20:00,Uno M404,0.0,0.00015,0.0,0.0,0.0885,0.00041,0.01325,0.00019,0.0,0.0,0.045700000000000005,0.1369,0.0,0.0,0.0,0.0,0.0,0.017920000000000002
2025-09-27 20:25:00,Uno M404,0.0,0.00011,0.0,0.0,0.08249,0.00047,0.01331,0.00076,0.0,0.0,0.04579,0.1303,0.0,0.0,0.0,0.0,0.0,0.01807
2025-09-27 20:30:00,Uno M404,0.0,0.00020999999999999998,0.0,0.0,0.0,0.00076,0.013380000000000001,0.00035,0.0,0.0,0.04597,0.04869,0.0,0.0,0.0,0.0,0.0,0.01801
2025-09-27 20:35:00,Uno M404,0.0,0.00014000000000000001,0.0,0.0,0.0,0.00069,0.01324,0.00121,0.0,0.0,0.04568,0.04865,0.0,0.0,0.0,0.0,0.0,0.01802
2025-09-27 20:40:00,Uno M404,0.0,0.00015,0.0,0.0,0.0,0.00041999999999999996,0.01348,0.00064,0.0,0.0,0.04603,0.048909999999999995,0.0,0.0,0.0,0.0,0.0,0.01805
2025-09-27 20:45:00,Uno M404,1e-05,8e-05,0.0,0.0,0.0,0.0008100000000000001,0.013349999999999999,0.00058,0.0,0.0,0.04585,0.04869,0.0,0.0,0.0,0.0,0.0,0.01799
2025-09-27 20:50:00,Uno M404,0.0,8e-05,0.0,0.0,0.0,8e-05,0.01348,0.00011999999999999999,0.0,0.0,0.04175,0.045270000000000005,0.0,0.0,0.0,0.0,0.0,0.01779
2025-09-27 20:55:00,Uno M404,0.0,8.999999999999999e-05,0.0,0.0,0.0,0.00014000000000000001,0.01354,5.9999999999999995e-05,0.0,0.0,0.04107,0.04431,0.0,0.0,0.0,0.0,0.0,0.01777
2025-09-27 21:00:00,Uno M404,0.0,7.000000000000001e-05,0.0,0.0,0.0,2e-05,0.01348,5e-05,0.0,0.0,0.04087,0.04433,0.0,0.0,0.0,0.0,0.0,0.01777
2025-09-27 21:05:00,Uno M404,0.0,5e-05,0.0,0.0,0.09383,0.00015,0.01345,0.00011999999999999999,0.0,0.0,0.041280000000000004,0.13799,0.0,0.0,0.0,0.0,0.0,0.017920000000000002
2025-09-27 21:10:00,Uno M404,0.0,5e-05,0.0,0.0,0.08244,0.00026000000000000003,0.013470000000000001,5.9999999999999995e-05,0.0,0.0,0.04125,0.12662,0.0,0.0,0.0,0.0,0.0,0.01774
2025-09-27 21:15:00,Uno M404,0.0,4e-05,0.0,0.0,0.07751999999999999,4e-05,0.01343,0.0002,0.0,0.0,0.04145,0.12163,0.0,0.0,0.0,0.0,0.0,0.01798
2025-09-27 21:20:00,Uno M404,0.0,0.0,0.0,0.0,0.0,0.00023,0.013439999999999999,0.00011,0.0,0.0,0.04161,0.04435,0.0,0.0,0.0,0.0,0.0,0.01786
2025-09-27 21:25:00,Uno M404,0.0,2e-05,0.0,0.0,0.0,0.00037,0.01348,0.00020999999999999998,0.0,0.0,0.042,0.04481,0.0,0.0,0.0,0.0,0.0,0.01789
2025-09-27 21:30:00,Uno M404,0.0,5.9999999999999995e-05,0.0,0.0,0.0,0.00026000000000000003,0.013470000000000001,5e-05,0.0,0.0,0.04202,0.044539999999999996,0.0,0.0,0.0,0.0,0.0,0.01789
2025-09-27 21:35:00,Uno M404,0.0,0.00014000000000000001,0.0,0.0,0.0,0.00027,0.01351,0.00016,0.0,0.0,0.0425,0.045,0.0,0.0,0.0,0.0,0.0,0.01798
2025-09-27 21:40:00,Uno M404,0.0,4e-05,0.0,0.0,0.0,0.00046,0.013269999999999999,0.00015,0.0,0.0,0.04243,0.045090000000000005,0.0,0.0,0.0,0.0,0.0,0.01791
2025-09-27 21:45:00,Uno M404,0.0,0.00011,0.0,0.0,0.0,0.00058,0.01349,8e-05,0.0,0.0,0.04266,0.045630000000000004,0.0,0.0,0.0,0.0,0.0,0.017839999999999998
2025-09-27 21:50:00,Uno M404,0.0,7.000000000000001e-05,0.0,0.0,0.0,0.00055,0.013439999999999999,0.00013000000000000002,0.0,0.0,0.04244,0.04513,0.0,0.0,0.0,0.0,0.0,0.01804
2025-09-27 21:55:00,Uno M404,0.0,0.00014000000000000001,0.0,0.0,0.09117,0.00035,0.013380000000000001,0.00014000000000000001,0.0,0.0,0.04258,0.13554,0.0,0.0,0.0,0.0,0.0,0.01785
2025-09-27 22:00:00,Uno M404,0.0,8.999999999999999e-05,0.0,0.0,0.08216,0.00067,0.01342,0.00051,0.0,0.0,0.04286,0.12699,0.0,0.0,0.0,0.0,0.0,0.017920000000000002
2025-09-27 22:05:00,Uno M404,0.0,0.00016,0.0,0.0,0.0,0.00057,0.01339,0.00028000000000000003,0.0,0.0,0.04267,0.04505,0.0,0.0,0.0,0.0,0.0,0.01804
2025-09-27 22:10:00,Uno M404,0.0,0.00015,0.0,0.0,0.0,0.00082,0.01329,0.00027,0.0,0.0,0.04281,0.04531,0.0,0.0,0.0,0.0,0.0,0.01789
2025-09-27 22:15:00,Uno M404,0.0,0.00011,0.0,0.0,0.0,0.00047999999999999996,0.01337,0.00051,0.0,0.0,0.04281,0.04494,0.0,0.0,0.0,0.0,0.0,0.01791
2025-09-27 22:20:00,Uno M404,0.0,0.00011999999999999999,0.0,0.0,0.0,0.00093,0.01342,0.00027,0.0,0.0,0.04308,0.045270000000000005,0.0,0.0,0.0,0.0,0.0,0.01808
2025-09-27 22:25:00,Uno M404,0.0,8.999999999999999e-05,0.0,0.0,0.0,0.0011899999999999999,0.013210000000000001,0.0004,0.0,0.0,0.04322,0.04542,0.0,0.0,0.0,0.0,0.0,0.01795
2025-09-27 22:30:00,Uno M404,0.0,0.00020999999999999998,0.0,0.0,0.0,0.00151,0.01332,0.00047,0.0,0.0,0.04322,0.04543,0.0,0.0,0.0,0.0,0.0,0.01791
2025-09-27 22:35:00,Uno M404,1e-05,0.00011999999999999999,0.0,0.0,0.0,0.00082,0.013269999999999999,0.00069,0.0,0.0,0.04297,0.04543,0.0,0.0,0.0,0.0,0.0,0.01812
2025-09-27 22:40:00,Uno M404,0.0,0.00013000000000000002,0.0,0.0,0.10615999999999999,0.00148,0.01332,0.00079,0.0,0.0,0.0434,0.15108000000000002,0.0,0.0,0.0,0.0,0.0,0.01798
2025-09-27 22:45:00,Uno M404,0.0,0.00014000000000000001,0.0,0.0,0.08882999999999999,0.00136,0.013439999999999999,0.0005200000000000001,0.0,0.0,0.04301,0.13313999999999998,0.0,0.0,0.0,0.0,0.0,0.017920000000000002
2025-09-27 22:50:00,Uno M404,1e-05,0.00031,0.0,0.0,0.08148999999999999,0.00085,0.01332,0.0006,0.0,0.0,0.04327,0.12598,0.0,0.0,0.0,0.0,0.0,0.01808
2025-09-27 22:55:00,Uno M404,0.0,0.00022,0.0,0.0,0.0,0.0013700000000000001,0.01343,0.00035,0.0,0.0,0.04331,0.04513,0.0,0.0,0.0,0.0,0.0,0.017920000000000002
2025-09-27 23:00:00,Uno M404,0.0,0.00014000000000000001,0.0,0.0,0.0,0.0014399999999999999,0.013359999999999999,0.00061,0.0,0.0,0.04346,0.04514,0.0,0.0,0.0,0.0,0.0,0.01795
2025-09-27 23:05:00,Uno M404,1e-05,0.00035999999999999997,0.0,0.0,0.0,0.0015400000000000001,0.01323,0.00086,0.0,0.0,0.043429999999999996,0.045149999999999996,0.0,0.0,0.0,0.0,0.0,0.01807
2025-09-27 23:10:00,Uno M404,0.0,0.0002,0.0,0.0,0.0,0.0016699999999999998,0.01331,0.00111,0.0,0.0,0.04356,0.04562,0.0,0.0,0.0,0.0,0.0,0.01799
2025-09-27 23:15:00,Uno M404,0.0,0.00015,0.0,0.0,0.0,0.0018,0.01328,0.00054,0.0,0.0,0.04321,0.0448,0.0,0.0,0.0,0.0,0.0,0.01798
2025-09-27 23:20:00,Uno M404,0.0,0.00016,0.0,0.0,0.0,0.00139,0.01328,0.00133,0.0,0.0,0.04327,0.045090000000000005,0.0,0.0,0.0,0.0,0.0,0.01809
2025-09-27 23:25:00,Uno M404,0.0,0.00016,0.0,0.0,0.0,0.00164,0.01325,0.00099,0.0,0.0,0.04349,0.07479999999999999,0.0,0.0,0.0,0.0,0.0,0.017929999999999998
2025-09-27 23:30:00,Uno M404,3.43257,0.00063,0.0,3.39866,0.10284,0.0020299999999999997,0.14676,0.00491,0.0,0.028,0.04399,0.15534,0.0,0.0,0.01073,0.0,0.0,0.18383000000000002
2025-09-27 23:35:00,Uno M404,3.42667,0.00066,0.0,3.39304,0.08987,0.0019299999999999999,0.14727,0.004849999999999999,0.0,0.02779,0.04382,0.1423,0.0,0.0,0.0,0.0,0.0,0.17227
2025-09-27 23:40:00,Uno M404,3.42406,0.00061,0.0,3.3905700000000003,0.08331999999999999,0.00188,0.14508000000000001,0.0048,0.0,0.02776,0.04389,0.13613,0.0,0.0,0.0,0.0,0.0,0.17066
2025-09-27 23:45:00,Uno M404,3.44062,0.00039,0.0,3.40721,0.07959999999999999,0.00195,0.14687,0.004730000000000001,0.0,0.02779,0.04401,0.13266,0.0,0.0,0.0,0.0,0.0,0.17233
2025-09-27 23:50:00,Uno M404,0.027120000000000002,0.00041999999999999996,0.0,0.0,0.0,0.00164,0.14712999999999998,0.004730000000000001,0.0,0.02239,0.04327,0.05314,0.0,0.0,0.0,0.0,0.0,0.17253
2025-09-27 23:55:00,Uno M404,0.02698,0.00022,0.0,0.0,0.0,0.00091,0.1452,0.00467,0.0,0.022260000000000002,0.0435,0.05396,0.0,0.0,0.0,0.0,0.0,0.24157
2025-09-28 00:00:00,Uno M404,0.027059999999999997,8.999999999999999e-05,0.0,0.0,0.0,0.00093,0.1462,0.004719999999999999,0.0,0.022269999999999998,0.04331,0.05919,0.0,0.0,0.0,0.0,0.0,0.24108000000000002
2025-09-28 00:05:00,Uno M404,0.027120000000000002,0.00015,0.0,0.0,0.0,0.00062,0.14795,0.00466,0.0,0.02221,0.04376,0.060399999999999995,0.0,0.0,0.0,0.0,0.0,0.2412
2025-09-28 00:10:00,Uno M404,0.02702,5e-05,0.0,0.0,0.0,0.00047,0.14672,0.0047,0.0,0.022010000000000002,0.04354,0.05485,0.0,0.0,0.011619999999999998,0.0,0.0,0.25091
2025-09-28 00:15:00,Uno M404,0.02693,8.999999999999999e-05,0.0,0.0,0.0,0.00041999999999999996,0.14498,0.00461,0.0,0.02204,0.04364,0.054630000000000005,0.0,0.0,0.0114,0.0,0.0,0.2486
2025-09-28 00:20:00,Uno M404,0.02709,0.00013000000000000002,0.0,0.0,0.0,0.00046,0.14398,0.0046,0.0,0.022109999999999998,0.04352,0.053579999999999996,0.0,0.0,0.01139,0.0,0.0,0.24700999999999998
2025-09-28 00:25:00,Uno M404,0.02698,0.00014000000000000001,0.0,0.0,0.09464,0.00023,0.14647,0.00464,0.0,0.02209,0.04342,0.14796,0.0,0.0,0.01149,0.0,0.0,0.24941
2025-09-28 00:30:00,Uno M404,0.0269,7.000000000000001e-05,0.0,0.0,0.08344,0.00014000000000000001,0.14642,0.00467,0.0,0.0219,0.04309,0.13651,0.0,0.0,0.01151,0.0,0.0,0.23977
2025-09-28 00:35:00,Uno M404,0.0269,1.07155,0.0,0.0,0.07881999999999999,2e-05,0.14609,0.00471,0.0,0.02208,0.04313,0.13205,0.0,0.0,0.012060000000000001,0.0,0.0,1.3092300000000001
2025-09-28 00:40:00,Uno M404,0.02683,0.03202,0.0,0.0,0.0,8.999999999999999e-05,0.14567,0.0046,0.0,0.02208,0.04318,0.053340000000000005,0.0,0.0,0.011470000000000001,0.0,0.0,0.26938999999999996
2025-09-28 00:45:00,Uno M404,0.02699,0.03215,0.0,0.0,0.0,0.00011999999999999999,0.146,0.00463,0.0,0.022010000000000002,0.04314,0.05682,0.0,0.0,0.047369999999999995,0.0,0.0,0.30579
2025-09-28 00:50:00,Uno M404,0.027059999999999997,1.15483,0.0,0.0,0.0,5.9999999999999995e-05,0.14689,0.00474,0.0,0.02208,0.04305,0.05353,0.0,0.0,0.0,0.0,0.0,1.3798499999999998
2025-09-28 00:55:00,Uno M404,0.02702,0.03218,0.0,0.0,0.0,8.999999999999999e-05,0.1415,0.0045899999999999995,0.0,0.02206,0.04307,0.05373,0.0,0.0,0.0,0.0,0.0,0.25337
2025-09-28 01:00:00,Uno M404,0.027100000000000003,0.03245,0.0,0.0,0.0,2e-05,0.14705000000000001,0.00458,0.0,0.02222,0.04342,0.054,0.0,0.0,0.0,0.0,0.0,0.25962999999999997
2025-09-28 01:05:00,Uno M404,0.027149999999999997,0.03246,0.0,0.0,0.0,5e-05,0.14644,0.00464,0.0,0.02215,0.04363,0.05464,0.0,0.0,0.0,0.0,0.0,0.25877
2025-09-28 01:10:00,Uno M404,0.027100000000000003,0.03265,0.0,0.0,0.0,0.0,0.14644,0.00458,0.0,0.02216,0.04373,0.05414,0.0,0.0,0.0,0.0,0.0,0.25948000000000004
2025-09-28 01:15:00,Uno M404,0.027149999999999997,1.17492,0.0,0.0,0.0964,0.0,0.14728,0.0046500000000000005,0.0,0.02239,0.04376,0.15062,0.0,0.0,0.0,0.0,0.0,1.40207
2025-09-28 01:20:00,Uno M404,0.02718,0.03261,0.0,0.0,0.08452,0.0,0.14706,0.00453,0.0,0.022260000000000002,0.04378,0.13905,0.0,0.0,0.0,0.0,0.0,0.25968
2025-09-28 01:25:00,Uno M404,0.02725,0.03268,0.0,0.0,0.07962999999999999,0.0,0.14752,0.00451,0.0,0.0223,0.043840000000000004,0.13432,0.0,0.0,0.0,0.0,0.0,0.26063
2025-09-28 01:30:00,Uno M404,0.02729,0.032850000000000004,0.0,0.0,0.0,0.0,0.14765,0.00452,0.0,0.02244,0.04394,0.055979999999999995,0.0,0.0,0.0,0.0,0.0,0.26132
2025-09-28 01:35:00,Uno M404,0.027219999999999998,0.03268,0.0,0.0,0.0,0.0,0.14951,0.00461,0.0,0.022359999999999998,0.043840000000000004,0.055689999999999996,0.0,0.0,0.0,0.0,0.0,0.26311
2025-09-28 01:40:00,Uno M404,0.02739,1.15624,0.0,0.0,0.0,0.0,0.14737,0.0044599999999999996,0.0,0.022510000000000002,0.04417,0.055869999999999996,0.0,0.0,0.0,0.0,0.0,1.38351
2025-09-28 01:45:00,Uno M404,0.02732,0.03296,0.0,0.0,0.0,0.0,0.14553,0.0044800000000000005,0.0,0.02249,0.04397,0.054619999999999995,0.0,0.0,0.0,0.0,0.0,0.24765
2025-09-28 01:50:00,Uno M404,0.02743,1.1639000000000002,0.0,0.0,0.0,0.0,0.14554,0.00454,0.0,0.022539999999999998,0.044289999999999996,0.05479,0.0,0.0,0.0,0.0,0.0,1.37805
2025-09-28 01:55:00,Uno M404,0.027559999999999998,0.03306,0.0,0.0,0.0,0.0,0.14597,0.00452,0.0,0.022609999999999998,0.0444,0.054920000000000004,0.0,0.0,0.0,0.0,0.0,0.24794999999999998
2025-09-28 02:00:00,Uno M404,0.02754,0.033030000000000004,0.0,0.0,0.0,0.0,0.14264,0.00453,0.0,0.02264,0.04458,0.0555,0.0,0.0,0.0,0.0,0.0,0.24478999999999998
2025-09-28 02:05:00,Uno M404,0.01057,0.03349,0.0,0.0,0.10001,0.0,0.02889,0.00453,0.0,0.00577,0.04458,0.15475,0.0,0.0,0.0,0.0,0.0,0.13197
2025-09-28 02:10:00,Uno M404,0.03227,0.0334,0.03107,0.0,0.08709,0.0,0.0,4e-05,0.0,0.0,0.04496,0.13519,0.0,0.0,0.0,0.0,0.0,0.1019
2025-09-28 02:15:00,Uno M404,1.02725,0.03352,1.02546,0.0,0.08101,0.0,0.00538,1e-05,0.0,0.0,0.04481,0.12894999999999998,0.0,0.0,0.0,0.0,0.0,0.10865000000000001
2025-09-28 02:20:00,Uno M404,1.0359500000000001,0.033549999999999996,1.03429,0.0,0.0,0.0,0.0,0.0,0.0,0.0,0.044950000000000004,0.04843,0.0,0.0,0.0,0.0,0.0,0.10249
2025-09-28 02:25:00,Uno M404,1.04531,0.033460000000000004,1.04348,0.0,0.0,0.0,0.0,0.0,0.0,0.0,0.04514,0.04845,0.0,0.0,0.0,0.0,0.0,0.10196
2025-09-28 02:30:00,Uno M404,0.9121699999999999,0.03358,0.9104099999999999,0.0,0.0,0.0,0.00462,2e-05,0.0,0.0,0.04482,0.048420000000000005,0.0,0.0,0.0,0.0,0.0,0.10790999999999999
2025-09-28 02:35:00,Uno M404,0.032799999999999996,1.1664700000000001,0.03146,0.0,0.0,0.0,0.0,5.9999999999999995e-05,0.0,0.0,0.04499,0.04828,0.0,0.0,0.0,0.0,0.0,1.23495
2025-09-28 02:40:00,Uno M404,0.03261,0.03351,0.03141,0.0,0.0,0.0,0.024050000000000002,1e-05,0.0,0.0,0.04506,0.04808,0.0,0.0,0.0,0.0,0.0,0.12711
2025-09-28 02:45:00,Uno M404,0.03893,0.033460000000000004,0.03159,0.0,0.0,4e-05,0.024399999999999998,0.0,0.0,0.00566,0.04517,0.04833,0.0,0.0,0.0,0.0,0.0,0.12728
2025-09-28 02:50:00,Uno M404,1.04528,0.033460000000000004,1.0437100000000001,0.0,0.0,1e-05,0.05576,5e-05,0.0,0.0,0.04501,0.04808,0.0,0.0,0.0,0.0,0.0,0.15838
2025-09-28 02:55:00,Uno M404,0.032780000000000004,0.0335,0.03153,0.0,0.10199,0.0,0.04761,4e-05,0.0,0.0,0.044789999999999996,0.14987,0.0,0.0,0.0,0.0,0.0,0.15058000000000002
2025-09-28 03:00:00,Uno M404,0.032740000000000005,0.0335,0.03153,0.0,0.08827,0.0,0.05328,8e-05,0.0,0.0,0.04491,0.13627,0.0,0.0,0.0,0.0,0.0,0.15618
2025-09-28 03:05:00,Uno M404,1.06115,0.03339,1.05943,0.0,0.08206000000000001,0.0,0.12825,1e-05,0.0,0.0,0.04491,0.12983,0.0,0.0,0.0,0.0,0.0,0.23126
2025-09-28 03:10:00,Uno M404,0.03277,0.03344,0.0316,0.0,0.0,0.0,0.12564,2e-05,0.0,0.0,0.044789999999999996,0.04783,0.0,0.0,0.0,0.0,0.0,0.22851
2025-09-28 03:15:00,Uno M404,0.033,0.033549999999999996,0.03179,0.0,0.0,2e-05,0.12443000000000001,7.000000000000001e-05,0.0,0.0,0.04529,0.048100000000000004,0.0,0.0,0.0,0.0,0.0,0.22740000000000002
2025-09-28 03:20:00,Uno M404,1.0617999999999999,0.03364,1.06002,0.0,0.0,0.00022,0.12135,0.00011999999999999999,0.0,0.0,0.04547,0.048659999999999995,0.0,0.0,0.0,0.0,0.0,0.2253
2025-09-28 03:25:00,Uno M404,0.033,0.03359,0.03169,0.0,0.0,4e-05,0.11678,0.00027,0.0,0.0,0.04517,0.047979999999999995,0.0,0.0,0.0,0.0,0.0,0.22041
2025-09-28 03:30:00,Uno M404,0.032850000000000004,0.033780000000000004,0.03159,0.0,0.0,0.0,0.11577,0.0,0.0,0.0,0.04529,0.048490000000000005,0.0,0.0,0.0,0.0,0.0,0.21971000000000002
2025-09-28 03:35:00,Uno M404,1.0628199999999999,0.03377,1.06135,0.0,0.0,5.9999999999999995e-05,0.12126,0.00031,0.0,0.0,0.04537,0.04845,0.0,0.0,0.0,0.0,0.0,0.22546000000000002
2025-09-28 03:40:00,Uno M404,0.03304,0.033549999999999996,0.03185,0.0,0.0,8.999999999999999e-05,0.11612,5e-05,0.0,0.0,0.045340000000000005,0.048240000000000005,0.0,0.0,0.0,0.0,0.0,0.21936000000000003
2025-09-28 03:45:00,Uno M404,0.032799999999999996,0.03359,0.03173,0.0,0.0,5e-05,0.10993,0.00026000000000000003,0.0,0.0,0.04542,0.04856,0.0,0.0,0.0,0.0,0.0,0.21338
2025-09-28 03:50:00,Uno M404,1.0561099999999999,0.03377,1.05417,0.0,0.0911,1e-05,0.10890999999999999,2e-05,0.0,0.0,0.04553,0.13943,0.0,0.0,0.0,0.0,0.0,0.21283000000000002
2025-09-28 03:55:00,Uno M404,0.033100000000000004,0.03385,0.03186,0.0,0.0833,0.0,0.10879000000000001,0.00014000000000000001,0.0,0.0,0.04539,0.13121000000000002,0.0,0.0,0.0,0.0,0.0,0.21275
2025-09-28 04:00:00,Uno M404,0.03307,0.033780000000000004,0.03191,0.0,0.0,8.999999999999999e-05,0.10812000000000001,8e-05,0.0,0.0,0.045649999999999996,0.04834,0.0,0.0,0.0,0.0,0.0,0.21192
2025-09-28 04:05:00,Uno M404,0.8887999999999999,0.03364,0.88721,0.0,0.0,2e-05,0.10679999999999999,0.0,0.0,0.0,0.045439999999999994,0.048310000000000006,0.0,0.0,0.0,0.0,0.0,0.21036000000000002
2025-09-28 04:10:00,Uno M404,0.03286,0.03363,0.03177,0.0,0.0,5e-05,0.10709,0.00019,0.0,0.0,0.045329999999999995,0.04826,0.0,0.0,0.0,0.0,0.0,0.21026
2025-09-28 04:15:00,Uno M404,0.032869999999999996,0.03359,0.03164,0.0,0.0,0.00011,0.10489,0.00013000000000000002,0.0,0.0,0.045329999999999995,0.047939999999999997,0.0,0.0,0.0,0.0,0.0,0.20807
2025-09-28 04:20:00,Uno M404,1.05879,0.034,1.05703,0.0,0.0,0.00028000000000000003,0.10323,2e-05,0.0,0.0,0.04543,0.048240000000000005,0.0,0.0,0.0,0.0,0.0,0.20764
2025-09-28 04:25:00,Uno M404,0.03277,0.03369,0.03172,0.0,0.0,0.0003,0.10539,0.00026000000000000003,0.0,0.0,0.04531,0.04832,0.0,0.0,0.0,0.0,0.0,0.20890999999999998
2025-09-28 04:30:00,Uno M404,0.03308,0.03383,0.03181,0.0,0.0,8.999999999999999e-05,0.10592,7.000000000000001e-05,0.0,0.0,0.04549,0.047920000000000004,0.0,0.0,0.0,0.0,0.0,0.20969
2025-09-28 04:35:00,Uno M404,1.04873,0.03379,1.04703,0.0,0.0,0.00047,0.1026,0.00011,0.0,0.0,0.04546,0.04807,0.0,0.0,0.0,0.0,0.0,0.20652
2025-09-28 04:40:00,Uno M404,0.032740000000000005,0.03337,0.03165,0.0,0.09325,8e-05,0.10296,8.999999999999999e-05,0.0,0.0,0.04516,0.14118,0.0,0.0,0.0,0.0,0.0,0.20539
2025-09-28 04:45:00,Uno M404,0.03301,0.0337,0.03171,0.0,0.08386,0.00019,0.1033,0.00026000000000000003,0.0,0.0,0.04514,0.13153,0.0,0.0,0.0,0.0,0.0,0.20642
2025-09-28 04:50:00,Uno M404,1.04772,0.03367,1.0459200000000002,0.0,0.0,0.00033,0.10166,1e-05,0.0,0.0,0.04505,0.047700000000000006,0.0,0.0,0.0,0.0,0.0,0.20516
2025-09-28 04:55:00,Uno M404,0.03268,0.033350000000000005,0.03146,0.0,0.0,5.9999999999999995e-05,0.10186,8.999999999999999e-05,0.0,0.0,0.045079999999999995,0.04759,0.0,0.0,0.0,0.0,0.0,0.2044
2025-09-28 05:00:00,Uno M404,0.03304,0.03357,0.03162,0.0,0.0,5.9999999999999995e-05,0.10295,5.9999999999999995e-05,0.0,0.0,0.04512,0.04786,0.0,0.0,0.0,0.0,0.0,0.20595
2025-09-28 05:05:00,Uno M404,0.03265,0.03342,0.03152,0.0,0.0,0.00015,0.1021,1e-05,0.0,0.0,0.04505,0.04868,0.0,0.0,0.0,0.0,0.0,0.20484
2025-09-28 05:10:00,Uno M404,0.03275,0.0335,0.03148,0.0,0.0,0.00022,0.10249,0.00017999999999999998,0.0,0.0,0.04499,0.048549999999999996,0.0,0.0,0.0,0.0,0.0,0.20536000000000001
2025-09-28 05:15:00,Uno M404,0.03246,0.032990000000000005,0.031219999999999998,0.0,0.0,0.00019,0.10308,0.00033,0.0,0.0,0.04475,0.04834,0.0,0.0,0.0,0.0,0.0,0.2048
2025-09-28 05:20:00,Uno M404,0.032619999999999996,0.03337,0.03145,0.0,0.0,0.0003,0.10314,5e-05,0.0,0.0,0.04499,0.047979999999999995,0.0,0.0,0.0,0.0,0.0,0.20561000000000001
2025-09-28 05:25:00,Uno M404,0.032619999999999996,0.03327,0.03146,0.0,0.0,0.00029,0.10188,0.0002,0.0,0.0,0.04496,0.047659999999999994,0.0,0.0,0.0,0.0,0.0,0.20416
2025-09-28 05:30:00,Uno M404,0.032670000000000005,0.03344,0.03138,0.0,0.09662000000000001,0.00026000000000000003,0.10338,4e-05,0.0,0.0,0.04493,0.14356,0.0,0.0,0.0,0.0,0.0,0.20605
2025-09-28 05:35:00,Uno M404,0.032600000000000004,1.1552200000000001,0.03138,0.0,0.08476,0.00015,0.10095,0.00019,0.0,0.0,0.04473,0.13207,0.0,0.0,0.0,0.0,0.0,1.32467
2025-09-28 05:40:00,Uno M404,0.03281,0.03329,0.03146,0.0,0.08018,0.00035999999999999997,0.10239,0.0002,0.0,0.0,0.044770000000000004,0.12799,0.0,0.0,0.0,0.0,0.0,0.20504
2025-09-28 05:45:00,Uno M404,1.03366,0.03344,1.0319500000000001,0.0,0.0,8.999999999999999e-05,0.10203,4e-05,0.0,0.0,0.04481,0.04759,0.0,0.0,0.0,0.0,0.0,0.20478
2025-09-28 05:50:00,Uno M404,0.03268,0.033,0.03136,0.0,0.0,0.00023,0.10329,0.00011,0.0,0.0,0.04485,0.048350000000000004,0.0,0.0,0.0,0.0,0.0,0.20499
2025-09-28 05:55:00,Uno M404,0.03265,0.03327,0.03152,0.0,0.0,0.0003,0.10029,0.00011,0.0,0.0,0.04482,0.048909999999999995,0.0,0.0,0.0,0.0,0.0,0.20247
2025-09-28 06:00:00,Uno M404,0.03251,0.03331,0.03133,0.0,0.0,0.00046,0.10113,0.00014000000000000001,0.0,0.0,0.04499,0.04821,0.0,0.0,0.0,0.0,0.0,0.20386
2025-09-28 06:05:00,Uno M404,0.0322,0.03351,0.031059999999999997,0.0,0.0,0.00011,0.10226,8e-05,0.0,0.0,0.044950000000000004,0.04881,0.0,0.0,0.0,0.0,0.0,0.20524
2025-09-28 06:10:00,Uno M404,1.02814,1.15131,1.02643,0.0,0.0,5e-05,0.10301,0.00019,0.0,0.0,0.04464,0.047060000000000005,0.0,0.0,0.0,0.0,0.0,1.3229000000000002
2025-09-28 06:15:00,Uno M404,0.03233,0.03322,0.031129999999999998,0.0,0.0,0.00011999999999999999,0.10283,0.00023999999999999998,0.0,0.0,0.044590000000000005,0.048119999999999996,0.0,0.0,0.0,0.0,0.0,0.20489
2025-09-28 06:20:00,Uno M404,0.03889,0.03319,0.031129999999999998,0.0,0.09955,1e-05,0.10122,0.0,0.0,0.00583,0.04446,0.14643,0.0,0.0,0.0,0.0,0.0,0.20287
2025-09-28 06:25:00,Uno M404,0.03226,0.032990000000000005,0.031129999999999998,0.0,0.08652,4e-05,0.10004,5e-05,0.0,0.0,0.04426,0.133,0.0,0.0,0.0,0.0,0.0,0.20122
2025-09-28 06:30:00,Uno M404,0.03225,0.033299999999999996,0.03109,0.0,0.08095000000000001,4e-05,0.030449999999999998,2e-05,0.0,0.0,0.04438,0.1275,0.0,0.0,0.0,0.0,0.0,0.13231
2025-09-28 06:35:00,Uno M404,0.03218,1.1338199999999998,0.03096,0.0,0.0,1e-05,0.030260000000000002,0.00025,0.0,0.0,0.04406,0.04664,0.0,0.0,0.0,0.0,0.0,1.23176
2025-09-28 06:40:00,Uno M404,0.03197,0.03308,0.03071,0.0,0.0,5e-05,0.030699999999999998,4e-05,0.0,0.0,0.04432,0.04743,0.0,0.0,0.0,0.0,0.0,0.13204
2025-09-28 06:45:00,Uno M404,0.03218,0.03308,0.030809999999999997,0.0,0.0,1e-05,0.030420000000000003,0.00011,0.0,0.0,0.04423,0.04707,0.0,0.0,0.0,0.0,0.0,0.13172
2025-09-28 06:50:00,Uno M404,1.03919,0.0332,1.03746,0.0,0.0,1e-05,0.03037,0.00011,0.0,0.0,0.04433,0.047240000000000004,0.0,0.0,0.0,0.0,0.0,0.13204
2025-09-28 06:55:00,Uno M404,0.03209,0.0327,0.03084,0.0,0.0,5e-05,0.03049,4e-05,0.0,0.0,0.0442,0.04703,0.0,0.0,0.0,0.0,0.0,0.13041999999999998
2025-09-28 07:00:00,Uno M404,0.03189,0.03265,0.03074,0.0,0.0,0.0,0.03055,0.0,0.0,0.0,0.04376,0.0466,0.0,0.0,0.0,0.0,0.0,0.13068000000000002
2025-09-28 07:05:00,Uno M404,0.03229,0.032979999999999995,0.031190000000000002,0.0,0.0,0.00011,0.030100000000000002,0.00028000000000000003,0.0,0.0,0.0441,0.04704,0.0,0.0,0.0,0.0,0.0,0.13187000000000001
2025-09-28 07:10:00,Uno M404,0.03197,0.0329,0.030850000000000002,0.0,0.10632,1e-05,0.030510000000000002,1e-05,0.0,0.0,0.04413,0.15275999999999998,0.0,0.0,0.0,0.0,0.0,0.13135
2025-09-28 07:15:00,Uno M404,1.032,0.03261,1.0303699999999998,0.0,0.08954000000000001,8.999999999999999e-05,0.03056,7.000000000000001e-05,0.0,0.0,0.0438,0.13524,0.0,0.0,0.0,0.0,0.0,0.13072999999999999
2025-09-28 07:20:00,Uno M404,0.03186,0.032619999999999996,0.030510000000000002,0.0,0.08168,0.00032,0.03048,0.0,0.0,0.0,0.04368,0.12772,0.0,0.0,0.0,0.0,0.0,0.13068000000000002
2025-09-28 07:25:00,Uno M404,0.03182,0.032549999999999996,0.03066,0.0,0.0,8.999999999999999e-05,0.03043,0.00017999999999999998,0.0,0.0,0.04345,0.04597,0.0,0.0,0.0,0.0,0.0,0.13082
2025-09-28 07:30:00,Uno M404,0.03152,0.032409999999999994,0.03032,0.0,0.0,0.00013000000000000002,0.03047,0.00017999999999999998,0.0,0.0,0.04307,0.045810000000000003,0.0,0.0,0.0,0.0,0.0,0.12947
2025-09-28 07:35:00,Uno M404,0.03146,0.03225,0.03032,0.0,0.0,0.00016,0.03041,8e-05,0.0,0.0,0.0438,0.046439999999999995,0.0,0.0,0.0,0.0,0.0,0.13016999999999998
2025-09-28 07:40:00,Uno M404,0.03111,0.032409999999999994,0.02986,0.0,0.0,2e-05,0.03033,7.000000000000001e-05,0.0,0.0,0.04348,0.046329999999999996,0.0,0.0,0.0,0.0,0.0,0.12994
2025-09-28 07:45:00,Uno M404,0.031219999999999998,0.03243,0.02998,0.0,0.0,0.0004,0.030440000000000002,0.00028000000000000003,0.0,0.0,0.04357,0.04657,0.0,0.0,0.0,0.0,0.0,0.13007
2025-09-28 07:50:00,Uno M404,0.03144,0.032189999999999996,0.03016,0.0,0.0,0.00041,0.030359999999999998,0.00025,0.0,0.0,0.0434,0.04579,0.0,0.0,0.0,0.0,0.0,0.12941999999999998
2025-09-28 07:55:00,Uno M404,0.031219999999999998,0.03258,0.03012,0.0,0.0,0.00054,0.03034,0.00014000000000000001,0.0,0.0,0.04335,0.04572,0.0,0.0,0.0,0.0,0.0,0.13040000000000002
2025-09-28 08:00:00,Uno M404,1.01757,0.03228,1.01588,0.0,0.0,0.00055,0.030350000000000002,0.0,0.0,0.0,0.04348,0.046479999999999994,0.0,0.0,0.0,0.0,0.0,0.12941999999999998
2025-09-28 08:05:00,Uno M404,0.03132,0.03188,0.030260000000000002,0.0,0.09367,8.999999999999999e-05,0.032560000000000006,0.00027,0.0,0.0,0.04348,0.13931,0.0,0.0,0.0,0.0,0.0,0.13049000000000002
2025-09-28 08:10:00,Uno M404,1.03688,0.032170000000000004,1.03524,0.0,0.083,0.00019,0.03597,0.00016,0.0,0.0,0.04288,0.12800999999999998,0.0,0.0,0.0,0.0,0.0,0.13507
2025-09-28 08:15:00,Uno M404,0.03139,0.0315,0.03022,0.0,0.07826999999999999,0.0005,0.0304,5.9999999999999995e-05,0.0,0.0,0.04315,0.12325,0.0,0.0,0.0,0.0,0.0,0.12698
2025-09-28 08:20:00,Uno M404,0.030879999999999998,1.1355899999999999,0.02985,0.0,0.0,0.00014000000000000001,0.030420000000000003,0.00019,0.0,0.0,0.04271,0.045270000000000005,0.0,0.0,0.0,0.0,0.0,1.23197
2025-09-28 08:25:00,Uno M404,0.03091,0.03185,0.02982,0.0,0.0,0.00027,0.03034,8.999999999999999e-05,0.0,0.0,0.04237,0.04481,0.0,0.0,0.0,0.0,0.0,0.12855
2025-09-28 08:30:00,Uno M404,0.0308,0.031670000000000004,0.02971,0.0,0.0,0.00029,0.0304,0.00016,0.0,0.0,0.04217,0.04487,0.0,0.0,0.0,0.0,0.0,0.12787
2025-09-28 08:35:00,Uno M404,0.030440000000000002,0.03157,0.02928,0.0,0.0,1e-05,0.03034,4e-05,0.0,0.0,0.04235,0.045270000000000005,0.0,0.0,0.0,0.0,0.0,0.12751
2025-09-28 08:40:00,Uno M404,0.03041,0.03158,0.02919,0.0,0.0,7.000000000000001e-05,0.03048,0.0,0.0,0.0,0.04221,0.04536,0.0,0.0,0.0,0.0,0.0,0.12781
2025-09-28 08:45:00,Uno M404,1.0274100000000002,0.03204,1.02559,0.0,0.0,0.00028000000000000003,0.03028,1e-05,0.0,0.0,0.04234,0.04517,0.0,0.0,0.0,0.0,0.0,0.12893000000000002
2025-09-28 08:50:00,Uno M404,0.03074,0.031920000000000004,0.029589999999999998,0.0,0.0,0.00011999999999999999,0.03041,5.9999999999999995e-05,0.0,0.0,0.04249,0.04556,0.0,0.0,0.0,0.0,0.0,0.12875
2025-09-28 08:55:00,Uno M404,0.030850000000000002,0.03148,0.02961,0.0,0.09784000000000001,0.00016,0.030350000000000002,5e-05,0.0,0.0,0.04258,0.14304,0.0,0.0,0.0,0.0,0.0,0.12744
2025-09-28 09:00:00,Uno M404,0.030879999999999998,0.03139,0.02981,0.0,0.0852,5.9999999999999995e-05,0.03043,4e-05,0.0,0.0,0.04217,0.12985,0.0,0.0,0.0,0.0,0.0,0.12712
2025-09-28 09:05:00,Uno M404,0.030760000000000003,0.03156,0.029679999999999998,0.0,0.07893,0.00011,0.03588,0.00014000000000000001,0.0,0.0,0.04207,0.12369,0.0,0.0,0.0,0.0,0.0,0.13271
2025-09-28 09:10:00,Uno M404,1.02113,0.03152,1.01945,0.0,0.0,0.0,0.0304,0.0,0.0,0.0,0.04212,0.045090000000000005,0.0,0.0,0.0,0.0,0.0,0.1276
2025-09-28 09:15:00,Uno M404,0.03034,0.030760000000000003,0.02931,0.0,0.0,0.0,0.03027,0.0,0.0,0.0,0.0417,0.04488,0.0,0.0,0.0,0.0,0.0,0.12518
2025-09-28 09:20:00,Uno M404,1.01974,0.03058,1.01817,0.0,0.0,0.0,0.030420000000000003,0.0,0.0,0.0,0.04094,0.04413,0.0,0.0,0.0,0.0,0.0,0.12525
2025-09-28 09:25:00,Uno M404,0.02994,0.03116,0.02895,0.0,0.0,1e-05,0.030379999999999997,1e-05,0.0,0.0,0.04144,0.04474,0.0,0.0,0.0,0.0,0.0,0.12624
2025-09-28 09:30:00,Uno M404,0.02991,0.030670000000000003,0.02893,0.0,0.0,0.0,0.03049,0.0,0.0,0.0,0.04117,0.04463,0.0,0.0,0.0,0.0,0.0,0.12532
2025-09-28 09:35:00,Uno M404,0.03014,0.03023,0.029,0.0,0.0,7.000000000000001e-05,0.03048,0.0,0.0,0.0,0.041159999999999995,0.04432,0.0,0.0,0.0,0.0,0.0,0.12348999999999999
2025-09-28 09:40:00,Uno M404,0.03643,1.10876,0.02907,0.0,0.0,0.0,0.03055,0.0,0.0,0.00578,0.04089,0.04424,0.0,0.0,0.0,0.0,0.0,1.20279
2025-09-28 09:45:00,Uno M404,0.03606,0.03073,0.02867,0.0,0.0,0.0,0.0305,0.0,0.0,0.005849999999999999,0.040799999999999996,0.04419,0.0,0.0,0.0,0.0,0.0,0.12525
2025-09-28 09:50:00,Uno M404,0.036469999999999995,0.03047,0.02923,0.0,0.08802,0.0,0.03043,0.0,0.0,0.00574,0.04089,0.13197,0.0,0.0,0.0,0.0,0.0,0.12442
2025-09-28 09:55:00,Uno M404,0.03626,0.031,0.0288,0.0,0.07969,0.0,0.03055,2e-05,0.0,0.00563,0.04044,0.12344,0.0,0.0,0.0,0.0,0.0,0.12585
2025-09-28 10:00:00,Uno M404,0.036270000000000004,0.03105,0.029,0.0,0.0,0.0,0.03047,0.0,0.0,0.00558,0.04086,0.044270000000000004,0.0,0.0,0.0,0.0,0.0,0.12646
2025-09-28 10:05:00,Uno M404,0.03633,0.03102,0.02891,0.0,0.0,2e-05,0.0357,0.0,0.0,0.00558,0.04054,0.04443,0.0,0.0,0.0,0.0,0.0,0.13133
2025-09-28 10:10:00,Uno M404,0.02985,0.03082,0.02879,0.0,0.0,0.0,0.030420000000000003,0.0,0.0,0.0,0.04106,0.0441,0.0,0.0,0.0,0.0,0.0,0.1253
2025-09-28 10:15:00,Uno M404,0.02971,0.0,0.02863,0.0,0.0,0.0,0.030440000000000002,0.0,0.0,0.0,0.040729999999999995,0.044039999999999996,0.0,0.0,0.0,0.0,0.0,0.09477
2025-09-28 10:20:00,Uno M404,0.029589999999999998,0.0,0.02861,0.0,0.0,0.0,0.030359999999999998,1e-05,0.0,0.0,0.04056,0.0441,0.0,0.0,0.0,0.0,0.0,0.09381999999999999
2025-09-28 10:25:00,Uno M404,0.99834,0.0,0.99674,0.0,0.0,0.0,0.02937,0.0,0.0,0.0,0.040350000000000004,0.04353,0.0,0.0,0.0,0.0,0.0,0.11529
2025-09-28 10:30:00,Uno M404,0.02965,0.0,0.028480000000000002,0.0,0.0,1e-05,0.02941,0.0,0.0,0.0,0.04061,0.04398,0.0,0.0,0.0,0.0,0.0,0.11502
2025-09-28 10:35:00,Uno M404,0.02931,0.0,0.02813,0.0,0.0,1e-05,0.02946,2e-05,0.0,0.0,0.040409999999999995,0.04378,0.0,0.0,0.0,0.0,0.0,0.11589
2025-09-28 10:40:00,Uno M404,0.02943,0.0,0.02835,0.0,0.09354000000000001,0.0,0.02934,2e-05,0.0,0.0,0.04027,0.1368,0.0,0.0,0.0,0.0,0.0,0.11562
2025-09-28 10:45:00,Uno M404,0.057409999999999996,0.0,0.02841,0.0,0.08169,5e-05,-1e-05,1e-05,0.0,0.027129999999999998,0.04014,0.12459999999999999,0.0,0.0,0.0,0.0,0.0,0.08453000000000001
2025-09-28 10:50:00,Uno M404,0.05697,0.0,0.028399999999999998,0.0,0.07669,1e-05,0.0,0.0,0.0,0.027120000000000002,0.039869999999999996,0.11926,0.0,0.0,0.0,0.0,0.0,0.08294
2025-09-28 10:55:00,Uno M404,0.05662,0.0,0.028399999999999998,0.0,0.0,0.0,0.0,0.0,0.0,0.02689,0.040119999999999996,0.04327,0.0,0.0,0.0,0.0,0.0,0.0833
2025-09-28 11:00:00,Uno M404,0.056409999999999995,0.0,0.028210000000000002,0.0,0.0,0.0,0.0,0.0,0.0,0.026699999999999998,0.040100000000000004,0.04346,0.0,0.0,0.0,0.0,0.0,0.0804
2025-09-28 11:05:00,Uno M404,0.02954,0.0,0.0286,0.0,0.0,0.0,0.0,4e-05,0.0,0.0,0.0,0.010960000000000001,0.0,0.0,0.0,0.0,0.0,0.07948999999999999
2025-09-28 11:10:00,Uno M404,0.02946,0.0,0.02841,0.0,0.0,0.0,0.07327,5e-05,0.0,0.0,0.0,0.0037,0.0,0.0,0.0,0.0,0.0,0.15266
2025-09-28 11:15:00,Uno M404,0.02958,0.0,0.02851,0.0,0.0,0.00011,0.07126,8.999999999999999e-05,0.0,0.0,0.0,0.00438,0.0,0.0,0.0,0.0,0.0,0.13837
2025-09-28 11:20:00,Uno M404,0.02942,0.0,0.02836,0.0,0.10153,0.00011,0.08567,7.000000000000001e-05,0.0,0.0,0.0,0.11336,0.0,0.0,0.0,0.0,0.0,0.16216
2025-09-28 11:25:00,Uno M404,0.02955,0.0,0.028489999999999998,0.0,0.08676,0.00016,0.0865,5e-05,0.0,0.0,0.0,0.09804,0.0,0.0,0.0,0.0,0.0,0.15138
2025-09-28 11:30:00,Uno M404,1.32877,0.0,1.32705,0.0,0.07977,8e-05,0.08710999999999999,1e-05,0.0,0.0,0.0,0.09083,0.0,0.0,0.0,0.0,0.0,0.1525
2025-09-28 11:35:00,Uno M404,0.02948,0.0,0.02847,0.0,0.0,0.00015,0.08652,7.000000000000001e-05,0.0,0.0,0.0,0.01063,0.0,0.0,0.0,0.0,0.0,0.15128999999999998
2025-09-28 11:40:00,Uno M404,0.99173,0.0,0.99012,0.0,0.0,0.00011999999999999999,0.08821999999999999,4e-05,0.0,0.0,0.0,0.01061,0.0,0.0,0.0,0.0,0.0,0.15344999999999998
2025-09-28 11:45:00,Uno M404,0.02958,0.0,0.02838,0.0,0.0,0.00027,0.08725,0.0,0.0,0.0,0.0,0.0105,0.0,0.0,0.0,0.0,0.0,0.152
2025-09-28 11:50:00,Uno M404,1.01366,0.0,1.01211,0.0,0.0,8e-05,0.08603,0.0,0.0,0.0,0.0,0.01031,0.0,0.0,0.0,0.0,0.0,0.08977
2025-09-28 11:55:00,Uno M404,0.03554,0.0,0.028300000000000002,0.0,0.0,0.00051,0.08689,0.0,0.0,0.0056,0.0,0.01055,0.0,0.0,0.0,0.0,0.0,0.09094
2025-09-28 12:00:00,Uno M404,0.03588,0.0,0.028579999999999998,0.0,0.0,0.00067,0.01401,1e-05,0.0,0.00566,0.0,0.01068,0.0,0.0,0.0,0.0,0.0,0.01807
2025-09-28 12:05:00,Uno M404,0.03595,0.0,0.02852,0.0,0.0,0.00123,0.08481999999999999,8e-05,0.0,0.00556,0.0,0.01,0.0,0.0,0.0,0.0,0.0,0.08866
2025-09-28 12:10:00,Uno M404,0.0364,0.0,0.02901,0.0,0.10239,0.0013,0.086,7.000000000000001e-05,0.0,0.00556,0.0,0.11220999999999999,0.0,0.0,0.0,0.0,0.0,0.08998
2025-09-28 12:15:00,Uno M404,0.06724,0.0,0.0,0.0,0.70448,0.00864,0.6885600000000001,0.00108,0.0,0.044399999999999995,0.0,0.78136,0.0,0.0,0.0,0.0,0.0,0.72124
2025-09-28 12:20:00,Uno M404,0.00824,0.0,0.0,0.0,0.08178,0.00076,0.11758,1e-05,0.0,0.00553,0.0,0.09125,0.0,0.0,0.0,0.0,0.0,0.1217
2025-09-28 12:25:00,Uno M404,0.00817,0.0,0.0,0.0,0.07801999999999999,0.00108,0.11376,5e-05,0.0,0.00557,0.0,0.08758,0.0,0.0,0.0,0.0,0.0,0.11785999999999999
2025-09-28 12:30:00,Uno M404,0.008320000000000001,0.0,0.0,0.0,0.0,0.00103,0.11320000000000001,0.00011,0.0,0.0054800000000000005,0.0,0.01008,0.0,0.0,0.0,0.0,0.0,0.11719
2025-09-28 12:35:00,Uno M404,0.00845,0.0,0.0,0.0,0.0,0.0014,0.11592,0.00011999999999999999,0.0,0.0056,0.0,0.01072,0.0,0.0,0.0,0.0,0.0,0.12018999999999999
2025-09-28 12:40:00,Uno M404,0.00821,0.0,0.0,0.0,0.0,0.0008399999999999999,0.11584,0.00013000000000000002,0.0,0.00564,0.0,0.00994,0.0,0.0,0.0,0.0,0.0,0.11985
2025-09-28 12:45:00,Uno M404,0.00824,0.0,0.0,0.0,0.0,0.00141,0.11535,0.00027,0.0,0.00552,0.0,0.0101,0.0,0.0,0.0105,0.0,0.0,0.13071000000000002
2025-09-28 12:50:00,Uno M404,0.0017900000000000001,0.0,0.0,0.0,0.0,0.00152,0.11264,0.00017999999999999998,0.0,0.0,0.0,0.009609999999999999,0.0,0.0,0.0,0.0,0.0,0.11685
2025-09-28 12:55:00,Uno M404,0.00827,0.0,0.0,0.0,0.0,0.00171,0.11451,0.00035999999999999997,0.0,0.00558,0.0,0.00943,0.0,0.0,0.0,0.0,0.0,0.11873
2025-09-28 13:00:00,Uno M404,0.00213,0.0,0.0,0.0,0.0,0.00139,0.11539,0.00068,0.0,0.0,0.0,0.00937,0.0,0.0,0.0,0.0,0.0,0.11963
2025-09-28 13:05:00,Uno M404,0.00209,0.0,0.0,0.0,0.09133,0.0017800000000000001,0.11573,0.00061,0.0,0.0,0.0,0.10165,0.0,0.0,0.0,0.0,0.0,0.12002
2025-09-28 13:10:00,Uno M404,0.002,0.0,0.0,0.0,0.08412,0.0018,0.11506,0.00093,0.0,0.0,0.0,0.18799000000000002,0.0,0.0,0.0,0.0,0.0,0.11926
2025-09-28 13:15:00,Uno M404,0.002,0.0,0.0,0.0,0.07958,0.00161,0.11522,0.00079,0.0,0.0,0.0,0.18342,0.0,0.0,0.0,0.0,0.0,0.11946999999999999
2025-09-28 13:20:00,Uno M404,0.00202,0.0,0.0,0.0,0.0,0.00176,0.11546,0.0007199999999999999,0.0,0.0,0.0,0.10567,0.0,0.0,0.0,0.0,0.0,0.11974
2025-09-28 13:25:00,Uno M404,0.00222,0.0,0.0,0.0,0.0,0.0019199999999999998,0.11629,0.00109,0.0,0.0,0.0,0.12497,0.0,0.0,0.0,0.0,0.0,0.12054999999999999
2025-09-28 13:30:00,Uno M404,0.00202,0.0,0.0,0.0,0.0,0.0018,0.11611,0.00088,0.0,0.0,0.0,0.12747,0.0,0.0,0.0,0.0,0.00259,0.12036
2025-09-28 13:35:00,Uno M404,0.00219,0.0,0.0,0.0,0.0,0.00176,0.11505,0.001,0.0,0.0,0.0,0.43536,0.0,0.0,0.0,0.0,0.31375,0.11932999999999999
2025-09-28 13:40:00,Uno M404,0.00221,0.0,0.0,0.0,0.0,0.00171,0.11567,0.00076,0.0,0.0,0.0,0.12605,0.0,0.0,0.0,0.0,0.00615,0.11992
2025-09-28 13:45:00,Uno M404,0.00214,0.0,0.0,0.0,0.0,0.00185,0.11277,0.00092,0.0,0.0,0.0,0.12204000000000001,0.0,0.0,0.0,0.0,0.0068,0.11706
2025-09-28 13:50:00,Uno M404,0.00204,0.0,0.0,0.0,0.0,0.0016,0.11463,0.0007099999999999999,0.0,0.0,0.0,0.32554,0.0,0.0,0.0,0.0,0.21026,0.11886
2025-09-28 13:55:00,Uno M404,0.00229,0.0,0.0,0.0,0.09289,0.00171,0.11431999999999999,0.00045,0.0,0.0,0.0,0.44816,0.0,0.0,0.0,0.0,0.24129,0.11853
2025-09-28 14:00:00,Uno M404,0.00232,0.0,0.0,0.0,0.08205,0.0017900000000000001,0.11508,0.00069,0.0,0.0,0.0,0.20396,0.0,0.0,0.0,0.0,0.00653,0.11928
2025-09-28 14:05:00,Uno M404,0.00206,0.0,0.0,0.0,0.07787999999999999,0.00202,0.11437,0.00068,0.0,0.0,0.0,0.2061,0.0,0.0,0.01188,0.00767,0.0058,0.13135
2025-09-28 14:10:00,Uno M404,0.0020499999999999997,0.0,0.0,0.0,0.0,0.0020800000000000003,0.11604,0.00087,0.0,0.0,0.0,0.36413,0.0,0.0,0.011630000000000001,0.007690000000000001,0.24094,0.13268000000000002
2025-09-28 14:15:00,Uno M404,0.00209,0.0,0.0,0.0,0.0,0.00195,0.11359,0.00078,0.0,0.0,0.0,0.12340999999999999,0.0,0.0,0.011619999999999998,0.0076100000000000004,0.0,0.13024000000000002
2025-09-28 14:20:00,Uno M404,0.00199,0.0,0.0,0.0,0.0,0.002,0.11463,0.00054,0.0,0.0,0.0,0.12308,0.0,0.0,0.01168,0.00767,0.0,0.13131
2025-09-28 14:25:00,Uno M404,0.00191,0.0,0.0,0.0,0.0,0.00133,0.11395999999999999,0.00053,0.0,0.0,0.0,0.11365,0.0,0.0,0.01194,0.0,0.0,0.13087000000000001
2025-09-28 14:30:00,Uno M404,0.00197,0.0,0.0,0.0,0.0,0.00133,0.11426,0.00047,0.0,0.0,0.0,0.11193,0.0,0.0,0.01159,0.0,0.0,0.15175999999999998
2025-09-28 14:35:00,Uno M404,0.0022,0.0,0.0,0.0,0.0,0.00204,0.11304,0.00033,0.0,0.0,0.0,0.10992,0.0,0.0,0.011859999999999999,0.00762,0.0,0.15068
2025-09-28 14:40:00,Uno M404,0.0020800000000000003,0.0,0.0,0.0,0.0,0.0018700000000000001,0.11511,0.00045,0.0,0.0,0.0,0.11066,0.0,0.0,0.0121,0.0076500000000000005,0.0,0.15292
2025-09-28 14:45:00,Uno M404,0.00207,0.0,0.0,0.0,0.08951,0.0010500000000000002,0.11301,0.00061,0.0,0.0,0.0,0.19916999999999999,0.0,0.0,0.01191,0.00775,0.0,0.1507
2025-09-28 14:50:00,Uno M404,0.0022,0.0,0.0,0.0,0.08078,0.0017900000000000001,0.11381000000000001,0.00033,0.0,0.0,0.0,0.19054,0.0,0.0,0.01214,0.00758,0.0,0.15156999999999998
2025-09-28 14:55:00,Uno M404,0.00207,0.0,0.0,0.0,0.0,0.0016200000000000001,0.11378,0.00055,0.0,0.0,0.0,0.10937999999999999,0.0,0.0,0.01209,0.007690000000000001,0.0,0.15141
2025-09-28 15:00:00,Uno M404,0.00198,0.0,0.0,0.0,0.0,0.00147,0.11652,0.0005200000000000001,0.0,0.0,0.0,0.11131999999999999,0.0,0.0,0.01173,0.00764,0.0,0.15411000000000002
2025-09-28 15:05:00,Uno M404,0.02262,0.0,0.0,0.0,0.0,0.0018700000000000001,0.11495999999999999,0.02223,0.0,0.0,0.0,0.11189,0.0,0.0,0.011699999999999999,0.007549999999999999,0.0,0.22215000000000001
2025-09-28 15:10:00,Uno M404,0.03132,0.0,0.0,0.0,0.0,0.00175,0.11573,8e-05,0.0,0.02827,0.0,0.11086,0.0,0.0,0.01214,0.00767,0.0,0.22013999999999997
2025-09-28 15:15:00,Uno M404,0.031239999999999997,0.0,0.0,0.0,0.0,0.00182,0.11537,0.00049,0.0,0.02829,0.0,0.11059999999999999,0.0,0.0,0.01193,0.00758,0.0,0.21897999999999998
2025-09-28 15:20:00,Uno M404,0.00213,0.0,0.0,0.0,0.0,0.00147,0.11459,0.00029,0.0,0.0,0.0,0.11067,0.0,0.0,0.01193,0.0076100000000000004,0.0,0.21734
2025-09-28 15:25:00,Uno M404,0.00235,0.0,0.0,0.0,0.0,0.00161,0.11678,0.00068,0.0,0.0,0.0,0.11006,0.0,0.0,0.01183,0.0076,0.0,0.21912
2025-09-28 15:30:00,Uno M404,0.00206,0.0,0.0,0.0,0.0,0.0005600000000000001,0.11622,0.00055,0.0,0.0,0.0,0.12483,0.0,0.0,0.01221,0.0,0.0,0.13309
2025-09-28 15:35:00,Uno M404,0.00225,0.0,0.0,0.0,0.08868000000000001,0.0014299999999999998,0.11669,0.00013000000000000002,0.0,0.0,0.0,0.19913,0.0,0.0,0.0,0.00754,0.0,0.12072
2025-09-28 15:40:00,Uno M404,0.00173,0.0,0.0,0.0,0.08045000000000001,0.00151,0.11656,0.00028000000000000003,0.0,0.0,0.0,0.19075,0.0,0.0,0.0,0.00756,0.0,0.12074
2025-09-28 15:45:00,Uno M404,0.0020800000000000003,0.0,0.0,0.0,0.0,0.00127,0.11498,0.00035999999999999997,0.0,0.0,0.0,0.11040000000000001,0.0,0.0,0.0,0.007549999999999999,0.0,0.11906
2025-09-28 15:50:00,Uno M404,0.00185,0.0,0.0,0.0,0.0,0.00063,0.1151,0.00015,0.0,0.0,0.0,0.11014,0.0,0.0,0.0,0.00762,0.0,0.11921999999999999
2025-09-28 15:55:00,Uno M404,0.00218,0.0,0.0,0.0,0.0,0.00117,0.013609999999999999,0.00025,0.0,0.0,0.0,0.10998999999999999,0.0,0.0,0.0,0.0076100000000000004,0.0,0.01764
2025-09-28 16:00:00,Uno M404,0.0020099999999999996,0.0,0.0,0.0,0.0,0.00174,0.0,0.0005600000000000001,0.0,0.0,0.0,0.10388,0.0,0.0,0.0,0.0076100000000000004,0.0,0.00297
2025-09-28 16:05:00,Uno M404,0.00222,0.0,0.0,0.0,0.0,0.00131,0.0,0.0002,0.0,0.0,0.0,0.10441,0.0,0.0,0.0,0.007549999999999999,0.0,0.00298
2025-09-28 16:10:00,Uno M404,0.00233,0.0,0.0,0.0,0.0,0.0009699999999999999,0.0,0.00020999999999999998,0.0,0.0,0.0,0.10396,0.0,0.0,0.0,0.00758,0.0,0.0031
2025-09-28 16:15:00,Uno M404,0.00217,0.0,0.0,0.0,0.0,0.00108,0.0,0.00022,0.0,0.0,0.0,0.1041,0.0,0.0,0.0,0.0076,0.0,0.00307
2025-09-28 16:20:00,Uno M404,0.00204,0.0,0.0,0.0,0.0,0.00141,0.0,0.00029,0.0,0.0,0.0,0.10431,0.0,0.0,0.0,0.00757,0.0,0.0030499999999999998
2025-09-28 16:25:00,Uno M404,0.00207,0.0,0.0,0.0,0.08918000000000001,0.00076,0.0,0.00028000000000000003,0.0,0.0,0.0,0.19259,0.0,0.0,0.0,0.0076,0.0,0.00296
2025-09-28 16:30:00,Uno M404,0.00212,0.0,0.0,0.0,0.0808,0.001,0.0,0.00046,0.0,0.0,0.0,0.18458000000000002,0.0,0.0,0.0,0.00763,0.0,0.00289
2025-09-28 16:35:00,Uno M404,0.00212,0.0,0.0,0.0,0.0,0.00113,0.0,0.00014000000000000001,0.0,0.0,0.0,0.10425,0.0,0.0,0.0,0.00756,0.0,0.00294
2025-09-28 16:40:00,Uno M404,0.00218,0.0,0.0,0.0,0.0,0.00126,0.0,8e-05,0.0,0.0,0.0,0.10416,0.0,0.0,0.0,0.00764,0.0,0.0030800000000000003
2025-09-28 16:45:00,Uno M404,0.0022400000000000002,0.0,0.0,0.0,0.0,0.00099,0.0,0.00015,0.0,0.0,0.0,0.10368000000000001,0.0,0.0,0.0,0.0076100000000000004,0.0,0.003
2025-09-28 16:50:00,Uno M404,0.00212,0.0,0.0,0.0,0.0,0.001,0.0,7.000000000000001e-05,0.0,0.0,0.0,0.10296999999999999,0.0,0.0,0.0,0.0076500000000000005,0.0,0.0028799999999999997
2025-09-28 16:55:00,Uno M404,0.00219,0.0,0.0,0.0,0.0,0.0007199999999999999,0.0,0.00013000000000000002,0.0,0.0,0.0,0.10428,0.0,0.0,0.0,0.00763,0.0,0.0029
2025-09-28 17:00:00,Uno M404,0.0019199999999999998,0.0,0.0,0.0,0.0,0.00074,0.0,0.00023999999999999998,0.0,0.0,0.0,0.10401,0.0,0.0,0.0,0.0076,0.0,0.00294
2025-09-28 17:05:00,Uno M404,0.00218,0.0,0.0,0.0,0.0,0.0002,0.0,7.000000000000001e-05,0.0,0.0,0.0,0.10387,0.0,0.0,0.0,0.007719999999999999,0.0,0.00297
2025-09-28 17:10:00,Uno M404,0.0022,0.0,0.0,0.0,0.0,0.00078,0.0,4e-05,0.0,0.0,0.0,0.10339,0.0,0.0,0.0,0.00757,0.0,0.00294
2025-09-28 17:15:00,Uno M404,0.00227,0.0,0.0,0.0,0.09193000000000001,0.00047,0.0,7.000000000000001e-05,0.0,0.0,0.0,0.19568000000000002,0.0,0.0,0.0,0.00753,0.0,0.00298
2025-09-28 17:20:00,Uno M404,0.00221,0.0,0.0,0.0,0.08131000000000001,0.00044,0.0,0.00013000000000000002,0.0,0.0,0.0,0.18463,0.0,0.0,0.0,0.00756,0.0,0.0030099999999999997
2025-09-28 17:25:00,Uno M404,0.00207,0.0,0.0,0.0,0.07673999999999999,0.00063,0.0,0.00016,0.0,0.0,0.0,0.17924,0.0,0.0,0.0,0.00756,0.0,0.0029100000000000003
2025-09-28 17:30:00,Uno M404,0.0022400000000000002,0.0,0.0,0.0,0.0,0.00039,0.0,0.00035,0.0,0.0,0.0,0.10324,0.0,0.0,0.0,0.0076,0.0,0.0029300000000000003
2025-09-28 17:35:00,Uno M404,0.00226,0.0,0.0,0.0,0.0,0.00037,0.0046500000000000005,1e-05,0.0,0.0,0.0,0.10222,0.0,0.0,0.0,0.00757,0.0,0.00877
2025-09-28 17:40:00,Uno M404,0.00202,0.0,0.0,0.0,0.0,0.00014000000000000001,0.0,5e-05,0.0,0.0,0.0,0.10193,0.0,0.0,0.0,0.007679999999999999,0.0,0.00287
2025-09-28 17:45:00,Uno M404,0.0022400000000000002,0.0,0.0,0.0,0.0,0.00029,0.0,0.0,0.0,0.0,0.0,0.10178,0.0,0.0,0.0,0.00758,0.0,0.00281
2025-09-28 17:50:00,Uno M404,0.00215,0.0,0.0,0.0,0.0,0.00022,0.0,7.000000000000001e-05,0.0,0.0,0.0,0.10234,0.0,0.0,0.0,0.00763,0.0,0.0029300000000000003
2025-09-28 17:55:00,Uno M404,0.00214,0.0,0.0,0.0,0.0,0.00026000000000000003,0.0,0.00013000000000000002,0.0,0.0,0.0,0.10281,0.0,0.0,0.0,0.00762,0.0,0.00287
2025-09-28 18:00:00,Uno M404,0.00209,0.0,0.0,0.0,0.0,0.00028000000000000003,0.0,1e-05,0.0,0.0,0.0,0.1027,0.0,0.0,0.0,0.00757,0.0,0.00297
2025-09-28 18:05:00,Uno M404,0.00226,0.0,0.0,0.0,0.09398000000000001,2e-05,0.0,4e-05,0.0,0.0,0.0,0.19601,0.0,0.0,0.0,0.00762,0.0,0.00304
2025-09-28 18:10:00,Uno M404,0.00221,0.0,0.0,0.0,0.08175,0.00011999999999999999,0.0,1e-05,0.0,0.0,0.0,0.18325999999999998,0.0,0.0,0.0,0.00757,0.0,0.00298
2025-09-28 18:15:00,Uno M404,0.0019299999999999999,0.0,0.0,0.0,0.07686,0.0,0.0,2e-05,0.0,0.0,0.0,0.17864,0.0,0.0,0.0,0.00764,0.0,0.0028799999999999997
2025-09-28 18:20:00,Uno M404,0.0020800000000000003,0.0,0.0,0.0,0.0,4e-05,0.04393,0.0,0.0,0.0,0.0,0.10213,0.0,0.0,0.0,0.00763,0.0,0.047799999999999995
2025-09-28 18:25:00,Uno M404,0.00188,0.0,0.0,0.0,0.0,2e-05,0.04401,0.0,0.0,0.0,0.0,0.10132,0.0,0.0,0.0,0.0077,0.0,0.048
2025-09-28 18:30:00,Uno M404,0.00225,0.0,0.0,0.0,0.0,5.9999999999999995e-05,0.04379,5.9999999999999995e-05,0.0,0.0,0.0,0.10277,0.0,0.0,0.0,0.007690000000000001,0.0,0.0476
2025-09-28 18:35:00,Uno M404,0.00229,0.0,0.0,0.0,0.0,5e-05,0.04378,0.0,0.0,0.0,0.0,0.10253,0.0,0.0,0.0,0.0077,0.0,0.047659999999999994
2025-09-28 18:40:00,Uno M404,0.00226,0.0,0.0,0.0,0.0,0.00011,0.043609999999999996,0.0,0.0,0.0,0.0,0.10941,0.0,0.0,0.01401,0.0076,0.0,0.062439999999999996
2025-09-28 18:45:00,Uno M404,0.00212,0.0,0.0,0.0,0.0,0.00013000000000000002,0.07047,0.0,0.0,0.0,0.0,0.10882,0.0,0.0,0.01269,0.007549999999999999,0.0,0.08706
2025-09-28 18:50:00,Uno M404,0.00233,0.0,0.0,0.0,0.0,8.999999999999999e-05,0.17681,0.0,0.0,0.0,0.0,0.10906,0.0,0.0,0.0127,0.00756,0.0,0.19322
2025-09-28 18:55:00,Uno M404,0.0022,0.0,0.0,0.0,0.09861,0.00011,0.16666,0.0,0.0,0.0,0.0,0.20803,0.0,0.0,0.0126,0.00749,0.0,0.18318
2025-09-28 19:00:00,Uno M404,0.00157,0.0,0.0,0.0,0.08496,0.00016,0.11651,1e-05,0.0,0.0,0.0,0.19422,0.0,0.0,0.01256,0.00763,0.0,0.13293000000000002
2025-09-28 19:05:00,Uno M404,0.00217,0.0,0.0,0.0,0.07808,0.0,0.11619,4e-05,0.0,0.0,0.0,0.18688999999999997,0.0,0.0,0.01261,0.00763,0.0,0.13269999999999998
2025-09-28 19:10:00,Uno M404,0.00218,0.0,0.0,0.0,0.0,0.0,0.013699999999999999,0.0,0.0,0.0,0.0,0.09448999999999999,0.0,0.0,0.0,0.0,0.0,0.01688
2025-09-28 19:15:00,Uno M404,0.00227,0.0,0.0,0.0,0.0,0.0,0.01358,8e-05,0.0,0.0,0.0,0.09477,0.0,0.0,0.0,0.0,0.0,0.01686
2025-09-28 19:20:00,Uno M404,3.23328,0.0,0.0,3.20292,0.0,0.0,0.04346,0.0,0.0,0.026879999999999998,0.0,0.10303,0.0,0.0,0.0,0.0,0.0,0.04647
2025-09-28 19:25:00,Uno M404,3.2517199999999997,0.0,0.0,3.22138,0.0,0.0,0.11879,0.0,0.0,0.02687,0.0,0.10431,0.0,0.0,0.0,0.0,0.0,0.12196
2025-09-28 19:30:00,Uno M404,3.2705100000000003,0.0,0.0,3.2402100000000003,0.0,0.0,0.11584,0.0,0.0,0.026850000000000002,0.0,0.10269,0.0,0.0,0.0,0.0,0.0,0.11891
2025-09-28 19:35:00,Uno M404,3.2593,0.0,0.0,3.22897,0.0,0.0,0.11649,0.0,0.0,0.02674,0.0,0.10344,0.0,0.0,0.0,0.0,0.0,0.11963
2025-09-28 19:40:00,Uno M404,3.28751,0.0,0.0,3.25712,0.0,2e-05,0.1168,0.0,0.0,0.026879999999999998,0.0,0.10434,0.0,0.0,0.0,0.0,0.0,0.11982
2025-09-28 19:45:00,Uno M404,0.0018,0.0,0.0,0.0,0.0,0.0,0.11577,0.0,0.0,0.0,0.0,0.1021,0.0,0.0,0.0123,0.0,0.0,0.13216999999999998
2025-09-28 19:50:00,Uno M404,0.0018,0.0,0.0,0.0,0.09272,0.0,0.11309000000000001,0.0,0.0,0.0,0.0,0.19569999999999999,0.0,0.0,0.01214,0.0,0.0,0.12903
2025-09-28 19:55:00,Uno M404,0.00189,0.0,0.0,0.0,0.08319,0.0,0.11381000000000001,0.0,0.0,0.0,0.0,0.20874,0.0,0.0,0.01233,0.0,0.0,0.13021000000000002
2025-09-28 20:00:00,Uno M404,0.00206,0.0,0.0,0.0,0.07878,0.0,0.11363,0.0,0.0,0.0,0.0,0.18216,0.0,0.0,0.012039999999999999,0.0,0.0,0.12944999999999998
2025-09-28 20:05:00,Uno M404,0.0019399999999999999,0.0,0.0,0.0,0.0,0.0,0.11441,0.0,0.0,0.0,0.0,0.10424,0.0,0.0,0.01208,0.0,0.0,0.13031
2025-09-28 20:10:00,Uno M404,0.00221,0.0,0.0,0.0,0.0,0.0,0.11317,0.0,0.0,0.0,0.0,0.10432,0.0,0.0,0.01235,0.0,0.0,0.12925999999999999
2025-09-28 20:15:00,Uno M404,0.00189,0.0,0.0,0.0,0.0,0.0,0.11594,0.0,0.0,0.0,0.0,0.12057,0.0,0.0,0.01208,0.0,0.0,0.13187000000000001
2025-09-28 20:20:00,Uno M404,0.0020499999999999997,0.0,0.0,0.0,0.0,0.0,0.18030000000000002,0.0,0.0,0.0,0.0,0.09854,0.0,0.0,0.0,0.0,0.0,0.18325999999999998
2025-09-28 20:25:00,Uno M404,0.00211,0.0,0.0,0.0,0.0,0.0,0.17299,0.0,0.0,0.0,0.0,0.09772,0.0,0.0,0.0,0.0,0.0,0.17595
2025-09-28 20:30:00,Uno M404,0.00195,0.0,0.0,0.0,0.0,0.0,0.17608000000000001,0.0,0.0,0.0,0.0,0.09875,0.0,0.0,0.0,0.0,0.0,0.179
2025-09-28 20:35:00,Uno M404,0.00214,0.0,0.0,0.0,0.0,0.0,0.20118,0.0,0.0,0.0,0.0,0.11276,0.0,0.0,0.0,0.00751,0.0,0.20396
2025-09-28 20:40:00,Uno M404,0.00209,0.0,0.0,0.0,0.10361,0.0,0.19988,0.0,0.0,0.0,0.0,0.20804,0.0,0.0,0.0,0.0,0.0,0.20292
2025-09-28 20:45:00,Uno M404,0.00231,0.0,0.0,0.0,0.08744,0.0,0.1984,0.0,0.0,0.0,0.0,0.19251,0.0,0.0,0.0,0.0,0.0,0.20147
2025-09-28 20:50:00,Uno M404,0.0020800000000000003,0.0,0.0,0.0,0.08018,0.0,0.20168,0.0,0.0,0.0,0.0,0.18541999999999997,0.0,0.0,0.0,0.0,0.0,0.2045
2025-09-28 20:55:00,Uno M404,0.0,0.0,0.0,0.0,0.07612999999999999,0.0,0.19907,0.0,0.0,0.0,0.0,0.18112,0.0,0.0,0.0,0.0,0.0,0.20234
2025-09-28 21:00:00,Uno M404,0.0,0.0,0.0,0.0,0.0,0.0,0.20356,0.0,0.0,0.0,0.0,0.10543000000000001,0.0,0.0,0.0,0.0,0.0,0.20664
2025-09-28 21:05:00,Uno M404,0.0,0.0,0.0,0.0,0.0,0.0,0.19443000000000002,0.0,0.0,0.0,0.0,0.11465,0.0,0.0,0.0,0.0076,0.0,0.19741999999999998
2025-09-28 21:10:00,Uno M404,0.0,0.0,0.0,0.0,0.0,0.0,0.15583000000000002,0.0,0.0,0.0,0.0,0.1135,0.0,0.0,0.0,0.00753,0.0,0.15888
2025-09-28 21:15:00,Uno M404,0.0,0.0,0.0,0.0,0.0,0.0,0.15072,0.0,0.0,0.0,0.0,0.11309000000000001,0.0,0.0,0.0,0.00749,0.0,0.17459
2025-09-28 21:20:00,Uno M404,0.0,0.0,0.0,0.0,0.0,0.0,0.14808000000000002,0.0,0.0,0.0,0.0,0.11393,0.0,0.0,0.0,0.00753,0.0,0.17205
2025-09-28 21:25:00,Uno M404,0.0,0.0,0.0,0.0,0.0,0.0,0.14504,5.9999999999999995e-05,0.0,0.0,0.0,0.11422,0.0,0.0,0.0,0.00746,0.0,0.16902
2025-09-28 21:30:00,Uno M404,0.0,0.0,0.0,0.0,0.0,0.0,0.14259,0.0,0.0,0.0,0.0,0.11499,0.0,0.0,0.0,0.0076,0.0,0.16643
2025-09-28 21:35:00,Uno M404,0.0,0.0,0.0,0.0,0.09537000000000001,0.0,0.13583,0.0,0.0,0.0,0.0,0.20974,0.0,0.0,0.0,0.00746,0.0,0.15975999999999999
2025-09-28 21:40:00,Uno M404,1e-05,0.0,0.0,0.0,0.08363,0.0,0.0,0.0,0.0,0.0,0.0,0.18277000000000002,0.0,0.0,0.0,0.0,0.0,0.02274
2025-09-28 21:45:00,Uno M404,0.0,0.0,0.0,0.0,0.07844,0.0,0.0,0.0,0.0,0.0,0.0,0.1769,0.0,0.0,0.0,0.0,0.0,0.02256
2025-09-28 21:50:00,Uno M404,0.0,0.0,0.0,0.0,0.0,0.0,0.0,0.0,0.0,0.0,0.0,0.09978000000000001,0.0,0.0,0.0,0.0,0.0,0.02252
2025-09-28 21:55:00,Uno M404,0.0,0.0,0.0,0.0,0.0,0.0,0.0,0.0,0.0,0.0,0.0,0.09897,0.0,0.0,0.0,0.0,0.0,0.02268
2025-09-28 22:00:00,Uno M404,0.0,0.0,0.0,0.0,0.0,0.0,0.0,0.0,0.0,0.0,0.0,0.09837,0.0,0.0,0.0,0.0,0.0,0.02265
2025-09-28 22:05:00,Uno M404,0.0,0.0,0.0,0.0,0.0,0.0,0.0,0.0,0.0,0.0,0.0,0.09886,0.0,0.0,0.0,0.0,0.0,0.022760000000000002
2025-09-28 22:10:00,Uno M404,0.0,0.0,0.0,0.0,0.0,0.0,0.0,0.0,0.0,0.0,0.0,0.09949,0.0,0.0,0.0,0.0,0.0,0.02265
2025-09-28 22:15:00,Uno M404,0.0,0.0,0.0,0.0,0.0,0.0,0.0,0.0,0.0,0.0,0.0,0.09964,0.0,0.0,0.0,0.0,0.0,0.02278
2025-09-28 22:20:00,Uno M404,0.0,0.0,0.0,0.0,0.0,0.0,-1e-05,2e-05,0.0,0.0,0.0,0.0993,0.0,0.0,0.0,0.0,0.0,0.02275
2025-09-28 22:25:00,Uno M404,1e-05,0.0,0.0,0.0,0.1056,0.0,0.0,1e-05,0.0,0.0,0.0,0.20434,0.0,0.0,0.0,0.0,0.0,0.02281
2025-09-28 22:30:00,Uno M404,0.0,0.0,0.0,0.0,0.08823,0.0,0.0,0.0,0.0,0.0,0.0,0.18713999999999997,0.0,0.0,0.0,0.0,0.0,0.022789999999999998
2025-09-28 22:35:00,Uno M404,0.0,0.0,0.0,0.0,0.08034999999999999,0.0,0.0,0.0,0.0,0.0,0.0,0.17881,0.0,0.0,0.0,0.0,0.0,0.02275
2025-09-28 22:40:00,Uno M404,0.0,0.0,0.0,0.0,0.0767,2e-05,0.0,0.0,0.0,0.0,0.0,0.08862,0.0,0.0,0.0,0.00747,0.0,0.022789999999999998
2025-09-28 22:45:00,Uno M404,0.0,0.0,0.0,0.0,0.0,0.0,0.0,0.0,0.0,0.0,0.0,0.0038799999999999998,0.0,0.0,0.0,0.0,0.0,0.00101
2025-09-28 22:50:00,Uno M404,0.0,0.0,0.0,0.0,0.0,0.0,0.0,0.0,0.0,0.0,0.0,0.00415,0.0,0.0,0.0,0.0,0.0,0.00174
2025-09-28 22:55:00,Uno M404,1e-05,0.0,0.0,0.0,0.0,1e-05,-4e-05,2e-05,0.0,0.0,0.0,0.00376,0.0,0.0,0.0,0.0,0.0,0.00186
2025-09-28 23:00:00,Uno M404,0.0,0.0,0.0,0.0,0.0,0.0,0.0,0.0,0.0,0.0,0.0,0.00396,0.0,0.0,0.0,0.0,0.0,0.00109
2025-09-28 23:05:00,Uno M404,0.0,0.0,0.0,0.0,0.0,0.0,0.0,2e-05,0.0,0.0,0.0,0.00372,0.0,0.0,0.0,0.0,0.0,0.0014
2025-09-28 23:10:00,Uno M404,0.0,0.0,0.0,0.0,0.0,0.0,-1e-05,0.0,0.0,0.0,0.0,0.0038900000000000002,0.0,0.0,0.0,0.0,0.0,0.0015
2025-09-28 23:15:00,Uno M404,0.0,0.0,0.0,0.0,0.0,0.0,-1e-05,0.0,0.0,0.0,0.0,0.0036,0.0,0.0,0.0,0.0,0.0,0.0013
2025-09-28 23:20:00,Uno M404,1e-05,0.0,0.0,0.0,0.09604,0.0,0.0,0.0,0.0,0.0,0.0,0.09973,0.0,0.0,0.0,0.0,0.0,0.0014299999999999998
2025-09-28 23:25:00,Uno M404,2e-05,0.0,0.0,0.0,0.08453000000000001,1e-05,-1e-05,1e-05,0.0,0.0,0.0,0.08807999999999999,0.0,0.0,0.0,0.0,0.0,0.00188
2025-09-28 23:30:00,Uno M404,0.0,0.0,0.0,0.0,0.07909000000000001,0.0,-2e-05,1e-05,0.0,0.0,0.0,0.08316,0.0,0.0,0.0,0.0,0.0,0.00177
2025-09-28 23:35:00,Uno M404,0.0,0.0,0.0,0.0,0.0,4e-05,0.0,0.0,0.0,0.0,0.0,0.00379,0.0,0.0,0.0,0.0,0.0,0.00128
2025-09-28 23:40:00,Uno M404,0.0,0.0,0.0,0.0,0.0,0.0,-1e-05,0.0,0.0,0.0,0.0,0.00377,0.0,0.0,0.0,0.0,0.0,0.00132
2025-09-28 23:45:00,Uno M404,0.0,0.0,0.0,0.0,0.0,8.999999999999999e-05,0.0,8e-05,0.0,0.0,0.0,0.00346,0.0,0.0,0.0,0.0,0.0,0.00133
2025-09-28 23:50:00,Uno M404,0.0,0.0,0.0,0.0,0.0,5.9999999999999995e-05,0.0,8.999999999999999e-05,0.0,0.0,0.0,0.00361,0.0,0.0,0.0,0.0,0.0,0.0019
2025-09-28 23:55:00,Uno M404,1e-05,0.0,0.0,0.0,0.0,2e-05,0.0,5.9999999999999995e-05,0.0,0.0,0.0,0.00379,0.0,0.0,0.0,0.0,0.0,0.00183
2025-09-29 00:00:00,Uno M404,0.0,0.0,0.0,0.0,0.0,1e-05,-1e-05,4e-05,0.0,0.0,0.0,0.0034100000000000003,0.0,0.0,0.0,0.0,0.0,0.0014199999999999998
2025-09-29 00:05:00,Uno M404,0.0,0.0,0.0,0.0,0.0,0.0,-2e-05,1e-05,0.0,0.0,0.0,0.0035600000000000002,0.0,0.0,0.0,0.0,0.0,0.00141
2025-09-29 00:10:00,Uno M404,0.0,0.0,0.0,0.0,0.0,2e-05,0.0,5e-05,0.0,0.0,0.0,0.0035099999999999997,0.0,0.0,0.0,0.0,0.0,0.0017900000000000001
2025-09-29 00:15:00,Uno M404,0.0,0.0,0.0,0.0,0.09024,1e-05,-4e-05,2e-05,0.0,0.0,0.0,0.09320999999999999,0.0,0.0,0.0,0.0,0.0,0.00159
2025-09-29 00:20:00,Uno M404,1e-05,0.0,0.0,0.0,0.08156999999999999,5e-05,0.0,1e-05,0.0,0.0,0.0,0.08506999999999999,0.0,0.0,0.0,0.0,0.0,0.00174
2025-09-29 00:25:00,Uno M404,0.0,0.0,0.0,0.0,0.07751000000000001,5.9999999999999995e-05,0.0,7.000000000000001e-05,0.0,0.0,0.0,0.08070999999999999,0.0,0.0,0.0,0.0,0.0,0.00133
2025-09-29 00:30:00,Uno M404,0.0,0.0,0.0,0.0,0.0,1e-05,0.0,2e-05,0.0,0.0,0.0,0.00368,0.0,0.0,0.0,0.0,0.0,0.0016699999999999998
2025-09-29 00:35:00,Uno M404,0.0,0.0,0.0,0.0,0.0,5e-05,0.0,5e-05,0.0,0.0,0.0,0.0034,0.0,0.0,0.0,0.0,0.0,0.00148
2025-09-29 00:40:00,Uno M404,0.0,0.0,0.0,0.0,0.0,7.000000000000001e-05,0.0,1e-05,0.0,0.0,0.0,0.0033900000000000002,0.0,0.0,0.0,0.0,0.0,0.00116
2025-09-29 00:45:00,Uno M404,0.0,0.0,0.0,0.0,0.0,0.00013000000000000002,0.0,4e-05,0.0,0.0,0.0,0.0035099999999999997,0.0,0.0,0.0,0.0,0.0,0.00141
2025-09-29 00:50:00,Uno M404,0.0,0.0,0.0,0.0,0.0,8e-05,-2e-05,0.0,0.0,0.0,0.0,0.0037,0.0,0.0,0.0,0.0,0.0,0.00127
2025-09-29 00:55:00,Uno M404,0.0,0.0,0.0,0.0,0.0,0.0,-4e-05,2e-05,0.0,0.0,0.0,0.0037,0.0,0.0,0.0,0.0,0.0,0.0018
2025-09-29 01:00:00,Uno M404,2e-05,0.0,0.0,0.0,0.0,0.00011,-1e-05,0.00011,0.0,0.0,0.0,0.00328,0.0,0.0,0.0,0.0,0.0,0.0015300000000000001
2025-09-29 01:05:00,Uno M404,0.0,0.0,0.0,0.0,0.09799,1e-05,-4e-05,1e-05,0.0,0.0,0.0,0.10117,0.0,0.0,0.0,0.0,0.0,0.00157
2025-09-29 01:10:00,Uno M404,0.0,0.0,0.0,0.0,0.08585,0.00011,-4e-05,0.00011,0.0,0.0,0.0,0.08875,0.0,0.0,0.0,0.0,0.0,0.0015
2025-09-29 01:15:00,Uno M404,0.0,0.0,0.0,0.0,0.07991,0.00014000000000000001,-1e-05,1e-05,0.0,0.0,0.0,0.08306000000000001,0.0,0.0,0.0,0.0,0.0,0.00148
2025-09-29 01:20:00,Uno M404,1e-05,0.0,0.0,0.0,0.0,8e-05,-0.00019,4e-05,0.0,0.0,0.0,0.00352,0.0,0.0,0.0,0.0,0.0,0.00152
2025-09-29 01:25:00,Uno M404,2e-05,0.0,0.0,0.0,0.0,7.000000000000001e-05,-0.00013000000000000002,1e-05,0.0,0.0,0.0,0.00347,0.0,0.0,0.0,0.0,0.0,0.00161
2025-09-29 01:30:00,Uno M404,4e-05,0.0,0.0,0.0,0.0,5.9999999999999995e-05,-1e-05,7.000000000000001e-05,0.0,0.0,0.0,0.0034100000000000003,0.0,0.0,0.0,0.0,0.0,0.00135
2025-09-29 01:35:00,Uno M404,0.0,0.0,0.0,0.0,0.0,0.00014000000000000001,-4e-05,1e-05,0.0,0.0,0.0,0.00349,0.0,0.0,0.0,0.0,0.0,0.00146
2025-09-29 01:40:00,Uno M404,0.0,0.0,0.0,0.0,0.0,0.00011999999999999999,-5.9999999999999995e-05,4e-05,0.0,0.0,0.0,0.0034,0.0,0.0,0.0,0.0,0.0,0.00152
2025-09-29 01:45:00,Uno M404,0.0,0.0,0.0,0.0,0.0,4e-05,-2e-05,7.000000000000001e-05,0.0,0.0,0.0,0.0035600000000000002,0.0,0.0,0.0,0.0,0.0,0.00147
2025-09-29 01:50:00,Uno M404,0.0,0.0,0.0,0.0,0.0,5.9999999999999995e-05,0.0,7.000000000000001e-05,0.0,0.0,0.0,0.00347,0.0,0.0,0.0,0.0,0.0,0.0013700000000000001
2025-09-29 01:55:00,Uno M404,0.0,0.0,0.0,0.0,0.0,0.00011999999999999999,-7.000000000000001e-05,0.0,0.0,0.0,0.0,0.00344,0.0,0.0,0.0,0.0,0.0,0.00181
2025-09-29 02:00:00,Uno M404,0.0,0.0,0.0,0.0,0.0943,8e-05,-8.999999999999999e-05,2e-05,0.0,0.0,0.0,0.09754,0.0,0.0,0.0,0.0,0.0,0.0019199999999999998
2025-09-29 02:05:00,Uno M404,0.0,0.0,0.0,0.0,0.08413,8.999999999999999e-05,-2e-05,1e-05,0.0,0.0,0.0,0.08716,0.0,0.0,0.0,0.0,0.0,0.0012900000000000001
2025-09-29 02:10:00,Uno M404,0.0,0.0,0.0,0.0,0.07948999999999999,1e-05,-4e-05,5.9999999999999995e-05,0.0,0.0,0.0,0.08224,0.0,0.0,0.0,0.0,0.0,0.0016799999999999999
2025-09-29 02:15:00,Uno M404,0.0,0.0,0.0,0.0,0.0,5e-05,-8e-05,5e-05,0.0,0.0,0.0,0.0033,0.0,0.0,0.0,0.0,0.0,0.00157
2025-09-29 02:20:00,Uno M404,0.0,0.0,0.0,0.0,0.0,8e-05,-5e-05,5e-05,0.0,0.0,0.0,0.0034500000000000004,0.0,0.0,0.0,0.0,0.0,0.00188
2025-09-29 02:25:00,Uno M404,2e-05,0.0,0.0,0.0,0.0,2e-05,-4e-05,1e-05,0.0,0.0,0.0,0.0035499999999999998,0.0,0.0,0.0,0.0,0.0,0.00157
2025-09-29 02:30:00,Uno M404,0.0,0.0,0.0,0.0,0.0,8.999999999999999e-05,-1e-05,1e-05,0.0,0.0,0.0,0.00347,0.0,0.0,0.0,0.0,0.0,0.0015300000000000001
2025-09-29 02:35:00,Uno M404,0.0,0.0,0.0,0.0,0.0,8e-05,-5.9999999999999995e-05,0.0,0.0,0.0,0.0,0.00347,0.0,0.0,0.0,0.0,0.0,0.00163
2025-09-29 02:40:00,Uno M404,0.0,0.0,0.0,0.0,0.0,4e-05,0.0,5.9999999999999995e-05,0.0,0.0,0.0,0.00346,0.0,0.0,0.0,0.0,0.0,0.00148
2025-09-29 02:45:00,Uno M404,0.0,0.0,0.0,0.0,0.0,7.000000000000001e-05,-1e-05,1e-05,0.0,0.0,0.0,0.00347,0.0,0.0,0.0,0.0,0.0,0.00166
2025-09-29 02:50:00,Uno M404,0.0,0.0,0.0,0.0,0.10434,0.0,0.0,0.0,0.0,0.0,0.0,0.10748999999999999,0.0,0.0,0.0,0.0,0.0,0.0014199999999999998
2025-09-29 02:55:00,Uno M404,1e-05,0.0,0.0,0.0,0.08903,8.999999999999999e-05,-1e-05,4e-05,0.0,0.0,0.0,0.09265000000000001,0.0,0.0,0.0,0.0,0.0,0.00186
2025-09-29 03:00:00,Uno M404,0.0,0.0,0.0,0.0,0.08154,0.00011,-1e-05,0.0,0.0,0.0,0.0,0.08476,0.0,0.0,0.0,0.0,0.0,0.00186
2025-09-29 03:05:00,Uno M404,0.0,0.0,0.0,0.0,0.07797,0.00019,-1e-05,7.000000000000001e-05,0.0,0.0,0.0,0.08073999999999999,0.0,0.0,0.0,0.0,0.0,0.00148
2025-09-29 03:10:00,Uno M404,0.0,0.0,0.0,0.0,0.0,2e-05,0.0,4e-05,0.0,0.0,0.0,0.00342,0.0,0.0,0.0,0.0,0.0,0.00163
2025-09-29 03:15:00,Uno M404,0.0,0.0,0.0,0.0,0.0,0.00017999999999999998,-2e-05,5.9999999999999995e-05,0.0,0.0,0.0,0.00323,0.0,0.0,0.0,0.0,0.0,0.00161
2025-09-29 03:20:00,Uno M404,0.0,0.0,0.0,0.0,0.0,0.00020999999999999998,-5e-05,0.0,0.0,0.0,0.0,0.0033399999999999997,0.0,0.0,0.0,0.0,0.0,0.00156
2025-09-29 03:25:00,Uno M404,0.0,0.0,0.0,0.0,0.0,2e-05,-7.000000000000001e-05,1e-05,0.0,0.0,0.0,0.0033900000000000002,0.0,0.0,0.0,0.0,0.0,0.00181
2025-09-29 03:30:00,Uno M404,0.0,0.0,0.0,0.0,0.0,8e-05,-8e-05,2e-05,0.0,0.0,0.0,0.00333,0.0,0.0,0.0,0.0,0.0,0.00123
2025-09-29 03:35:00,Uno M404,0.0,0.0,0.0,0.0,0.0,0.00014000000000000001,-5e-05,0.0,0.0,0.0,0.0,0.00337,0.0,0.0,0.0,0.0,0.0,0.00107
2025-09-29 03:40:00,Uno M404,0.0,0.0,0.0,0.0,0.0,0.00032,-2e-05,2e-05,0.0,0.0,0.0,0.00321,0.0,0.0,0.0,0.0,0.0,0.00183
2025-09-29 03:45:00,Uno M404,0.0,0.0,0.0,0.0,0.09717,0.00023,-4e-05,5.9999999999999995e-05,0.0,0.0,0.0,0.10068,0.0,0.0,0.0,0.0,0.0,0.00157
2025-09-29 03:50:00,Uno M404,0.0,0.0,0.0,0.0,0.08496,8e-05,-4e-05,1e-05,0.0,0.0,0.0,0.08781,0.0,0.0,0.0,0.0,0.0,0.0015300000000000001
2025-09-29 03:55:00,Uno M404,0.0,0.0,0.0,0.0,0.07962000000000001,2e-05,-0.00016,0.00013000000000000002,0.0,0.0,0.0,0.08261,0.0,0.0,0.0,0.0,0.0,0.0015300000000000001
2025-09-29 04:00:00,Uno M404,0.0,0.0,0.0,0.0,0.0,0.0002,-0.00014000000000000001,2e-05,0.0,0.0,0.0,0.0035800000000000003,0.0,0.0,0.0,0.0,0.0,0.00164
2025-09-29 04:05:00,Uno M404,5e-05,0.0,0.0,0.0,0.0,7.000000000000001e-05,-8.999999999999999e-05,2e-05,0.0,0.0,0.0,0.00352,0.0,0.0,0.0,0.0,0.0,0.00189
2025-09-29 04:10:00,Uno M404,0.0,0.0,0.0,0.0,0.0,8.999999999999999e-05,-1e-05,5.9999999999999995e-05,0.0,0.0,0.0,0.00332,0.0,0.0,0.0,0.0,0.0,0.00163
2025-09-29 04:15:00,Uno M404,0.0,0.0,0.0,0.0,0.0,0.00011999999999999999,-2e-05,0.0,0.0,0.0,0.0,0.00337,0.0,0.0,0.0,0.0,0.0,0.00121
2025-09-29 04:20:00,Uno M404,0.0,0.0,0.0,0.0,0.0,0.00015,-2e-05,7.000000000000001e-05,0.0,0.0,0.0,0.00323,0.0,0.0,0.0,0.0,0.0,0.00181
2025-09-29 04:25:00,Uno M404,2e-05,0.0,0.0,0.0,0.0,0.00016,-5e-05,1e-05,0.0,0.0,0.0,0.00333,0.0,0.0,0.0,0.0,0.0,0.00195
2025-09-29 04:30:00,Uno M404,0.0,0.0,0.0,0.0,0.0,0.0003,-2e-05,2e-05,0.0,0.0,0.0,0.00319,0.0,0.0,0.0,0.0,0.0,0.00159
2025-09-29 04:35:00,Uno M404,0.0,0.0,0.0,0.0,0.0,0.00013000000000000002,-1e-05,7.000000000000001e-05,0.0,0.0,0.0,0.00327,0.0,0.0,0.0,0.0,0.0,0.00146
2025-09-29 04:40:00,Uno M404,0.0,0.0,0.0,0.0,0.09287000000000001,0.00014000000000000001,-1e-05,5e-05,0.0,0.0,0.0,0.09592,0.0,0.0,0.0,0.0,0.0,0.0014199999999999998
2025-09-29 04:45:00,Uno M404,0.0,0.0,0.0,0.0,0.08293,8.999999999999999e-05,0.0,2e-05,0.0,0.0,0.0,0.08622,0.0,0.0,0.0,0.0,0.0,0.00149
2025-09-29 04:50:00,Uno M404,1e-05,0.0,0.0,0.0,0.07856999999999999,0.00023,-0.00016,0.00011999999999999999,0.0,0.0,0.0,0.08138,0.0,0.0,0.0,0.0,0.0,0.00174
2025-09-29 04:55:00,Uno M404,0.0,0.0,0.0,0.0,0.0,0.0002,-8e-05,0.00013000000000000002,0.0,0.0,0.0,0.00337,0.0,0.0,0.0,0.0,0.0,0.00149
2025-09-29 05:00:00,Uno M404,0.0,0.0,0.0,0.0,0.0,0.00014000000000000001,-1e-05,4e-05,0.0,0.0,0.0,0.00325,0.0,0.0,0.0,0.0,0.0,0.0012900000000000001
2025-09-29 05:05:00,Uno M404,0.0,0.0,0.0,0.0,0.0,5e-05,-5e-05,8e-05,0.0,0.0,0.0,0.00349,0.0,0.0,0.0,0.0,0.0,0.00141
2025-09-29 05:10:00,Uno M404,0.0,0.0,0.0,0.0,0.0,7.000000000000001e-05,-1e-05,0.0,0.0,0.0,0.0,0.00346,0.0,0.0,0.0,0.0,0.0,0.00206
2025-09-29 05:15:00,Uno M404,0.0,0.0,0.0,0.0,0.0,0.00026000000000000003,-7.000000000000001e-05,0.0,0.0,0.0,0.0,0.0035299999999999997,0.0,0.0,0.0,0.0,0.0,0.0011899999999999999
2025-09-29 05:20:00,Uno M404,0.0,0.0,0.0,0.0,0.0,0.00015,-1e-05,1e-05,0.0,0.0,0.0,0.00346,0.0,0.0,0.0,0.0,0.0,0.00149
2025-09-29 05:25:00,Uno M404,0.0,0.0,0.0,0.0,0.0,7.000000000000001e-05,-2e-05,0.0,0.0,0.0,0.0,0.00318,0.0,0.0,0.0,0.0,0.0,0.00101
2025-09-29 05:30:00,Uno M404,0.0,0.0,0.0,0.0,0.10354000000000001,8.999999999999999e-05,-5.9999999999999995e-05,5e-05,0.0,0.0,0.0,0.10672,0.0,0.0,0.0,0.0,0.0,0.00146
2025-09-29 05:35:00,Uno M404,0.0,0.0,0.0,0.0,0.08853,8.999999999999999e-05,0.0,1e-05,0.0,0.0,0.0,0.09135,0.0,0.0,0.0,0.0,0.0,0.0013700000000000001
2025-09-29 05:40:00,Uno M404,0.0,0.0,0.0,0.0,0.08070999999999999,0.00011999999999999999,-5.9999999999999995e-05,0.0,0.0,0.0,0.0,0.08356999999999999,0.0,0.0,0.0,0.0,0.0,0.00141
2025-09-29 05:45:00,Uno M404,0.0,0.0,0.0,0.0,0.07662000000000001,0.00011999999999999999,0.0,4e-05,0.0,0.0,0.0,0.07961,0.0,0.0,0.0,0.0,0.0,0.00101
2025-09-29 05:50:00,Uno M404,0.0,0.0,0.0,0.0,0.0,5e-05,0.0,0.0,0.0,0.0,0.0,0.0038,0.0,0.0,0.0,0.0,0.0,0.00172
2025-09-29 05:55:00,Uno M404,0.0,0.0,0.0,0.0,0.0,0.00016,-1e-05,0.0,0.0,0.0,0.0,0.0035499999999999998,0.0,0.0,0.0,0.0,0.0,0.00121
2025-09-29 06:00:00,Uno M404,0.0,0.0,0.0,0.0,0.0,4e-05,0.0,0.0,0.0,0.0,0.0,0.0034,0.0,0.0,0.0,0.0,0.0,0.00133
2025-09-29 06:05:00,Uno M404,0.0,0.0,0.0,0.0,0.0,5.9999999999999995e-05,-5e-05,0.0,0.0,0.0,0.0,0.00368,0.0,0.0,0.0,0.0,0.0,0.0018700000000000001
2025-09-29 06:10:00,Uno M404,0.0,0.0,0.0,0.0,0.0,2e-05,-1e-05,0.0,0.0,0.0,0.0,0.00369,0.0,0.0,0.0,0.0,0.0,0.00161
2025-09-29 06:15:00,Uno M404,1e-05,0.0,0.0,0.0,0.0,0.0,-1e-05,4e-05,0.0,0.0,0.0,0.00349,0.0,0.0,0.0,0.0,0.0,0.00088
2025-09-29 06:20:00,Uno M404,0.0,0.0,0.0,0.0,0.0,0.0,-1e-05,0.0,0.0,0.0,0.0,0.00375,0.0,0.0,0.0,0.0,0.0,0.00122
2025-09-29 06:25:00,Uno M404,0.0,0.0,0.0,0.0,0.09738,5e-05,0.0,0.0,0.0,0.0,0.0,0.10056999999999999,0.0,0.0,0.0,0.0,0.0,0.00123
2025-09-29 06:30:00,Uno M404,0.0,0.0,0.0,0.0,0.08451,5.9999999999999995e-05,-2e-05,0.0,0.0,0.0,0.0,0.08806,0.0,0.0,0.0,0.0,0.0,0.0017
2025-09-29 06:35:00,Uno M404,0.0,0.0,0.0,0.0,0.07757,0.0,0.0,0.0,0.0,0.0,0.0,0.08112,0.0,0.0,0.0,0.0,0.0,0.0016
2025-09-29 06:40:00,Uno M404,0.0,0.0,0.0,0.0,0.0,5e-05,0.0,0.0,0.0,0.0,0.0,0.00421,0.0,0.0,0.0,0.0,0.0,0.00083
2025-09-29 06:45:00,Uno M404,0.0,0.0,0.0,0.0,0.0,1e-05,0.0,0.0,0.0,0.0,0.0,0.00387,0.0,0.0,0.0,0.0,0.0,0.0011200000000000001
2025-09-29 06:50:00,Uno M404,0.0,0.0,0.0,0.0,0.0,8e-05,-1e-05,0.0,0.0,0.0,0.0,0.00383,0.0,0.0,0.0,0.0,0.0,0.00086
2025-09-29 06:55:00,Uno M404,0.0,0.0,0.0,0.0,0.0,0.0,0.0,0.0,0.0,0.0,0.0,0.00365,0.0,0.0,0.0,0.0,0.0,0.0012900000000000001
2025-09-29 07:00:00,Uno M404,0.0,0.0,0.0,0.0,0.0,0.0,0.0,0.0,0.0,0.0,0.0,0.00362,0.0,0.0,0.0,0.0,0.0,0.00102
2025-09-29 07:05:00,Uno M404,0.0,0.0,0.0,0.0,0.0,4e-05,-2e-05,1e-05,0.0,0.0,0.0,0.00348,0.0,0.0,0.0,0.0,0.0,0.00122
2025-09-29 07:10:00,Uno M404,0.0,0.0,0.0,0.0,0.0,0.00014000000000000001,-1e-05,1e-05,0.0,0.0,0.0,0.0033900000000000002,0.0,0.0,0.0,0.0,0.0,0.0013
2025-09-29 07:15:00,Uno M404,0.0,0.0,0.0,0.0,0.0,0.00016,0.0,7.000000000000001e-05,0.0,0.0,0.0,0.0035499999999999998,0.0,0.0,0.0,0.0,0.0,0.00156
2025-09-29 07:20:00,Uno M404,0.0,0.0,0.0,0.0,0.09554,5.9999999999999995e-05,-1e-05,5e-05,0.0,0.0,0.0,0.0986,0.0,0.0,0.0,0.0,0.0,0.00136
2025-09-29 07:25:00,Uno M404,0.0,0.0,0.0,0.0,0.08403000000000001,5.9999999999999995e-05,-1e-05,0.0,0.0,0.0,0.0,0.08708,0.0,0.0,0.0,0.0,0.0,0.0014199999999999998
2025-09-29 07:30:00,Uno M404,3.33893,0.0,0.0,3.30929,0.07889,0.00022,-1e-05,0.0,0.0,0.027579999999999997,0.0,0.08239,0.0,0.0,0.0,0.0,0.0,0.00149
2025-09-29 07:35:00,Uno M404,0.03052,0.0,0.0,0.0,0.0,8e-05,0.0,0.0,0.0,0.028329999999999998,0.0,0.00415,0.0,0.0,0.0,0.0,0.0,0.00164
2025-09-29 07:40:00,Uno M404,3.3419299999999996,0.0,0.0,3.3119699999999996,0.0,5.9999999999999995e-05,-1e-05,0.0,0.0,0.0273,0.0,0.004,0.0,0.0,0.0,0.0,0.0,0.0008100000000000001
2025-09-29 07:45:00,Uno M404,3.34158,0.0,0.0,3.31181,0.0,0.00015,-0.00020999999999999998,0.0,0.0,0.027280000000000002,0.0,0.004070000000000001,0.0,0.0,0.0,0.0,0.0,0.00086
2025-09-29 07:50:00,Uno M404,3.3761,0.0,0.0,3.34637,0.0,0.00022,-5e-05,0.0,0.0,0.027350000000000003,0.0,0.00391,0.0,0.0,0.0,0.0,0.0,0.0013
2025-09-29 07:55:00,Uno M404,0.0,0.0,0.0,0.0,0.0,0.00046,0.0437,0.0,0.0,0.0,0.0,0.040229999999999995,0.0,0.0,0.012580000000000001,0.0074800000000000005,0.0,0.06033
2025-09-29 08:00:00,Uno M404,0.0,0.0,0.0,0.0,0.0,0.00047999999999999996,0.04415,1e-05,0.0,0.0,0.0,0.03675,0.0,0.0,0.01128,0.0074199999999999995,0.0,0.05965
2025-09-29 08:05:00,Uno M404,0.0,0.0,0.0,0.0,0.0,4e-05,0.10878,0.0,0.0,0.0,0.0,0.03681,0.0,0.0,0.01157,0.00756,0.0,0.12437000000000001
2025-09-29 08:10:00,Uno M404,0.0,0.0,0.0,0.0,0.0,8.999999999999999e-05,0.09877,0.0,0.0,0.0,0.0,0.01657,0.0,0.0,0.011529999999999999,0.00747,0.0,0.11423
2025-09-29 08:15:00,Uno M404,1e-05,0.0,0.0,0.0,0.09265000000000001,0.0,0.10098,0.0,0.0,0.0,0.0,0.09639,0.0,0.0,0.0,0.0,0.0,0.10393000000000001
2025-09-29 08:20:00,Uno M404,0.0,0.0,0.0,0.0,0.08170999999999999,0.0,0.0,0.0,0.0,0.0,0.0,0.08598,0.0,0.0,0.0,0.0,0.0,0.00127
2025-09-29 08:25:00,Uno M404,0.0,0.0,0.0,0.0,0.07689,0.0,0.0,0.0,0.0,0.0,0.0,0.08088,0.0,0.0,0.0,0.0,0.0,0.00102
2025-09-29 08:30:00,Uno M404,0.0,0.0,0.0,0.0,0.0,0.0,0.0,0.0,0.0,0.0,0.0,0.00401,0.0,0.0,0.0,0.0,0.0,0.00094
2025-09-29 08:35:00,Uno M404,0.0,0.0,0.0,0.0,0.0,0.0,0.0,5e-05,0.0,0.0,0.0,0.0043,0.0,0.0,0.0,0.0,0.0,0.00078
2025-09-29 08:40:00,Uno M404,0.0,0.0,0.0,0.0,0.0,2e-05,0.0,0.0,0.0,0.0,0.0,0.00395,0.0,0.0,0.0,0.0,0.0,0.00055
2025-09-29 08:45:00,Uno M404,0.0,0.0,0.0,0.0,0.0,0.0,0.0,0.0,0.0,0.0,0.0,0.00423,0.0,0.0,0.0,0.0,0.0,0.00117
2025-09-29 08:50:00,Uno M404,0.0,0.0,0.0,0.0,0.0,0.0,0.0,0.0,0.0,0.0,0.0,0.00422,0.0,0.0,0.0,0.0,0.0,0.00115
2025-09-29 08:55:00,Uno M404,0.0,0.0,0.0,0.0,0.0,0.0,0.0,0.0,0.0,0.0,0.0,0.004,0.0,0.0,0.0,0.0,0.0,0.0016200000000000001
2025-09-29 09:00:00,Uno M404,0.0,0.0,0.0,0.0,0.0,0.0,0.0,0.0,0.0,0.0,0.0,0.00418,0.0,0.0,0.0,0.0,0.0,0.00148
2025-09-29 09:05:00,Uno M404,0.0,0.0,0.0,0.0,0.0,0.0,0.0,0.0,0.0,0.0,0.0,0.00405,0.0,0.0,0.0,0.0,0.0,0.00082
2025-09-29 09:10:00,Uno M404,0.0,0.0,0.0,0.0,0.08776,0.0,0.0,0.0,0.0,0.0,0.0,0.09173999999999999,0.0,0.0,0.0,0.0,0.0,0.00136
2025-09-29 09:15:00,Uno M404,0.0,0.0,0.0,0.0,0.07995000000000001,0.0,0.0,0.0,0.0,0.0,0.0,0.08431999999999999,0.0,0.0,0.0,0.0,0.0,0.00123
2025-09-29 09:20:00,Uno M404,0.0,0.0,0.0,0.0,0.07554000000000001,0.0,0.0,0.0,0.0,0.0,0.0,0.07909000000000001,0.0,0.0,0.0,0.0,0.0,0.00079
2025-09-29 09:25:00,Uno M404,1e-05,0.0,0.0,0.0,0.0,0.0,0.0,0.0,0.0,0.0,0.0,0.004070000000000001,0.0,0.0,0.0,0.0,0.0,0.00152
2025-09-29 09:30:00,Uno M404,0.0,0.0,0.0,0.0,0.0,0.0,0.0,0.0,0.0,0.0,0.0,0.00414,0.0,0.0,0.0,0.0,0.0,0.0008100000000000001
2025-09-29 09:35:00,Uno M404,0.0,0.0,0.0,0.0,0.0,2e-05,0.0,0.0,0.0,0.0,0.0,0.00391,0.0,0.0,0.0,0.0,0.0,0.0010500000000000002
2025-09-29 09:40:00,Uno M404,0.0,0.0,0.0,0.0,0.0,0.0,-1e-05,0.0,0.0,0.0,0.0,0.00404,0.0,0.0,0.0,0.0,0.0,0.0015400000000000001
2025-09-29 09:45:00,Uno M404,0.0,0.0,0.0,0.0,0.0,1e-05,-5.9999999999999995e-05,0.0,0.0,0.0,0.0,0.00381,0.0,0.0,0.0,0.0,0.0,0.00101
2025-09-29 09:50:00,Uno M404,1e-05,0.0,0.0,0.0,0.0,0.0,0.0,1e-05,0.0,0.0,0.0,0.004030000000000001,0.0,0.0,0.0,0.0,0.0,0.00176
2025-09-29 09:55:00,Uno M404,0.0,0.0,0.0,0.0,0.0,0.0,0.0,0.0,0.0,0.0,0.0,0.00381,0.0,0.0,0.0,0.0,0.0,0.00127
2025-09-29 10:00:00,Uno M404,0.0,0.0,0.0,0.0,0.10042,0.0,-1e-05,5e-05,0.0,0.0,0.0,0.10385,0.0,0.0,0.0,0.0,0.0,0.0011899999999999999
2025-09-29 10:05:00,Uno M404,0.0,0.0,0.0,0.0,0.08647,0.0,-1e-05,5e-05,0.0,0.0,0.0,0.08999,0.0,0.0,0.0,0.0,0.0,0.00114
2025-09-29 10:10:00,Uno M404,0.0,0.0,0.0,0.0,0.07898000000000001,5.9999999999999995e-05,-1e-05,0.0,0.0,0.0,0.0,0.08299,0.0,0.0,0.0,0.0,0.0,0.00145
2025-09-29 10:15:00,Uno M404,0.0,0.0,0.0,0.0,0.0,2e-05,0.0,1e-05,0.0,0.0,0.0,0.0039700000000000004,0.0,0.0,0.0,0.0,0.0,0.0008100000000000001
2025-09-29 10:20:00,Uno M404,0.0,0.0,0.0,0.0,0.0,0.0,0.0,0.0,0.0,0.0,0.0,0.00393,0.0,0.0,0.0,0.0,0.0,0.00127
2025-09-29 10:25:00,Uno M404,1e-05,0.0,0.0,0.0,0.0,2e-05,0.0,5e-05,0.0,0.0,0.0,0.0038900000000000002,0.0,0.0,0.0,0.0,0.0,0.00159
2025-09-29 10:30:00,Uno M404,0.0,0.0,0.0,0.0,0.0,2e-05,0.0,4e-05,0.0,0.0,0.0,0.00421,0.0,0.0,0.0,0.0,0.0,0.0011899999999999999
2025-09-29 10:35:00,Uno M404,0.0,0.0,0.0,0.0,0.0,2e-05,0.0,2e-05,0.0,0.0,0.0,0.0033799999999999998,0.0,0.0,0.0,0.0,0.0,0.00148
2025-09-29 10:40:00,Uno M404,0.0,0.0,0.0,0.0,0.0,0.0,0.0,0.0,0.0,0.0,0.0,0.00394,0.0,0.0,0.0,0.0,0.0,0.00172
2025-09-29 10:45:00,Uno M404,0.0,0.0,0.0,0.0,0.0,2e-05,0.0,0.0,0.0,0.0,0.0,0.00368,0.0,0.0,0.0,0.0,0.0,0.00113
2025-09-29 10:50:00,Uno M404,0.0,0.0,0.0,0.0,0.0,4e-05,0.0,0.0,0.0,0.0,0.0,0.00367,0.0,0.0,0.0,0.0,0.0,0.00101
2025-09-29 10:55:00,Uno M404,0.0,0.0,0.0,0.0,0.09681000000000001,5.9999999999999995e-05,0.0,1e-05,0.0,0.0,0.0,0.09997,0.0,0.0,0.0,0.0,0.0,0.0014199999999999998
2025-09-29 11:00:00,Uno M404,0.0,0.0,0.0,0.0,0.08461,4e-05,-1e-05,0.0,0.0,0.0,0.0,0.08767,0.0,0.0,0.0,0.0,0.0,0.00092
2025-09-29 11:05:00,Uno M404,0.0,0.0,0.0,0.0,0.07823999999999999,5.9999999999999995e-05,-1e-05,5e-05,0.0,0.0,0.0,0.08118,0.0,0.0,0.0,0.0,0.0,0.00135
2025-09-29 11:10:00,Uno M404,0.0,0.0,0.0,0.0,0.0,0.00011999999999999999,0.0,1e-05,0.0,0.0,0.0,0.00365,0.0,0.0,0.0,0.0,0.0,0.00134
2025-09-29 11:15:00,Uno M404,0.0,0.0,0.0,0.0,0.0,4e-05,-1e-05,5e-05,0.0,0.0,0.0,0.00363,0.0,0.0,0.0,0.0,0.0,0.00117
2025-09-29 11:20:00,Uno M404,0.0,0.0,0.0,0.0,0.0,2e-05,0.0,0.0,0.0,0.0,0.0,0.0035800000000000003,0.0,0.0,0.0,0.0,0.0,0.00157
2025-09-29 11:25:00,Uno M404,0.0,0.0,0.0,0.0,0.0,0.00011,0.0,5.9999999999999995e-05,0.0,0.0,0.0,0.00366,0.0,0.0,0.0,0.0,0.0,0.00136
2025-09-29 11:30:00,Uno M404,1e-05,0.0,0.0,0.0,0.0,0.00020999999999999998,0.0,0.0,0.0,0.0,0.0,0.0032400000000000003,0.0,0.0,0.0,0.0,0.0,0.0014299999999999998
2025-09-29 11:35:00,Uno M404,0.0,0.0,0.0,0.0,0.0,8.999999999999999e-05,0.0,5e-05,0.0,0.0,0.0,0.00327,0.0,0.0,0.0,0.0,0.0,0.00123
2025-09-29 11:40:00,Uno M404,1e-05,0.0,0.0,0.0,0.0,8.999999999999999e-05,0.0,1e-05,0.0,0.0,0.0,0.0034100000000000003,0.0,0.0,0.0,0.0,0.0,0.00145
2025-09-29 11:45:00,Uno M404,0.0,0.0,0.0,0.0,0.0,0.00013000000000000002,-1e-05,7.000000000000001e-05,0.0,0.0,0.0,0.00311,0.0,0.0,0.0,0.0,0.0,0.0016899999999999999
2025-09-29 11:50:00,Uno M404,0.0,0.0,0.0,0.0,0.09444,0.00022,-1e-05,2e-05,0.0,0.0,0.0,0.09701,0.0,0.0,0.0,0.0,0.0,0.0013
2025-09-29 11:55:00,Uno M404,0.0,0.0,0.0,0.0,0.08306999999999999,0.00035,-5e-05,0.00016,0.0,0.0,0.0,0.08573,0.0,0.0,0.0,0.0,0.0,0.00156
2025-09-29 12:00:00,Uno M404,0.0,0.0,0.0,0.0,0.07801999999999999,0.00020999999999999998,0.0,5.9999999999999995e-05,0.0,0.0,0.0,0.08094,0.0,0.0,0.0,0.0,0.0,0.0014299999999999998
2025-09-29 12:05:00,Uno M404,0.0,0.0,0.0,0.0,0.0,0.00075,-2e-05,0.00011999999999999999,0.0,0.0,0.0,0.00277,0.0,0.0,0.0,0.0,0.0,0.0012
2025-09-29 12:10:00,Uno M404,0.0,0.0,0.0,0.0,0.0,0.00034,-4e-05,0.00011,0.0,0.0,0.0,0.00311,0.0,0.0,0.0,0.0,0.0,0.00164
2025-09-29 12:15:00,Uno M404,8e-05,0.0,0.0,0.0,0.0,0.005719999999999999,-0.00039999999999999996,0.0009600000000000001,0.0,0.0,0.0,0.02456,0.0,0.0,0.0,0.0,0.0,0.013479999999999999
2025-09-29 12:20:00,Uno M404,0.0,0.0,0.0,0.0,0.0,0.00082,-4e-05,0.0002,0.0,0.0,0.0,0.00276,0.0,0.0,0.0,0.0,0.0,0.0017
2025-09-29 12:25:00,Uno M404,0.0,0.0,0.0,0.0,0.0,0.00092,-0.00022,0.00035999999999999997,0.0,0.0,0.0,0.0028399999999999996,0.0,0.0,0.0,0.0,0.0,0.0016
2025-09-29 12:30:00,Uno M404,0.0,0.0,0.0,0.0,0.0,0.0008100000000000001,-0.00023,0.00067,0.0,0.0,0.0,0.00276,0.0,0.0,0.0,0.0,0.0,0.00175
2025-09-29 12:35:00,Uno M404,0.0,0.0,0.0,0.0,0.0,0.00117,-0.00015,0.00017999999999999998,0.0,0.0,0.0,0.00269,0.0,0.0,0.0,0.0,0.0,0.0015400000000000001
2025-09-29 12:40:00,Uno M404,0.0,0.0,0.0,0.0,0.0,0.00126,-1e-05,0.00031,0.0,0.0,0.0,0.00314,0.0,0.0,0.0,0.0,0.0,0.0016200000000000001
2025-09-29 12:45:00,Uno M404,0.0,0.0,0.0,0.0,0.09439,0.0014299999999999998,-0.00022,0.00034,0.0,0.0,0.0,0.09695000000000001,0.0,0.0,0.0,0.0,0.0,0.00183
2025-09-29 12:50:00,Uno M404,0.0,0.0,0.0,0.0,0.08367000000000001,0.0012,-1e-05,0.00034,0.0,0.0,0.0,0.08565,0.0,0.0,0.0,0.0,0.0,0.0016
2025-09-29 12:55:00,Uno M404,0.0,0.0,0.0,0.0,0.07966,0.00127,-0.0002,0.00124,0.0,0.0,0.0,0.08141,0.0,0.0,0.0,0.0,0.0,0.0016699999999999998
2025-09-29 13:00:00,Uno M404,0.0,0.0,0.0,0.0,0.0,0.00159,-0.00020999999999999998,0.00023999999999999998,0.0,0.0,0.0,0.0019299999999999999,0.0,0.0,0.0,0.0,0.0,0.00164
2025-09-29 13:05:00,Uno M404,2e-05,0.0,0.0,0.0,0.0,0.00183,0.0,0.00065,0.0,0.0,0.0,0.0019,0.0,0.0,0.0,0.0,0.0,0.0020099999999999996
2025-09-29 13:10:00,Uno M404,0.0,0.0,0.0,0.0,0.0,0.0019199999999999998,-0.00025,0.00108,0.0,0.0,0.0,0.00212,0.0,0.0,0.0,0.0,0.0,0.00204
2025-09-29 13:15:00,Uno M404,1e-05,0.0,0.0,0.0,0.0,0.0018700000000000001,-0.00025,0.00093,0.0,0.0,0.0,0.00207,0.0,0.0,0.0,0.0,0.0,0.00209
2025-09-29 13:20:00,Uno M404,0.0,0.0,0.0,0.0,0.0,0.0019399999999999999,-0.00055,0.00074,0.0,0.0,0.0,0.00152,0.0,0.0,0.0,0.0,0.0,0.00181
2025-09-29 13:25:00,Uno M404,0.0,0.0,0.0,0.0,0.0,0.0019299999999999999,-0.00122,0.00085,0.0,0.0,0.0,0.00174,0.0,0.0,0.0,0.0,0.0,0.0017
2025-09-29 13:30:00,Uno M404,0.0,0.0,0.0,0.0,0.0,0.0019299999999999999,-0.00046,0.00086,0.0,0.0,0.0,0.00172,0.0,0.0,0.0,0.0,0.0,0.00173
2025-09-29 13:35:00,Uno M404,1e-05,0.0,0.0,0.0,0.0,0.00165,-0.00085,0.00035,0.0,0.0,0.0,0.0021000000000000003,0.0,0.0,0.0,0.0,0.0,0.0017900000000000001
2025-09-29 13:40:00,Uno M404,0.0,0.0,0.0,0.0,0.09325,0.0016200000000000001,-0.00053,0.00049,0.0,0.0,0.0,0.09534000000000001,0.0,0.0,0.0,0.0,0.0,0.00186
2025-09-29 13:45:00,Uno M404,0.0,0.0,0.0,0.0,0.08367000000000001,0.0011899999999999999,-0.00026000000000000003,0.00047,0.0,0.0,0.0,0.08565,0.0,0.0,0.0,0.0,0.0,0.0016200000000000001
2025-09-29 13:50:00,Uno M404,1e-05,0.0,0.0,0.0,0.07894,0.0012900000000000001,-8e-05,0.00073,0.0,0.0,0.0,0.08088,0.0,0.0,0.0,0.0,0.0,0.00189
2025-09-29 13:55:00,Uno M404,0.0,0.0,0.0,0.0,0.0,0.00155,-0.00020999999999999998,0.00028000000000000003,0.0,0.0,0.0,0.00197,0.0,0.0,0.0,0.0,0.0,0.00181
2025-09-29 14:00:00,Uno M404,0.0,0.0,0.0,0.0,0.0,0.0011799999999999998,-0.00017999999999999998,0.00044,0.0,0.0,0.0,0.0024300000000000003,0.0,0.0,0.0,0.0,0.0,0.00183
2025-09-29 14:05:00,Uno M404,4e-05,0.0,0.0,0.0,0.0,0.00131,0.0,0.00065,0.0,0.0,0.0,0.00215,0.0,0.0,0.0,0.0,0.0,0.00206
2025-09-29 14:10:00,Uno M404,0.0,0.0,0.0,0.0,0.0,0.0011899999999999999,-0.00043,0.00046,0.0,0.0,0.0,0.0025,0.0,0.0,0.0,0.0,0.0,0.0016699999999999998
2025-09-29 14:15:00,Uno M404,0.0,0.0,0.0,0.0,0.0,0.00138,-5.9999999999999995e-05,0.00074,0.0,0.0,0.0,0.0022400000000000002,0.0,0.0,0.0,0.0,0.0,0.00175
2025-09-29 14:20:00,Uno M404,0.0,0.0,0.0,0.0,0.0,0.00125,-4e-05,0.00015,0.0,0.0,0.0,0.00248,0.0,0.0,0.0,0.0,0.0,0.00181
2025-09-29 14:25:00,Uno M404,0.0,0.0,0.0,0.0,0.0,0.00099,-2e-05,0.00035,0.0,0.0,0.0,0.0028,0.0,0.0,0.0,0.0,0.0,0.00139
2025-09-29 14:30:00,Uno M404,0.0,0.0,0.0,0.0,0.0,0.00092,-4e-05,0.00028000000000000003,0.0,0.0,0.0,0.0028399999999999996,0.0,0.0,0.0,0.0,0.0,0.00173
2025-09-29 14:35:00,Uno M404,0.0,0.0,0.0,0.0,0.09079000000000001,0.00078,-0.00035999999999999997,0.00033,0.0,0.0,0.0,0.09325,0.0,0.0,0.0,0.0,0.0,0.00206
2025-09-29 14:40:00,Uno M404,0.0,0.0,0.0,0.0,0.0819,0.00069,-0.00023,8e-05,0.0,0.0,0.0,0.08414,0.0,0.0,0.0,0.0,0.0,0.00172
2025-09-29 14:45:00,Uno M404,0.0,0.0,0.0,0.0,0.07841,0.00075,-0.0007199999999999999,0.00032,0.0,0.0,0.0,0.08053,0.0,0.0,0.0,0.0,0.0,0.00174
2025-09-29 14:50:00,Uno M404,0.0,0.0,0.0,0.0,0.0,0.00139,-0.00015,0.00035999999999999997,0.0,0.0,0.0,0.009800000000000001,0.0,0.0,0.0,0.0,0.0,0.0015300000000000001
2025-09-29 14:55:00,Uno M404,0.0,0.0,0.0,0.0,0.0,0.00125,0.013630000000000001,0.00011,0.0,0.0,0.0,0.00991,0.0,0.0,0.010490000000000001,0.0,0.0,0.02822
2025-09-29 15:00:00,Uno M404,0.0212,0.0,0.0,0.0,0.0,0.00188,0.013519999999999999,0.0216,0.0,0.0,0.0,0.013099999999999999,0.0,0.0,0.010230000000000001,0.00217,0.0,0.02809
2025-09-29 15:05:00,Uno M404,0.02147,0.0,0.0,0.0,0.0,0.00174,-4e-05,0.02187,0.0,0.0,0.0,0.01276,0.0,0.0,0.01052,0.00217,0.0,0.013380000000000001
2025-09-29 15:10:00,Uno M404,0.02146,0.0,0.0,0.0,0.0,0.00172,-4e-05,0.0219,0.0,0.0,0.0,0.01262,0.0,0.0,0.0105,0.0023,0.0,0.013349999999999999
2025-09-29 15:15:00,Uno M404,0.02786,0.0,0.0,0.0,0.10147,0.00189,-0.00027,0.02182,0.0,0.00583,0.0,0.11356999999999999,0.0,0.0,0.01045,0.00233,0.0,0.01332
2025-09-29 15:20:00,Uno M404,0.027960000000000002,0.0,0.0,0.0,0.08979999999999999,0.00165,0.0,0.02198,0.0,0.0058,0.0,0.10215,0.0,0.0,0.01063,0.0022299999999999998,0.0,0.01445
2025-09-29 15:25:00,Uno M404,0.027800000000000002,0.0,0.0,0.0,0.08354,0.002,0.0254,0.02189,0.0,0.005849999999999999,0.0,0.09584000000000001,0.0,0.0,0.01082,0.00216,0.0,0.04045
2025-09-29 15:30:00,Uno M404,0.027870000000000002,0.0,0.0,0.0,0.08052,0.00183,0.02598,0.02189,0.0,0.0057,0.0,0.0925,0.0,0.0,0.01057,0.00227,0.0,0.04089
2025-09-29 15:35:00,Uno M404,0.027989999999999998,0.0,0.0,0.0,0.07748000000000001,0.00175,0.02571,0.02195,0.0,0.005679999999999999,0.0,0.08982,0.0,0.0,0.0109,0.00237,0.0,0.04095
2025-09-29 15:40:00,Uno M404,0.027719999999999998,0.0,0.0,0.0,0.0,0.00161,0.025670000000000002,0.0219,0.0,0.0057,0.0,0.01261,0.0,0.0,0.01102,0.00222,0.0,0.040909999999999995
2025-09-29 15:45:00,Uno M404,0.027809999999999998,0.0,0.0,0.0,0.0,0.0019199999999999998,0.026,0.02186,0.0,0.00561,0.0,0.0126,0.0,0.0,0.01075,0.0022,0.0,0.04104
2025-09-29 15:50:00,Uno M404,0.02789,0.0,0.0,0.0,0.0,0.00165,0.0,0.02181,0.0,0.0056500000000000005,0.0,0.01316,0.0,0.0,0.011,0.00226,0.0,0.01463
2025-09-29 15:55:00,Uno M404,0.027739999999999997,0.0,0.0,0.0,0.0,0.00164,0.0,0.02194,0.0,0.00556,0.0,0.01299,0.0,0.0,0.011300000000000001,0.00215,0.0,0.01487
2025-09-29 16:00:00,Uno M404,0.02782,0.0,0.0,0.0,0.0,0.0018700000000000001,0.0,0.02189,0.0,0.00564,0.0,0.01295,0.0,0.0,0.01109,0.00222,0.0,0.01468
2025-09-29 16:05:00,Uno M404,0.02793,0.0,0.0,0.0,0.0,0.0016,0.0,0.02191,0.0,0.0055899999999999995,0.0,0.01308,0.0,0.0,0.01114,0.00219,0.0,0.01485
2025-09-29 16:10:00,Uno M404,0.02776,0.0,0.0,0.0,0.0,0.0019199999999999998,0.0,0.02189,0.0,0.0057,0.0,0.01283,0.0,0.0,0.01097,0.00188,0.0,0.01452
2025-09-29 16:15:00,Uno M404,0.02785,0.0,0.0,0.0,0.0,0.00173,0.0,0.02186,0.0,0.00567,0.0,0.0132,0.0,0.0,0.01103,0.00195,0.0,0.01453
2025-09-29 16:20:00,Uno M404,0.02795,0.0,0.0,0.0,0.09698999999999999,0.0016,0.0,0.02182,0.0,0.00563,0.0,0.10981,0.0,0.0,0.01117,0.00196,0.0,0.0148
2025-09-29 16:25:00,Uno M404,0.00734,0.0,0.0,0.0,0.08556,0.00062,0.01444,0.0,0.0,0.00579,0.0,0.13475,0.0,0.0,0.01112,0.00216,0.0,0.10027
2025-09-29 16:30:00,Uno M404,0.0,0.0,0.0,0.0,0.07976000000000001,0.0011200000000000001,0.01438,2e-05,0.0,0.0,0.0,0.12961,0.0,0.0,0.01122,0.00204,0.0,0.02981
2025-09-29 16:35:00,Uno M404,2e-05,0.0,0.0,0.0,0.07636,0.00083,0.01422,4e-05,0.0,0.0,0.0,0.12604,0.0,0.0,0.01156,0.00212,0.0,0.03004
2025-09-29 16:40:00,Uno M404,0.0,0.0,0.0,0.0,0.0,0.00061,0.01436,0.0,0.0,0.0,0.0,0.0496,0.0,0.0,0.011630000000000001,0.00231,0.0,0.03007
2025-09-29 16:45:00,Uno M404,0.0,0.0,0.0,0.0,0.0,0.00074,0.01436,0.0,0.0,0.0,0.0,0.04976,0.0,0.0,0.01156,0.00215,0.0,0.03
2025-09-29 16:50:00,Uno M404,1e-05,0.0,0.0,0.0,0.0,0.0007099999999999999,0.01449,5e-05,0.0,0.0,0.0,0.049640000000000004,0.0,0.0,0.011779999999999999,0.0020299999999999997,0.0,0.03018
2025-09-29 16:55:00,Uno M404,0.0,0.0,0.0,0.0,0.00053,0.0011200000000000001,0.014289999999999999,1e-05,0.0,0.0,0.0,0.05083,0.0,0.0,0.01174,0.00183,0.0,0.03003
2025-09-29 17:00:00,Uno M404,0.0,0.0,0.0,0.0,0.1035,0.00062,0.0143,0.0,0.0,0.0,0.0,0.15272,0.0,0.0,0.011609999999999999,0.00214,0.0,0.03006
2025-09-29 17:05:00,Uno M404,0.0,0.0,0.0,0.0,0.09259999999999999,0.00017999999999999998,0.01448,1e-05,0.0,0.0,0.0,0.142,0.0,0.0,0.01149,0.00199,0.0,0.030019999999999998
2025-09-29 17:10:00,Uno M404,0.0,0.0,0.0,0.0,0.08624,0.00029,0.0,0.0,0.0,0.0,0.0,0.09209,0.0,0.0,0.0,0.0023599999999999997,0.0,0.0026
2025-09-29 17:15:00,Uno M404,0.0,0.0,0.0,0.0,0.08216,0.0003,0.0,1e-05,0.0,0.0,0.0,0.08804000000000001,0.0,0.0,0.0,0.00222,0.0,0.0027
2025-09-29 17:20:00,Uno M404,0.0,0.0,0.0,0.0,0.07981999999999999,0.00062,0.0,2e-05,0.0,0.0,0.0,0.08582,0.0,0.0,0.0,0.0023599999999999997,0.0,0.00262
2025-09-29 17:25:00,Uno M404,0.0,0.0,0.0,0.0,0.07773999999999999,0.00067,0.0,5e-05,0.0,0.0,0.0,0.08356999999999999,0.0,0.0,0.0,0.0021000000000000003,0.0,0.00256
2025-09-29 17:30:00,Uno M404,0.0,0.0,0.0,0.0,0.0,0.00076,0.0,1e-05,0.0,0.0,0.0,0.00619,0.0,0.0,0.0,0.00221,0.0,0.00263
2025-09-29 17:35:00,Uno M404,0.0,0.0,0.0,0.0,0.0,0.00086,0.0,2e-05,0.0,0.0,0.0,0.00617,0.0,0.0,0.0,0.00226,0.0,0.00276
2025-09-29 17:40:00,Uno M404,1e-05,0.0,0.0,0.0,0.0,0.00132,0.0,4e-05,0.0,0.0,0.0,0.00609,0.0,0.0,0.0,0.0017900000000000001,0.0,0.00261
2025-09-29 17:45:00,Uno M404,1e-05,0.0,0.0,0.0,0.0,0.00065,0.0,5e-05,0.0,0.0,0.0,0.00624,0.0,0.0,0.0,0.00221,0.0,0.00267
2025-09-29 17:50:00,Uno M404,0.0,0.0,0.0,0.0,0.0,0.00078,0.0,5e-05,0.0,0.0,0.0,0.00623,0.0,0.0,0.0,0.00212,0.0,0.0025499999999999997
2025-09-29 17:55:00,Uno M404,0.0,0.0,0.0,0.0,0.0,0.00123,0.0,2e-05,0.0,0.0,0.0,0.00601,0.0,0.0,0.0,0.00206,0.0,0.0025800000000000003
2025-09-29 18:00:00,Uno M404,0.0,0.0,0.0,0.0,0.0,0.00085,0.0,5.9999999999999995e-05,0.0,0.0,0.0,0.00618,0.0,0.0,0.0,0.00199,0.0,0.00264
2025-09-29 18:05:00,Uno M404,0.0,0.0,0.0,0.0,0.09511,0.00037,0.0,0.0,0.0,0.0,0.0,0.10087,0.0,0.0,0.0,0.00231,0.0,0.00254
2025-09-29 18:10:00,Uno M404,2e-05,0.0,0.0,0.0,0.08335,0.00051,0.0,1e-05,0.0,0.0,0.0,0.08943999999999999,0.0,0.0,0.0,0.0022,0.0,0.00269
2025-09-29 18:15:00,Uno M404,0.0,0.0,0.0,0.0,0.07897,0.00064,0.0,5.9999999999999995e-05,0.0,0.0,0.0,0.08462,0.0,0.0,0.0,0.0022400000000000002,0.0,0.0026
2025-09-29 18:20:00,Uno M404,0.0,0.0,0.0,0.0,0.07533,0.00065,0.0,4e-05,0.0,0.0,0.0,0.08122,0.0,0.0,0.0,0.0020800000000000003,0.0,0.00271
2025-09-29 18:25:00,Uno M404,0.0,0.0,0.0,0.0,0.0,0.00026000000000000003,0.0,1e-05,0.0,0.0,0.0,0.00644,0.0,0.0,0.0,0.00216,0.0,0.00269
2025-09-29 18:30:00,Uno M404,0.0,0.0,0.0,0.0,0.0,0.00058,0.0,0.0,0.0,0.0,0.0,0.00626,0.0,0.0,0.0,0.00228,0.0,0.00254
2025-09-29 18:35:00,Uno M404,0.0,0.0,0.0,0.0,0.0,0.0006,0.0,2e-05,0.0,0.0,0.0,0.00638,0.0,0.0,0.0,0.0022400000000000002,0.0,0.0025299999999999997
2025-09-29 18:40:00,Uno M404,0.0,0.0,0.0,0.0,0.0,0.00039,0.0,2e-05,0.0,0.0,0.0,0.00638,0.0,0.0,0.0,0.0023599999999999997,0.0,0.0025800000000000003
2025-09-29 18:45:00,Uno M404,0.0,0.0,0.0,0.0,0.0,0.00074,0.0,2e-05,0.0,0.0,0.0,0.0062,0.0,0.0,0.0,0.00219,0.0,0.00254
2025-09-29 18:50:00,Uno M404,0.0,0.0,0.0,0.0,0.0,0.00123,0.0,1e-05,0.0,0.0,0.0,0.0064,0.0,0.0,0.0,0.00228,0.0,0.00256
2025-09-29 18:55:00,Uno M404,0.0,0.0,0.0,0.0,0.0,0.0008900000000000001,0.0,4e-05,0.0,0.0,0.0,0.00633,0.0,0.0,0.0,0.00235,0.0,0.00268
2025-09-29 19:00:00,Uno M404,0.0,0.0,0.0,0.0,0.0,0.00078,0.0,5.9999999999999995e-05,0.0,0.0,0.0,0.0062900000000000005,0.0,0.0,0.0,0.00228,0.0,0.0025800000000000003
2025-09-29 19:05:00,Uno M404,0.0,0.0,0.0,0.0,0.09146,0.00106,0.0,7.000000000000001e-05,0.0,0.0,0.0,0.09728,0.0,0.0,0.0,0.0020099999999999996,0.0,0.00263
2025-09-29 19:10:00,Uno M404,1e-05,0.0,0.0,0.0,0.08181000000000001,0.00102,0.0,5e-05,0.0,0.0,0.0,0.08739,0.0,0.0,0.0,0.00221,0.0,0.00261
2025-09-29 19:15:00,Uno M404,0.0,0.0,0.0,0.0,0.07722,0.00148,0.0,8.999999999999999e-05,0.0,0.0,0.0,0.08265,0.0,0.0,0.0,0.0022299999999999998,0.0,0.00268
2025-09-29 19:25:00,Uno M404,0.0,0.0,0.0,0.0,0.0,0.00108,0.0,7.000000000000001e-05,0.0,0.0,0.0,0.00588,0.0,0.0,0.0,0.0023599999999999997,0.0,0.00271
2025-09-29 19:30:00,Uno M404,0.0,0.0,0.0,0.0,0.0,0.00098,0.0,0.00011,0.0,0.0,0.0,0.005679999999999999,0.0,0.0,0.0,0.00217,0.0,0.0026
2025-09-29 19:35:00,Uno M404,0.0,0.0,0.0,0.0,0.0,0.00092,0.0,0.0,0.0,0.0,0.0,0.005889999999999999,0.0,0.0,0.0,0.00234,0.0,0.00266
2025-09-29 19:40:00,Uno M404,0.0,0.0,0.0,0.0,0.0,0.00136,0.0,0.00016,0.0,0.0,0.0,0.0061200000000000004,0.0,0.0,0.0,0.0022,0.0,0.00268
2025-09-29 19:45:00,Uno M404,0.0,0.0,0.0,0.0,0.0,0.00103,0.0,0.00011999999999999999,0.0,0.0,0.0,0.00604,0.0,0.0,0.0,0.00222,0.0,0.00261
2025-09-29 19:50:00,Uno M404,0.0,0.0,0.0,0.0,0.0,0.00123,0.0,0.00011,0.0,0.0,0.0,0.0058,0.0,0.0,0.0,0.00235,0.0,0.00264
2025-09-29 19:55:00,Uno M404,0.0,0.0,0.0,0.0,0.0,0.00123,0.0,0.0002,0.0,0.0,0.0,0.00597,0.0,0.0,0.0,0.0022299999999999998,0.0,0.00278
2025-09-29 20:00:00,Uno M404,0.0,0.0,0.0,0.0,0.10683,0.0013,0.0,5.9999999999999995e-05,0.0,0.0,0.0,0.11255,0.0,0.0,0.0,0.00228,0.0,0.00271
2025-09-29 20:05:00,Uno M404,0.0,0.0,0.0,0.0,0.0895,0.00122,0.0,0.00016,0.0,0.0,0.0,0.09484999999999999,0.0,0.0,0.0,0.00229,0.0,0.00276
2025-09-29 20:10:00,Uno M404,0.0,0.0,0.0,0.0,0.08223,0.0007700000000000001,0.0,0.00025,0.0,0.0,0.0,0.0879,0.0,0.0,0.0,0.00235,0.0,0.00277
2025-09-29 20:15:00,Uno M404,0.0,0.0,0.0,0.0,0.07836,0.00133,0.0,7.000000000000001e-05,0.0,0.0,0.0,0.08367000000000001,0.0,0.0,0.0,0.00212,0.0,0.00276
2025-09-29 20:20:00,Uno M404,0.0,0.0,0.0,0.0,0.0,0.00069,0.0,0.00014000000000000001,0.0,0.0,0.0,0.005849999999999999,0.0,0.0,0.0,0.00237,0.0,0.00276
2025-09-29 20:25:00,Uno M404,2e-05,0.0,0.0,0.0,0.0,0.00064,0.14564,0.00011,0.0,0.0,0.0,0.0134,0.0,0.0,0.0,0.00227,0.0,0.14904
2025-09-29 20:30:00,Uno M404,1e-05,0.0,0.0,0.0,0.0,0.00102,0.14313,0.00028000000000000003,0.0,0.0,0.0,0.037020000000000004,0.0,0.0,0.0,0.00202,0.0,0.14668
2025-09-29 20:35:00,Uno M404,4e-05,0.0,0.0,0.0,0.0,0.0011899999999999999,0.14298,0.00011999999999999999,0.0,0.0,0.0,0.01312,0.0,0.0,0.0,0.00227,0.0,0.14635
2025-09-29 20:40:00,Uno M404,0.0,0.0,0.0,0.0,0.0,0.00117,0.14458000000000001,0.00017999999999999998,0.0,0.0,0.0,0.01306,0.0,0.0,0.0,0.00216,0.0,0.14782
2025-09-29 20:45:00,Uno M404,1e-05,0.0,0.0,0.0,0.0,0.00078,0.1446,0.00022,0.0,0.0,0.0,0.01315,0.0,0.0,0.0,0.00222,0.0,0.14806999999999998
2025-09-29 20:50:00,Uno M404,0.0,0.0,0.0,0.0,0.0,0.0011200000000000001,0.1435,0.00011,0.0,0.0,0.0,0.01343,0.0,0.0,0.0,0.00214,0.0,0.14696
2025-09-29 20:55:00,Uno M404,0.0,0.0,0.0,0.0,0.09242,0.00099,0.16655,5.9999999999999995e-05,0.0,0.0,0.0,0.10549,0.0,0.0,0.0,0.0022400000000000002,0.0,0.16986
2025-09-29 21:00:00,Uno M404,0.0,0.0,0.0,0.0,0.08435,0.00082,0.16566,0.00029,0.0,0.0,0.0,0.09738,0.0,0.0,0.0,0.00217,0.0,0.16882
2025-09-29 21:05:00,Uno M404,0.0,0.0,0.0,0.0,0.0803,0.0011,0.16538999999999998,0.00020999999999999998,0.0,0.0,0.0,0.09317,0.0,0.0,0.0,0.0021000000000000003,0.0,0.16888
2025-09-29 21:10:00,Uno M404,0.0,0.0,0.0,0.0,0.0,0.0009599999999999999,0.14221,0.00023999999999999998,0.0,0.0,0.0,0.013099999999999999,0.0,0.0,0.0,0.00207,0.0,0.14542
2025-09-29 21:15:00,Uno M404,0.0,0.0,0.0,0.0,0.0,0.00109,0.14306,0.00028000000000000003,0.0,0.0,0.0,0.01303,0.0,0.0,0.0,0.00204,0.0,0.14642
2025-09-29 21:20:00,Uno M404,3.2923,0.0,0.0,3.2621599999999997,0.0,0.00051,0.14164,0.0,0.0,0.027260000000000003,0.0,0.01943,0.0,0.0,0.0,0.0019299999999999999,0.0,0.14488
2025-09-29 21:25:00,Uno M404,0.03007,0.0,0.0,0.0,0.0,0.00014000000000000001,0.14257,0.0,0.0,0.02802,0.0,0.01396,0.0,0.0,0.0,0.00206,0.0,0.14573
2025-09-29 21:30:00,Uno M404,3.31572,0.0,0.0,3.2903800000000003,0.0,0.00011,0.14021,0.0,0.0,0.0272,0.0,0.01483,0.0,0.0,0.0,0.00197,0.0,0.14342
2025-09-29 21:35:00,Uno M404,3.28853,0.0,0.0,3.25917,0.0,0.00020999999999999998,0.14439,0.0,0.0,0.02683,0.0,0.01414,0.0,0.0,0.0,0.0016899999999999999,0.0,0.14759
2025-09-29 21:40:00,Uno M404,3.3217800000000004,0.0,0.0,3.29232,0.0,4e-05,0.14352,0.0,0.0,0.027,0.0,0.01428,0.0,0.0,0.0,0.00204,0.0,0.14668
2025-09-29 21:45:00,Uno M404,0.0,0.0,0.0,0.0,0.09348999999999999,5.9999999999999995e-05,0.14276,0.0,0.0,0.0,0.0,0.10801999999999999,0.0,0.0,0.0,0.00221,0.0,0.16711
2025-09-29 21:50:00,Uno M404,0.0,0.0,0.0,0.0,0.08363,1e-05,0.1424,0.0,0.0,0.0,0.0,0.09473999999999999,0.0,0.0,0.0,0.0,0.0,0.16613999999999998
2025-09-29 21:55:00,Uno M404,0.0,0.0,0.0,0.0,0.08042,0.0,0.11833,0.0,0.0,0.0,0.0,0.09201000000000001,0.0,0.0,0.0,0.0,0.0,0.14252
2025-09-29 22:00:00,Uno M404,0.0,0.0,0.0,0.0,0.07776000000000001,0.0,0.11688,0.0,0.0,0.0,0.0,0.08978,0.0,0.0,0.0,0.0,0.0,0.14096
2025-09-29 22:05:00,Uno M404,0.00717,0.0,0.0,0.0,0.0,0.0,0.11684,0.0,0.0,0.00592,0.0,0.01167,0.0,0.0,0.0,0.0,0.0,0.1406
2025-09-29 22:10:00,Uno M404,0.00721,0.0,0.0,0.0,0.0,0.0,0.11828,0.0,0.0,0.00577,0.0,0.011380000000000001,0.0,0.0,0.0,0.0,0.0,0.14215
2025-09-29 22:15:00,Uno M404,0.0072,0.0,0.0,0.0,0.0,0.0,0.11815,0.0,0.0,0.005860000000000001,0.0,0.011970000000000001,0.0,0.0,0.0,0.0,0.0,0.14193
2025-09-29 22:20:00,Uno M404,0.0,0.0,0.0,0.0,0.0,0.0,0.04455,0.0,0.0,0.0,0.0,0.011460000000000001,0.0,0.0,0.0,0.0,0.0,0.06855
2025-09-29 22:25:00,Uno M404,0.0,0.0,0.0,0.0,0.0,0.0,0.0445,0.0,0.0,0.0,0.0,0.011810000000000001,0.0,0.0,0.0,0.0,0.0,0.06827
2025-09-29 22:30:00,Uno M404,0.0,0.0,0.0,0.0,0.0,0.0,0.044539999999999996,0.0,0.0,0.0,0.0,0.011689999999999999,0.0,0.0,0.0,0.0,0.0,0.0681
2025-09-29 22:35:00,Uno M404,0.0,0.0,0.0,0.0,0.0,0.0,0.04485,0.0,0.0,0.0,0.0,0.01167,0.0,0.0,0.0,0.0,0.0,0.06866
2025-09-29 22:40:00,Uno M404,0.0,0.0,0.0,0.0,0.09436,0.0,0.044700000000000004,0.0,0.0,0.0,0.0,0.10614,0.0,0.0,0.0,0.0,0.0,0.06839
2025-09-29 22:45:00,Uno M404,0.0,0.0,0.0,0.0,0.08336,0.0,0.044520000000000004,0.0,0.0,0.0,0.0,0.09516,0.0,0.0,0.0,0.0,0.0,0.06819
2025-09-29 22:50:00,Uno M404,0.0,0.0,0.0,0.0,0.079,0.0,0.04443,0.0,0.0,0.0,0.0,0.09099,0.0,0.0,0.0,0.0,0.0,0.047420000000000004
2025-09-29 22:55:00,Uno M404,0.0,0.0,0.0,0.0,0.07626999999999999,0.0,0.044469999999999996,0.0,0.0,0.0,0.0,0.08818000000000001,0.0,0.0,0.0,0.0,0.0,0.1154
2025-09-29 23:00:00,Uno M404,0.0,0.0,0.0,0.0,0.0,0.0,0.04444,0.0,0.0,0.0,0.0,0.011699999999999999,0.0,0.0,0.0,0.0,0.0,0.11479
2025-09-29 23:05:00,Uno M404,0.0,0.0,0.0,0.0,0.0,0.0,0.0,0.0,0.0,0.0,0.0,0.01166,0.0,0.0,0.0,0.0,0.0,0.06925
2025-09-29 23:10:00,Uno M404,0.0,0.0,0.0,0.0,0.0,0.0,0.0,0.0,0.0,0.0,0.0,0.01137,0.0,0.0,0.0,0.0,0.0,0.06859
2025-09-29 23:15:00,Uno M404,0.0,0.0,0.0,0.0,0.0,0.0,0.0,0.0,0.0,0.0,0.0,0.01156,0.0,0.0,0.0,0.0,0.0,0.06799
2025-09-29 23:20:00,Uno M404,0.0,0.0,0.0,0.0,0.0,0.0,0.0,0.0,0.0,0.0,0.0,0.011359999999999999,0.0,0.0,0.0,0.0,0.0,0.06828000000000001
2025-09-29 23:25:00,Uno M404,0.0,0.0,0.0,0.0,0.0,0.0,0.0,0.0,0.0,0.0,0.0,0.011460000000000001,0.0,0.0,0.0,0.0,0.0,0.06789
2025-09-29 23:30:00,Uno M404,0.0,0.0,0.0,0.0,0.99807,0.0,0.0,0.0,0.0,0.0,0.0,1.0092999999999999,0.0,0.0,0.0,0.0,0.0,0.06775
2025-09-29 23:35:00,Uno M404,0.0,0.0,0.0,0.0,0.09,0.0,0.0,0.0,0.0,0.0,0.0,0.10181,0.0,0.0,0.0,0.0,0.0,0.06805
2025-09-29 23:40:00,Uno M404,0.0,0.0,0.0,0.0,0.08223,0.0,0.0,0.0,0.0,0.0,0.0,0.09334999999999999,0.0,0.0,0.0,0.0,0.0,0.06804
2025-09-29 23:45:00,Uno M404,0.0,0.0,0.0,0.0,0.07859000000000001,0.0,0.0,0.0,0.0,0.0,0.0,0.08996,0.0,0.0,0.0,0.0,0.0,0.0674
2025-09-29 23:50:00,Uno M404,0.0,0.0,0.0,0.0,0.0,0.0,0.0,0.0,0.0,0.0,0.0,0.01128,0.0,0.0,0.0,0.0,0.0,0.06744
2025-09-29 23:55:00,Uno M404,0.0,0.0,0.0,0.0,0.0,0.0,0.0,0.0,0.0,0.0,0.0,0.01126,0.0,0.0,0.0,0.0,0.0,0.06723
2025-09-30 00:00:00,Uno M404,0.0,0.0,0.0,0.0,0.0,0.0,0.0,0.0,0.0,0.0,0.0,0.01126,0.0,0.0,0.0,0.0,0.0,0.06751
2025-09-30 00:05:00,Uno M404,0.0,0.0,0.0,0.0,0.0,0.0,0.005059999999999999,0.0,0.0,0.0,0.0,0.01126,0.0,0.0,0.0,0.0,0.0,0.07352
2025-09-30 00:10:00,Uno M404,0.0,,0.0,0.0,0.0,0.0,,0.0,0.0,0.0,0.0,0.01123,,,,0.0,0.0,
2025-09-30 00:15:00,Uno M404,0.0,0.0,0.0,0.0,,,0.0,0.0,0.0,0.0,,,0.0,0.0,0.0,,,0.13598
2025-09-30 00:20:00,Uno M404,0.0,0.0,0.0,0.0,0.0,0.0,0.0,0.0,0.0,0.0,0.0,0.02228,0.0,0.0,0.0,0.0,0.0,0.13634000000000002
2025-09-30 00:25:00,Uno M404,0.0,0.0,0.0,0.0,0.10073,0.0,0.0,0.0,0.0,0.0,0.0,0.11208,0.0,0.0,0.0,0.0,0.0,0.06799
2025-09-30 00:30:00,Uno M404,0.0,0.0,0.0,0.0,0.08843000000000001,0.0,0.0,0.0,0.0,0.0,0.0,0.0991,0.0,0.0,0.0,0.0,0.0,0.06812
2025-09-30 00:35:00,Uno M404,0.0,0.0,0.0,0.0,0.0815,0.0,0.0,0.0,0.0,0.0,0.0,0.09234,0.0,0.0,0.0,0.0,0.0,0.06775
2025-09-30 00:40:00,Uno M404,0.0,0.0,0.0,0.0,0.07812000000000001,0.0,0.0,0.0,0.0,0.0,0.0,0.0886,0.0,0.0,0.0,0.0,0.0,0.06787
2025-09-30 00:45:00,Uno M404,0.0,0.0,0.0,0.0,0.0,0.0,0.0,0.0,0.0,0.0,0.0,0.01074,0.0,0.0,0.0,0.0,0.0,0.06809
2025-09-30 00:50:00,Uno M404,0.0,0.0,0.0,0.0,0.0,0.0,0.0,0.0,0.0,0.0,0.0,0.01105,0.0,0.0,0.0,0.0,0.0,0.06809
2025-09-30 00:55:00,Uno M404,0.0,0.0,0.0,0.0,0.0,1e-05,0.0,0.0,0.0,0.0,0.0,0.0107,0.0,0.0,0.0,0.0,0.0,0.0681
2025-09-30 01:00:00,Uno M404,0.0,0.0,0.0,0.0,0.0,4e-05,0.0,5.9999999999999995e-05,0.0,0.0,0.0,0.01082,0.0,0.0,0.0,0.0,0.0,0.06841
2025-09-30 01:05:00,Uno M404,0.0,0.0,0.0,0.0,0.0,0.0,0.00466,0.0,0.0,0.0,0.0,0.01074,0.0,0.0,0.0,0.0,0.0,0.07388
2025-09-30 01:10:00,Uno M404,0.0,0.0,0.0,0.0,0.0,0.0,0.0,2e-05,0.0,0.0,0.0,0.01076,0.0,0.0,0.0,0.0,0.0,0.06856999999999999
2025-09-30 01:15:00,Uno M404,0.0,0.0,0.0,0.0,0.0,0.0,0.0,0.0,0.0,0.0,0.0,0.01065,0.0,0.0,0.0,0.0,0.0,0.06908
2025-09-30 01:20:00,Uno M404,2e-05,0.0,0.0,0.0,0.10012,1e-05,0.0,0.0,0.0,0.0,0.0,0.11034000000000001,0.0,0.0,0.0,0.0,0.0,0.06885
2025-09-30 01:25:00,Uno M404,0.0,0.0,0.0,0.0,0.0878,2e-05,0.0,0.00011,0.0,0.0,0.0,0.09814,0.0,0.0,0.0,0.0,0.0,0.06884
2025-09-30 01:30:00,Uno M404,0.0,0.0,0.0,0.0,0.08183,1e-05,0.0,2e-05,0.0,0.0,0.0,0.09189,0.0,0.0,0.0,0.0,0.0,0.06824
2025-09-30 01:35:00,Uno M404,0.0,0.0,0.0,0.0,0.07851000000000001,0.0,0.0,1e-05,0.0,0.0,0.0,0.08859,0.0,0.0,0.0,0.0,0.0,0.06902
2025-09-30 01:40:00,Uno M404,0.0,0.0,0.0,0.0,0.0,7.000000000000001e-05,0.0,0.0,0.0,0.0,0.0,0.01056,0.0,0.0,0.0,0.0,0.0,0.06871
2025-09-30 01:45:00,Uno M404,0.0,0.0,0.0,0.0,0.0,0.0,0.0,4e-05,0.0,0.0,0.0,0.010490000000000001,0.0,0.0,0.0,0.0,0.0,0.06852
2025-09-30 01:50:00,Uno M404,2e-05,0.0,0.0,0.0,0.0,1e-05,0.0,1e-05,0.0,0.0,0.0,0.01068,0.0,0.0,0.0,0.0,0.0,0.06851
2025-09-30 01:55:00,Uno M404,1e-05,0.0,0.0,0.0,0.0,0.0,0.0,0.0,0.0,0.0,0.0,0.01041,0.0,0.0,0.0,0.0,0.0,0.06831
2025-09-30 02:00:00,Uno M404,0.0,0.0,0.0,0.0,0.0,8.999999999999999e-05,0.0,0.0,0.0,0.0,0.0,0.01063,0.0,0.0,0.0,0.0,0.0,0.06874
2025-09-30 02:05:00,Uno M404,0.0,0.0,0.0,0.0,0.0,5e-05,0.00412,1e-05,0.0,0.0,0.0,0.01048,0.0,0.0,0.0,0.0,0.0,0.07338
2025-09-30 02:10:00,Uno M404,0.0,0.0,0.0,0.0,0.0,2e-05,0.0,1e-05,0.0,0.0,0.0,0.0104,0.0,0.0,0.0,0.0,0.0,0.06931
2025-09-30 02:15:00,Uno M404,0.0,0.0,0.0,0.0,0.10312,0.0,0.0,0.0,0.0,0.0,0.0,0.11349,0.0,0.0,0.0,0.0,0.0,0.06891
2025-09-30 02:20:00,Uno M404,0.0,0.0,0.0,0.0,0.08972,2e-05,0.0,0.0,0.0,0.0,0.0,0.09995,0.0,0.0,0.0,0.0,0.0,0.06923
2025-09-30 02:25:00,Uno M404,0.0,0.0,0.0,0.0,0.08289,0.00025,0.0,0.0,0.0,0.0,0.0,0.09322,0.0,0.0,0.0,0.0,0.0,0.06913
2025-09-30 02:30:00,Uno M404,4e-05,0.0,0.0,0.0,0.07898999999999999,1e-05,0.0,0.0,0.0,0.0,0.0,0.08897,0.0,0.0,0.0,0.0,0.0,0.06909
2025-09-30 02:35:00,Uno M404,0.0,0.0,0.0,0.0,0.0,1e-05,0.0,0.0,0.0,0.0,0.0,0.01105,0.0,0.0,0.0,0.0,0.0,0.06896
2025-09-30 02:40:00,Uno M404,0.0,0.0,0.0,0.0,0.0,0.0,0.0,0.0,0.0,0.0,0.0,0.01061,0.0,0.0,0.0,0.0,0.0,0.06889
2025-09-30 02:45:00,Uno M404,0.0,0.0,0.0,0.0,0.0,1e-05,0.0,0.0,0.0,0.0,0.0,0.01036,0.0,0.0,0.0,0.0,0.0,0.06918
2025-09-30 02:50:00,Uno M404,0.0,0.0,0.0,0.0,0.0,0.00022,0.0,0.0,0.0,0.0,0.0,0.01061,0.0,0.0,0.0,0.0,0.0,0.06931999999999999
2025-09-30 02:55:00,Uno M404,2e-05,0.0,0.0,0.0,0.0,0.0,0.0,2e-05,0.0,0.0,0.0,0.01038,0.0,0.0,0.0,0.0,0.0,0.06965
2025-09-30 03:00:00,Uno M404,1e-05,0.0,0.0,0.0,0.0,0.0,0.00538,1e-05,0.0,0.0,0.0,0.01087,0.0,0.0,0.0,0.0,0.0,0.075
2025-09-30 03:05:00,Uno M404,0.0,0.0,0.0,0.0,0.0,5e-05,0.0,0.0,0.0,0.0,0.0,0.01039,0.0,0.0,0.0,0.0,0.0,0.06989
2025-09-30 03:10:00,Uno M404,0.0,0.0,0.0,0.0,0.0,0.0,0.0,1e-05,0.0,0.0,0.0,0.01061,0.0,0.0,0.0,0.0,0.0,0.06948
2025-09-30 03:15:00,Uno M404,0.0,0.0,0.0,0.0,0.09318000000000001,0.0,0.0,8e-05,0.0,0.0,0.0,0.1035,0.0,0.0,0.0,0.0,0.0,0.06972
2025-09-30 03:20:00,Uno M404,0.0,0.0,0.0,0.0,0.08411,1e-05,0.0,0.0,0.0,0.0,0.0,0.09434999999999999,0.0,0.0,0.0,0.0,0.0,0.06962
2025-09-30 03:25:00,Uno M404,0.0,0.0,0.0,0.0,0.08011,7.000000000000001e-05,0.0,0.0,0.0,0.0,0.0,0.09007,0.0,0.0,0.0,0.0,0.0,0.06982
2025-09-30 03:30:00,Uno M404,1e-05,0.0,0.0,0.0,0.0,0.0,0.0,0.0,0.0,0.0,0.0,0.01053,0.0,0.0,0.0,0.0,0.0,0.06962
2025-09-30 03:35:00,Uno M404,0.0,0.0,0.0,0.0,0.0,5.9999999999999995e-05,0.0,0.0,0.0,0.0,0.0,0.01053,0.0,0.0,0.0,0.0,0.0,0.06956
2025-09-30 03:40:00,Uno M404,0.0,0.0,0.0,0.0,0.0,1e-05,0.0,0.0,0.0,0.0,0.0,0.01084,0.0,0.0,0.0,0.0,0.0,0.06975
2025-09-30 03:45:00,Uno M404,0.0,0.0,0.0,0.0,0.0,7.000000000000001e-05,0.0,0.0,0.0,0.0,0.0,0.01048,0.0,0.0,0.0,0.0,0.0,0.06971
2025-09-30 03:50:00,Uno M404,0.0,0.0,0.0,0.0,0.0,0.0,0.0,7.000000000000001e-05,0.0,0.0,0.0,0.01055,0.0,0.0,0.0,0.0,0.0,0.06956
2025-09-30 03:55:00,Uno M404,1e-05,0.0,0.0,0.0,0.0,0.0,0.0,2e-05,0.0,0.0,0.0,0.01094,0.0,0.0,0.0,0.0,0.0,0.06942
2025-09-30 04:00:00,Uno M404,,0.0,,,0.0,5e-05,0.0,,,,0.0,0.01059,0.0,0.0,0.0,0.0,0.0,0.06964000000000001
2025-09-30 04:05:00,Uno M404,1e-05,0.0,0.0,0.0,0.0,0.00017999999999999998,0.0,1e-05,0.0,0.0,0.0,0.020980000000000002,0.0,0.0,0.0,0.0,0.0,0.13924
2025-09-30 04:10:00,Uno M404,0.0,0.0,0.0,0.0,0.09859,5.9999999999999995e-05,0.0,0.0,0.0,0.0,0.0,0.10890999999999999,0.0,0.0,0.0,0.0,0.0,0.06946
2025-09-30 04:15:00,Uno M404,0.0,0.0,0.0,0.0,0.08717,0.0,0.0,0.0,0.0,0.0,0.0,0.09749,0.0,0.0,0.0,0.0,0.0,0.06972
2025-09-30 04:20:00,Uno M404,0.0,0.0,0.0,0.0,0.08166,0.0,0.0,2e-05,0.0,0.0,0.0,0.09201000000000001,0.0,0.0,0.0,0.0,0.0,0.06969
2025-09-30 04:25:00,Uno M404,0.0,0.0,0.0,0.0,0.0,0.0,0.0,0.0,0.0,0.0,0.0,0.01063,0.0,0.0,0.0,0.0,0.0,0.06977
2025-09-30 04:30:00,Uno M404,0.0,0.0,0.0,0.0,0.0,2e-05,0.0,0.0,0.0,0.0,0.0,0.01041,0.0,0.0,0.0,0.0,0.0,0.06955
2025-09-30 04:35:00,Uno M404,1e-05,0.0,0.0,0.0,0.0,4e-05,0.0,0.0,0.0,0.0,0.0,0.01065,0.0,0.0,0.0,0.0,0.0,0.06939000000000001
2025-09-30 04:40:00,Uno M404,0.0,0.0,0.0,0.0,0.0,0.0,0.0,1e-05,0.0,0.0,0.0,0.01086,0.0,0.0,0.0,0.0,0.0,0.06966
2025-09-30 04:45:00,Uno M404,0.0,0.0,0.0,0.0,0.0,0.0,0.0,0.0,0.0,0.0,0.0,0.01089,0.0,0.0,0.0,0.0,0.0,0.06937
2025-09-30 04:50:00,Uno M404,0.0,0.0,0.0,0.0,0.0,0.0,0.0,0.0,0.0,0.0,0.0,0.01086,0.0,0.0,0.0,0.0,0.0,0.0696
2025-09-30 04:55:00,Uno M404,0.0,0.0,0.0,0.0,0.0,0.0,0.0,0.0,0.0,0.0,0.0,0.01045,0.0,0.0,0.0,0.0,0.0,0.06952
2025-09-30 05:00:00,Uno M404,0.0,0.0,0.0,0.0,0.0,0.0,0.0,0.0,0.0,0.0,0.0,0.01052,0.0,0.0,0.0,0.0,0.0,0.06983
2025-09-30 05:05:00,Uno M404,1e-05,0.0,0.0,0.0,0.0,1e-05,0.0,2e-05,0.0,0.0,0.0,0.01053,0.0,0.0,0.0,0.0,0.0,0.06931999999999999
2025-09-30 05:10:00,Uno M404,,,,,0.09137999999999999,5e-05,,,,,0.0,0.10144,,,,0.0,0.0,
2025-09-30 05:15:00,Uno M404,0.0,0.0,0.0,0.0,,,0.0,0.0,0.0,0.0,,,0.0,0.0,0.0,,,0.2774
2025-09-30 05:20:00,Uno M404,0.0,0.0,0.0,0.0,1.4688,0.0,0.0,0.00018,0.0,0.0,0.0,1.65246,0.0,0.0,0.0,0.0,0.0,1.23288
2025-09-30 05:25:00,Uno M404,0.0,0.0,0.0,0.0,0.0,9e-05,0.0,0.0,0.0,0.0,0.0,0.0963,0.0,0.0,0.0,0.0,0.0,0.61575
2025-09-30 05:30:00,Uno M404,0.0,0.0,0.0,0.0,0.0,0.0,0.0,0.0,0.0,0.0,0.0,0.01055,0.0,0.0,0.0,0.0,0.0,0.06818
2025-09-30 05:35:00,Uno M404,0.0,0.0,0.0,0.0,0.0,0.0,0.0,1e-05,0.0,0.0,0.0,0.0107,0.0,0.0,0.0,0.0,0.0,0.06854
2025-09-30 05:40:00,Uno M404,0.0,0.0,0.0,0.0,0.0,0.0,0.0,0.0,0.0,0.0,0.0,0.01082,0.0,0.0,0.0,0.0,0.0,0.06814
2025-09-30 05:45:00,Uno M404,0.0,0.0,0.0,0.0,0.0,2e-05,0.0,0.0,0.0,0.0,0.0,0.01062,0.0,0.0,0.0,0.0,0.0,0.06756999999999999
2025-09-30 05:50:00,Uno M404,0.0,0.0,0.0,0.0,0.0,0.0,0.0,0.0,0.0,0.0,0.0,0.01076,0.0,0.0,0.0,0.0,0.0,0.06775
2025-09-30 05:55:00,Uno M404,0.0,0.0,0.0,0.0,0.0,0.0,0.0,0.0,0.0,0.0,0.0,0.01058,0.0,0.0,0.0,0.0,0.0,0.06809
2025-09-30 06:00:00,Uno M404,0.0,0.0,0.0,0.0,0.0,0.00011,0.0,0.0,0.0,0.0,0.0,0.01108,0.0,0.0,0.0,0.0,0.0,0.06803000000000001
2025-09-30 06:05:00,Uno M404,0.0,0.0,0.0,0.0,0.09652,1e-05,0.0,0.0,0.0,0.0,0.0,0.10712999999999999,0.0,0.0,0.0,0.0,0.0,0.06749
2025-09-30 06:10:00,Uno M404,0.0,0.0,0.0,0.0,0.08527,0.0,0.0,0.0,0.0,0.0,0.0,0.09576000000000001,0.0,0.0,0.0,0.0,0.0,0.06673
2025-09-30 06:15:00,Uno M404,0.0,0.0,0.0,0.0,0.07947,0.0,0.0,0.0,0.0,0.0,0.0,0.08998,0.0,0.0,0.0,0.0,0.0,0.06656999999999999
2025-09-30 06:20:00,Uno M404,0.0,0.0,0.0,0.0,0.0,0.0,0.0,0.0,0.0,0.0,0.0,0.01075,0.0,0.0,0.0,0.0,0.0,0.06595000000000001
2025-09-30 06:25:00,Uno M404,1e-05,0.0,0.0,0.0,0.0,0.0,0.0,0.0,0.0,0.0,0.0,0.01094,0.0,0.0,0.0,0.0,0.0,0.06631000000000001
2025-09-30 06:30:00,Uno M404,0.0,0.0,0.0,0.0,0.0,0.0,0.0,0.0,0.0,0.0,0.0,0.01061,0.0,0.0,0.0,0.0,0.0,0.06570000000000001
2025-09-30 06:35:00,Uno M404,0.0,0.0,0.0,0.0,0.0,0.0,0.0,0.0,0.0,0.0,0.0,0.01119,0.0,0.0,0.0,0.0,0.0,0.06525
2025-09-30 06:40:00,Uno M404,0.0,0.0,0.0,0.0,0.0,0.0,0.0,0.0,0.0,0.0,0.0,0.011210000000000001,0.0,0.0,0.0,0.0,0.0,0.06533
2025-09-30 06:45:00,Uno M404,0.0,0.0,0.0,0.0,0.0,0.0,0.0,0.0,0.0,0.0,0.0,0.0109,0.0,0.0,0.0,0.0,0.0,0.06572
2025-09-30 06:50:00,Uno M404,0.0,0.0,0.0,0.0,0.0,0.0,0.0,0.0,0.0,0.0,0.0,0.0108,0.0,0.0,0.0,0.0,0.0,0.06522
2025-09-30 06:55:00,Uno M404,0.0,0.0,0.0,0.0,0.0,0.0,0.0,0.0,0.0,0.0,0.0,0.01104,0.0,0.0,0.0,0.0,0.0,0.06545000000000001
2025-09-30 07:00:00,Uno M404,1e-05,0.0,0.0,0.0,0.10548,0.0,0.0,0.0,0.0,0.0,0.0,0.11634,0.0,0.0,0.0,0.0,0.0,0.06455
2025-09-30 07:05:00,Uno M404,1e-05,0.0,0.0,0.0,0.08821999999999999,0.0,0.0,0.0,0.0,0.0,0.0,0.0991,0.0,0.0,0.0,0.0,0.0,0.06341
2025-09-30 07:10:00,Uno M404,0.0,0.0,0.0,0.0,0.08056,0.0,0.0,0.0,0.0,0.0,0.0,0.09126000000000001,0.0,0.0,0.0,0.0,0.0,0.06359000000000001
2025-09-30 07:15:00,Uno M404,0.0,0.0,0.0,0.0,0.07634,0.0,0.0,0.0,0.0,0.0,0.0,0.08689,0.0,0.0,0.0,0.0,0.0,0.06486
2025-09-30 07:20:00,Uno M404,0.0,0.0,0.0,0.0,0.0,0.0,0.0,0.0,0.0,0.0,0.0,0.01086,0.0,0.0,0.0,0.0,0.0,0.06429
2025-09-30 07:25:00,Uno M404,0.0,0.0,0.0,0.0,0.0,0.0,0.0,0.0,0.0,0.0,0.0,0.01083,0.0,0.0,0.0,0.0,0.0,0.06481999999999999
2025-09-30 07:30:00,Uno M404,0.0,0.0,0.0,0.0,0.0,2e-05,0.0,0.0,0.0,0.0,0.0,0.01079,0.0,0.0,0.0,0.0,0.0,0.06495000000000001
2025-09-30 07:35:00,Uno M404,0.0,0.0,0.0,0.0,0.0,0.0,0.0,0.0,0.0,0.0,0.0,0.01089,0.0,0.0,0.0,0.0,0.0,0.06448000000000001
2025-09-30 07:40:00,Uno M404,0.0,0.0,0.0,0.0,0.0,0.0,0.0,0.0,0.0,0.0,0.0,0.0109,0.0,0.0,0.0,0.0,0.0,0.06516
2025-09-30 07:45:00,Uno M404,0.0,0.0,0.0,0.0,0.0,2e-05,0.0,0.0,0.0,0.0,0.0,0.01104,0.0,0.0,0.0,0.0,0.0,0.06461
2025-09-30 07:50:00,Uno M404,0.0,0.0,0.0,0.0,0.0,0.0,0.0,0.0,0.0,0.0,0.0,0.01086,0.0,0.0,0.0,0.0,0.0,0.06486
2025-09-30 07:55:00,Uno M404,0.0,0.0,0.0,0.0,0.0,0.0,0.0,0.0,0.0,0.0,0.0,0.01065,0.0,0.0,0.0,0.0,0.0,0.06517
2025-09-30 08:00:00,Uno M404,0.0,0.0,0.0,0.0,0.09468,0.0,0.0,0.0,0.0,0.0,0.0,0.10490000000000001,0.0,0.0,0.0,0.0,0.0,0.06488
2025-09-30 08:05:00,Uno M404,0.0,0.0,0.0,0.0,0.08319,0.0,0.0,0.0,0.0,0.0,0.0,0.09378,0.0,0.0,0.0,0.0,0.0,0.06332
2025-09-30 08:10:00,Uno M404,0.0,0.0,0.0,0.0,0.07759999999999999,0.0,0.0,5.9999999999999995e-05,0.0,0.0,0.0,0.08871,0.0,0.0,0.0,0.0,0.0,0.06455
2025-09-30 08:15:00,Uno M404,0.0,0.0,0.0,0.0,0.0,0.0,0.0,0.0,0.0,0.0,0.0,0.01069,0.0,0.0,0.0,0.0,0.0,0.06355
2025-09-30 08:20:00,Uno M404,0.0,0.0,0.0,0.0,0.0,0.0,0.0,0.0,0.0,0.0,0.0,0.01084,0.0,0.0,0.0,0.0,0.0,0.06331
2025-09-30 08:25:00,Uno M404,0.0,0.0,0.0,0.0,0.0,1e-05,0.0,0.0,0.0,0.0,0.0,0.01079,0.0,0.0,0.0,0.0,0.0,0.06342
2025-09-30 08:30:00,Uno M404,0.0,0.0,0.0,0.0,0.0,0.0,0.0,0.0,0.0,0.0,0.0,0.01094,0.0,0.0,0.0,0.0,0.0,0.06265
2025-09-30 08:35:00,Uno M404,0.0,0.0,0.0,0.0,0.0,0.0,0.0,0.0,0.0,0.0,0.0,0.01091,0.0,0.0,0.0,0.0,0.0,0.06372
2025-09-30 08:40:00,Uno M404,0.0,0.0,0.0,0.0,0.0,0.0,0.0,0.0,0.0,0.0,0.0,0.01088,0.0,0.0,0.0,0.0,0.0,0.06374
2025-09-30 08:45:00,Uno M404,1e-05,0.0,0.0,0.0,0.0,0.0,0.0,0.0,0.0,0.0,0.0,0.01104,0.0,0.0,0.0,0.0,0.0,0.06436
2025-09-30 08:50:00,Uno M404,0.0,0.0,0.0,0.0,0.0,0.0,0.0,0.0,0.0,0.0,0.0,0.01065,0.0,0.0,0.0,0.0,0.0,0.06431
2025-09-30 08:55:00,Uno M404,0.0,0.0,0.0,0.0,0.09969,1e-05,0.02996,0.0,0.0,0.0,0.0,0.11115,0.0,0.0,0.0,0.0,0.0,0.09415000000000001
2025-09-30 09:00:00,Uno M404,0.0,0.0,0.0,0.0,0.08649,0.0,0.05626,0.0,0.0,0.0,0.0,0.09706999999999999,0.0,0.0,0.0,0.0,0.0,0.11963
2025-09-30 09:05:00,Uno M404,0.00749,0.0,0.0,0.0,0.08052,2e-05,0.05026,0.0,0.0,0.005849999999999999,0.0,0.0911,0.0,0.0,0.08868999999999999,0.0,0.0,0.20589
2025-09-30 09:10:00,Uno M404,0.02975,0.0,0.0,0.0,0.0,2e-05,0.05547,0.0,0.0,0.02766,0.0,0.01095,0.0,0.0,0.08846,0.0,0.0,0.21058000000000002
2025-09-30 09:15:00,Uno M404,0.02965,0.0,0.0,0.0,0.0,0.00019,0.04441,0.0,0.0,0.027690000000000003,0.0,0.01056,0.0,0.0,0.06816,0.0,0.0,0.17792
2025-09-30 09:20:00,Uno M404,0.023329999999999997,0.0,0.0,0.0,0.0,0.00011,0.05042,0.0,0.0,0.02143,0.0,0.010539999999999999,0.0,0.0,0.11086,0.0,0.0,0.16534000000000001
2025-09-30 09:25:00,Uno M404,0.0,0.0,0.0,0.0,0.0,0.0,0.044770000000000004,0.0,0.0,0.0,0.0,0.01033,0.0,0.0,0.10522,0.0,0.0,0.15387
2025-09-30 09:30:00,Uno M404,0.0,0.0,0.0,0.0,0.0,5e-05,0.05102,1e-05,0.0,0.0,0.0,0.03322,0.0,0.0,0.1166,0.0,0.0,0.17143
2025-09-30 09:35:00,Uno M404,0.0,0.0,0.0,0.0,0.0,0.00011999999999999999,0.05152,4e-05,0.0,0.0,0.0,0.01045,0.0,0.0,0.1072,0.0,0.0,0.16261
2025-09-30 09:40:00,Uno M404,0.0,0.0,0.0,0.0,0.0,0.00011,0.04922,0.0,0.0,0.0,0.0,0.01041,0.0,0.0,0.10709,0.0,0.0,0.1601
2025-09-30 09:45:00,Uno M404,0.0,0.0,0.0,0.0,0.0,4e-05,0.04002,2e-05,0.0,0.0,0.0,0.09992,0.0,0.0,0.10931999999999999,0.0,0.0,0.15331999999999998
2025-09-30 09:50:00,Uno M404,0.0,0.0,0.0,0.0,0.09481999999999999,5e-05,0.0,0.0,0.0,0.0,0.0,0.19403,0.0,0.0,0.11646,0.0,0.0,0.11952
2025-09-30 09:55:00,Uno M404,0.0,0.0,0.0,0.0,0.08294,1e-05,0.0,0.0,0.0,0.0,0.0,0.18194,0.0,0.0,0.10344,0.0,0.0,0.10636
2025-09-30 10:00:00,Uno M404,0.0,0.0,0.0,0.0,0.07790000000000001,2e-05,0.0,5.9999999999999995e-05,0.0,0.0,0.0,0.17649,0.0,0.0,0.10542,0.0,0.0,0.10837999999999999
2025-09-30 10:05:00,Uno M404,0.0,0.0,0.0,0.0,0.0,0.00014000000000000001,0.0,0.0,0.0,0.0,0.0,0.09865,0.0,0.0,0.09453,0.0,0.0,0.09756000000000001
2025-09-30 10:10:00,Uno M404,0.0,0.0,0.0,0.0,0.0,2e-05,0.00391,0.0,0.0,0.0,0.0,0.09794,0.0,0.0,0.09124,0.0,0.0,0.09913
2025-09-30 10:15:00,Uno M404,0.00714,0.0,0.0,0.0,0.0,8e-05,0.02892,0.0,0.0,0.00564,0.0,0.098,0.0,0.0,0.08181999999999999,0.0,0.0,0.11462
2025-09-30 10:20:00,Uno M404,0.00731,0.0,0.0,0.0,0.0,0.00011,0.02877,0.0,0.0,0.005730000000000001,0.0,0.0979,0.0,0.0,0.07654999999999999,0.0,0.0,0.10926999999999999
2025-09-30 10:25:00,Uno M404,0.0,0.0,0.0,0.0,0.0,0.0,0.02877,0.00046,0.0,0.0,0.0,0.09817000000000001,0.0,0.0,0.07252,0.0,0.0,0.10506
2025-09-30 10:30:00,Uno M404,0.006860000000000001,0.0,0.0,0.0,0.0,0.0,0.02879,0.00038,0.0,0.00591,0.0,0.09772,0.0,0.0,0.06720999999999999,0.0,0.0,0.09987
2025-09-30 10:35:00,Uno M404,0.00692,0.0,0.0,0.0,0.0,0.0,0.02881,0.00035999999999999997,0.0,0.00567,0.0,0.09798,0.0,0.0,0.06787,0.0,0.0,0.10059
2025-09-30 10:40:00,Uno M404,0.00694,0.0,0.0,0.0,0.0,0.0,0.02877,0.00025,0.0,0.005719999999999999,0.0,0.09687,0.0,0.0,0.076,0.0,0.0,0.10857
2025-09-30 10:45:00,Uno M404,0.00691,0.0,0.0,0.0,0.09847,0.0,0.02868,0.00026000000000000003,0.0,0.005849999999999999,0.0,0.19493000000000002,0.0,0.0,0.06555,0.0,0.0,0.09814
2025-09-30 10:50:00,Uno M404,0.006679999999999999,0.0,0.0,0.0,0.08618,0.0,0.02903,0.00046,0.0,0.0057,0.0,0.18631,0.0,0.0,0.07016,0.0,0.0,0.10317
2025-09-30 10:55:00,Uno M404,0.00704,0.0,0.0,0.0,0.07906,0.0,0.02872,0.00039,0.0,0.00587,0.0,0.17696,0.0,0.0,0.06548999999999999,0.0,0.0,0.09820000000000001
2025-09-30 11:00:00,Uno M404,0.00684,0.0,0.0,0.0,0.0,0.0,0.02861,0.00044,0.0,0.0057599999999999995,0.0,0.0979,0.0,0.0,0.05684,0.0,0.0,0.09097
2025-09-30 11:05:00,Uno M404,0.006900000000000001,0.0,0.0,0.0,0.0,0.0,0.02876,0.0008100000000000001,0.0,0.005809999999999999,0.0,0.09687,0.0,0.0,0.05843,0.0,0.0,0.09108
2025-09-30 11:10:00,Uno M404,0.00697,0.0,0.0,0.0,0.0,0.0,0.033549999999999996,0.0006,0.0,0.00584,0.0,0.09820999999999999,0.0,0.0,0.050159999999999996,0.0,0.0,0.08811
2025-09-30 11:15:00,Uno M404,0.006849999999999999,0.0,0.0,0.0,0.0,0.0,0.02867,0.0007099999999999999,0.0,0.005809999999999999,0.0,0.09673999999999999,0.0,0.0,0.05173,0.0,0.0,0.08456999999999999
2025-09-30 11:20:00,Uno M404,0.006900000000000001,0.0,0.0,0.0,0.0,1e-05,0.02872,0.00058,0.0,0.00577,0.0,0.09804,0.0,0.0,0.05091,0.0,0.0,0.08377
2025-09-30 11:25:00,Uno M404,0.00684,0.0,0.0,0.0,0.0,0.0,0.02857,0.0005200000000000001,0.0,0.005730000000000001,0.0,0.09789,0.0,0.0,0.04945,0.0,0.0,0.08222
2025-09-30 11:30:00,Uno M404,0.007,0.0,0.0,0.0,0.0,0.0,0.02867,0.00082,0.0,0.005849999999999999,0.0,0.09942000000000001,0.0,0.0,0.049100000000000005,0.0,0.0,0.08201
2025-09-30 11:35:00,Uno M404,0.0067800000000000004,0.0,0.0,0.0,0.10004,1e-05,0.02865,0.00067,0.0,0.005719999999999999,0.0,0.19858,0.0,0.0,0.05256,0.0,0.0,0.08542
2025-09-30 11:40:00,Uno M404,0.007,0.0,0.0,0.0,0.08806,8.999999999999999e-05,0.02856,0.00068,0.0,0.00577,0.0,0.18694999999999998,0.0,0.0,0.06553,0.0,0.0,0.09836
2025-09-30 11:45:00,Uno M404,0.006849999999999999,0.0,0.0,0.0,0.08136,0.00019,0.0286,0.00091,0.0,0.00588,0.0,0.18094,0.0,0.0,0.05005,0.0,0.0,0.08291
2025-09-30 11:50:00,Uno M404,0.00692,0.0,0.0,0.0,0.0788,0.00035,0.02852,0.00054,0.0,0.0058,0.0,0.20143,0.0,0.0,0.049479999999999996,0.0,0.0,0.08239
2025-09-30 11:55:00,Uno M404,0.00698,0.0,0.0,0.0,0.0,5.9999999999999995e-05,0.094,0.00066,0.0,0.00587,0.0,0.10233,0.0,0.0,0.05104,0.0,0.0,0.1494
2025-09-30 12:00:00,Uno M404,0.013300000000000001,0.0,0.0,0.0,0.0,0.0003,0.07887000000000001,0.00141,0.0,0.01199,0.76839,0.86899,0.0,0.0,0.05674,0.0,0.0,0.14002
2025-09-30 12:05:00,Uno M404,0.01323,0.0,0.0,0.0,0.0,0.00025,0.07709999999999999,0.00148,0.0,0.01205,0.04251,0.14221999999999999,0.0,0.0,0.053630000000000004,0.0,0.0,0.13524
2025-09-30 12:10:00,Uno M404,0.01312,0.0,0.0,0.0,0.0,0.00027,0.09933,0.00171,0.0,0.01196,0.04223,0.13563999999999998,0.0,0.0,0.05371,0.0,0.0,0.15744
2025-09-30 12:15:00,Uno M404,0.05276,0.0,0.0,0.0,0.0,0.00096,0.31272,0.00708,0.0,0.047880000000000006,0.17126000000000002,0.54436,0.0,0.0,0.23708,0.0,0.0,0.57898
2025-09-30 12:20:00,Uno M404,0.00698,0.0,0.0,0.0,0.0,0.00047999999999999996,0.08663,0.00127,0.0,0.005860000000000001,0.04272,0.13632,0.0,0.0,0.0559,0.0,0.0,0.14695
2025-09-30 12:25:00,Uno M404,0.0069900000000000006,0.0,0.0,0.0,0.0,0.00026000000000000003,0.08483,0.0012900000000000001,0.0,0.00584,0.04299,0.13627,0.0,0.0,0.05153,0.0,0.0,0.14064
2025-09-30 12:30:00,Uno M404,0.006860000000000001,0.0,0.0,0.0,0.0,0.00076,0.07676999999999999,0.00101,0.0,0.00583,0.04333,0.14673,0.0,0.0,0.0501,0.00764,0.0,0.13129
2025-09-30 12:35:00,Uno M404,0.00688,0.0,0.0,0.0,0.10118,0.0002,0.06613,0.00165,0.0,0.00587,0.04338,0.23834,0.0,0.0,0.06089,0.0,0.0,0.1315
2025-09-30 12:40:00,Uno M404,0.0070999999999999995,0.0,0.0,0.0,0.08877,0.0005,0.059090000000000004,0.00157,0.0,0.005849999999999999,0.04363,0.22655,0.0,0.0,0.05293,0.0,0.0,0.11658
2025-09-30 12:45:00,Uno M404,0.0070599999999999994,0.0,0.0,0.0,0.08105,0.00068,0.05527,0.00126,0.0,0.00587,0.04349,0.21925,0.0,0.0,0.06011,0.0,0.0,0.11993000000000001
2025-09-30 12:50:00,Uno M404,0.0070599999999999994,0.0,0.0,0.0,0.07776000000000001,0.00055,0.05084,0.00139,0.0,0.00591,0.04374,0.21663,0.0,0.0,0.052649999999999995,0.0,0.0,0.10817
2025-09-30 12:55:00,Uno M404,0.00719,0.0,0.0,0.0,0.0,0.00025,0.052520000000000004,0.0016799999999999999,0.0,0.005730000000000001,0.04439,0.14007,0.0,0.0,0.053590000000000006,0.0,0.0,0.11065000000000001
2025-09-30 13:00:00,Uno M404,0.00723,0.0,0.0,0.0,0.0,0.00064,0.046799999999999994,0.0016699999999999998,0.0,0.005900000000000001,0.04498,0.1414,0.0,0.0,0.05304,0.0,0.0,0.10437
2025-09-30 13:05:00,Uno M404,0.0070599999999999994,0.0,0.0,0.0,0.0,0.00061,0.04467,0.00171,0.0,0.005860000000000001,0.0,0.10466,0.0,0.0,0.05125,0.0,0.0,0.10054
2025-09-30 13:10:00,Uno M404,0.00688,0.0,0.0,0.0,0.0,0.0006,0.05137,0.00188,0.0,0.005849999999999999,0.0,0.10373,0.0,0.0,0.05331,0.0,0.0,0.10934
2025-09-30 13:15:00,Uno M404,0.0071200000000000005,0.0,0.0,0.0,0.0018,0.00053,0.042159999999999996,0.00165,0.0,0.0057599999999999995,0.0,0.10568000000000001,0.0,0.0,0.06031,0.0,0.0,0.10712
2025-09-30 13:20:00,Uno M404,0.00691,0.0,0.0,0.0,0.10059,0.00025,0.04304,0.0016200000000000001,0.0,0.00592,0.0,0.20476,0.0,0.0,0.052700000000000004,0.0,0.0,0.10051
2025-09-30 13:25:00,Uno M404,0.00694,0.0,0.0,0.0,0.09026,0.00057,0.04426,0.0015300000000000001,0.0,0.00583,0.0,0.19297999999999998,0.0,0.0,0.047799999999999995,0.0,0.0,0.09658
2025-09-30 13:30:00,Uno M404,0.0071600000000000006,0.0,0.0,0.0,0.08395999999999999,0.00095,0.03805,0.00186,0.0,0.00577,0.0,0.1869,0.0,0.0,0.048100000000000004,0.0,0.0,0.0907
2025-09-30 13:35:00,Uno M404,0.00694,0.0,0.0,0.0,0.08064,0.00091,0.014119999999999999,0.00161,0.0,0.005730000000000001,0.0,0.17532,0.0,0.0,0.05386,0.0,0.0,0.07235
2025-09-30 13:40:00,Uno M404,0.006849999999999999,0.0,0.0,0.0,0.0,0.00051,0.0,0.00159,0.0,0.005809999999999999,0.0,0.09613,0.0,0.0,0.05883,0.0,0.0,0.062009999999999996
2025-09-30 13:45:00,Uno M404,0.00697,0.0,0.0,0.0,0.0,0.00033,0.0,0.00134,0.0,0.0058,0.0,0.09541,0.0,0.0,0.05072,0.0,0.0,0.053579999999999996
2025-09-30 13:50:00,Uno M404,0.00705,0.0,0.0,0.0,0.0,0.00034,0.0,0.0017800000000000001,0.0,0.00567,0.0,0.09609999999999999,0.0,0.0,0.057159999999999996,0.0,0.0,0.06043
2025-09-30 13:55:00,Uno M404,0.00687,0.0,0.0,0.0,0.0,0.0007099999999999999,0.0,0.00159,0.0,0.0058,0.0,0.09683,0.0,0.0,0.052969999999999996,0.0,0.0,0.056100000000000004
2025-09-30 14:00:00,Uno M404,0.00694,0.0,0.0,0.0,0.0,0.00051,0.0,0.00165,0.0,0.00587,0.0,0.09705,0.0,0.0,0.054130000000000005,0.0,0.0,0.05724
2025-09-30 14:05:00,Uno M404,0.006900000000000001,0.0,0.0,0.0,0.0,0.00086,0.0,0.00124,0.0,0.00577,0.0,0.09708,0.0,0.0,0.055060000000000005,0.0,0.0,0.0582
2025-09-30 14:10:00,Uno M404,0.00687,0.0,0.0,0.0,0.0,0.00076,0.00435,0.00121,0.0,0.00579,0.0,0.09586,0.0,0.0,0.05136,0.0,0.0,0.05986
2025-09-30 14:15:00,Uno M404,0.00691,0.0,0.0,0.0,0.0,0.00043,0.0,0.00146,0.0,0.0059299999999999995,0.0,0.09498000000000001,0.0,0.0,0.07479999999999999,0.0,0.0,0.07797
2025-09-30 14:20:00,Uno M404,0.00696,0.0,0.0,0.0,0.0,0.00057,0.0,0.0012,0.0,0.00583,0.0,0.09511,0.0,0.0,0.053869999999999994,0.0,0.0,0.05693
2025-09-30 14:25:00,Uno M404,0.00705,0.0,0.0,0.0,0.09361,0.00047,0.0,0.0011899999999999999,0.0,0.00587,0.0,0.18731,0.0,0.0,0.054509999999999996,0.0,0.0,0.05776
2025-09-30 14:30:00,Uno M404,0.00704,0.0,0.0,0.0,0.08378000000000001,0.0002,0.0,0.0014,0.0,0.00578,0.0,0.17757,0.0,0.0,0.05963,0.0,0.0,0.06286
2025-09-30 14:35:00,Uno M404,0.00701,0.0,0.0,0.0,0.07906,0.00032,0.0,0.00158,0.0,0.00574,0.0,0.17316,0.0,0.0,0.048299999999999996,0.0,0.0,0.05153
2025-09-30 14:40:00,Uno M404,0.0070599999999999994,0.0,0.0,0.0,0.0,0.00049,0.0,0.00164,0.0,0.00583,0.0,0.09484000000000001,0.0,0.0,0.047729999999999995,0.0,0.0,0.05077
2025-09-30 14:45:00,Uno M404,0.00711,0.0,0.0,0.0,0.0,0.00053,0.0,0.00117,0.0,0.005679999999999999,0.0,0.09522,0.0,0.0,0.049100000000000005,0.0,0.0,0.12704000000000001
2025-09-30 14:50:00,Uno M404,0.007,0.0,0.0,0.0,0.0,0.0003,-1e-05,0.00128,0.0,0.00592,0.0,0.09601000000000001,0.0,0.0,0.05061,0.0,0.0,0.13543
2025-09-30 14:55:00,Uno M404,0.00707,0.0,0.0,0.0,0.0,0.0004,0.0,0.00148,0.0,0.0057599999999999995,0.0,0.09659999999999999,0.0,0.0,0.05219,0.0,0.0,0.11652
2025-09-30 15:00:00,Uno M404,0.0069900000000000006,0.0,0.0,0.0,0.0,0.00054,-1e-05,0.00182,0.0,0.00571,0.0,0.09662000000000001,0.0,0.0,0.05045,0.0,0.0,0.10968000000000001
2025-09-30 15:05:00,Uno M404,0.007,0.0,0.0,0.0,0.0,0.00046,0.00468,0.0011799999999999998,0.0,0.005860000000000001,0.0,0.09622,0.0,0.0,0.05076,0.0,0.0,0.11725
2025-09-30 15:10:00,Uno M404,0.006860000000000001,0.0,0.0,0.0,0.0,0.00020999999999999998,0.00375,0.00175,0.0,0.0058,0.0,0.09553,0.0,0.0,0.05266,0.0,0.0,0.11045999999999999
2025-09-30 15:15:00,Uno M404,0.00694,0.0,0.0,0.0,0.0,0.00022,0.0,0.00134,0.0,0.005730000000000001,0.0,0.10166,0.0,0.0,0.05212,0.0,0.0,0.10457999999999999
2025-09-30 15:20:00,Uno M404,0.00694,0.0,0.0,0.0,0.0,0.00033,0.0,0.00139,0.0,0.005900000000000001,0.0,0.10166,0.0,0.0,0.05176,0.0,0.0,0.10025
2025-09-30 15:25:00,Uno M404,0.0069299999999999995,0.0,0.0,0.0,0.09326000000000001,0.00019,0.0,0.00166,0.0,0.00579,0.0,0.19413999999999998,0.0,0.0,0.055659999999999994,0.0,0.0,0.10726999999999999
2025-09-30 15:30:00,Uno M404,0.00697,0.0,0.0,0.0,0.08369,0.0002,-1e-05,0.0011899999999999999,0.0,0.005719999999999999,0.0,0.1773,0.0,0.0,0.05011,0.0,0.0,0.09592
2025-09-30 15:35:00,Uno M404,0.00692,0.0,0.0,0.0,0.07897,0.00053,-8e-05,0.00115,0.0,0.0057599999999999995,0.0,0.19557,0.0,0.0,0.04938,0.0,0.0,0.09370999999999999
2025-09-30 15:40:00,Uno M404,0.006900000000000001,0.0,0.0,0.0,0.0,7.000000000000001e-05,0.0,0.00074,0.0,0.00584,0.0,0.09434999999999999,0.0,0.0,0.05504,0.0,0.0,0.0985
2025-09-30 15:45:00,Uno M404,0.00694,0.0,0.0,0.0,0.0,8e-05,0.0,0.00111,0.0,0.00578,0.0,0.09589,0.0,0.0,0.05316,0.0,0.0,0.09165000000000001
2025-09-30 15:50:00,Uno M404,0.0069299999999999995,0.0,0.0,0.0,0.0,0.00033,0.0,0.00092,0.0,0.0059299999999999995,0.0,0.09542,0.0,0.0,0.05261,0.0,0.0,0.09692
2025-09-30 15:55:00,Uno M404,0.01326,0.0,0.0,0.0,0.0,8e-05,0.0,0.00099,0.0,0.01209,0.0,0.09466,0.0,0.0,0.05052,0.0,0.0,0.09331999999999999
2025-09-30 16:00:00,Uno M404,0.036270000000000004,0.0,0.0,0.0,0.0,0.00016,0.0,0.0014199999999999998,0.0,0.03504,0.0,0.09579,0.0,0.0,0.053630000000000004,0.0,0.0,0.09719
2025-09-30 16:05:00,Uno M404,0.03626,0.0,0.0,0.0,0.0,7.000000000000001e-05,0.0,0.0012900000000000001,0.0,0.03487,0.0,0.09437999999999999,0.0,0.0,0.04957,0.0,0.0,0.0907
2025-09-30 16:10:00,Uno M404,0.00711,0.0,0.0,0.0,0.0,5e-05,0.0,0.00061,0.0,0.00583,0.0,0.09587999999999999,0.0,0.0,0.05011,0.0,0.0,0.09583
2025-09-30 16:15:00,Uno M404,0.007030000000000001,0.0,0.0,0.0,0.0,0.00041,0.0,0.00126,0.0,0.00578,0.0,0.09487999999999999,0.0,0.0,0.05518,0.0,0.0,0.09824
2025-09-30 16:20:00,Uno M404,0.00709,0.0,0.0,0.0,0.0,8e-05,0.0,0.00117,0.0,0.00577,0.0,0.09418000000000001,0.0,0.0,0.05144,0.0,0.0,0.09655
2025-09-30 16:25:00,Uno M404,0.00687,0.0,0.0,0.0,0.09528,0.00019,0.0,0.00078,0.0,0.00577,0.0,0.18815,0.0,0.0,0.05238,0.0,0.0,0.09591
2025-09-30 16:30:00,Uno M404,0.00691,0.0,0.0,0.0,0.08431999999999999,1e-05,0.0,0.00166,0.0,0.00579,0.0,0.17789,0.0,0.0,0.05104,0.0,0.0,0.09478
2025-09-30 16:35:00,Uno M404,0.0069299999999999995,0.0,0.0,0.0,0.07876000000000001,8.999999999999999e-05,0.0,0.00091,0.0,0.00561,0.0,0.17125,0.0,0.0,0.05276,0.0,0.0,0.09663
2025-09-30 16:40:00,Uno M404,0.00694,0.0,0.0,0.0,0.0,7.000000000000001e-05,0.0,0.00117,0.0,0.00571,0.0,0.00439,0.0,0.0,0.05632,0.0,0.0,0.09749
2025-09-30 16:45:00,Uno M404,0.00698,0.0,0.0,0.0,0.0,2e-05,0.0,0.00101,0.0,0.00577,0.0,0.00412,0.0,0.0,0.06784,0.0,0.0,0.10961
2025-09-30 16:50:00,Uno M404,0.00694,0.0,0.0,0.0,0.0,0.00011,0.0,0.00133,0.0,0.005719999999999999,0.0,0.0029,0.0,0.0,0.05223,0.0,0.0,0.10046
2025-09-30 16:55:00,Uno M404,0.00687,0.0,0.0,0.0,0.0,5e-05,0.0,0.00058,0.0,0.0056500000000000005,0.0,0.00279,0.0,0.0,0.05264,0.0,0.0,0.09597
2025-09-30 17:00:00,Uno M404,0.0,0.0,0.0,0.0,0.0,0.00011,0.0,0.00132,0.0,0.0,0.0,0.0030800000000000003,0.0,0.0,0.0505,0.0,0.0,0.09319
2025-09-30 17:05:00,Uno M404,0.0,0.0,0.0,0.0,0.0,5e-05,0.0,0.00128,0.0,0.0,0.0,0.00262,0.0,0.0,0.038009999999999995,0.0,0.0,0.05907
2025-09-30 17:10:00,Uno M404,0.0,0.0,0.0,0.0,0.0,0.00011,0.0,0.00113,0.0,0.0,0.0,0.0030499999999999998,0.0,0.0,0.03741,0.0,0.0,0.05919
2025-09-30 17:15:00,Uno M404,0.0,0.0,0.0,0.0,0.10778,0.0,0.0,0.00134,0.0,0.0,0.0,0.11042,0.0,0.0,0.03528,0.0,0.0,0.05339
2025-09-30 17:20:00,Uno M404,0.0,0.0,0.0,0.0,0.09023,5e-05,0.0,0.0014199999999999998,0.0,0.0,0.0,0.09259999999999999,0.0,0.0,0.0,0.0,0.0,0.01772
2025-09-30 17:25:00,Uno M404,0.0,0.0,0.0,0.0,0.0823,2e-05,0.0,0.00126,0.0,0.0,0.0,0.08459,0.0,0.0,0.0,0.0,0.0,0.02177
2025-09-30 17:30:00,Uno M404,0.0,0.0,0.0,0.0,0.07820999999999999,2e-05,0.0,0.00107,0.0,0.0,0.0,0.08066,0.0,0.0,0.0,0.0,0.0,0.0176
2025-09-30 17:35:00,Uno M404,0.0,0.0,0.0,0.0,0.0,0.0,0.0,0.00125,0.0,0.0,0.0,0.0030099999999999997,0.0,0.0,0.0,0.0,0.0,0.01889
2025-09-30 17:40:00,Uno M404,0.0,0.0,0.0,0.0,0.0,0.0,0.0,0.0010500000000000002,0.0,0.0,0.0,0.00299,0.0,0.0,0.0,0.0,0.0,0.01765
2025-09-30 17:45:00,Uno M404,0.0,0.0,0.0,0.0,0.0,1e-05,0.0,0.00067,0.0,0.0,0.0,0.00304,0.0,0.0,0.0,0.0,0.0,0.01914
2025-09-30 17:50:00,Uno M404,0.0,0.0,0.0,0.0,0.0,0.0,0.0,0.00139,0.0,0.0,0.0,0.0030099999999999997,0.0,0.0,0.0,0.0,0.0,0.008150000000000001
2025-09-30 17:55:00,Uno M404,0.0,0.0,0.0,0.0,0.0,8.999999999999999e-05,0.0,0.00111,0.0,0.0,0.0,0.0028399999999999996,0.0,0.0,0.0,0.0,0.0,0.008490000000000001
2025-09-30 18:00:00,Uno M404,0.0,0.0,0.0,0.0,0.0,0.0,0.0,0.00113,0.0,0.0,0.0,0.00307,0.0,0.0,0.0,0.0,0.0,0.008039999999999999
2025-09-30 18:05:00,Uno M404,0.0,0.0,0.0,0.0,0.0,0.0,0.0,0.0009699999999999999,0.0,0.0,0.0,0.00298,0.0,0.0,0.0,0.0,0.0,0.00822
2025-09-30 18:10:00,Uno M404,0.0,0.0,0.0,0.0,0.0,0.0,0.0,0.0014199999999999998,0.0,0.0,0.0,0.00323,0.0,0.0,0.0,0.0,0.0,0.008960000000000001
2025-09-30 18:15:00,Uno M404,0.0,0.0,0.0,0.0,0.10662999999999999,0.0,0.0,0.00087,0.0,0.0,0.0,0.10937999999999999,0.0,0.0,0.0,0.0,0.0,0.00808
2025-09-30 18:20:00,Uno M404,0.0,0.0,0.0,0.0,0.08961,0.0,0.0,0.00039,0.0,0.0,0.0,0.09234,0.0,0.0,0.0,0.0,0.0,0.00865
2025-09-30 18:25:00,Uno M404,0.0,0.0,0.0,0.0,0.0809,0.0,0.0,0.00074,0.0,0.0,0.0,0.08384,0.0,0.0,0.0,0.0,0.0,0.008060000000000001
2025-09-30 18:30:00,Uno M404,0.0,0.0,0.0,0.0,0.0,0.0,0.0,0.00067,0.0,0.0,0.0,0.00318,0.0,0.0,0.0,0.0,0.0,0.00834
2025-09-30 18:35:00,Uno M404,0.0,0.0,0.0,0.0,0.0,0.0,0.0,0.0004,0.0,0.0,0.0,0.00335,0.0,0.0,0.0,0.0,0.0,0.00792
2025-09-30 18:40:00,Uno M404,0.0,0.0,0.0,0.0,0.0,0.0,0.0,0.00087,0.0,0.0,0.0,0.00333,0.0,0.0,0.0,0.0,0.0,0.00811
2025-09-30 18:45:00,Uno M404,0.0,0.0,0.0,0.0,0.0,0.0,0.0,0.00067,0.0,0.0,0.0,0.00349,0.0,0.0,0.0,0.0,0.0,0.00825
2025-09-30 18:50:00,Uno M404,0.0,0.0,0.0,0.0,0.0,0.0,0.0,0.00066,0.0,0.0,0.0,0.0033799999999999998,0.0,0.0,0.0,0.0,0.0,0.01529
2025-09-30 18:55:00,Uno M404,0.0,0.0,0.0,0.0,0.0,0.0,0.0,0.00095,0.0,0.0,0.0,0.0033799999999999998,0.0,0.0,0.0,0.0,0.0,0.00839
2025-09-30 19:00:00,Uno M404,0.007,0.0,0.0,0.0,0.0,0.0,0.04415,0.00039,0.0,0.00608,0.0,0.01095,0.0,0.0,0.0983,0.0,0.0,0.15272999999999998
2025-09-30 19:05:00,Uno M404,3.30043,0.0,0.0,3.26516,0.0,1e-05,0.04368,0.00082,0.0,0.033460000000000004,0.0,0.01028,0.0,0.0,0.0,0.0,0.0,0.10557
2025-09-30 19:10:00,Uno M404,3.3148,0.0,0.0,3.2794,0.0,0.0,0.0435,0.00095,0.0,0.033409999999999995,0.0,0.01072,0.0,0.0,0.01201,0.0,0.0,0.11646
2025-09-30 19:15:00,Uno M404,3.3216900000000003,0.0,0.0,3.28634,0.10642,8.999999999999999e-05,0.11759,0.0007199999999999999,0.0,0.03344,0.0,0.11631,0.0,0.0,0.011529999999999999,0.0,0.0,0.18949000000000002
2025-09-30 19:20:00,Uno M404,3.31712,0.0,0.0,3.2818400000000003,0.09065999999999999,8.999999999999999e-05,0.11341,0.00064,0.0,0.03339,0.0,0.10081999999999999,0.0,0.0,0.011699999999999999,0.0,0.0,0.18614
2025-09-30 19:25:00,Uno M404,3.34,0.0,0.0,3.3045500000000003,0.08237,5.9999999999999995e-05,0.11481,0.00049,0.0,0.033299999999999996,0.0,0.09292,0.0,0.0,0.011529999999999999,0.0,0.0,0.18818000000000001
2025-09-30 19:30:00,Uno M404,0.0069299999999999995,0.0,0.0,0.0,,,0.11492000000000001,0.00017999999999999998,0.0,0.005849999999999999,,,0.0,0.0,0.0,,,0.17461000000000002
2025-09-30 19:35:00,Uno M404,0.013859999999999999,0.0,0.0,0.0,0.0,5.9999999999999995e-05,0.23314,0.00064,0.0,0.011699999999999999,0.0,0.03846,0.0,0.0,0.0,0.01508,0.0,0.35074
2025-09-30 20:00:00,Uno M404,,0.0,,,,,0.08668999999999999,,,,,,0.0,0.0,0.012230000000000001,,,0.24126999999999998
2025-09-30 20:05:00,Uno M404,0.02664,,0.0,0.0,0.0,2e-05,,0.00106,0.0,0.023780000000000003,0.0,0.06845,,,,0.01517,0.007019999999999999,
2025-09-30 20:10:00,Uno M404,0.01342,0.0,0.0,0.0,0.0,5e-05,0.14305,0.00068,0.0,0.011980000000000001,0.0,0.03553,0.0,0.0,0.01084,0.0076100000000000004,5.9999999999999995e-05,0.17887999999999998
2025-09-30 20:15:00,Uno M404,0.01348,0.0,0.0,0.0,0.0,0.0,0.14037,0.00076,0.0,0.01205,0.0,0.16838999999999998,0.0,0.0,0.01086,0.00757,0.15580000000000002,0.17621
2025-09-30 20:20:00,Uno M404,0.0135,0.0,0.0,0.0,0.09231,0.0,0.14145,0.00069,0.0,0.01202,0.0,0.15055000000000002,0.0,0.0,0.01063,0.00747,0.04517,0.17711000000000002
2025-09-30 20:25:00,Uno M404,,0.0,,,,,0.14271999999999999,,,,,,0.0,0.0,0.01045,,,0.17822
2025-09-30 20:30:00,Uno M404,0.053579999999999996,0.0,0.0,0.0,0.32788,0.0,0.56724,0.00208,0.0,0.04804,0.0,0.87316,0.0,0.0,0.04136,0.03032,0.49657999999999997,0.70748
2025-09-30 20:35:00,Uno M404,0.013519999999999999,0.0,0.0,0.0,0.0,0.0,0.14132,0.00041999999999999996,0.0,0.01202,0.0,0.01886,0.0,0.0,0.01045,0.0076500000000000005,0.00642,0.17668999999999999
2025-09-30 20:40:00,Uno M404,0.013439999999999999,0.0,0.0,0.0,0.0,0.0,0.14169,0.0005200000000000001,0.0,0.012,0.0,0.02556,0.0,0.0,0.01077,0.007549999999999999,0.00619,0.17721
2025-09-30 20:45:00,Uno M404,0.01342,0.0,0.0,0.0,0.0,0.0,0.11412,0.0004,0.0,0.012039999999999999,0.0,0.28346,0.0,0.0,0.0,0.0,0.27266,0.13823
2025-09-30 20:50:00,Uno M404,0.01339,0.0,0.0,0.0,,,0.11451,0.0007199999999999999,0.0,0.01205,,,0.0,0.0,0.0,,,0.13881
2025-09-30 20:55:00,Uno M404,0.02702,0.0,0.0,0.0,0.0,0.0,0.22913999999999998,0.00172,0.0,0.024059999999999998,0.0,0.34147,0.0,0.0,0.0,0.0,0.31982999999999995,0.27738
2025-09-30 21:00:00,Uno M404,0.03847,0.0,0.0,0.0,0.0,0.0,0.11434,0.00055,0.0,0.03703,0.0,0.017,0.0,0.0,0.0,0.0,0.00636,0.13843
2025-09-30 21:05:00,Uno M404,3.4398299999999997,0.0,0.0,0.0,0.0,0.0,0.11409,0.00038,3.40185,0.03521,0.0,0.28063,0.0,0.0,0.0,0.0,0.26965,0.13808
2025-09-30 21:10:00,Uno M404,0.03724,0.0,0.0,0.0,0.0,0.0,0.11416,0.00082,0.0,0.03552,0.0,0.01081,0.0,0.0,0.0,0.0,0.0,0.13828000000000001
2025-09-30 21:15:00,Uno M404,0.03692,0.0,0.0,0.0,0.0,0.0,0.11414,0.00061,0.0,0.03506,0.0,0.01094,0.0,0.0,0.0,0.0,0.0,0.13826
2025-09-30 21:20:00,Uno M404,3.4511,0.0,0.0,0.0,0.09395,0.0,0.11436,0.00058,3.4139899999999996,0.03424,0.0,0.10461,0.0,0.0,0.0,0.0,0.0,0.13832
2025-09-30 21:25:00,Uno M404,0.03678,0.0,0.0,0.0,0.08521,0.0,0.11401,0.00086,0.0,0.03532,0.0,0.09528,0.0,0.0,0.0,0.0,0.0,0.138
2025-09-30 21:30:00,Uno M404,0.036539999999999996,0.0,0.0,0.0,0.08072,0.0,0.13163,0.0007199999999999999,0.0,0.0352,0.0,0.09934,0.0,0.0,0.0,0.0074800000000000005,0.0,0.15453
2025-09-30 21:35:00,Uno M404,0.013640000000000001,0.0,0.0,0.0,0.0,0.0,0.14161,0.00064,0.0,0.012240000000000001,0.0,0.019370000000000002,0.0,0.0,0.0,0.00747,0.0,0.16553
2025-09-30 21:40:00,Uno M404,0.00733,0.0,0.0,0.0,0.0,0.0,0.13968,0.0008,0.0,0.00613,0.0,0.011640000000000001,0.0,0.0,0.0,0.0,0.0,0.16374
2025-09-30 21:45:00,Uno M404,0.00746,0.0,0.0,0.0,0.0,0.0,0.14137,0.0006,0.0,0.00624,0.0,0.01086,0.0,0.0,0.0,0.0,0.0,0.16556
2025-09-30 21:50:00,Uno M404,0.00738,0.0,0.0,0.0,0.0,0.0,0.14017,0.0005899999999999999,0.0,0.0060999999999999995,0.0,0.01116,0.0,0.0,0.0,0.0,0.0,0.16438
2025-09-30 21:55:00,Uno M404,0.00747,0.0,0.0,0.0,0.0,0.0,0.14215,0.00053,0.0,0.0061600000000000005,0.0,0.01086,0.0,0.0,0.0,0.0,0.0,0.16633
2025-09-30 22:00:00,Uno M404,0.00725,0.0,0.0,0.0,0.0,0.0,0.14233,0.00013000000000000002,0.0,0.00594,0.0,0.011179999999999999,0.0,0.0,0.0,0.0,0.0,0.16621
2025-09-30 22:05:00,Uno M404,0.00738,0.0,0.0,0.0,0.0,0.0,0.14143,8e-05,0.0,0.00614,0.0,0.01137,0.0,0.0,0.0,0.0,0.0,0.16549
2025-09-30 22:10:00,Uno M404,0.00718,0.0,0.0,0.0,0.0,0.0,0.14258,0.00027,0.0,0.00617,0.0,0.01129,0.0,0.0,0.0,0.0,0.0,0.16652
2025-09-30 22:15:00,Uno M404,0.00732,0.0,0.0,0.0,0.0,0.0,0.14265,7.000000000000001e-05,0.0,0.00617,0.0,0.011439999999999999,0.0,0.0,0.0,0.0,0.0,0.16654
2025-09-30 22:20:00,Uno M404,0.00732,0.0,0.0,0.0,0.09373999999999999,0.0,0.14389,0.00019,0.0,0.00611,0.0,0.10475,0.0,0.0,0.0,0.0,0.0,0.16802
2025-09-30 22:25:00,Uno M404,0.00731,0.0,0.0,0.0,0.08403000000000001,0.0,0.14266,0.00014000000000000001,0.0,0.00607,0.0,0.09529,0.0,0.0,0.0,0.0,0.0,0.16662000000000002
2025-09-30 22:30:00,Uno M404,0.00729,0.0,0.0,0.0,0.07906999999999999,0.0,0.14242,0.00028000000000000003,0.0,0.00604,0.0,0.08988,0.0,0.0,0.0,0.0,0.0,0.16628
2025-09-30 22:35:00,Uno M404,0.00723,0.0,0.0,0.0,0.0,0.0,0.14186,0.00039,0.0,0.00605,0.0,0.01165,0.0,0.0,0.0,0.0,0.0,0.16582
2025-09-30 22:40:00,Uno M404,0.00724,0.0,0.0,0.0,0.0,0.0,0.1432,0.00029,0.0,0.0062,0.0,0.01139,0.0,0.0,0.0,0.0,0.0,0.1671
2025-09-30 22:45:00,Uno M404,0.00736,0.0,0.0,0.0,0.0,0.0,0.14454,0.00028000000000000003,0.0,0.00613,0.0,0.034659999999999996,0.0,0.0,0.0,0.0,0.0,0.16841
2025-09-30 22:50:00,Uno M404,0.00724,0.0,0.0,0.0,0.0,0.0,0.14377,0.00032,0.0,0.00605,0.0,0.01117,0.0,0.0,0.0,0.0,0.0,0.1678
2025-09-30 22:55:00,Uno M404,0.03006,0.0,0.0,0.0,0.0,0.0,0.14299,0.0002,0.0,0.02868,0.0,0.011210000000000001,0.0,0.0,0.0,0.0,0.0,0.16695
2025-09-30 23:00:00,Uno M404,0.0,0.0,0.0,0.0,0.0,0.0,0.1425,0.00038,0.0,0.0,0.0,0.01103,0.0,0.0,0.0,0.0,0.0,0.19268000000000002
2025-09-30 23:05:00,Uno M404,0.0,0.0,0.0,0.0,0.0,0.0,0.14112,0.00038,0.0,0.0,0.0,0.01137,0.0,0.0,0.0,0.0,0.0,0.19138
2025-09-30 23:10:00,Uno M404,0.0,0.0,0.0,0.0,0.0,0.0,0.14269,0.00041999999999999996,0.0,0.0,0.0,0.010960000000000001,0.0,0.0,0.0,0.0,0.0,0.19282
2025-09-30 23:15:00,Uno M404,0.0,0.0,0.0,0.0,0.0,0.0,0.14331,0.00061,0.0,0.0,0.0,0.0106,0.0,0.0,0.0,0.0,0.0,0.19363999999999998
2025-09-30 23:20:00,Uno M404,0.0,0.0,0.0,0.0,0.09601000000000001,0.0,0.14246,0.00039,0.0,0.0,0.0,0.1067,0.0,0.0,0.0,0.0,0.0,0.19296000000000002
2025-09-30 23:25:00,Uno M404,0.0,0.0,0.0,0.0,0.08547,0.0,0.14303,0.00067,0.0,0.0,0.0,0.09568,0.0,0.0,0.0,0.0,0.0,0.19369
2025-09-30 23:30:00,Uno M404,0.0,0.0,0.0,0.0,0.07995000000000001,0.0,0.14102,0.0007099999999999999,0.0,0.0,0.0,0.09026,0.0,0.0,0.0,0.0,0.0,0.19132
2025-09-30 23:35:00,Uno M404,0.0,0.0,0.0,0.0,0.0,0.0,0.1431,0.00038,0.0,0.0,0.0,0.01066,0.0,0.0,0.0,0.0,0.0,0.19319
2025-09-30 23:40:00,Uno M404,0.0,0.0,0.0,0.0,0.0,0.0,0.11669,0.00075,0.0,0.0,0.0,0.01191,0.0,0.0,0.0,0.0,0.0,0.16666999999999998
2025-09-30 23:45:00,Uno M404,0.0,0.0,0.0,0.0,0.0,0.0,0.11566,0.00064,0.0,0.0,0.0,0.01046,0.0,0.0,0.0,0.0,0.0,0.16624
2025-09-30 23:50:00,Uno M404,0.0,0.0,0.0,0.0,0.0,0.0,0.11506,0.00086,0.0,0.0,0.0,0.01073,0.0,0.0,0.0,0.0,0.0,0.16574
2025-09-30 23:55:00,Uno M404,0.0,0.0,0.0,0.0,0.0,0.0,0.11624,0.00114,0.0,0.0,0.0,0.01068,0.0,0.0,0.0,0.0,0.0,0.16713999999999998
2025-10-01 00:00:00,Uno M404,0.0,0.0,0.0,0.0,0.0,0.0,0.11583,0.00092,0.0,0.0,0.0,0.01061,0.0,0.0,0.0,0.0,0.0,0.1669
2025-10-01 00:05:00,Uno M404,0.0,0.0,0.0,0.0,0.0,0.0,0.0,0.00098,0.0,0.0,0.0,0.01082,0.0,0.0,0.0,0.0,0.0,0.04938
2025-10-01 00:10:00,Uno M404,0.0,0.0,0.0,0.0,0.0,0.0,0.0,0.00093,0.0,0.0,0.0,0.01055,0.0,0.0,0.0,0.0,0.0,0.04969
2025-10-01 00:15:00,Uno M404,0.0,0.0,0.0,0.0,0.0,0.0,0.0,0.0008,0.0,0.0,0.0,0.01079,0.0,0.0,0.0,0.0,0.0,0.04994
2025-10-01 00:20:00,Uno M404,0.0,0.0,0.0,0.0,0.09770000000000001,0.0,0.0,0.00088,0.0,0.0,0.0,0.10792,0.0,0.0,0.0,0.0,0.0,0.05005
2025-10-01 00:25:00,Uno M404,0.0,0.0,0.0,0.0,0.08696,0.0,-2e-05,0.001,0.0,0.0,0.0,0.09709999999999999,0.0,0.0,0.0,0.0,0.0,0.04998
2025-10-01 00:30:00,Uno M404,0.0,0.0,0.0,0.0,0.08161,0.0,0.0,0.00064,0.0,0.0,0.0,0.0916,0.0,0.0,0.0,0.0,0.0,0.04978
2025-10-01 00:35:00,Uno M404,0.0,0.0,0.0,0.0,0.0,0.0,0.0,0.00124,0.0,0.0,0.0,0.01069,0.0,0.0,0.0,0.0,0.0,0.04988
2025-10-01 00:40:00,Uno M404,0.0,0.0,0.0,0.0,0.0,0.0,0.0,0.00053,0.0,0.0,0.0,0.0106,0.0,0.0,0.0,0.0,0.0,0.048780000000000004
2025-10-01 00:45:00,Uno M404,0.0,0.0,0.0,0.0,0.0,0.0,0.0,0.00065,0.0,0.0,0.0,0.01077,0.0,0.0,0.0,0.0,0.0,0.04932
2025-10-01 00:50:00,Uno M404,0.0,0.0,0.0,0.0,0.0,0.0,-1e-05,0.00045,0.0,0.0,0.0,0.0108,0.0,0.0,0.0,0.0,0.0,0.04936
2025-10-01 00:55:00,Uno M404,0.0,0.0,0.0,0.0,0.0,0.0,0.0,0.00047999999999999996,0.0,0.0,0.0,0.01072,0.0,0.0,0.0,0.0,0.0,0.04937
2025-10-01 01:00:00,Uno M404,0.0,0.0,0.0,0.0,0.0,0.0,0.0,0.00033,0.0,0.0,0.0,0.01093,0.0,0.0,0.0,0.0,0.0,0.0494
2025-10-01 01:05:00,Uno M404,0.0,0.0,0.0,0.0,0.0,0.0,0.0,0.00067,0.0,0.0,0.0,0.01093,0.0,0.0,0.0,0.0,0.0,0.04942
2025-10-01 01:10:00,Uno M404,0.0,0.0,0.0,0.0,0.0,0.0,0.0,0.00046,0.0,0.0,0.0,0.01091,0.0,0.0,0.0,0.0,0.0,0.04968
2025-10-01 01:15:00,Uno M404,0.0,0.0,0.0,0.0,0.0,0.0,0.0,0.00035,0.0,0.0,0.0,0.01119,0.0,0.0,0.0,0.0,0.0,0.049049999999999996
2025-10-01 01:20:00,Uno M404,0.0,0.0,0.0,0.0,0.09806000000000001,0.0,0.0,0.0007099999999999999,0.0,0.0,0.0,0.10865000000000001,0.0,0.0,0.0,0.0,0.0,0.04887
2025-10-01 01:25:00,Uno M404,0.0,0.0,0.0,0.0,0.08723,0.0,-1e-05,0.00038,0.0,0.0,0.0,0.09801,0.0,0.0,0.0,0.0,0.0,0.04922
2025-10-01 01:30:00,Uno M404,0.0,0.0,0.0,0.0,0.08178,0.0,0.0,0.0007099999999999999,0.0,0.0,0.0,0.09215999999999999,0.0,0.0,0.0,0.0,0.0,0.04912
2025-10-01 01:35:00,Uno M404,0.0,0.0,0.0,0.0,0.0,0.0,0.0,0.00035,0.0,0.0,0.0,0.01082,0.0,0.0,0.0,0.0,0.0,0.049100000000000005
2025-10-01 01:40:00,Uno M404,0.0,0.0,0.0,0.0,0.0,0.0,0.0,0.00044,0.0,0.0,0.0,0.0109,0.0,0.0,0.0,0.0,0.0,0.049
2025-10-01 01:45:00,Uno M404,0.0,0.0,0.0,0.0,0.0,0.0,0.0,0.0008100000000000001,0.0,0.0,0.0,0.0107,0.0,0.0,0.0,0.0,0.0,0.04907
2025-10-01 01:50:00,Uno M404,0.0,0.0,0.0,0.0,0.0,0.0,0.0,0.00046,0.0,0.0,0.0,0.01094,0.0,0.0,0.0,0.0,0.0,0.04925
2025-10-01 01:55:00,Uno M404,0.0,0.0,0.0,0.0,0.0,0.0,0.0,0.00045,0.0,0.0,0.0,0.01123,0.0,0.0,0.0,0.0,0.0,0.04917
2025-10-01 02:00:00,Uno M404,0.0,0.0,0.0,0.0,0.0,0.0,0.0,0.00047999999999999996,0.0,0.0,0.0,0.01076,0.0,0.0,0.0,0.0,0.0,0.049159999999999995
2025-10-01 02:05:00,Uno M404,0.0,0.0,0.0,0.0,0.0,0.0,0.0,0.00041,0.0,0.0,0.0,0.01083,0.0,0.0,0.0,0.0,0.0,0.04951
2025-10-01 02:10:00,Uno M404,0.0,0.0,0.0,0.0,0.0,0.0,0.0,0.00058,0.0,0.0,0.0,0.01065,0.0,0.0,0.0,0.0,0.0,0.04924
2025-10-01 02:15:00,Uno M404,0.0,0.0,0.0,0.0,0.0,0.0,0.0,0.00047999999999999996,0.0,0.0,0.0,0.01094,0.0,0.0,0.0,0.0,0.0,0.04949
2025-10-01 02:20:00,Uno M404,0.0,0.0,0.0,0.0,0.10069,0.0,0.0,0.00034,0.0,0.0,0.0,0.11103,0.0,0.0,0.0,0.0,0.0,0.04922
2025-10-01 02:25:00,Uno M404,0.0,0.0,0.0,0.0,0.08907999999999999,0.0,0.0,0.0006,0.0,0.0,0.0,0.09928000000000001,0.0,0.0,0.0,0.0,0.0,0.0497
2025-10-01 02:30:00,Uno M404,0.0,0.0,0.0,0.0,0.08295999999999999,0.0,0.0,0.0005899999999999999,0.0,0.0,0.0,0.09315000000000001,0.0,0.0,0.0,0.0,0.0,0.04945
2025-10-01 02:35:00,Uno M404,0.0,0.0,0.0,0.0,0.0,0.0,0.0,0.00035,0.0,0.0,0.0,0.01061,0.0,0.0,0.0,0.0,0.0,0.04927
2025-10-01 02:40:00,Uno M404,0.0,0.0,0.0,0.0,0.0,0.0,0.0,0.00041999999999999996,0.0,0.0,0.0,0.01076,0.0,0.0,0.0,0.0,0.0,0.0492
2025-10-01 02:45:00,Uno M404,0.0,0.0,0.0,0.0,0.0,0.0,0.0,0.00064,0.0,0.0,0.0,0.01077,0.0,0.0,0.0,0.0,0.0,0.04957
2025-10-01 02:50:00,Uno M404,0.0,0.0,0.0,0.0,0.0,0.0,0.0,0.00055,0.0,0.0,0.0,0.01067,0.0,0.0,0.0,0.0,0.0,0.04944
2025-10-01 02:55:00,Uno M404,0.0,0.0,0.0,0.0,0.0,0.0,0.0,0.0008100000000000001,0.0,0.0,0.0,0.01079,0.0,0.0,0.0,0.0,0.0,0.04977
2025-10-01 03:00:00,Uno M404,0.0,0.0,0.0,0.0,0.0,0.0,-2e-05,0.0007199999999999999,0.0,0.0,0.0,0.01093,0.0,0.0,0.0,0.0,0.0,0.04943
2025-10-01 03:05:00,Uno M404,0.0,0.0,0.0,0.0,0.0,0.0,0.0,0.00054,0.0,0.0,0.0,0.0106,0.0,0.0,0.0,0.0,0.0,0.04943
2025-10-01 03:10:00,Uno M404,0.0,0.0,0.0,0.0,0.0,0.0,0.0,0.00034,0.0,0.0,0.0,0.011009999999999999,0.0,0.0,0.0,0.0,0.0,0.0497
2025-10-01 03:15:00,Uno M404,0.0,0.0,0.0,0.0,0.0,0.0,0.0,0.00054,0.0,0.0,0.0,0.011009999999999999,0.0,0.0,0.0,0.0,0.0,0.04951
2025-10-01 03:20:00,Uno M404,0.0,0.0,0.0,0.0,0.1021,0.0,0.0,0.00051,0.0,0.0,0.0,0.11281000000000001,0.0,0.0,0.0,0.0,0.0,0.04968
2025-10-01 03:25:00,Uno M404,0.0,0.0,0.0,0.0,0.09074,0.0,0.0,0.00039,0.0,0.0,0.0,0.10102,0.0,0.0,0.0,0.0,0.0,0.04951
2025-10-01 03:30:00,Uno M404,0.0,0.0,0.0,0.0,0.08339,0.0,0.0,0.00053,0.0,0.0,0.0,0.0935,0.0,0.0,0.0,0.0,0.0,0.04935
2025-10-01 03:35:00,Uno M404,0.0,0.0,0.0,0.0,0.0,0.0,0.0,0.00064,0.0,0.0,0.0,0.0108,0.0,0.0,0.0,0.0,0.0,0.048960000000000004
2025-10-01 03:40:00,Uno M404,0.0,0.0,0.0,0.0,0.0,0.0,0.0,0.0008100000000000001,0.0,0.0,0.0,0.01069,0.0,0.0,0.01086,0.0,0.0,0.06071
2025-10-01 03:45:00,Uno M404,0.0,0.0,0.0,0.0,0.0,0.0,0.0,0.00041999999999999996,0.0,0.0,0.0,0.01073,0.0,0.0,0.0,0.0,0.0,0.049229999999999996
2025-10-01 03:50:00,Uno M404,0.0,0.0,0.0,0.0,0.0,0.0,0.0,0.00066,0.0,0.0,0.0,0.0107,0.0,0.0,0.0,0.0,0.0,0.04904
2025-10-01 03:55:00,Uno M404,0.0,0.0,0.0,0.0,0.0,0.0,-1e-05,0.0004,0.0,0.0,0.0,0.01066,0.0,0.0,0.0,0.0,0.0,0.04954
2025-10-01 04:00:00,Uno M404,0.0,0.0,0.0,0.0,0.0,0.0,0.0,0.00049,0.0,0.0,0.0,0.01089,0.0,0.0,0.0,0.0,0.0,0.04981
2025-10-01 04:05:00,Uno M404,0.0,0.0,0.0,0.0,0.0,0.0,0.0,0.00053,0.0,0.0,0.0,0.0107,0.0,0.0,0.0,0.0,0.0,0.04947
2025-10-01 04:10:00,Uno M404,0.0,0.0,0.0,0.0,0.0,0.0,0.0,0.00051,0.0,0.0,0.0,0.01067,0.0,0.0,0.0,0.0,0.0,0.04949
2025-10-01 04:15:00,Uno M404,0.0,0.0,0.0,0.0,0.0,0.0,0.0,0.00035999999999999997,0.0,0.0,0.0,0.01076,0.0,0.0,0.0,0.0,0.0,0.04955
2025-10-01 04:20:00,Uno M404,0.00725,0.0,0.0,0.0,0.0,0.0,0.0,0.00022,0.0,0.0061200000000000004,0.0,0.01084,0.0,0.0,0.0,0.0,0.0,0.04961
2025-10-01 04:25:00,Uno M404,0.0,0.0,0.0,0.0,0.09290000000000001,0.0,0.0,0.00074,0.0,0.0,0.0,0.10367,0.0,0.0,0.0,0.0,0.0,0.0499
2025-10-01 04:30:00,Uno M404,0.0,0.0,0.0,0.0,0.08433,0.0,0.0,0.00022,0.0,0.0,0.0,0.09516,0.0,0.0,0.0,0.0,0.0,0.049710000000000004
2025-10-01 04:35:00,Uno M404,0.0,0.0,0.0,0.0,0.07981999999999999,0.0,0.0,0.00047999999999999996,0.0,0.0,0.0,0.09024,0.0,0.0,0.0,0.0,0.0,0.04931
2025-10-01 04:40:00,Uno M404,0.0,0.0,0.0,0.0,0.0,0.0,0.0,0.00035999999999999997,0.0,0.0,0.0,0.01126,0.0,0.0,0.0,0.0,0.0,0.04931
2025-10-01 04:45:00,Uno M404,0.0,0.0,0.0,0.0,0.0,0.0,0.0,0.00062,0.0,0.0,0.0,0.01115,0.0,0.0,0.0,0.0,0.0,0.04947
2025-10-01 04:50:00,Uno M404,0.0,0.0,0.0,0.0,0.0,0.0,0.0,0.00053,0.0,0.0,0.0,0.01105,0.0,0.0,0.0,0.0,0.0,0.049409999999999996
2025-10-01 04:55:00,Uno M404,0.0,0.0,0.0,0.0,0.0,0.0,0.0,0.00049,0.0,0.0,0.0,0.01076,0.0,0.0,0.0,0.0,0.0,0.04943
2025-10-01 05:00:00,Uno M404,0.0,0.0,0.0,0.0,0.0,0.0,0.0,0.00067,0.0,0.0,0.0,0.01116,0.0,0.0,0.0,0.0,0.0,0.04938
2025-10-01 05:05:00,Uno M404,0.0,0.0,0.0,0.0,0.0,0.0,0.0,0.00038,0.0,0.0,0.0,0.01208,0.0,0.0,0.0,0.0,0.0,0.04908
2025-10-01 05:10:00,Uno M404,0.0,0.0,0.0,0.0,0.0,0.0,0.00364,0.00025,0.0,0.0,0.0,0.00418,0.0,0.0,0.0,0.0,0.0,0.05341
2025-10-01 05:15:00,Uno M404,0.0,0.0,0.0,0.0,0.0,0.0,0.00327,0.00031,0.0,0.0,0.0,0.0037400000000000003,0.0,0.0,0.0,0.0,0.0,0.052700000000000004
2025-10-01 05:20:00,Uno M404,0.0,0.0,0.0,0.0,0.0,0.0,0.0033399999999999997,0.00032,0.0,0.0,0.0,0.00405,0.0,0.0,0.0,0.0,0.0,0.052450000000000004
2025-10-01 05:25:00,Uno M404,0.0,0.0,0.0,0.0,0.09539,0.0,0.00325,0.00032,0.0,0.0,0.0,0.09906999999999999,0.0,0.0,0.0,0.0,0.0,0.052719999999999996
2025-10-01 05:30:00,Uno M404,0.0,0.0,0.0,0.0,0.08508,0.0,0.00342,0.00049,0.0,0.0,0.0,0.08842,0.0,0.0,0.0,0.0,0.0,0.052520000000000004
2025-10-01 05:35:00,Uno M404,0.0,0.0,0.0,0.0,0.07995999999999999,0.0,0.00317,0.00044,0.0,0.0,0.0,0.08331999999999999,0.0,0.0,0.0,0.0,0.0,0.05205
2025-10-01 05:40:00,Uno M404,0.0,0.0,0.0,0.0,0.0,0.0,0.00329,0.00058,0.0,0.0,0.0,0.00395,0.0,0.0,0.0,0.0,0.0,0.052020000000000004
2025-10-01 05:45:00,Uno M404,0.0,0.0,0.0,0.0,0.0,0.0,0.0032400000000000003,0.00026000000000000003,0.0,0.0,0.0,0.0039,0.0,0.0,0.0,0.0,0.0,0.05225
2025-10-01 05:50:00,Uno M404,0.0,0.0,0.0,0.0,0.0,0.0,0.00325,5e-05,0.0,0.0,0.0,0.00373,0.0,0.0,0.0,0.0,0.0,0.05198
2025-10-01 05:55:00,Uno M404,0.0,0.0,0.0,0.0,0.0,0.0,0.0034,0.00029,0.0,0.0,0.0,0.0039700000000000004,0.0,0.0,0.0,0.0,0.0,0.05189
2025-10-01 06:00:00,Uno M404,0.0,0.0,0.0,0.0,0.0,0.0,0.0032,0.00019,0.0,0.0,0.0,0.00363,0.0,0.0,0.0,0.0,0.0,0.05249
2025-10-01 06:05:00,Uno M404,0.0,0.0,0.0,0.0,0.0,0.0,0.0032400000000000003,0.00041999999999999996,0.0,0.0,0.0,0.00387,0.0,0.0,0.0,0.0,0.0,0.0518
2025-10-01 06:10:00,Uno M404,0.0,0.0,0.0,0.0,0.0,0.0,0.00323,0.00026000000000000003,0.0,0.0,0.0,0.00383,0.0,0.0,0.0,0.0,0.0,0.05189
2025-10-01 06:15:00,Uno M404,0.0,0.0,0.0,0.0,0.0,0.0,0.00314,0.00027,0.0,0.0,0.0,0.00369,0.0,0.0,0.0,0.0,0.0,0.05137
2025-10-01 06:20:00,Uno M404,0.0,0.0,0.0,0.0,0.0,0.0,0.0032400000000000003,0.00015,0.0,0.0,0.0,0.00405,0.0,0.0,0.0,0.0,0.0,0.05137
2025-10-01 06:25:00,Uno M404,0.0,0.0,0.0,0.0,0.09659000000000001,0.0,0.00325,0.00041999999999999996,0.0,0.0,0.0,0.10034,0.0,0.0,0.0,0.0,0.0,0.05079
2025-10-01 06:30:00,Uno M404,0.0,0.0,0.0,0.0,0.08509,0.0,0.00323,0.00026000000000000003,0.0,0.0,0.0,0.08868999999999999,0.0,0.0,0.0,0.0,0.0,0.05062
2025-10-01 06:35:00,Uno M404,0.0,0.0,0.0,0.0,0.07894,0.0,0.00325,0.00011999999999999999,0.0,0.0,0.0,0.08268,0.0,0.0,0.0,0.0,0.0,0.0505
2025-10-01 06:40:00,Uno M404,0.0,0.0,0.0,0.0,0.0,0.0,0.0032400000000000003,0.00028000000000000003,0.0,0.0,0.0,0.0039,0.0,0.0,0.0,0.0,0.0,0.05036
2025-10-01 06:45:00,Uno M404,0.0,0.0,0.0,0.0,0.0,0.0,0.00329,0.00032,0.0,0.0,0.0,0.00405,0.0,0.0,0.0,0.0,0.0,0.05071
2025-10-01 06:50:00,Uno M404,0.0,0.0,0.0,0.0,0.0,0.0,0.00323,0.00019,0.0,0.0,0.0,0.0042699999999999995,0.0,0.0,0.0,0.0,0.0,0.05079
2025-10-01 06:55:00,Uno M404,0.0,0.0,0.0,0.0,0.0,0.0,0.00331,0.00032,0.0,0.0,0.0,0.004719999999999999,0.0,0.0,0.0,0.0,0.0,0.05071
2025-10-01 07:00:00,Uno M404,0.0,0.0,0.0,0.0,0.0,0.0,0.0034100000000000003,0.00028000000000000003,0.0,0.0,0.0,0.00398,0.0,0.0,0.0,0.0,0.0,0.05071
2025-10-01 07:05:00,Uno M404,0.0,0.0,0.0,0.0,0.0,0.0,0.00323,8.999999999999999e-05,0.0,0.0,0.0,0.004,0.0,0.0,0.0,0.0,0.0,0.05023
2025-10-01 07:10:00,Uno M404,0.0,0.0,0.0,0.0,0.0,0.0,0.0033,0.00013000000000000002,0.0,0.0,0.0,0.0039,0.0,0.0,0.0,0.0,0.0,0.0507
2025-10-01 07:15:00,Uno M404,0.0,0.0,0.0,0.0,0.0,0.0,0.00322,0.0002,0.0,0.0,0.0,0.00395,0.0,0.0,0.0,0.0,0.0,0.05079
2025-10-01 07:20:00,Uno M404,0.0,0.0,0.0,0.0,0.0,0.0,0.0033799999999999998,0.00016,0.0,0.0,0.0,0.00396,0.0,0.0,0.0,0.0,0.0,0.05106
2025-10-01 07:25:00,Uno M404,0.0,0.0,0.0,0.0,0.09889,0.0,0.00327,0.00051,0.0,0.0,0.0,0.10243000000000001,0.0,0.0,0.0,0.0,0.0,0.05108
2025-10-01 07:30:00,Uno M404,0.0,0.0,0.0,0.0,0.08744,0.0,0.00328,0.00034,0.0,0.0,0.0,0.09104000000000001,0.0,0.0,0.0,0.0,0.0,0.05037
2025-10-01 07:35:00,Uno M404,0.0,0.0,0.0,0.0,0.0803,0.0,0.00328,0.00039,0.0,0.0,0.0,0.08386,0.0,0.0,0.0,0.0,0.0,0.05092
2025-10-01 07:40:00,Uno M404,0.0,0.0,0.0,0.0,0.0,0.0,0.00321,0.00066,0.0,0.0,0.0,0.00417,0.0,0.0,0.0,0.0,0.0,0.0512
2025-10-01 07:45:00,Uno M404,0.0,0.0,0.0,0.0,0.0,0.0,0.00315,0.00045,0.0,0.0,0.0,0.00375,0.0,0.0,0.0,0.0,0.0,0.05099
2025-10-01 07:50:00,Uno M404,0.0,0.0,0.0,0.0,0.0,0.0,0.00321,0.00035999999999999997,0.0,0.0,0.0,0.00373,0.0,0.0,0.0,0.0,0.0,0.05132
2025-10-01 07:55:00,Uno M404,0.0,0.0,0.0,0.0,0.0,0.0,0.0033599999999999997,0.00023999999999999998,0.0,0.0,0.0,0.0038399999999999997,0.0,0.0,0.0,0.0,0.0,0.05124
2025-10-01 08:00:00,Uno M404,0.0,0.0,0.0,0.0,0.0,0.0,0.0033,0.00022,0.0,0.0,0.0,0.0037,0.0,0.0,0.0,0.0,0.0,0.05125
2025-10-01 08:05:00,Uno M404,0.0,0.0,0.0,0.0,0.0,0.0,0.0032,0.00019,0.0,0.0,0.0,0.00408,0.0,0.0,0.0,0.0,0.0,0.05031
2025-10-01 08:10:00,Uno M404,0.0,0.0,0.0,0.0,0.0,0.0,0.00333,0.00031,0.0,0.0,0.0,0.00415,0.0,0.0,0.0,0.0,0.0,0.05036
2025-10-01 08:15:00,Uno M404,0.0,0.0,0.0,0.0,0.0,0.0,0.00321,0.00027,0.0,0.0,0.0,0.00429,0.0,0.0,0.0,0.0,0.0,0.05038
2025-10-01 08:20:00,Uno M404,0.0,0.0,0.0,0.0,0.0,0.0,0.00329,0.00039,0.0,0.0,0.0,0.0038799999999999998,0.0,0.0,0.0,0.0,0.0,0.05008
2025-10-01 08:25:00,Uno M404,0.0,0.0,0.0,0.0,0.10629000000000001,0.0,0.00323,0.00041,0.0,0.0,0.0,0.11081999999999999,0.0,0.0,0.0,0.0,0.0,0.04984
2025-10-01 08:30:00,Uno M404,0.0,0.0,0.0,0.0,0.08964,0.0,0.00331,0.00016,0.0,0.0,0.0,0.09315000000000001,0.0,0.0,0.0,0.0,0.0,0.04983
2025-10-01 08:35:00,Uno M404,0.0,0.0,0.0,0.0,0.08220000000000001,0.0,0.00328,0.00058,0.0,0.0,0.0,0.08563,0.0,0.0,0.0,0.0,0.0,0.05196
2025-10-01 08:40:00,Uno M404,0.0,0.0,0.0,0.0,0.0,0.0,0.00316,0.00035999999999999997,0.0,0.0,0.0,0.00362,0.0,0.0,0.0,0.0,0.0,0.052450000000000004
2025-10-01 08:45:00,Uno M404,0.0,0.0,0.0,0.0,0.0,0.0,0.00321,0.00047999999999999996,0.0,0.0,0.0,0.00369,0.0,0.0,0.0,0.0,0.0,0.05238
2025-10-01 08:50:00,Uno M404,0.0,0.0,0.0,0.0,0.0,0.0,0.00322,0.00062,0.0,0.0,0.0,0.00369,0.0,0.0,0.0,0.0,0.0,0.052
2025-10-01 08:55:00,Uno M404,0.0,0.0,0.0,0.0,0.0,0.0,0.01082,0.00067,0.0,0.0,0.0,0.00375,0.0,0.0,0.0,0.0,0.0,0.05939
2025-10-01 09:00:00,Uno M404,0.0,0.0,0.0,0.0,0.0,0.0,0.01083,0.00066,0.0,0.0,0.0,0.00361,0.0,0.0,0.0,0.0,0.0,0.05939
2025-10-01 09:05:00,Uno M404,0.0,0.0,0.0,0.0,0.0,0.0,0.01087,0.00054,0.0,0.0,0.0,0.00365,0.0,0.0,0.0,0.0,0.0,0.05875
2025-10-01 09:10:00,Uno M404,0.0,0.0,0.0,0.0,0.0,0.0,0.01115,0.00045,0.0,0.0,0.0,0.00415,0.0,0.0,0.0,0.0,0.0,0.01417
2025-10-01 09:15:00,Uno M404,0.0,0.0,0.0,0.0,0.0,0.0,0.0,0.00029,0.0,0.0,0.0,0.00387,0.0,0.0,0.08837,0.0,0.0,0.09095
2025-10-01 09:20:00,Uno M404,0.0,0.0,0.0,0.0,0.0,0.0,0.0,0.00029,0.0,0.0,0.0,0.00365,0.0,0.0,0.08884,0.0,0.0,0.09158
2025-10-01 09:25:00,Uno M404,0.0,0.0,0.0,0.0,0.0,0.0,0.0,0.00051,0.0,0.0,0.0,0.00368,0.0,0.0,0.08308,0.0,0.0,0.08571
2025-10-01 09:30:00,Uno M404,0.0,0.0,0.0,0.0,0.09283,0.0,0.0,0.00033,0.0,0.0,0.0,0.09625,0.0,0.0,0.0901,0.0,0.0,0.09284999999999999
2025-10-01 09:35:00,Uno M404,0.00691,0.0,0.0,0.0,0.08275,0.0,0.0,8e-05,0.0,0.005849999999999999,0.0,0.08627,0.0,0.0,0.08164,0.0,0.0,0.08433
2025-10-01 09:40:00,Uno M404,0.006849999999999999,0.0,0.0,0.0,0.07773000000000001,0.0,0.0,0.00011999999999999999,0.0,0.005860000000000001,0.0,0.08238,0.0,0.0,0.08375,0.0,0.0,0.08634
2025-10-01 09:45:00,Uno M404,0.03537,0.0,0.0,0.0,0.0,0.0,0.0,0.00016,0.0,0.03395,0.0,0.00391,0.0,0.0,0.09476000000000001,0.0,0.0,0.09749
2025-10-01 09:50:00,Uno M404,0.03506,0.0,0.0,0.0,0.0,0.0,0.0,0.00026000000000000003,0.0,0.03362,0.0,0.00362,0.0,0.0,0.07779000000000001,0.0,0.0,0.08052
2025-10-01 09:55:00,Uno M404,0.006809999999999999,0.0,0.0,0.0,0.0,0.0,0.0,4e-05,0.0,0.00579,0.0,0.0038900000000000002,0.0,0.0,0.08524,0.0,0.0,0.08799
2025-10-01 10:00:00,Uno M404,0.00691,0.0,0.0,0.0,0.0,0.0,0.0,5.9999999999999995e-05,0.0,0.005809999999999999,0.0,0.00532,0.0,0.0,0.08283,0.0,0.0,0.08563
2025-10-01 10:05:00,Uno M404,0.0,0.0,0.0,0.0,0.0,0.0,0.0,0.00033,0.0,0.0,0.0,0.00401,0.0,0.0,0.09018000000000001,0.0,0.0,0.09290000000000001
2025-10-01 10:10:00,Uno M404,0.0,0.0,0.0,0.0,0.0,0.0,0.0,0.0004,0.0,0.0,0.0,0.011970000000000001,0.0,0.0,0.08355,0.007549999999999999,0.0,0.08608
2025-10-01 10:15:00,Uno M404,0.0,0.0,0.0,0.0,0.0,0.0,0.0,0.00026000000000000003,0.0,0.0,0.0,0.012230000000000001,0.0,0.0,0.08595,0.0076500000000000005,0.0,0.08852
2025-10-01 10:20:00,Uno M404,0.0,0.0,0.0,0.0,0.0,0.0,0.0,0.00054,0.0,0.0,0.0,0.01341,0.0,0.0,0.08114,0.00762,0.0,0.08387
2025-10-01 10:25:00,Uno M404,0.0,0.0,0.0,0.0,0.0,1e-05,0.0,0.00035999999999999997,0.0,0.0,0.0,0.01253,0.0,0.0,0.09151999999999999,0.00764,0.0,0.09412999999999999
2025-10-01 10:30:00,Uno M404,0.0,0.0,0.0,0.0,0.09544,0.0,0.0,0.00058,0.0,0.0,0.0,0.10714,0.0,0.0,0.08331999999999999,0.00758,0.0,0.0861
2025-10-01 10:35:00,Uno M404,0.0,0.0,0.0,0.0,0.08438,0.0,0.0,0.00058,0.0,0.0,0.0,0.11912,0.0,0.0,0.09434000000000001,0.00762,0.0,0.09689
2025-10-01 10:40:00,Uno M404,0.0071200000000000005,0.0,0.0,0.0,0.07912999999999999,0.0,0.0,0.00016,0.0,0.00605,0.0,0.09214,0.0,0.0,0.07188,0.00758,0.0,0.07452
2025-10-01 10:45:00,Uno M404,0.0,0.0,0.0,0.0,0.0,0.0,0.0,0.0005200000000000001,0.0,0.0,0.0,0.01222,0.0,0.0,0.09275,0.00763,0.0,0.09541
2025-10-01 10:50:00,Uno M404,0.0,0.0,0.0,0.0,0.0,0.0,0.0,0.00086,0.0,0.0,0.0,0.00387,0.0,0.0,0.07019,0.0,0.0,0.07277
2025-10-01 10:55:00,Uno M404,0.0,0.0,0.0,0.0,0.0,0.0,0.01893,0.0006,0.0,0.0,0.0,0.00394,0.0,0.0,0.06399,0.0,0.0,0.08675
2025-10-01 11:00:00,Uno M404,0.0,0.0,0.0,0.0,0.0,0.0,0.0192,0.00033,0.0,0.0,0.0,0.01145,0.0,0.0,0.06293,0.0,0.0,0.08596
2025-10-01 11:05:00,Uno M404,0.0,0.0,0.0,0.0,0.0,0.0,0.0,0.0005600000000000001,0.0,0.0,0.0,0.01946,0.0,0.0,0.06048,0.00764,0.0,0.06319
2025-10-01 11:10:00,Uno M404,0.0,0.0,0.0,0.0,0.09570999999999999,0.0,0.0,0.00027,0.0,0.0,0.0,0.1145,0.0,0.0,0.05842,0.00763,0.0,0.06122
2025-10-01 11:15:00,Uno M404,0.0,0.0,0.0,0.0,0.08807,0.0,0.0,0.00055,0.0,0.0,0.0,0.48025999999999996,0.0,0.0,0.06801,0.0076,0.0,0.07073
2025-10-01 11:20:00,Uno M404,0.0,0.0,0.0,0.0,0.0837,0.0,0.0,0.00023999999999999998,0.0,0.0,0.0,0.10276,0.0,0.0,0.062479999999999994,0.0076,0.0,0.06512000000000001
2025-10-01 11:25:00,Uno M404,0.0,0.0,0.0,0.0,0.08023999999999999,0.0,0.0,0.00046,0.0,0.0,0.0,0.0992,0.0,0.0,0.06035,0.00763,0.0,0.06319
2025-10-01 11:30:00,Uno M404,0.0,0.0,0.0,0.0,0.07701000000000001,0.0,0.0,0.00066,0.0,0.0,0.7287100000000001,0.8242999999999999,0.0,0.0,0.06274,0.0076100000000000004,0.0,0.06554
2025-10-01 11:35:00,Uno M404,0.0,0.0,0.0,0.0,0.0,0.0,0.0,0.00053,0.0,0.0,0.0,0.02232,0.0,0.0,0.04917,0.01086,0.0,0.05162
2025-10-01 11:40:00,Uno M404,0.0,0.0,0.0,0.0,0.0,0.0,0.0,0.00023999999999999998,0.0,0.0,0.0,0.022449999999999998,0.0,0.0,0.05136,0.0108,0.0,0.05375
2025-10-01 11:45:00,Uno M404,0.0,0.0,0.0,0.0,0.0,0.0,0.0,0.00047,0.0,0.0,0.0,0.02233,0.0,0.0,0.05357,0.01081,0.0,0.05595
2025-10-01 11:50:00,Uno M404,0.0,0.0,0.0,0.0,0.0,0.0,0.0,0.00031,0.0,0.0,0.0,0.02231,0.0,0.0,0.052590000000000005,0.01081,0.0,0.055049999999999995
2025-10-01 11:55:00,Uno M404,0.0,0.0,0.0,0.0,0.0,0.0,0.0,0.0005200000000000001,0.0,0.0,0.0,0.022350000000000002,0.0,0.0,0.05397,0.01074,0.0,0.0565
2025-10-01 12:00:00,Uno M404,0.0,0.0,0.0,0.0,0.0,0.0,0.0,0.00054,0.0,0.0,0.0,0.022420000000000002,0.0,0.0,0.07214,0.01073,0.0,0.07504000000000001
2025-10-01 12:05:00,Uno M404,0.00704,0.0,0.0,0.0,0.0,0.0,0.0,8.999999999999999e-05,0.0,0.005860000000000001,0.0,0.01941,0.0,0.0,0.05425,0.00762,0.0,0.05675
2025-10-01 12:10:00,Uno M404,0.0,0.0,0.0,0.0,0.0,0.0,0.0,0.00027,0.0,0.0,0.0,0.01933,0.0,0.0,0.05111,0.00762,0.0,0.05373
2025-10-01 12:15:00,Uno M404,0.0,0.0,0.0,0.0,0.0,0.0,0.0,0.00232,0.0,0.0,0.0,1.35648,0.0,0.0,0.42291999999999996,0.06056,1.19328,0.4438
2025-10-01 12:20:00,Uno M404,0.0,0.0,0.0,0.0,0.09234999999999999,0.0,0.0,0.0005200000000000001,0.0,0.0,0.0,0.11270999999999999,0.0,0.0,0.05076,0.00762,0.0,0.05324
2025-10-01 12:25:00,Uno M404,0.0,0.0,0.0,0.0,0.08342000000000001,0.0,0.0,0.00061,0.0,0.0,0.0,0.18577000000000002,0.0,0.0,0.053880000000000004,0.0,0.0,0.05659
2025-10-01 12:30:00,Uno M404,0.0,0.0,0.0,0.0,0.07828,0.0,0.0,0.00054,0.0,0.0,0.0,0.18108000000000002,0.0,0.0,0.05355,0.0,0.0,0.056369999999999996
2025-10-01 12:35:00,Uno M404,0.0,0.0,0.0,0.0,0.0,0.0,0.0,0.00079,0.0,0.0,0.0,0.12669,0.0,0.0,0.054509999999999996,0.0,0.023620000000000002,0.057210000000000004
2025-10-01 12:40:00,Uno M404,0.0,0.0,0.0,0.0,0.0,0.0,0.0,0.00062,0.0,0.0,0.0,0.22647,0.0,0.0,0.05467,0.0,0.12459999999999999,0.057640000000000004
2025-10-01 12:45:00,Uno M404,0.0,0.0,0.0,0.0,0.0,0.0,0.00826,0.00111,0.0,0.0,0.0,0.20006000000000002,0.0,0.0,0.05163,0.0,0.09733,0.064
2025-10-01 12:50:00,Uno M404,0.0,0.0,0.0,0.0,0.0,0.0,0.01936,0.00078,0.0,0.0,0.0,0.10837000000000001,0.0,0.0,0.054619999999999995,0.0,0.00608,0.07801999999999999
2025-10-01 12:55:00,Uno M404,0.0,0.0,0.0,0.0,0.0,0.0,0.019489999999999997,0.00091,0.0,0.0,0.0,0.11122,0.0,0.0,0.07668000000000001,0.0,0.006889999999999999,0.10024
2025-10-01 13:00:00,Uno M404,0.0,0.0,0.0,0.0,0.0,0.0,0.0,0.0012900000000000001,0.0,0.0,0.0,0.09863,0.0,0.0,0.0,0.0,0.0,0.00132
2025-10-01 13:05:00,Uno M404,0.0,,0.0,0.0,0.0,0.0,,0.00082,0.0,0.0,0.0,0.35378,,,,0.0,0.25555,
2025-10-01 13:10:00,Uno M404,0.0,0.0,0.0,0.0,0.0,0.0,-1e-05,0.0020800000000000003,0.0,0.0,0.0,0.20854,0.0,0.0,0.0,0.0,0.013859999999999999,0.00232
2025-10-01 13:15:00,Uno M404,0.0,0.0,0.0,0.0,0.0,0.0,0.0,0.0009699999999999999,0.0,0.0,0.0,0.10415,0.0,0.0,0.0,0.0,0.00604,0.00076
2025-10-01 13:20:00,Uno M404,0.0,0.0,0.0,0.0,0.0964,0.0,0.02856,0.00095,0.0,0.0,0.0,0.46336,0.0,0.0,0.06462999999999999,0.0,0.26189999999999997,0.09745999999999999
2025-10-01 13:25:00,Uno M404,0.0,0.0,0.0,0.0,0.08693000000000001,0.0,0.02846,0.0010400000000000001,0.0,0.0,0.0,0.21463,0.0,0.0,0.044700000000000004,0.0,0.0,0.07726999999999999
2025-10-01 13:30:00,Uno M404,0.0,0.0,0.0,0.0,0.08162,0.0,0.02841,0.00074,0.0,0.0,0.0,0.18577000000000002,0.0,0.0,0.04582,0.0,0.0,0.07842
2025-10-01 13:35:00,Uno M404,0.0,0.0,0.0,0.0,0.0,0.0,0.028399999999999998,0.00067,0.0,0.0,0.0,0.10393000000000001,0.0,0.0,0.04045,0.0,0.0,0.07286
2025-10-01 13:40:00,Uno M404,0.0,0.0,0.0,0.0,0.0,0.0,0.02847,0.00076,0.0,0.0,0.0,0.10366,0.0,0.0,0.03822,0.0,0.0,0.07063
2025-10-01 13:45:00,Uno M404,0.0,0.0,0.0,0.0,0.0,0.0,0.02881,0.00092,0.0,0.0,0.0,0.10404000000000001,0.0,0.0,0.0,0.0,0.0,0.03203
2025-10-01 13:50:00,Uno M404,0.0,0.0,0.0,0.0,0.0,0.0,0.10309,0.0005600000000000001,0.0,0.0,0.0,0.10319,0.0,0.0,0.0,0.0,0.0,0.1062
2025-10-01 13:55:00,Uno M404,0.0,0.0,0.0,0.0,0.0,0.0,0.10048,0.00087,0.0,0.0,0.0,0.10327,0.0,0.0,0.0,0.0,0.0,0.10357
2025-10-01 14:00:00,Uno M404,0.0,0.0,0.0,0.0,0.0,0.0,0.10026,0.00093,0.0,0.0,0.0,0.10333,0.0,0.0,0.0,0.0,0.0,0.10337
2025-10-01 14:05:00,Uno M404,0.0,0.0,0.0,0.0,0.0,0.0,0.10103,0.00047,0.0,0.0,0.0,0.10284,0.0,0.0,0.0,0.0,0.0,0.10417
2025-10-01 14:10:00,Uno M404,0.0,0.0,0.0,0.0,0.0,0.0,0.10162,0.00038,0.0,0.0,0.0,0.10227,0.0,0.0,0.0,0.0,0.0,0.10464
2025-10-01 14:15:00,Uno M404,0.0,0.0,0.0,0.0,0.0,0.0,0.10102,0.00068,0.0,0.0,0.0,0.10233,0.0,0.0,0.0,0.0,0.0,0.10409
2025-10-01 14:20:00,Uno M404,0.0,0.0,0.0,0.0,0.09797,0.0,0.1015,0.00062,0.0,0.0,0.0,0.20098,0.0,0.0,0.0,0.0,0.0,0.10457999999999999
2025-10-01 14:25:00,Uno M404,0.0,0.0,0.0,0.0,0.08599,0.0,0.09964,0.00095,0.0,0.0,0.0,0.18835,0.0,0.0,0.0,0.0,0.0,0.1026
2025-10-01 14:30:00,Uno M404,0.0,0.0,0.0,0.0,0.08017,0.0,0.09964,0.0005200000000000001,0.0,0.0,0.0,0.18126,0.0,0.0,0.0,0.0,0.0,0.10269
2025-10-01 14:35:00,Uno M404,0.0,0.0,0.0,0.0,0.0,0.0,0.09951,0.0008,0.0,0.0,0.0,0.1012,0.0,0.0,0.0,0.0,0.0,0.10252
2025-10-01 14:40:00,Uno M404,0.0,0.0,0.0,0.0,0.0,0.0,0.10128,0.00053,0.0,0.0,0.0,0.10188,0.0,0.0,0.0,0.0,0.0,0.10431
2025-10-01 14:45:00,Uno M404,0.0,0.0,0.0,0.0,0.0,0.0,0.09679,0.0005899999999999999,0.0,0.0,0.0,0.10235999999999999,0.0,0.0,0.0,0.0,0.0,0.09981999999999999
2025-10-01 14:50:00,Uno M404,0.0,0.0,0.0,0.0,0.0,0.0,0.09758,0.00033,0.0,0.0,0.0,0.10172,0.0,0.0,0.0,0.0,0.0,0.10065
2025-10-01 14:55:00,Uno M404,0.0,0.0,0.0,0.0,0.0,0.0,0.09758,0.00126,0.0,0.0,0.0,0.10112,0.0,0.0,0.0,0.0,0.0,0.10076
2025-10-01 15:00:00,Uno M404,0.0,0.0,0.0,0.0,0.0,0.0,0.09698000000000001,0.00069,0.0,0.0,0.0,0.10237,0.0,0.0,0.07705,0.0,0.0,0.17801
2025-10-01 15:05:00,Uno M404,0.0,0.0,0.0,0.0,0.00058,0.0,0.10025,0.00108,0.0,0.0,0.0,0.12695,0.0,0.0,0.07562999999999999,0.0,0.0,0.17976
2025-10-01 15:10:00,Uno M404,0.0,0.0,0.0,0.0,0.10028000000000001,0.0,0.10076,0.00109,0.0,0.0,0.0,0.22586,0.0,0.0,0.06689,0.0,0.0,0.17165
2025-10-01 15:15:00,Uno M404,0.0,0.0,0.0,0.0,0.08959,0.0,0.1002,0.00047,0.0,0.0,0.0,0.21475,0.0,0.0,0.06147,0.0,0.0,0.16559000000000001
2025-10-01 15:20:00,Uno M404,0.0,0.0,0.0,0.0,0.08301,0.0,0.10059,0.00086,0.0,0.0,0.0,0.18471,0.0,0.0,0.05875,0.0,0.0,0.16347
2025-10-01 15:25:00,Uno M404,0.0,0.0,0.0,0.0,0.08079,0.0,0.09848,0.0006,0.0,0.0,0.0,0.17656,0.0,0.0,0.07440999999999999,0.0,0.0,0.17708000000000002
2025-10-01 15:30:00,Uno M404,0.0,0.0,0.0,0.0,0.07829000000000001,0.0,0.09865,0.001,0.0,0.0,0.0,0.17403,0.0,0.0,0.08628,0.0,0.0,0.18887
2025-10-01 15:35:00,Uno M404,0.0,0.0,0.0,0.0,0.0,0.0,0.09784000000000001,0.0008,0.0,0.0,0.0,0.09609000000000001,0.0,0.0,0.1025,0.0,0.0,0.20446999999999999
2025-10-01 15:40:00,Uno M404,0.0,0.0,0.0,0.0,0.0,0.0,0.09789,0.00029,0.0,0.0,0.0,0.09478,0.0,0.0,0.08636,0.0,0.0,0.18825999999999998
2025-10-01 15:45:00,Uno M404,0.0,0.0,0.0,0.0,0.0,0.0,0.09918,0.00023999999999999998,0.0,0.0,0.0,0.09481,0.0,0.0,0.07617,0.0,0.0,0.17931999999999998
2025-10-01 15:50:00,Uno M404,0.0,0.0,0.0,0.0,0.0,0.0,0.10095,0.0004,0.0,0.0,0.0,0.0965,0.0,0.0,0.05998,0.0,0.0,0.16487000000000002
2025-10-01 15:55:00,Uno M404,0.0,0.0,0.0,0.0,0.0,0.0,0.10175,0.00079,0.0,0.0,0.0,0.09572,0.0,0.0,0.04641,0.0,0.0,0.15218
2025-10-01 16:00:00,Uno M404,0.0,0.0,0.0,0.0,0.0,0.0,0.09966,0.00065,0.0,0.0,0.0,0.09564,0.0,0.0,0.059590000000000004,0.0,0.0,0.16319999999999998
2025-10-01 16:05:00,Uno M404,0.0,0.0,0.0,0.0,0.0,0.0,0.10174,8e-05,0.0,0.0,0.0,0.09544,0.0,0.0,0.06419,0.0,0.0,0.16993
2025-10-01 16:10:00,Uno M404,0.0,0.0,0.0,0.0,0.0,0.0,0.10036,0.00087,0.0,0.0,0.0,0.09537000000000001,0.0,0.0,0.05634,0.0,0.0,0.16069
2025-10-01 16:15:00,Uno M404,0.0,0.0,0.0,0.0,0.09583,0.0,0.09944,0.00045,0.0,0.0,0.0,0.18991999999999998,0.0,0.0,0.05328,0.0,0.0,0.15672
2025-10-01 16:20:00,Uno M404,0.0,0.0,0.0,0.0,0.08476,0.0,0.10013,0.0005899999999999999,0.0,0.0,0.0,0.1789,0.0,0.0,0.05052,0.0,0.0,0.15471000000000001
2025-10-01 16:25:00,Uno M404,0.0,0.0,0.0,0.0,0.07953,0.0,0.10189,0.00047,0.0,0.0,0.0,0.17359,0.0,0.0,0.05006,0.0,0.0,0.15622999999999998
2025-10-01 16:30:00,Uno M404,0.00705,0.0,0.0,0.0,0.0,0.0,0.09836,0.00028000000000000003,0.0,0.00583,0.0,0.0978,0.0,0.0,0.06795999999999999,0.0,0.0,0.17024
2025-10-01 16:35:00,Uno M404,0.0,0.0,0.0,0.0,0.0,0.0,0.09934,0.00075,0.0,0.0,0.0,0.09439,0.0,0.0,0.06503,0.0,0.0,0.16831000000000002
2025-10-01 16:40:00,Uno M404,0.0,0.0,0.0,0.0,0.0,0.0,0.10073,0.0002,0.0,0.0,0.0,0.09472,0.0,0.0,0.06705,0.0,0.0,0.17164
2025-10-01 16:45:00,Uno M404,0.0,0.0,0.0,0.0,0.0,0.0,0.09941,0.00027,0.0,0.0,0.0,0.09466,0.0,0.0,0.06916,0.0,0.0,0.17259
2025-10-01 16:50:00,Uno M404,0.0,0.0,0.0,0.0,0.0,0.0,0.09964,0.00058,0.0,0.0,0.0,0.09393000000000001,0.0,0.0,0.07063,0.0,0.0,0.17428
2025-10-01 16:55:00,Uno M404,0.0,0.0,0.0,0.0,0.0,0.0,0.02876,0.00016,0.0,0.0,0.0,0.09433,0.0,0.0,0.06883,0.0,0.0,0.10156
2025-10-01 17:00:00,Uno M404,0.00694,0.0,0.0,0.0,0.0,0.0,0.028820000000000002,0.00035999999999999997,0.0,0.00588,0.0,0.094,0.0,0.0,0.06983,0.0,0.0,0.10268000000000001
2025-10-01 17:05:00,Uno M404,0.0,0.0,0.0,0.0,0.10179,0.0,0.10073,0.00062,0.0,0.0,0.0,0.19598,0.0,0.0,0.06756000000000001,0.0,0.0,0.17213
2025-10-01 17:10:00,Uno M404,0.0,0.0,0.0,0.0,0.08954000000000001,0.0,0.0989,0.00047,0.0,0.0,0.0,0.183,0.0,0.0,0.07191,0.0,0.0,0.17466
2025-10-01 17:15:00,Uno M404,0.0,0.0,0.0,0.0,0.08188,0.0,0.10019,0.0005899999999999999,0.0,0.0,0.0,0.17539,0.0,0.0,0.06897,0.0,0.0,0.17321999999999999
2025-10-01 17:20:00,Uno M404,0.0,0.0,0.0,0.0,0.07734,0.0,0.10015,0.00053,0.0,0.0,0.0,0.17001,0.0,0.0,0.08463,0.0,0.0,0.18880000000000002
2025-10-01 17:25:00,Uno M404,0.0,0.0,0.0,0.0,0.0,0.0,0.09666,0.00051,0.0,0.0,0.0,0.09447,0.0,0.0,0.06795,0.0,0.0,0.16854
2025-10-01 17:30:00,Uno M404,0.0,0.0,0.0,0.0,0.0,0.0,0.10085,0.0005600000000000001,0.0,0.0,0.0,0.09508,0.0,0.0,0.06439,0.0,0.0,0.16935
2025-10-01 17:35:00,Uno M404,3.2788600000000003,0.0,0.0,3.24927,0.0,0.0,0.10025,7.000000000000001e-05,0.0,0.027350000000000003,0.0,0.12577,0.0,0.0,0.05686,0.0,0.0,0.16097999999999998
2025-10-01 17:40:00,Uno M404,3.28194,0.0,0.0,3.2525399999999998,0.0,0.0,0.10006999999999999,0.00014000000000000001,0.0,0.02729,0.0,0.10124,0.0,0.0,0.048229999999999995,0.0,0.0,0.15233000000000002
2025-10-01 17:45:00,Uno M404,3.3056799999999997,0.0,0.0,3.27636,0.0,0.0,0.10029,0.00016,0.0,0.02721,0.0,0.10158,0.0,0.0,0.047619999999999996,0.0,0.0,0.15212
2025-10-01 17:50:00,Uno M404,3.27767,0.0,0.0,3.24868,0.0,0.0,0.02876,0.0,0.0,0.027010000000000003,0.0,0.10128,0.0,0.0,0.047130000000000005,0.0,0.0,0.07979
2025-10-01 17:55:00,Uno M404,3.2961,0.0,0.0,3.2670100000000004,0.0,0.0,0.02876,1e-05,0.0,0.026920000000000003,0.0,0.10117,0.0,0.0,0.047369999999999995,0.0,0.0,0.08019
2025-10-01 18:00:00,Uno M404,3.3011999999999997,0.0,0.0,3.27208,0.0,0.0,0.0288,0.0,0.0,0.026949999999999998,0.0,0.10234,0.0,0.0,0.06795,0.0,0.0,0.1006
2025-10-01 18:05:00,Uno M404,0.0,,0.0,0.0,0.09998,0.0,,0.00016,0.0,0.0,0.0,0.20045,,,,0.0,0.0,
2025-10-01 18:10:00,Uno M404,0.0,0.0,0.0,0.0,0.17432,0.0,0.05774,4e-05,0.0,0.0,0.0,0.37707999999999997,0.0,0.0,0.0927,0.0,0.0,0.15778
2025-10-01 18:15:00,Uno M404,0.0,0.0,0.0,0.0,0.16086,0.0,0.05754,2e-05,0.0,0.0,0.0,0.36396,0.0,0.0,0.10118,0.0,0.0,0.1666
2025-10-01 18:20:00,Uno M404,0.0,0.0,0.0,0.0,0.0,0.0,0.02885,0.0,0.0,0.0,0.0,0.10138,0.0,0.0,0.05091,0.0,0.0,0.08366
2025-10-01 18:25:00,Uno M404,0.0,0.0,0.0,0.0,0.0,0.0,0.0288,5e-05,0.0,0.0,0.0,0.10071,0.0,0.0,0.05479,0.0,0.0,0.08748
2025-10-01 18:30:00,Uno M404,0.0,0.0,0.0,0.0,0.0,0.0,0.028829999999999998,5e-05,0.0,0.0,0.0,0.1017,0.0,0.0,0.05153,0.0,0.0,0.08428000000000001
2025-10-01 18:35:00,Uno M404,0.0,0.0,0.0,0.0,0.0,0.0,0.02885,2e-05,0.0,0.0,0.0,0.10009,0.0,0.0,0.047009999999999996,0.0,0.0,0.07970999999999999
2025-10-01 18:40:00,Uno M404,0.0,0.0,0.0,0.0,0.0,0.0,0.0289,5.9999999999999995e-05,0.0,0.0,0.0,0.10076,0.0,0.0,0.04887,0.0,0.0,0.08154
2025-10-01 18:45:00,Uno M404,0.0,0.0,0.0,0.0,0.0,0.0,0.02876,2e-05,0.0,0.0,0.0,0.09484000000000001,0.0,0.0,0.046340000000000006,0.0,0.0,0.07915000000000001
2025-10-01 18:50:00,Uno M404,0.0,0.0,0.0,0.0,0.0,0.0,0.02893,8.999999999999999e-05,0.0,0.0,0.0,0.09520999999999999,0.0,0.0,0.04999,0.0,0.0,0.08269
2025-10-01 18:55:00,Uno M404,0.0,0.0,0.0,0.0,0.0,0.0,0.02877,5.9999999999999995e-05,0.0,0.0,0.0,0.10359,0.0,0.0,0.045649999999999996,0.007549999999999999,0.0,0.07839
2025-10-01 19:00:00,Uno M404,0.0,0.0,0.0,0.0,0.09904,0.0,0.02889,7.000000000000001e-05,0.0,0.0,0.0,0.20253,0.0,0.0,0.04349,0.00756,0.0,0.07603
2025-10-01 19:05:00,Uno M404,0.0,0.0,0.0,0.0,0.08726,0.0,0.02913,8e-05,0.0,0.0,0.0,0.19077000000000002,0.0,0.0,0.04331,0.00751,0.0,0.07634
2025-10-01 19:10:00,Uno M404,0.0,0.0,0.0,0.0,0.08059000000000001,0.0,0.028820000000000002,8.999999999999999e-05,0.0,0.0,0.0,0.18418,0.0,0.0,0.04318,0.0074800000000000005,0.0,0.07597
2025-10-01 19:15:00,Uno M404,,0.0,,,0.0,0.0,0.02879,,,,0.0,0.10337,0.0,0.0,0.043,0.00767,0.0,0.07573
2025-10-01 19:20:00,Uno M404,0.0,0.0,0.0,0.0,0.0,0.0,0.028829999999999998,0.00011,0.0,0.0,0.0,0.10321,0.0,0.0,0.04354,0.00756,0.0,0.07612999999999999
2025-10-01 19:25:00,Uno M404,0.0,0.0,0.0,0.0,0.0,0.0,0.09770999999999999,0.00019,0.0,0.0,0.0,0.11137000000000001,0.0,0.0,0.03406,0.00753,0.0,0.13558
2025-10-01 19:30:00,Uno M404,0.0,0.0,0.0,0.0,0.0,0.0,0.10461,0.00013000000000000002,0.0,0.0,0.0,0.11134999999999999,0.0,0.0,0.03136,0.0075,0.0,0.13978
2025-10-01 19:35:00,Uno M404,0.0,0.0,0.0,0.0,0.0,0.0,0.028399999999999998,0.00015,0.0,0.0,0.0,0.10479000000000001,0.0,0.0,0.0,0.00757,0.0,0.03143
2025-10-01 19:40:00,Uno M404,0.0,0.0,0.0,0.0,0.0,0.0,0.02853,0.00013000000000000002,0.0,0.0,0.0,0.10451,0.0,0.0,0.0,0.00767,0.0,0.03148
2025-10-01 19:45:00,Uno M404,0.0,0.0,0.0,0.0,0.0,0.0,0.028399999999999998,0.00011,0.0,0.0,0.0,0.10462,0.0,0.0,0.0,0.00763,0.0,0.03188
2025-10-01 19:50:00,Uno M404,0.0,0.0,0.0,0.0,0.0,0.0,0.028300000000000002,0.00045,0.0,0.0,0.0,0.10463,0.0,0.0,0.0,0.0076,0.0,0.03159
2025-10-01 19:55:00,Uno M404,0.0,0.0,0.0,0.0,0.09928000000000001,0.0,0.02852,0.00013000000000000002,0.0,0.0,0.0,0.20524,0.0,0.0,0.0,0.00751,0.0,0.0315
2025-10-01 20:00:00,Uno M404,0.0,0.0,0.0,0.0,0.08788,0.0,0.02854,0.00026000000000000003,0.0,0.0,0.0,0.19421000000000002,0.0,0.0,0.0,0.00756,0.0,0.03165
2025-10-01 20:05:00,Uno M404,0.0,0.0,0.0,0.0,0.08156000000000001,0.0,0.02838,0.00011999999999999999,0.0,0.0,0.0,0.18750999999999998,0.0,0.0,0.0,0.0076100000000000004,0.0,0.03162
2025-10-01 20:10:00,Uno M404,0.0,0.0,0.0,0.0,0.0,0.0,0.028489999999999998,0.00025,0.0,0.0,0.0,0.10626000000000001,0.0,0.0,0.0,0.0075,0.0,0.03152
2025-10-01 20:15:00,Uno M404,0.0,0.0,0.0,0.0,0.0,0.0,0.028390000000000002,8.999999999999999e-05,0.0,0.0,0.0,0.10649,0.0,0.0,0.0,0.00751,0.0,0.03152
2025-10-01 20:20:00,Uno M404,0.0,0.0,0.0,0.0,0.0,0.0,0.0285,8.999999999999999e-05,0.0,0.0,0.0,0.10640000000000001,0.0,0.0,0.0,0.00754,0.0,0.03145
2025-10-01 20:25:00,Uno M404,0.0,0.0,0.0,0.0,0.0,0.0,0.02855,5e-05,0.0,0.0,0.0,0.10805,0.0,0.0,0.0,0.00758,0.0,0.03183
2025-10-01 20:30:00,Uno M404,0.0,0.0,0.0,0.0,0.0,0.0,0.02847,2e-05,0.0,0.0,0.0,0.10694,0.0,0.0,0.0,0.0074800000000000005,0.0,0.03156
2025-10-01 20:35:00,Uno M404,0.0,0.0,0.0,0.0,0.0,0.0,0.0285,0.00014000000000000001,0.0,0.0,0.0,0.10690000000000001,0.0,0.0,0.0,0.00751,0.0,0.03149
2025-10-01 20:40:00,Uno M404,0.0,0.0,0.0,0.0,0.0,0.0,0.02867,2e-05,0.0,0.0,0.0,0.10740000000000001,0.0,0.0,0.0,0.00749,0.0,0.03159
2025-10-01 20:45:00,Uno M404,0.0,0.0,0.0,0.0,0.0,0.0,0.02868,0.0,0.0,0.0,0.0,0.10684,0.0,0.0,0.0,0.007549999999999999,0.0,0.03161
2025-10-01 20:50:00,Uno M404,0.0,0.0,0.0,0.0,0.0,0.0,0.02861,1e-05,0.0,0.0,0.0,0.10639,0.0,0.0,0.0,0.00753,0.0,0.03154
2025-10-01 20:55:00,Uno M404,0.0,0.0,0.0,0.0,0.09236,0.0,0.02866,0.0,0.0,0.0,0.0,0.19383,0.0,0.0,0.0,0.00753,0.0,0.03158
2025-10-01 21:00:00,Uno M404,0.0,0.0,0.0,0.0,0.08187,0.0,0.02862,0.0,0.0,0.0,0.0,0.18369,0.0,0.0,0.0,0.007549999999999999,0.0,0.031420000000000003
2025-10-01 21:05:00,Uno M404,0.0,0.0,0.0,0.0,0.07706,0.0,0.02872,1e-05,0.0,0.0,0.0,0.17907,0.0,0.0,0.0,0.00751,0.0,0.031420000000000003
2025-10-01 21:10:00,Uno M404,0.0,0.0,0.0,0.0,0.0,0.0,0.02869,0.0,0.0,0.0,0.0,0.10234,0.0,0.0,0.0,0.00763,0.0,0.03139
2025-10-01 21:15:00,Uno M404,0.0,0.0,0.0,0.0,0.0,0.0,0.02868,0.0,0.0,0.0,0.0,0.10279,0.0,0.0,0.0,0.0076500000000000005,0.0,0.03145
2025-10-01 21:20:00,Uno M404,0.0,0.0,0.0,0.0,0.0,0.0,0.02857,0.0,0.0,0.0,0.0,0.10285,0.0,0.0,0.0,0.00763,0.0,0.03143
2025-10-01 21:25:00,Uno M404,0.0,0.0,0.0,0.0,0.0,0.0,0.02862,0.0,0.0,0.0,0.0,0.1022,0.0,0.0,0.0,0.00757,0.0,0.03136
2025-10-01 21:30:00,Uno M404,0.0,0.0,0.0,0.0,0.0,0.0,0.02867,0.0,0.0,0.0,0.0,0.10267,0.0,0.0,0.0,0.00756,0.0,0.03137
2025-10-01 21:35:00,Uno M404,0.0,0.0,0.0,0.0,0.0,0.0,0.02853,0.0,0.0,0.0,0.0,0.10260999999999999,0.0,0.0,0.0,0.00757,0.0,0.03155
2025-10-01 21:40:00,Uno M404,0.0,0.0,0.0,0.0,0.0,0.0,0.02859,0.0,0.0,0.0,0.0,0.10319,0.0,0.0,0.0,0.00753,0.0,0.03149
2025-10-01 21:45:00,Uno M404,0.0,0.0,0.0,0.0,0.0,0.0,0.02859,1e-05,0.0,0.0,0.0,0.10337,0.0,0.0,0.0,0.00751,0.0,0.03156
2025-10-01 21:50:00,Uno M404,0.0,0.0,0.0,0.0,0.10272,0.0,0.02865,0.0,0.0,0.0,0.0,0.2059,0.0,0.0,0.0,0.0076100000000000004,0.0,0.03152
2025-10-01 21:55:00,Uno M404,0.0,0.0,0.0,0.0,0.08978,0.0,0.02866,0.00015,0.0,0.0,0.0,0.19353,0.0,0.0,0.0,0.00757,0.0,0.03137
2025-10-01 22:00:00,Uno M404,0.0,0.0,0.0,0.0,0.08134000000000001,0.0,0.02868,1e-05,0.0,0.0,0.0,0.18503,0.0,0.0,0.0,0.0076100000000000004,0.0,0.03137
2025-10-01 22:05:00,Uno M404,0.0,0.0,0.0,0.0,0.07689,0.0,0.02857,0.0,0.0,0.0,0.0,0.18037999999999998,0.0,0.0,0.0,0.00754,0.0,0.03141
2025-10-01 22:10:00,Uno M404,0.0,0.0,0.0,0.0,0.0,0.0,0.02872,0.0,0.0,0.0,0.0,0.10345,0.0,0.0,0.0,0.00762,0.0,0.03145
2025-10-01 22:15:00,Uno M404,0.0,0.0,0.0,0.0,0.0,0.0,0.02869,0.0,0.0,0.0,0.0,0.10413,0.0,0.0,0.0,0.00758,0.0,0.03136
2025-10-01 22:20:00,Uno M404,0.0,0.0,0.0,0.0,0.0,0.0,0.02869,0.0,0.0,0.0,0.0,0.10399,0.0,0.0,0.0,0.00753,0.0,0.03158
2025-10-01 22:25:00,Uno M404,0.0,0.0,0.0,0.0,0.0,0.0,0.02868,0.0,0.0,0.0,0.0,0.10382,0.0,0.0,0.0,0.00749,0.0,0.031420000000000003
2025-10-01 22:30:00,Uno M404,0.0,0.0,0.0,0.0,0.0,0.0,0.0288,0.0,0.0,0.0,0.0,0.10417,0.0,0.0,0.0,0.00764,0.0,0.031420000000000003
2025-10-01 22:35:00,Uno M404,0.0,0.0,0.0,0.0,0.0,0.0,0.028730000000000002,0.0,0.0,0.0,0.0,0.10456,0.0,0.0,0.0,0.00762,0.0,0.03148
2025-10-01 22:40:00,Uno M404,0.0,0.0,0.0,0.0,0.0,0.0,0.02868,0.0,0.0,0.0,0.0,0.10457,0.0,0.0,0.0,0.00749,0.0,0.03136
2025-10-01 22:45:00,Uno M404,0.0,0.0,0.0,0.0,0.0,0.0,0.02869,0.0,0.0,0.0,0.0,0.10478,0.0,0.0,0.0,0.0075,0.0,0.03145
2025-10-01 22:50:00,Uno M404,0.0,0.0,0.0,0.0,0.09827,0.0,0.02886,0.0,0.0,0.0,0.0,0.2031,0.0,0.0,0.0,0.00749,0.0,0.031420000000000003
2025-10-01 22:55:00,Uno M404,0.0,0.0,0.0,0.0,0.08673,0.0,0.02879,0.0,0.0,0.0,0.0,0.19187,0.0,0.0,0.0,0.00758,0.0,0.03145
2025-10-01 23:00:00,Uno M404,0.0,0.0,0.0,0.0,0.07989,0.0,0.028829999999999998,0.0,0.0,0.0,0.0,0.18519999999999998,0.0,0.0,0.0,0.007549999999999999,0.0,0.03136
2025-10-01 23:05:00,Uno M404,0.0,0.0,0.0,0.0,0.0,0.0,0.02872,0.0,0.0,0.0,0.0,0.10479999999999999,0.0,0.0,0.0,0.00758,0.0,0.03151
2025-10-01 23:10:00,Uno M404,0.0,0.0,0.0,0.0,0.0,0.0,0.02867,0.0,0.0,0.0,0.0,0.10524,0.0,0.0,0.0,0.00747,0.0,0.03129
2025-10-01 23:15:00,Uno M404,0.0,0.0,0.0,0.0,0.0,0.0,0.028739999999999998,0.0,0.0,0.0,0.0,0.10536,0.0,0.0,0.0,0.00758,0.0,0.03179
2025-10-01 23:20:00,Uno M404,0.0,0.0,0.0,0.0,0.0,0.0,0.02886,0.0,0.0,0.0,0.0,0.11220999999999999,0.0,0.0,0.0,0.00753,0.0,0.03148
2025-10-01 23:25:00,Uno M404,0.0,0.0,0.0,0.0,0.0,0.0,0.12231,0.0,0.0,0.0,0.0,0.01316,0.0,0.0,0.0135,0.0,0.0,0.16775
2025-10-01 23:30:00,Uno M404,0.0,0.0,0.0,0.0,0.0,0.0,0.12775,0.0,0.0,0.0,0.0,0.00595,0.0,0.0,0.0,0.0,0.0,0.15853
2025-10-01 23:35:00,Uno M404,0.0,0.0,0.0,0.0,0.0,0.0,0.12188,0.0,0.0,0.0,0.0,0.00591,0.0,0.0,0.0,0.0,0.0,0.15293
2025-10-01 23:40:00,Uno M404,0.0,0.0,0.0,0.0,0.0,0.0,0.12161,0.0,0.0,0.0,0.0,0.00605,0.0,0.0,0.0,0.0,0.0,0.1525
2025-10-01 23:45:00,Uno M404,0.0,0.0,0.0,0.0,0.0,0.0,0.12204000000000001,0.0,0.0,0.0,0.0,0.006059999999999999,0.0,0.0,0.0,0.0,0.0,0.15286000000000002
2025-10-01 23:50:00,Uno M404,0.0,0.0,0.0,0.0,0.09859,0.0,0.12282,0.0,0.0,0.0,0.0,0.10528,0.0,0.0,0.0,0.0,0.0,0.15394
2025-10-01 23:55:00,Uno M404,0.0,0.0,0.0,0.0,0.08744,0.0,0.12236,0.0,0.0,0.0,0.0,0.0932,0.0,0.0,0.0,0.0,0.0,0.15346
2025-10-02 00:00:00,Uno M404,0.0,0.0,0.0,0.0,0.08088,0.0,0.12334999999999999,0.0,0.0,0.0,0.0,0.08672,0.0,0.0,0.0,0.0,0.0,0.15478
2025-10-02 00:05:00,Uno M404,0.0,0.0,0.0,0.0,0.0,0.0,0.11810999999999999,0.0,0.0,0.0,0.0,0.005889999999999999,0.0,0.0,0.0,0.0,0.0,0.1485
2025-10-02 00:10:00,Uno M404,0.0,0.0,0.0,0.0,0.0,0.0,0.12143000000000001,0.0,0.0,0.0,0.0,0.0062900000000000005,0.0,0.0,0.0,0.0,0.0,0.15219
2025-10-02 00:15:00,Uno M404,0.0,0.0,0.0,0.0,0.0,0.0,0.0,0.0,0.0,0.0,0.0,0.01288,0.0,0.0,0.0,0.0,0.0,0.03007
2025-10-02 00:20:00,Uno M404,0.0,0.0,0.0,0.0,0.0,0.0,0.0,0.0,0.0,0.0,0.0,0.01292,0.0,0.0,0.0,0.0,0.0,0.02994
2025-10-02 00:25:00,Uno M404,0.0,0.0,0.0,0.0,0.0,0.0,0.0,0.0,0.0,0.0,0.0,0.01283,0.0,0.0,0.0,0.0,0.0,0.02991
2025-10-02 00:30:00,Uno M404,0.0,0.0,0.0,0.0,0.0,0.0,0.0,0.0,0.0,0.0,0.0,0.01292,0.0,0.0,0.0,0.0,0.0,0.03004
2025-10-02 00:35:00,Uno M404,0.0,0.0,0.0,0.0,0.0,0.0,0.0,0.0,0.0,0.0,0.0,0.01294,0.0,0.0,0.0,0.0,0.0,0.030109999999999998
2025-10-02 00:40:00,Uno M404,0.0,0.0,0.0,0.0,0.0,0.0,0.0,0.0,0.0,0.0,0.0,0.01311,0.0,0.0,0.0,0.0,0.0,0.03027
2025-10-02 00:45:00,Uno M404,0.0,0.0,0.0,0.0,0.0,0.0,0.0,0.0,0.0,0.0,0.0,0.01281,0.0,0.0,0.0,0.0,0.0,0.030010000000000002
2025-10-02 00:50:00,Uno M404,0.0,0.0,0.0,0.0,0.09866,0.0,0.0,0.0,0.0,0.0,0.0,0.11158,0.0,0.0,0.0,0.0,0.0,0.030100000000000002
2025-10-02 00:55:00,Uno M404,0.0,0.0,0.0,0.0,0.08736,0.0,0.0,0.0,0.0,0.0,0.0,0.10022,0.0,0.0,0.0,0.0,0.0,0.030170000000000002
2025-10-02 01:00:00,Uno M404,0.0,0.0,0.0,0.0,0.08073999999999999,0.0,0.0,0.0,0.0,0.0,0.0,0.0937,0.0,0.0,0.0,0.0,0.0,0.03021
2025-10-02 01:05:00,Uno M404,0.0,0.0,0.0,0.0,0.0,0.0,0.0,0.0,0.0,0.0,0.0,0.01281,0.0,0.0,0.0,0.0,0.0,0.030289999999999997
2025-10-02 01:10:00,Uno M404,0.0,0.0,0.0,0.0,0.0,0.0,0.0,0.0,0.0,0.0,0.0,0.01285,0.0,0.0,0.0,0.0,0.0,0.03016
2025-10-02 01:15:00,Uno M404,0.0,0.0,0.0,0.0,0.0,0.0,0.0,0.0,0.0,0.0,0.0,0.0134,0.0,0.0,0.0,0.0,0.0,0.030539999999999998
2025-10-02 01:20:00,Uno M404,0.0,0.0,0.0,0.0,0.0,0.0,0.0,0.0,0.0,0.0,0.0,0.01292,0.0,0.0,0.0,0.0,0.0,0.03049
2025-10-02 01:25:00,Uno M404,0.0,0.0,0.0,0.0,0.0,0.0,0.0,5e-05,0.0,0.0,0.0,0.01315,0.0,0.0,0.0,0.0,0.0,0.03041
2025-10-02 01:30:00,Uno M404,0.0,0.0,0.0,0.0,0.0,0.0,0.0,0.0,0.0,0.0,0.0,0.01287,0.0,0.0,0.0,0.0,0.0,0.030379999999999997
2025-10-02 01:35:00,Uno M404,0.0,0.0,0.0,0.0,0.0,0.0,0.0,0.0,0.0,0.0,0.0,0.01274,0.0,0.0,0.0,0.0,0.0,0.03057
2025-10-02 01:40:00,Uno M404,0.0,0.0,0.0,0.0,0.0,0.0,0.0,0.0,0.0,0.0,0.0,0.01297,0.0,0.0,0.0,0.0,0.0,0.030350000000000002
2025-10-02 01:45:00,Uno M404,0.0,0.0,0.0,0.0,0.0,0.0,0.0,0.0,0.0,0.0,0.0,0.01269,0.0,0.0,0.0,0.0,0.0,0.03058
2025-10-02 01:50:00,Uno M404,0.0,0.0,0.0,0.0,0.10009,0.0,0.0,0.0,0.0,0.0,0.0,0.1128,0.0,0.0,0.0,0.0,0.0,0.030600000000000002
2025-10-02 01:55:00,Uno M404,0.0,0.0,0.0,0.0,0.08835,0.0,0.0,0.0,0.0,0.0,0.0,0.10108,0.0,0.0,0.0,0.0,0.0,0.03061
2025-10-02 02:20:00,Uno M404,0.0,0.0,0.0,0.0,0.0,0.0,0.0,0.0,0.0,0.0,0.0,0.01285,0.0,0.0,0.0,0.0,0.0,0.03055
2025-10-02 02:25:00,Uno M404,0.0,0.0,0.0,0.0,0.0,0.0,0.0,2e-05,0.0,0.0,0.0,0.01263,0.0,0.0,0.0,0.0,0.0,0.03064
2025-10-02 02:30:00,Uno M404,0.0,0.0,0.0,0.0,0.0,0.0,0.0,1e-05,0.0,0.0,0.0,0.01299,0.0,0.0,0.0,0.0,0.0,0.030809999999999997
2025-10-02 02:35:00,Uno M404,0.0,0.0,0.0,0.0,0.0,0.0,0.0,2e-05,0.0,0.0,0.0,0.01264,0.0,0.0,0.0,0.0,0.0,0.03074
2025-10-02 02:40:00,Uno M404,0.0,0.0,0.0,0.0,0.0,0.0,0.0,0.0,0.0,0.0,0.0,0.01249,0.0,0.0,0.0,0.0,0.0,0.030760000000000003
2025-10-02 02:45:00,Uno M404,0.0,0.0,0.0,0.0,0.0,0.0,0.0,0.0,0.0,0.0,0.0,0.01267,0.0,0.0,0.0,0.0,0.0,0.030969999999999998
2025-10-02 02:50:00,Uno M404,0.0,0.0,0.0,0.0,0.10043,0.0,0.0,0.0,0.0,0.0,0.0,0.113,0.0,0.0,0.0,0.0,0.0,0.03064
2025-10-02 02:55:00,Uno M404,0.0,0.0,0.0,0.0,0.08902,0.0,0.0,0.0,0.0,0.0,0.0,0.10152,0.0,0.0,0.0,0.0,0.0,0.03075
2025-10-02 03:00:00,Uno M404,0.0,0.0,0.0,0.0,0.08202,0.0,0.0,0.0,0.0,0.0,0.0,0.09456,0.0,0.0,0.0,0.0,0.0,0.030850000000000002
2025-10-02 03:05:00,Uno M404,0.0,0.0,0.0,0.0,0.0,0.0,0.0,0.0,0.0,0.0,0.0,0.0125,0.0,0.0,0.0,0.0,0.0,0.03071
2025-10-02 03:10:00,Uno M404,0.0,0.0,0.0,0.0,0.0,0.0,0.0,0.0,0.0,0.0,0.0,0.01308,0.0,0.0,0.0,0.0,0.0,0.03064
2025-10-02 03:15:00,Uno M404,0.0,0.0,0.0,0.0,0.0,0.0,0.0,1e-05,0.0,0.0,0.0,0.01292,0.0,0.0,0.0,0.0,0.0,0.03071
2025-10-02 03:20:00,Uno M404,0.0,0.0,0.0,0.0,0.0,0.0,0.0,1e-05,0.0,0.0,0.0,0.0126,0.0,0.0,0.0,0.0,0.0,0.03082
2025-10-02 03:25:00,Uno M404,0.0,0.0,0.0,0.0,0.0,0.0,0.0,0.0,0.0,0.0,0.0,0.012580000000000001,0.0,0.0,0.0,0.0,0.0,0.03083
2025-10-02 03:30:00,Uno M404,0.0,0.0,0.0,0.0,0.0,0.0,0.0,0.0,0.0,0.0,0.0,0.01256,0.0,0.0,0.0,0.0,0.0,0.03075
2025-10-02 03:35:00,Uno M404,0.0,0.0,0.0,0.0,0.0,0.0,0.0,0.0,0.0,0.0,0.0,0.01244,0.0,0.0,0.0,0.0,0.0,0.03065
2025-10-02 03:40:00,Uno M404,0.0,0.0,0.0,0.0,0.0,0.0,0.0,0.0,0.0,0.0,0.0,0.01261,0.0,0.0,0.0,0.0,0.0,0.030760000000000003
2025-10-02 03:45:00,Uno M404,0.0,0.0,0.0,0.0,0.0,0.0,0.0,0.0,0.0,0.0,0.0,0.0125,0.0,0.0,0.0,0.0,0.0,0.03075
2025-10-02 03:50:00,Uno M404,0.0,0.0,0.0,0.0,0.10133,0.0,0.0,0.0,0.0,0.0,0.0,0.11420999999999999,0.0,0.0,0.0,0.0,0.0,0.03098
2025-10-02 03:55:00,Uno M404,0.0,0.0,0.0,0.0,0.09061,0.0,0.0,0.0,0.0,0.0,0.0,0.10317,0.0,0.0,0.0,0.0,0.0,0.030940000000000002
2025-10-02 04:00:00,Uno M404,0.0,0.0,0.0,0.0,0.08313,0.0,0.0,0.0,0.0,0.0,0.0,0.09570999999999999,0.0,0.0,0.0,0.0,0.0,0.030899999999999997
2025-10-02 04:05:00,Uno M404,0.0,0.0,0.0,0.0,0.0,0.0,0.0,0.0,0.0,0.0,0.0,0.01267,0.0,0.0,0.0,0.0,0.0,0.030940000000000002
2025-10-02 04:10:00,Uno M404,0.0,0.0,0.0,0.0,0.0,0.0,0.0,0.0,0.0,0.0,0.0,0.01249,0.0,0.0,0.0,0.0,0.0,0.03082
2025-10-02 04:15:00,Uno M404,0.0,0.0,0.0,0.0,0.0,0.0,0.0,0.0,0.0,0.0,0.0,0.01287,0.0,0.0,0.0,0.0,0.0,0.031
2025-10-02 04:20:00,Uno M404,0.0,0.0,0.0,0.0,0.0,0.0,0.0,0.0,0.0,0.0,0.0,0.01275,0.0,0.0,0.0,0.0,0.0,0.03084
2025-10-02 04:25:00,Uno M404,0.0,0.0,0.0,0.0,0.0,0.0,0.0,0.0,0.0,0.0,0.0,0.01289,0.0,0.0,0.0,0.0,0.0,0.03082
2025-10-02 04:30:00,Uno M404,0.0,0.0,0.0,0.0,0.0,0.0,0.0,0.0,0.0,0.0,0.0,0.01255,0.0,0.0,0.0,0.0,0.0,0.031120000000000002
2025-10-02 04:35:00,Uno M404,0.0,0.0,0.0,0.0,0.0,0.0,0.0,0.0,0.0,0.0,0.0,0.012320000000000001,0.0,0.0,0.0,0.0,0.0,0.03095
2025-10-02 04:40:00,Uno M404,0.0,0.0,0.0,0.0,0.0,0.0,0.0,0.0,0.0,0.0,0.0,0.012369999999999999,0.0,0.0,0.0,0.0,0.0,0.030780000000000002
2025-10-02 04:45:00,Uno M404,0.0,0.0,0.0,0.0,0.0,0.0,0.0,0.0,0.0,0.0,0.0,0.012410000000000001,0.0,0.0,0.0,0.0,0.0,0.03065
2025-10-02 04:50:00,Uno M404,0.0,0.0,0.0,0.0,0.10728,0.0,0.0,0.0,0.0,0.0,0.0,0.1195,0.0,0.0,0.0,0.0,0.0,0.03089
2025-10-02 04:55:00,Uno M404,0.0,0.0,0.0,0.0,0.09172,0.0,0.0,0.0,0.0,0.0,0.0,0.10428,0.0,0.0,0.0,0.0,0.0,0.03102
2025-10-02 05:00:00,Uno M404,0.0,0.0,0.0,0.0,0.08345999999999999,0.0,0.0,1e-05,0.0,0.0,0.0,0.09575,0.0,0.0,0.0,0.0,0.0,0.03091
2025-10-02 05:05:00,Uno M404,0.0,0.0,0.0,0.0,0.07884000000000001,0.0,0.0,1e-05,0.0,0.0,0.0,0.09092,0.0,0.0,0.0,0.0,0.0,0.030969999999999998
2025-10-02 05:10:00,Uno M404,0.0,0.0,0.0,0.0,0.0,0.0,0.0,0.0,0.0,0.0,0.0,0.0124,0.0,0.0,0.0,0.0,0.0,0.03091
2025-10-02 05:15:00,Uno M404,0.0,0.0,0.0,0.0,0.0,0.0,0.0,0.0,0.0,0.0,0.0,0.01225,0.0,0.0,0.0,0.0,0.0,0.03087
2025-10-02 05:20:00,Uno M404,0.0,0.0,0.0,0.0,0.0,0.0,0.0,1e-05,0.0,0.0,0.0,0.012119999999999999,0.0,0.0,0.0,0.0,0.0,0.030760000000000003
2025-10-02 05:25:00,Uno M404,0.0,0.0,0.0,0.0,0.0,0.0,0.0,0.0,0.0,0.0,0.0,0.01226,0.0,0.0,0.0,0.0,0.0,0.03055
2025-10-02 05:30:00,Uno M404,0.0,0.0,0.0,0.0,0.0,0.0,0.0,0.0,0.0,0.0,0.0,0.012230000000000001,0.0,0.0,0.0,0.0,0.0,0.03065
2025-10-02 05:35:00,Uno M404,0.0,0.0,0.0,0.0,0.0,0.0,0.0,0.0,0.0,0.0,0.0,0.01221,0.0,0.0,0.0,0.0,0.0,0.030440000000000002
2025-10-02 05:40:00,Uno M404,0.0,0.0,0.0,0.0,0.0,0.0,0.0,1e-05,0.0,0.0,0.0,0.0125,0.0,0.0,0.0,0.0,0.0,0.03068
2025-10-02 05:45:00,Uno M404,0.0,0.0,0.0,0.0,0.0,0.0,0.0,0.0,0.0,0.0,0.0,0.01257,0.0,0.0,0.0,0.0,0.0,0.030699999999999998
2025-10-02 05:50:00,Uno M404,0.0,0.0,0.0,0.0,0.0,0.0,0.0,0.0,0.0,0.0,0.0,0.01274,0.0,0.0,0.0,0.0,0.0,0.03043
2025-10-02 05:55:00,Uno M404,0.0,0.0,0.0,0.0,0.09269,0.0,0.0,1e-05,0.0,0.0,0.0,0.10498,0.0,0.0,0.0,0.0,0.0,0.03061
2025-10-02 06:00:00,Uno M404,0.0,0.0,0.0,0.0,0.08369,0.0,0.0,0.0,0.0,0.0,0.0,0.09631,0.0,0.0,0.0,0.0,0.0,0.03058
2025-10-02 06:05:00,Uno M404,0.0,0.0,0.0,0.0,0.07890000000000001,0.0,0.0,1e-05,0.0,0.0,0.0,0.09124,0.0,0.0,0.0,0.0,0.0,0.030510000000000002
2025-10-02 06:10:00,Uno M404,0.0,0.0,0.0,0.0,0.0,0.0,0.0,0.0,0.0,0.0,0.0,0.01266,0.0,0.0,0.0,0.0,0.0,0.030440000000000002
2025-10-02 06:15:00,Uno M404,0.0,0.0,0.0,0.0,0.0,0.0,0.0,0.0,0.0,0.0,0.0,0.01239,0.0,0.0,0.0,0.0,0.0,0.030510000000000002
2025-10-02 06:20:00,Uno M404,0.0,0.0,0.0,0.0,0.0,0.0,0.0,0.0,0.0,0.0,0.0,0.012539999999999999,0.0,0.0,0.0,0.0,0.0,0.03022
2025-10-02 06:25:00,Uno M404,0.0,0.0,0.0,0.0,0.0,0.0,0.0,0.0,0.0,0.0,0.0,0.01268,0.0,0.0,0.0,0.0,0.0,0.030170000000000002
2025-10-02 06:30:00,Uno M404,0.0,0.0,0.0,0.0,0.0,0.0,0.0,0.0,0.0,0.0,0.0,0.0124,0.0,0.0,0.0,0.0,0.0,0.030100000000000002
2025-10-02 06:35:00,Uno M404,0.0,0.0,0.0,0.0,0.0,0.0,0.0,0.0,0.0,0.0,0.0,0.01249,0.0,0.0,0.0,0.0,0.0,0.02995
2025-10-02 06:40:00,Uno M404,0.0,0.0,0.0,0.0,0.0,0.0,0.0,0.0,0.0,0.0,0.0,0.0126,0.0,0.0,0.0,0.0,0.0,0.02984
2025-10-02 06:45:00,Uno M404,0.0,0.0,0.0,0.0,0.0,0.0,0.0,0.0,0.0,0.0,0.0,0.01304,0.0,0.0,0.0,0.0,0.0,0.03014
2025-10-02 06:50:00,Uno M404,0.0,0.0,0.0,0.0,0.0,0.0,0.0,0.0,0.0,0.0,0.0,0.01282,0.0,0.0,0.0,0.0,0.0,0.03014
2025-10-02 06:55:00,Uno M404,0.0,0.0,0.0,0.0,0.09465000000000001,0.0,0.0,0.0,0.0,0.0,0.0,0.10690000000000001,0.0,0.0,0.0,0.0,0.0,0.030019999999999998
2025-10-02 07:00:00,Uno M404,0.03564,0.0,0.0,0.0,0.08445,0.0,0.0,0.0,0.0,0.03433,0.0,0.09687,0.0,0.0,0.0,0.0,0.0,0.02996
2025-10-02 07:05:00,Uno M404,0.030010000000000002,0.0,0.0,0.0,0.07898000000000001,0.0,0.0,0.0,0.0,0.02886,0.0,0.09140999999999999,0.0,0.0,0.0,0.0,0.0,0.03027
2025-10-02 07:10:00,Uno M404,0.0,0.0,0.0,0.0,0.0,0.0,0.0,0.0,0.0,0.0,0.0,0.01261,0.0,0.0,0.0,0.0,0.0,0.03021
2025-10-02 07:15:00,Uno M404,0.0,0.0,0.0,0.0,0.0,0.0,0.0,0.0,0.0,0.0,0.0,0.01257,0.0,0.0,0.0,0.0,0.0,0.03024
2025-10-02 07:20:00,Uno M404,0.0,0.0,0.0,0.0,0.0,0.0,0.0,0.0,0.0,0.0,0.0,0.01266,0.0,0.0,0.0,0.0,0.0,0.03
2025-10-02 07:25:00,Uno M404,0.0,0.0,0.0,0.0,0.0,0.0,0.0,5.9999999999999995e-05,0.0,0.0,0.0,0.012960000000000001,0.0,0.0,0.0,0.0,0.0,0.03021
2025-10-02 07:30:00,Uno M404,0.0,0.0,0.0,0.0,0.0,0.0,0.0,1e-05,0.0,0.0,0.0,0.01218,0.0,0.0,0.0,0.0,0.0,0.03013
2025-10-02 07:35:00,Uno M404,0.0,0.0,0.0,0.0,0.0,0.0,0.0,7.000000000000001e-05,0.0,0.0,0.0,0.01226,0.0,0.0,0.0,0.0,0.0,0.03021
2025-10-02 07:40:00,Uno M404,0.0,0.0,0.0,0.0,0.0,0.0,0.0,0.0,0.0,0.0,0.0,0.0123,0.0,0.0,0.0,0.0,0.0,0.030379999999999997
2025-10-02 07:45:00,Uno M404,0.0,0.0,0.0,0.0,0.0,0.0,0.0,1e-05,0.0,0.0,0.0,0.011970000000000001,0.0,0.0,0.0,0.0,0.0,0.03053
2025-10-02 12:05:00,Uno M404,0.0,0.0,0.0,0.0,0.08406999999999999,0.0,0.0,0.00013000000000000002,0.0,0.0,0.0,0.08888,0.0,0.0,0.0,0.0,0.0,0.00058
2025-10-02 12:10:00,Uno M404,0.0,0.0,0.0,0.0,0.07897,0.0,0.0,1e-05,0.0,0.0,0.0,0.08354,0.0,0.0,0.0,0.0,0.0,0.00061
2025-10-02 12:15:00,Uno M404,0.0,0.0,0.0,0.0,0.0,0.0,0.0,0.00017999999999999998,0.0,0.0,0.0,0.004900000000000001,0.0,0.0,0.0,0.0,0.0,0.00093
2025-10-02 12:20:00,Uno M404,0.0,0.0,0.0,0.0,,,0.0,0.00015,0.0,0.0,,,0.0,0.0,0.0,,,0.00074
2025-10-02 12:25:00,Uno M404,0.0,0.0,0.0,0.0,0.0,0.0,0.0,0.00027,0.0,0.0,0.0,0.00492,0.0,0.0,0.0,0.0,0.0,0.00125
2025-10-02 12:30:00,Uno M404,0.0,0.0,0.0,0.0,0.0,0.0,0.0,0.00011,0.0,0.0,0.0,0.00445,0.0,0.0,0.0,0.0,0.0,0.0014
2025-10-02 12:35:00,Uno M404,0.0,0.0,0.0,0.0,0.0,0.0,0.0,0.00013000000000000002,0.0,0.0,0.0,0.00442,0.0,0.0,0.0,0.0,0.0,0.0008100000000000001
2025-10-02 12:40:00,Uno M404,0.0,0.0,0.0,0.0,0.0,0.0,0.01391,0.00014000000000000001,0.0,0.0,0.0,0.011699999999999999,0.0,0.0,0.01256,0.0,0.0,0.03018
2025-10-02 12:45:00,Uno M404,0.0,0.0,0.0,0.0,0.0,0.0,0.01375,0.00017999999999999998,0.0,0.0,0.0,0.011619999999999998,0.0,0.0,0.01196,0.0,0.0,0.02964
2025-10-02 12:50:00,Uno M404,0.0,0.0,0.0,0.0,0.0,0.0,0.013779999999999999,8.999999999999999e-05,0.0,0.0,0.0,0.01174,0.0,0.0,0.01183,0.0,0.0,0.02943
2025-10-02 12:55:00,Uno M404,0.0,0.0,0.0,0.0,0.0,0.0,0.01365,0.00020999999999999998,0.0,0.0,0.0,0.011640000000000001,0.0,0.0,0.011810000000000001,0.0,0.0,0.02935
2025-10-02 13:00:00,Uno M404,0.0,0.0,0.0,0.0,0.0965,0.0,0.01374,0.00014000000000000001,0.0,0.0,0.0,0.10790999999999999,0.0,0.0,0.01139,0.0,0.0,0.02899
2025-10-02 13:05:00,Uno M404,0.00729,0.0,0.0,0.0,0.08598,0.0,0.11603,1e-05,0.0,0.00618,0.0,0.09777,0.0,0.0,0.011550000000000001,0.0,0.0,0.16019
2025-10-02 13:10:00,Uno M404,0.0,0.0,0.0,0.0,0.07972,0.0,0.13084,0.00041999999999999996,0.0,0.0,0.0,0.18325,0.0,0.0,0.08473,0.0,0.0,0.24828999999999998
2025-10-02 13:20:00,Uno M404,0.0,0.0,0.0,0.0,0.0,0.0,0.1133,0.0002,0.0,0.0,0.0,0.09656999999999999,0.0,0.0,0.08329,0.0,0.0,0.22934000000000002
2025-10-02 13:25:00,Uno M404,0.0,0.0,0.0,0.0,0.0,0.0,0.11092,0.00035999999999999997,0.0,0.0,0.0,0.10229,0.0,0.0,0.0,0.0,0.0,0.11392000000000001
2025-10-02 13:30:00,Uno M404,0.0,0.0,0.0,0.0,0.0,0.0,0.11043,0.0005600000000000001,0.0,0.0,0.0,0.10186,0.0,0.0,0.0,0.0,0.0,0.11337
2025-10-02 13:35:00,Uno M404,0.0,0.0,0.0,0.0,0.0,0.0,0.11072,0.00029,0.0,0.0,0.0,0.10333,0.0,0.0,0.0,0.0,0.0,0.11370999999999999
2025-10-02 13:40:00,Uno M404,0.0,0.0,0.0,0.0,0.0,0.0,0.10214,0.00011,0.0,0.0,0.0,0.10263,0.0,0.0,0.0,0.0,0.0,0.10504000000000001
2025-10-02 13:45:00,Uno M404,0.0,0.0,0.0,0.0,0.10898999999999999,0.0,0.10021,0.00025,0.0,0.0,0.0,0.21119,0.0,0.0,0.0,0.0,0.0,0.10329
2025-10-02 13:50:00,Uno M404,0.0,0.0,0.0,0.0,0.09303,0.0,0.10004,0.00044,0.0,0.0,0.0,0.19544999999999998,0.0,0.0,0.0,0.0,0.0,0.10304
2025-10-02 13:55:00,Uno M404,0.0,0.0,0.0,0.0,0.08437,0.0,0.10217,0.00078,0.0,0.0,0.0,0.18625999999999998,0.0,0.0,0.0,0.0,0.0,0.10517
2025-10-02 14:00:00,Uno M404,0.0,0.0,0.0,0.0,0.08037000000000001,0.0,0.10239,0.0008900000000000001,0.0,0.0,0.0,0.18371,0.0,0.0,0.0,0.0,0.0,0.10540999999999999
2025-10-02 14:05:00,Uno M404,0.0,0.0,0.0,0.0,0.0,0.0,0.02892,0.00075,0.0,0.0,0.0,0.10277,0.0,0.0,0.0,0.0,0.0,0.03202
2025-10-02 14:10:00,Uno M404,0.0,0.0,0.0,0.0,0.0,0.0,0.02899,0.00058,0.0,0.0,0.0,0.1024,0.0,0.0,0.0,0.0,0.0,0.032229999999999995
2025-10-02 14:15:00,Uno M404,0.0,0.0,0.0,0.0,0.0,0.0,0.11234000000000001,0.00094,0.0,0.0,0.0,0.10222,0.0,0.0,0.0,0.0,0.0,0.1154
2025-10-02 14:20:00,Uno M404,0.0,0.0,0.0,0.0,0.0,0.0,0.10141,0.00047999999999999996,0.0,0.0,0.0,0.10192,0.0,0.0,0.0,0.0,0.0,0.10455
2025-10-02 14:25:00,Uno M404,0.0,0.0,0.0,0.0,0.0,0.0,0.10006,0.00074,0.0,0.0,0.0,0.10291,0.0,0.0,0.0,0.0,0.0,0.10318000000000001
2025-10-02 14:30:00,Uno M404,0.0,0.0,0.0,0.0,0.0,1e-05,0.09993,0.0010400000000000001,0.0,0.0,0.0,0.10178,0.0,0.0,0.0,0.0,0.0,0.103
2025-10-02 14:35:00,Uno M404,0.0,0.0,0.0,0.0,0.0,0.0,0.09995,0.0011200000000000001,0.0,0.0,0.0,0.10215,0.0,0.0,0.0,0.0,0.0,0.10311
2025-10-02 14:40:00,Uno M404,0.0,0.0,0.0,0.0,0.10177,1e-05,0.10081999999999999,0.00074,0.0,0.0,0.0,0.20305,0.0,0.0,0.0,0.0,0.0,0.10394
2025-10-02 14:45:00,Uno M404,0.0,0.0,0.0,0.0,0.09161,0.0,0.09945,0.0011799999999999998,0.0,0.0,0.0,0.19356,0.0,0.0,0.0,0.0,0.0,0.10263
2025-10-02 14:50:00,Uno M404,0.0,0.0,0.0,0.0,0.08502,0.0,0.10286,0.00121,0.0,0.0,0.0,0.18799000000000002,0.0,0.0,0.0,0.0,0.0,0.10606
2025-10-02 14:55:00,Uno M404,0.0,0.0,0.0,0.0,0.08192,4e-05,0.09992,0.00132,0.0,0.0,0.0,0.18419,0.0,0.0,0.0,0.0,0.0,0.10331
2025-10-02 15:00:00,Uno M404,0.0,0.0,0.0,0.0,0.07905,0.0,0.10073,0.00108,0.0,0.0,0.0,0.18137,0.0,0.0,0.0,0.0,0.0,0.10429000000000001
2025-10-02 15:05:00,Uno M404,0.0,0.0,0.0,0.0,0.0,5e-05,0.10001,0.00098,0.0,0.0,0.0,0.10328,0.0,0.0,0.07393999999999999,0.0,0.0,0.17798
2025-10-02 15:10:00,Uno M404,0.0,0.0,0.0,0.0,0.0,0.0,0.09981999999999999,0.00155,0.0,0.0,0.0,0.1032,0.0,0.0,0.07246999999999999,0.0,0.0,0.17640999999999998
2025-10-02 15:15:00,Uno M404,0.0,0.0,0.0,0.0,0.0,5e-05,0.09962,0.00141,0.0,0.0,0.0,0.10205,0.0,0.0,0.07096,0.0,0.0,0.17465
2025-10-02 15:20:00,Uno M404,0.0,0.0,0.0,0.0,0.0,0.00017999999999999998,0.09903,0.0011899999999999999,0.0,0.0,0.0,0.10203,0.0,0.0,0.07072,0.0,0.0,0.17382
2025-10-02 15:25:00,Uno M404,0.0,0.0,0.0,0.0,0.0,1e-05,0.10072,0.0010400000000000001,0.0,0.0,0.0,0.10129,0.0,0.0,0.06996,0.0,0.0,0.17445
2025-10-02 15:30:00,Uno M404,0.0,0.0,0.0,0.0,0.0,2e-05,0.09899,0.0011200000000000001,0.0,0.0,0.0,0.12553,0.0,0.0,0.0701,0.0,0.0,0.17304
2025-10-02 15:35:00,Uno M404,0.0,0.0,0.0,0.0,0.0,0.0,0.10048,0.00102,0.0,0.0,0.0,0.12487000000000001,0.0,0.0,0.06972,0.0,0.0,0.20315
2025-10-02 15:40:00,Uno M404,0.0,0.0,0.0,0.0,0.0,0.0,0.10202,0.0008100000000000001,0.0,0.0,0.0,0.10194,0.0,0.0,0.06983,0.0,0.0,0.20471
2025-10-02 15:45:00,Uno M404,0.0,0.0,0.0,0.0,0.0,1e-05,0.09874,0.00094,0.0,0.0,0.0,0.10175,0.0,0.0,0.06956,0.0,0.0,0.20107
2025-10-02 15:50:00,Uno M404,0.0,0.0,0.0,0.0,0.0,1e-05,0.09975,0.00088,0.0,0.0,0.0,0.011,0.0,0.0,0.0,0.0,0.0,0.13162000000000001
2025-10-02 15:55:00,Uno M404,0.0,0.0,0.0,0.0,0.0,0.0,0.1,0.00087,0.0,0.0,0.0,0.01083,0.0,0.0,0.0,0.0,0.0,0.13144
2025-10-02 16:00:00,Uno M404,0.0,0.0,0.0,0.0,0.0,0.0,0.10118,0.0008399999999999999,0.0,0.0,0.0,0.01028,0.0,0.0,0.0,0.0,0.0,0.13311
2025-10-02 16:05:00,Uno M404,0.0,0.0,0.0,0.0,0.0,0.0,0.10051,0.00078,0.0,0.0,0.0,0.01091,0.0,0.0,0.0,0.0,0.0,0.13212000000000002
2025-10-02 16:10:00,Uno M404,0.0,0.0,0.0,0.0,0.0,0.0,0.10025,0.00079,0.0,0.0,0.0,0.01097,0.0,0.0,0.0,0.0,0.0,0.13184
2025-10-02 16:15:00,Uno M404,0.0,0.0,0.0,0.0,0.0,0.0,0.10004,0.00047,0.0,0.0,0.0,0.01055,0.0,0.0,0.0,0.0,0.0,0.13141
2025-10-02 16:20:00,Uno M404,0.0,0.0,0.0,0.0,0.0,0.0,0.09942000000000001,0.00073,0.0,0.0,0.0,0.01126,0.0,0.0,0.0,0.0,0.0,0.13084
2025-10-02 16:25:00,Uno M404,0.0,0.0,0.0,0.0,0.0,0.0,0.02868,0.00107,0.0,0.0,0.0,0.01088,0.0,0.0,0.0,0.0,0.0,0.06028
2025-10-02 16:30:00,Uno M404,0.0,0.0,0.0,0.0,0.0,0.0,0.033960000000000004,0.00041999999999999996,0.0,0.0,0.0,0.011720000000000001,0.0,0.0,0.0,0.0,0.0,0.06593
2025-10-02 16:35:00,Uno M404,0.0,0.0,0.0,0.0,0.0,0.0,0.0,0.00064,0.0,0.0,0.0,0.0035600000000000002,0.0,0.0,0.0,0.0,0.0,0.0353
2025-10-02 16:40:00,Uno M404,0.0,0.0,0.0,0.0,0.0,0.0,0.0,0.00087,0.0,0.0,0.0,0.0037400000000000003,0.0,0.0,0.0,0.0,0.0,0.03645
2025-10-02 16:45:00,Uno M404,0.0,0.0,0.0,0.0,0.0,0.0,0.0,0.0007199999999999999,0.0,0.0,0.0,0.0037400000000000003,0.0,0.0,0.0,0.0,0.0,0.04428
2025-10-02 16:50:00,Uno M404,0.0,0.0,0.0,0.0,0.0,0.0,0.0,0.00035999999999999997,0.0,0.0,0.0,0.00424,0.0,0.0,0.0,0.0,0.0,0.04987
2025-10-02 16:55:00,Uno M404,0.0,0.0,0.0,0.0,0.0,0.0,0.0,0.00087,0.0,0.0,0.0,0.0046500000000000005,0.0,0.0,0.0,0.0,0.0,0.03886
2025-10-02 17:00:00,Uno M404,0.0,0.0,0.0,0.0,0.0,0.0,0.0,0.0005899999999999999,0.0,0.0,0.0,0.00432,0.0,0.0,0.0,0.0,0.0,0.0444
2025-10-02 17:05:00,Uno M404,0.0,0.0,0.0,0.0,0.0,0.0,0.0,0.00073,0.0,0.0,0.0,0.00383,0.0,0.0,0.0,0.0,0.0,0.035840000000000004
2025-10-02 17:10:00,Uno M404,0.0,0.0,0.0,0.0,0.0,0.0,0.0,0.00066,0.0,0.0,0.0,0.00396,0.0,0.0,0.0,0.0,0.0,0.04267
2025-10-02 17:15:00,Uno M404,0.0,0.0,0.0,0.0,0.0,0.0,0.0,0.0005899999999999999,0.0,0.0,0.0,0.0042699999999999995,0.0,0.0,0.0,0.0,0.0,0.04293
2025-10-02 17:20:00,Uno M404,0.0,0.0,0.0,0.0,0.0,0.0,0.0,0.00025,0.0,0.0,0.0,0.00394,0.0,0.0,0.0,0.0,0.0,0.038689999999999995
2025-10-02 17:25:00,Uno M404,0.0,0.0,0.0,0.0,0.0,0.0,0.0,0.00053,0.0,0.0,0.0,0.00408,0.0,0.0,0.0,0.0,0.0,0.037469999999999996
2025-10-02 17:30:00,Uno M404,0.0,0.0,0.0,0.0,0.0,0.0,0.0,0.00066,0.0,0.0,0.0,0.00393,0.0,0.0,0.0,0.0,0.0,0.03803
2025-10-02 17:35:00,Uno M404,0.0,0.0,0.0,0.0,0.0,0.0,0.0,0.00051,0.0,0.0,0.0,0.00394,0.0,0.0,0.0,0.0,0.0,0.03699
2025-10-02 17:40:00,Uno M404,0.0,0.0,0.0,0.0,0.0,0.0,0.0,0.00047999999999999996,0.0,0.0,0.0,0.00391,0.0,0.0,0.0,0.0,0.0,0.03622
2025-10-02 17:45:00,Uno M404,0.0,0.0,0.0,0.0,0.0,0.0,0.0,0.00086,0.0,0.0,0.0,0.00415,0.0,0.0,0.0,0.0,0.0,0.045880000000000004
2025-10-02 17:50:00,Uno M404,0.0,0.0,0.0,0.0,0.0,0.0,0.0,0.00016,0.0,0.0,0.0,0.00395,0.0,0.0,0.0,0.0,0.0,0.030629999999999998
2025-10-02 17:55:00,Uno M404,0.0,0.0,0.0,0.0,0.0,0.0,0.0,0.00064,0.0,0.0,0.0,0.00417,0.0,0.0,0.0,0.0,0.0,0.03056
2025-10-02 18:00:00,Uno M404,3.34586,0.0,0.0,3.31594,0.0,0.0,0.0,0.00023999999999999998,0.0,0.02766,0.0,0.00394,0.0,0.0,0.0,0.0,0.0,0.00189
2025-10-02 18:05:00,Uno M404,3.32056,0.0,0.0,3.29117,0.0,0.0,0.07154,0.00039,0.0,0.02743,0.0,0.00418,0.0,0.0,0.0,0.0,0.0,0.07462
2025-10-02 18:10:00,Uno M404,3.30235,0.0,0.0,3.27317,0.0,0.0,0.16079,0.00011999999999999999,0.0,0.02708,0.0,0.00453,0.0,0.0,0.0,0.0,0.0,0.16407
2025-10-02 18:15:00,Uno M404,3.29947,0.0,0.0,3.27041,0.0,0.0,0.13335,8e-05,0.0,0.027059999999999997,0.0,0.00418,0.0,0.0,0.0,0.0,0.0,0.13658
2025-10-02 18:20:00,Uno M404,3.2889,0.0,0.0,3.26009,0.0,0.0,0.13882,4e-05,0.0,0.02683,0.0,0.00451,0.0,0.0,0.0,0.0,0.0,0.14193
2025-10-02 18:25:00,Uno M404,0.0,0.0,0.0,0.0,0.0,0.0,0.18016,0.00029,0.0,0.0,0.0,0.00534,0.0,0.0,0.0,0.0,0.0,0.18331
2025-10-02 18:30:00,Uno M404,0.0,0.0,0.0,0.0,0.0,0.0,0.17356,0.0002,0.0,0.0,0.0,0.00462,0.0,0.0,0.0,0.0,0.0,0.17657
2025-10-02 18:35:00,Uno M404,0.0,0.0,0.0,0.0,0.0,0.0,0.18234,0.00016,0.0,0.0,0.0,0.00456,0.0,0.0,0.0,0.0,0.0,0.18546
2025-10-02 18:40:00,Uno M404,0.0,0.0,0.0,0.0,0.0,0.0,0.19240000000000002,0.0002,0.0,0.0,0.0,0.00467,0.0,0.0,0.0,0.0,0.0,0.1953
2025-10-02 18:45:00,Uno M404,0.0,0.0,0.0,0.0,0.0,0.0,0.19019999999999998,5e-05,0.0,0.0,0.0,0.00449,0.0,0.0,0.0,0.0,0.0,0.19313999999999998
2025-10-02 18:50:00,Uno M404,,0.0,,,0.0,0.0,0.18831,,,,0.0,0.01297,0.0,0.0,0.0,0.00756,0.0,0.19128
2025-10-02 18:55:00,Uno M404,0.0,0.0,0.0,0.0,,,0.18537,8e-05,0.0,0.0,,,0.0,0.0,0.0,,,0.18828
2025-10-02 19:00:00,Uno M404,0.0,0.0,0.0,0.0,0.0,0.0,0.32214,0.00011999999999999999,0.0,0.0,0.0,0.02624,0.0,0.0,0.0,0.01509,0.0,0.32777999999999996
2025-10-02 19:05:00,Uno M404,0.0,0.0,0.0,0.0,0.0,0.0,0.14589,2e-05,0.0,0.0,0.0,0.0132,0.0,0.0,0.0,0.007549999999999999,0.0,0.14864
2025-10-02 19:10:00,Uno M404,0.0,0.0,0.0,0.0,0.0,0.0,0.1402,4e-05,0.0,0.0,0.0,0.01345,0.0,0.0,0.0,0.00758,0.0,0.14307
2025-10-02 19:15:00,Uno M404,0.0,0.0,0.0,0.0,0.0,0.0,0.13478,1e-05,0.0,0.0,0.0,0.01348,0.0,0.0,0.0,0.00753,0.0,0.13775
2025-10-02 19:20:00,Uno M404,0.0,0.0,0.0,0.0,0.0,0.0,0.13147,0.0,0.0,0.0,0.0,0.013789999999999998,0.0,0.0,0.0,0.007549999999999999,0.0,0.13413
2025-10-02 19:25:00,Uno M404,0.0,0.0,0.0,0.0,0.0,0.0,0.12925,0.0,0.0,0.0,0.0,0.0136,0.0,0.0,0.0,0.00754,0.0,0.13194999999999998
2025-10-02 19:30:00,Uno M404,0.00725,0.0,0.0,0.0,0.0,0.0,0.04184,0.0,0.0,0.00613,0.0,0.01391,0.0,0.0,0.0,0.0076100000000000004,0.0,0.04466
2025-10-02 19:35:00,Uno M404,0.00717,0.0,0.0,0.0,0.0,0.0,0.04015,0.0,0.0,0.00597,0.0,0.013519999999999999,0.0,0.0,0.0,0.0076100000000000004,0.0,0.04296
2025-10-02 19:40:00,Uno M404,0.00719,0.0,0.0,0.0,0.0,0.0,0.038729999999999994,0.0,0.0,0.00607,0.0,0.01399,0.0,0.0,0.0,0.00757,0.0,0.041479999999999996
2025-10-02 19:45:00,Uno M404,0.0071200000000000005,0.0,0.0,0.0,0.0,0.0,0.04267,0.0,0.0,0.0059299999999999995,0.0,0.013689999999999999,0.0,0.0,0.0,0.00758,0.0,0.045340000000000005
2025-10-02 19:50:00,Uno M404,0.0072,0.0,0.0,0.0,0.0,0.0,0.038630000000000005,0.0,0.0,0.00601,0.0,0.013710000000000002,0.0,0.0,0.0,0.007549999999999999,0.0,0.04152
2025-10-02 19:55:00,Uno M404,0.00718,0.0,0.0,0.0,0.0,0.0,0.03578,0.0,0.0,0.00601,0.0,0.01375,0.0,0.0,0.0,0.00763,0.0,0.03847
2025-10-02 20:00:00,Uno M404,0.0071200000000000005,0.0,0.0,0.0,0.0,0.0,0.03512,0.0,0.0,0.00591,0.0,0.014,0.0,0.0,0.0,0.00762,0.0,0.03781
2025-10-02 20:05:00,Uno M404,0.01349,0.0,0.0,0.0,0.0,0.0,0.10593000000000001,1e-05,0.0,0.01225,0.0,0.01377,0.0,0.0,0.0,0.00753,0.0,0.10859
2025-10-02 20:10:00,Uno M404,0.013380000000000001,0.0,0.0,0.0,0.0,0.0,0.10497,0.0,0.0,0.01211,0.0,0.014,0.0,0.0,0.0,0.00757,0.0,0.10779000000000001
2025-10-02 20:15:00,Uno M404,0.013179999999999999,0.0,0.0,0.0,0.0,0.0,0.10224,4e-05,0.0,0.012150000000000001,0.0,0.01433,0.0,0.0,0.0,0.0076500000000000005,0.0,0.10490000000000001
2025-10-02 20:20:00,Uno M404,0.01326,0.0,0.0,0.0,0.0,0.0,0.10382,0.0,0.0,0.012060000000000001,0.0,0.01385,0.0,0.0,0.0,0.00764,0.0,0.10665999999999999
2025-10-02 20:25:00,Uno M404,0.01329,0.0,0.0,0.0,0.0,0.0,0.10027,0.0,0.0,0.012060000000000001,0.0,0.013720000000000001,0.0,0.0,0.0,0.00763,0.0,0.10296999999999999
2025-10-02 20:30:00,Uno M404,0.01343,0.0,0.0,0.0,0.0,0.0,0.09883,0.0,0.0,0.01205,0.0,0.01495,0.0,0.0,0.0,0.00762,0.0,0.1013
2025-10-02 20:35:00,Uno M404,0.01325,0.0,0.0,0.0,0.0,0.0,0.09814,0.0,0.0,0.01196,0.0,0.020739999999999998,0.0,0.0,0.0,0.00762,0.0,0.10076
2025-10-02 20:40:00,Uno M404,0.013349999999999999,0.0,0.0,0.0,0.10518000000000001,0.0,0.1123,0.0,0.0,0.01205,0.0,0.12701,0.0,0.0,0.0,0.00757,0.0,0.11509
2025-10-02 20:45:00,Uno M404,0.01332,0.0,0.0,0.0,0.09689,0.0,0.11452,0.0,0.0,0.01211,0.0,0.11762,0.0,0.0,0.0,0.00758,0.0,0.11727
2025-10-02 20:50:00,Uno M404,0.013349999999999999,0.0,0.0,0.0,0.08954999999999999,0.0,0.11453,0.0,0.0,0.01208,0.0,0.11040000000000001,0.0,0.0,0.0,0.00757,0.0,0.11728
2025-10-02 20:55:00,Uno M404,0.01333,0.0,0.0,0.0,0.0,0.0,0.11499,0.0,0.0,0.01199,0.0,0.02133,0.0,0.0,0.0,0.007549999999999999,0.0,0.11778
2025-10-02 21:00:00,Uno M404,0.01322,0.0,0.0,0.0,0.0,0.0,0.11511,0.0,0.0,0.01208,0.0,0.038840000000000006,0.0,0.0,0.0,0.007679999999999999,0.0,0.11784
2025-10-02 21:05:00,Uno M404,0.01333,0.0,0.0,0.0,0.0,0.0,0.1186,0.0,0.0,0.012,0.0,0.02109,0.0,0.0,0.0,0.0076500000000000005,0.0,0.12133
2025-10-02 21:10:00,Uno M404,0.013179999999999999,0.0,0.0,0.0,0.0,0.0,0.11362,0.0,0.0,0.01193,0.0,0.02093,0.0,0.0,0.0,0.007679999999999999,0.0,0.13716
2025-10-02 21:15:00,Uno M404,0.01326,0.0,0.0,0.0,0.0,0.0,0.11302,0.0,0.0,0.01211,0.0,0.02087,0.0,0.0,0.0,0.0077,0.0,0.1368
2025-10-02 21:20:00,Uno M404,0.01328,0.0,0.0,0.0,0.0,0.0,0.11227,0.0,0.0,0.01213,0.0,0.020739999999999998,0.0,0.0,0.0,0.007549999999999999,0.0,0.11511
2025-10-02 21:25:00,Uno M404,0.013300000000000001,0.0,0.0,0.0,0.0,0.0,0.10934999999999999,0.0,0.0,0.01208,0.0,0.020739999999999998,0.0,0.0,0.0,0.00767,0.0,0.11206999999999999
2025-10-02 21:30:00,Uno M404,0.01333,0.0,0.0,0.0,0.0,0.0,0.11464,0.0,0.0,0.01208,0.0,0.02066,0.0,0.0,0.0,0.0076,0.0,0.11753
2025-10-02 21:35:00,Uno M404,0.01329,0.0,0.0,0.0,0.0,0.0,0.11491,0.0,0.0,0.01205,0.0,0.02115,0.0,0.0,0.0,0.00762,0.0,0.11772
2025-10-02 21:40:00,Uno M404,0.013300000000000001,0.0,0.0,0.0,0.09920999999999999,0.0,0.1149,0.0,0.0,0.012119999999999999,0.0,0.12013,0.0,0.0,0.0,0.0075,0.0,0.11763
2025-10-02 21:45:00,Uno M404,0.01333,0.0,0.0,0.0,0.08769,0.0,0.115,2e-05,0.0,0.01216,0.0,0.10822,0.0,0.0,0.0,0.00753,0.0,0.11775
2025-10-02 21:50:00,Uno M404,0.01342,0.0,0.0,0.0,0.0,0.0,0.11443,0.0,0.0,0.012119999999999999,0.0,0.02156,0.0,0.0,0.0,0.00757,0.0,0.11728
2025-10-02 21:55:00,Uno M404,0.01348,0.0,0.0,0.0,0.0,0.0,0.11437,0.0,0.0,0.012119999999999999,0.0,0.02071,0.0,0.0,0.0,0.00756,0.0,0.1172
2025-10-02 22:00:00,Uno M404,0.01332,0.0,0.0,0.0,0.0,0.0,0.11439,0.0,0.0,0.012150000000000001,0.0,0.02144,0.0,0.0,0.09568,0.00753,0.0,0.21378
2025-10-02 22:05:00,Uno M404,0.01339,0.0,0.0,0.0,0.0,0.0,0.11243,1e-05,0.0,0.012119999999999999,0.0,0.02115,0.0,0.0,0.0849,0.00763,0.0,0.20124
2025-10-02 22:10:00,Uno M404,0.013439999999999999,0.0,0.0,0.0,0.0,0.0,0.11473,0.0,0.0,0.01218,0.0,0.0208,0.0,0.0,0.08059999999999999,0.00762,0.0,0.19903
2025-10-02 22:15:00,Uno M404,0.01337,0.0,0.0,0.0,0.0,0.0,0.08422,0.0,0.0,0.01208,0.0,0.02079,0.0,0.0,0.08389,0.00758,0.0,0.17178
2025-10-02 22:20:00,Uno M404,0.013300000000000001,0.0,0.0,0.0,0.0,0.0,0.08292000000000001,1e-05,0.0,0.01216,0.0,0.02121,0.0,0.0,0.0,0.0076,0.0,0.08548
2025-10-02 22:25:00,Uno M404,0.006900000000000001,0.0,0.0,0.0,0.0,0.0,0.08268,0.0,0.0,0.00597,0.0,0.02081,0.0,0.0,0.0,0.007549999999999999,0.0,0.08533
2025-10-02 22:30:00,Uno M404,0.0069299999999999995,0.0,0.0,0.0,0.0,0.0,0.08193,0.0,0.0,0.00594,0.0,0.02166,0.0,0.0,0.0,0.007549999999999999,0.0,0.09927
2025-10-02 22:35:00,Uno M404,0.00711,0.0,0.0,0.0,0.09713,0.0,0.08059000000000001,0.0,0.0,0.00577,0.0,0.10948999999999999,0.0,0.0,0.0,0.0,0.0,0.13483
2025-10-02 22:40:00,Uno M404,0.0,0.0,0.0,0.0,0.08557,0.0,0.1336,5e-05,0.0,0.0,0.0,0.12212999999999999,0.0,0.0,0.0,0.0,0.0,0.18865
2025-10-02 22:45:00,Uno M404,0.0,0.0,0.0,0.0,0.0,0.0,0.15266,1e-05,0.0,0.0,0.0,0.03023,0.0,0.0,0.0,0.0,0.0,0.21297
2025-10-02 22:50:00,Uno M404,0.0,0.0,0.0,0.0,0.0,0.0,0.13919,2e-05,0.0,0.0,0.0,0.00596,0.0,0.0,0.0,0.0,0.0,0.20212
2025-10-02 22:55:00,Uno M404,0.0,0.0,0.0,0.0,0.0,0.0,0.14255,0.0,0.0,0.0,0.0,0.00591,0.0,0.0,0.0,0.0,0.0,0.19926
2025-10-02 23:00:00,Uno M404,0.030289999999999997,0.0,0.0,0.0,0.0,0.0,0.0,0.0,0.0,0.02903,0.0,0.005679999999999999,0.0,0.0,0.0,0.0,0.0,0.06254
2025-10-02 23:05:00,Uno M404,0.0,0.0,0.0,0.0,0.0,0.0,0.0,0.0,0.0,0.0,0.0,0.00605,0.0,0.0,0.0,0.0,0.0,0.0485
2025-10-02 23:10:00,Uno M404,0.0,0.0,0.0,0.0,0.0,0.0,0.0,0.0,0.0,0.0,0.0,0.00591,0.0,0.0,0.0,0.0,0.0,0.04877
2025-10-02 23:15:00,Uno M404,0.0,0.0,0.0,0.0,0.0,0.0,0.0,0.0,0.0,0.0,0.0,0.00625,0.0,0.0,0.0,0.0,0.0,0.04915
2025-10-02 23:20:00,Uno M404,0.0,0.0,0.0,0.0,0.0,0.0,0.0,0.0,0.0,0.0,0.0,0.00555,0.0,0.0,0.0,0.0,0.0,0.04927
2025-10-02 23:25:00,Uno M404,0.0,0.0,0.0,0.0,0.0,0.0,0.0,0.0,0.0,0.0,0.0,0.0057,0.0,0.0,0.0,0.0,0.0,0.049229999999999996
2025-10-02 23:30:00,Uno M404,0.0,0.0,0.0,0.0,0.10116,0.0,0.0,1e-05,0.0,0.0,0.0,0.10679000000000001,0.0,0.0,0.0,0.0,0.0,0.049409999999999996
2025-10-02 23:35:00,Uno M404,0.0,0.0,0.0,0.0,0.08856,0.0,0.0,0.0,0.0,0.0,0.0,0.09376999999999999,0.0,0.0,0.0,0.0,0.0,0.04915
2025-10-02 23:40:00,Uno M404,0.0,0.0,0.0,0.0,0.0,0.0,0.0,0.0,0.0,0.0,0.0,0.00539,0.0,0.0,0.0,0.0,0.0,0.04944
2025-10-02 23:45:00,Uno M404,0.0,0.0,0.0,0.0,0.0,0.0,0.0,1e-05,0.0,0.0,0.0,0.00539,0.0,0.0,0.0,0.0,0.0,0.04944
2025-10-02 23:50:00,Uno M404,0.0,0.0,0.0,0.0,0.0,0.0,0.0,0.0,0.0,0.0,0.0,0.00535,0.0,0.0,0.0,0.0,0.0,0.04947
2025-10-02 23:55:00,Uno M404,0.0,0.0,0.0,0.0,0.0,0.0,0.0,0.0,0.0,0.0,0.0,0.00549,0.0,0.0,0.0,0.0,0.0,0.04951
2025-10-03 00:00:00,Uno M404,0.0,0.0,0.0,0.0,0.0,0.0,0.0,4e-05,0.0,0.0,0.0,0.00525,0.0,0.0,0.0,0.0,0.0,0.04929
2025-10-03 00:05:00,Uno M404,0.0,0.0,0.0,0.0,0.0,0.0,0.0,0.0,0.0,0.0,0.0,0.00563,0.0,0.0,0.0,0.0,0.0,0.04958
2025-10-03 00:10:00,Uno M404,0.0,0.0,0.0,0.0,0.0,0.0,0.0,2e-05,0.0,0.0,0.0,0.00561,0.0,0.0,0.0,0.0,0.0,0.0494
2025-10-03 00:15:00,Uno M404,0.0,0.0,0.0,0.0,0.0,0.0,0.0,1e-05,0.0,0.0,0.0,0.00549,0.0,0.0,0.0,0.0,0.0,0.0497
2025-10-03 00:20:00,Uno M404,0.0,0.0,0.0,0.0,0.0,0.0,0.0,2e-05,0.0,0.0,0.0,0.00532,0.0,0.0,0.0,0.0,0.0,0.04976
2025-10-03 00:25:00,Uno M404,0.0,0.0,0.0,0.0,0.11068,0.0,0.0,1e-05,0.0,0.0,0.0,0.11589,0.0,0.0,0.0,0.0,0.0,0.04951
2025-10-03 00:30:00,Uno M404,0.0,0.0,0.0,0.0,0.09533,0.0,0.0,0.0,0.0,0.0,0.0,0.10025,0.0,0.0,0.0,0.0,0.0,0.04942
2025-10-03 00:35:00,Uno M404,0.0,0.0,0.0,0.0,0.08503,0.0,0.0,4e-05,0.0,0.0,0.0,0.09001,0.0,0.0,0.0,0.0,0.0,0.04951
2025-10-03 00:40:00,Uno M404,0.0,0.0,0.0,0.0,0.0,0.0,0.0,8e-05,0.0,0.0,0.0,0.005900000000000001,0.0,0.0,0.01082,0.0,0.0,0.06079
2025-10-03 00:45:00,Uno M404,0.0,0.0,0.0,0.0,0.0,0.0,0.0,4e-05,0.0,0.0,0.0,0.00504,0.0,0.0,0.0,0.0,0.0,0.04965
2025-10-03 00:50:00,Uno M404,0.0,0.0,0.0,0.0,0.0,0.0,0.0,1e-05,0.0,0.0,0.0,0.00495,0.0,0.0,0.0,0.0,0.0,0.04975
2025-10-03 00:55:00,Uno M404,0.0,0.0,0.0,0.0,0.0,0.0,0.0,4e-05,0.0,0.0,0.0,0.00519,0.0,0.0,0.0,0.0,0.0,0.04974
2025-10-03 01:00:00,Uno M404,0.0,0.0,0.0,0.0,0.0,0.0,0.0,0.0,0.0,0.0,0.0,0.00498,0.0,0.0,0.0,0.0,0.0,0.04979
2025-10-03 01:05:00,Uno M404,0.0,0.0,0.0,0.0,0.0,0.0,0.0,0.0,0.0,0.0,0.0,0.00504,0.0,0.0,0.0,0.0,0.0,0.04979
2025-10-03 01:10:00,Uno M404,0.0,0.0,0.0,0.0,0.0,0.0,0.0,4e-05,0.0,0.0,0.0,0.004900000000000001,0.0,0.0,0.0,0.0,0.0,0.04962
2025-10-03 01:15:00,Uno M404,0.0,0.0,0.0,0.0,0.0,0.0,0.0,7.000000000000001e-05,0.0,0.0,0.0,0.00492,0.0,0.0,0.0,0.0,0.0,0.04996
2025-10-03 01:20:00,Uno M404,0.0,0.0,0.0,0.0,0.0,0.0,0.0,8e-05,0.0,0.0,0.0,0.004730000000000001,0.0,0.0,0.0,0.0,0.0,0.04974
2025-10-03 01:25:00,Uno M404,0.0,0.0,0.0,0.0,0.10422,0.0,0.0,0.00013000000000000002,0.0,0.0,0.0,0.10882,0.0,0.0,0.0,0.0,0.0,0.05037
2025-10-03 01:30:00,Uno M404,0.0,0.0,0.0,0.0,0.09064,0.0,0.0,1e-05,0.0,0.0,0.0,0.09617,0.0,0.0,0.0,0.0,0.0,0.05001
2025-10-03 01:35:00,Uno M404,0.0,0.0,0.0,0.0,0.0,0.0,0.0,0.0,0.0,0.0,0.0,0.00539,0.0,0.0,0.0,0.0,0.0,0.05017
2025-10-03 01:40:00,Uno M404,0.0,0.0,0.0,0.0,0.0,0.0,0.0,2e-05,0.0,0.0,0.0,0.00555,0.0,0.0,0.0,0.0,0.0,0.05034
2025-10-03 01:45:00,Uno M404,0.0,0.0,0.0,0.0,0.0,0.0,0.0,1e-05,0.0,0.0,0.0,0.00481,0.0,0.0,0.0,0.0,0.0,0.05011
2025-10-03 01:50:00,Uno M404,0.0,0.0,0.0,0.0,0.0,0.0,0.0,7.000000000000001e-05,0.0,0.0,0.0,0.0047,0.0,0.0,0.0,0.0,0.0,0.05005
2025-10-03 01:55:00,Uno M404,0.0,0.0,0.0,0.0,0.0,0.0,0.0,8e-05,0.0,0.0,0.0,0.004860000000000001,0.0,0.0,0.0,0.0,0.0,0.05051
2025-10-03 02:00:00,Uno M404,0.0,0.0,0.0,0.0,0.0,0.0,0.0,0.0,0.0,0.0,0.0,0.00505,0.0,0.0,0.0,0.0,0.0,0.05017
2025-10-03 02:05:00,Uno M404,0.0,0.0,0.0,0.0,0.0,0.0,0.0,0.0,0.0,0.0,0.0,0.00481,0.0,0.0,0.0,0.0,0.0,0.04997
2025-10-03 02:10:00,Uno M404,0.0,0.0,0.0,0.0,0.0,0.0,0.0,1e-05,0.0,0.0,0.0,0.00479,0.0,0.0,0.0,0.0,0.0,0.05019
2025-10-03 02:15:00,Uno M404,0.0,0.0,0.0,0.0,0.0,0.0,0.0,7.000000000000001e-05,0.0,0.0,0.0,0.00488,0.0,0.0,0.0,0.0,0.0,0.05006
2025-10-03 02:20:00,Uno M404,0.0,0.0,0.0,0.0,0.0,0.0,0.0,5e-05,0.0,0.0,0.0,0.005059999999999999,0.0,0.0,0.0,0.0,0.0,0.05005
2025-10-03 02:25:00,Uno M404,0.0,0.0,0.0,0.0,0.10041,0.0,0.0,5.9999999999999995e-05,0.0,0.0,0.0,0.105,0.0,0.0,0.0,0.0,0.0,0.04999
2025-10-03 02:30:00,Uno M404,0.0,0.0,0.0,0.0,0.08751,0.0,0.0,1e-05,0.0,0.0,0.0,0.09204000000000001,0.0,0.0,0.0,0.0,0.0,0.04999
2025-10-03 02:35:00,Uno M404,0.0,0.0,0.0,0.0,0.0,0.0,0.0,0.00011999999999999999,0.0,0.0,0.0,0.004730000000000001,0.0,0.0,0.0,0.0,0.0,0.05011
2025-10-03 02:45:00,Uno M404,0.0,0.0,0.0,0.0,0.0,0.0,0.0,5e-05,0.0,0.0,0.0,0.0051600000000000005,0.0,0.0,0.0,0.0,0.0,0.04981
2025-10-03 02:50:00,Uno M404,0.0,0.0,0.0,0.0,0.0,0.0,0.0,8e-05,0.0,0.0,0.0,0.00463,0.0,0.0,0.0,0.0,0.0,0.05012
2025-10-03 02:55:00,Uno M404,0.0,0.0,0.0,0.0,0.0,0.0,0.0,8e-05,0.0,0.0,0.0,0.00481,0.0,0.0,0.0,0.0,0.0,0.0499
2025-10-03 03:00:00,Uno M404,0.0,0.0,0.0,0.0,0.0,0.0,0.0,4e-05,0.0,0.0,0.0,0.00488,0.0,0.0,0.0,0.0,0.0,0.05015
2025-10-03 03:05:00,Uno M404,0.0,0.0,0.0,0.0,0.0,0.0,0.0,8.999999999999999e-05,0.0,0.0,0.0,0.00478,0.0,0.0,0.0,0.0,0.0,0.04977
2025-10-03 03:10:00,Uno M404,0.0,0.0,0.0,0.0,0.0,0.0,0.0,7.000000000000001e-05,0.0,0.0,0.0,0.004719999999999999,0.0,0.0,0.0,0.0,0.0,0.05038
2025-10-03 03:15:00,Uno M404,0.0,0.0,0.0,0.0,0.0,0.0,0.0,0.0,0.0,0.0,0.0,0.00471,0.0,0.0,0.0,0.0,0.0,0.049909999999999996
2025-10-03 03:20:00,Uno M404,0.0,0.0,0.0,0.0,0.0,0.0,0.0,1e-05,0.0,0.0,0.0,0.00504,0.0,0.0,0.0,0.0,0.0,0.04996
2025-10-03 03:25:00,Uno M404,0.0,0.0,0.0,0.0,0.09765,0.0,0.0,4e-05,0.0,0.0,0.0,0.10248,0.0,0.0,0.0,0.0,0.0,0.04987
2025-10-03 03:30:00,Uno M404,0.0,0.0,0.0,0.0,0.08656,0.0,0.0,5e-05,0.0,0.0,0.0,0.09074,0.0,0.0,0.0,0.0,0.0,0.04967
2025-10-03 03:35:00,Uno M404,0.0,0.0,0.0,0.0,0.0,0.0,0.0,4e-05,0.0,0.0,0.0,0.00467,0.0,0.0,0.0,0.0,0.0,0.05008
2025-10-03 03:40:00,Uno M404,0.0,0.0,0.0,0.0,0.0,0.0,0.0,0.00011,0.0,0.0,0.0,0.00505,0.0,0.0,0.0,0.0,0.0,0.0497
2025-10-03 03:45:00,Uno M404,0.0,0.0,0.0,0.0,0.0,0.0,0.0,0.00011,0.0,0.0,0.0,0.00477,0.0,0.0,0.0,0.0,0.0,0.050159999999999996
2025-10-03 03:50:00,Uno M404,0.0,0.0,0.0,0.0,0.0,0.0,0.0,4e-05,0.0,0.0,0.0,0.00464,0.0,0.0,0.0,0.0,0.0,0.04998
2025-10-03 03:55:00,Uno M404,0.0,0.0,0.0,0.0,0.0,0.0,0.0,8e-05,0.0,0.0,0.0,0.00458,0.0,0.0,0.0,0.0,0.0,0.04999
2025-10-03 04:00:00,Uno M404,0.0,0.0,0.0,0.0,0.0,0.0,0.0,5e-05,0.0,0.0,0.0,0.00458,0.0,0.0,0.0,0.0,0.0,0.05015
2025-10-03 04:05:00,Uno M404,0.0,0.0,0.0,0.0,0.0,0.0,0.0,0.00011,0.0,0.0,0.0,0.0046500000000000005,0.0,0.0,0.0,0.0,0.0,0.04981
2025-10-03 04:10:00,Uno M404,0.0,0.0,0.0,0.0,0.0,0.0,0.0,8.999999999999999e-05,0.0,0.0,0.0,0.00462,0.0,0.0,0.0,0.0,0.0,0.04985
2025-10-03 04:15:00,Uno M404,0.0,0.0,0.0,0.0,0.0,0.0,0.0,0.00019,0.0,0.0,0.0,0.004690000000000001,0.0,0.0,0.0,0.0,0.0,0.05008
2025-10-03 04:20:00,Uno M404,0.0,0.0,0.0,0.0,0.11115,0.0,0.0,2e-05,0.0,0.0,0.0,0.11569,0.0,0.0,0.0,0.0,0.0,0.049909999999999996
2025-10-03 04:25:00,Uno M404,0.0,0.0,0.0,0.0,0.09662000000000001,0.0,0.0,7.000000000000001e-05,0.0,0.0,0.0,0.10085,0.0,0.0,0.0,0.0,0.0,0.04962
2025-10-03 04:30:00,Uno M404,0.0,0.0,0.0,0.0,0.08557,0.0,0.0,0.0,0.0,0.0,0.0,0.08965999999999999,0.0,0.0,0.0,0.0,0.0,0.04959
2025-10-03 04:35:00,Uno M404,0.0,0.0,0.0,0.0,0.0,0.0,0.0,5.9999999999999995e-05,0.0,0.0,0.0,0.0045899999999999995,0.0,0.0,0.0,0.0,0.0,0.04984
2025-10-03 04:40:00,Uno M404,0.0,0.0,0.0,0.0,0.0,0.0,0.0,0.00011,0.0,0.0,0.0,0.00515,0.0,0.0,0.0,0.0,0.0,0.05001
2025-10-03 04:45:00,Uno M404,0.0,0.0,0.0,0.0,0.0,0.0,0.0,4e-05,0.0,0.0,0.0,0.00471,0.0,0.0,0.0,0.0,0.0,0.049640000000000004
2025-10-03 04:50:00,Uno M404,0.0,0.0,0.0,0.0,0.0,0.0,0.0,0.00014000000000000001,0.0,0.0,0.0,0.00455,0.0,0.0,0.0,0.0,0.0,0.04967
2025-10-03 04:55:00,Uno M404,0.0,0.0,0.0,0.0,0.0,0.0,0.0,1e-05,0.0,0.0,0.0,0.0044800000000000005,0.0,0.0,0.0,0.0,0.0,0.04949
2025-10-03 05:00:00,Uno M404,0.0,0.0,0.0,0.0,0.0,0.0,0.0,0.00019,0.0,0.0,0.0,0.00445,0.0,0.0,0.0,0.0,0.0,0.04954
2025-10-03 05:05:00,Uno M404,0.0,0.0,0.0,0.0,0.0,0.0,0.0,0.00032,0.0,0.0,0.0,0.005,0.0,0.0,0.01086,0.0,0.0,0.06066
2025-10-03 05:10:00,Uno M404,0.0,0.0,0.0,0.0,0.0,0.0,0.0,0.00029,0.0,0.0,0.0,0.004690000000000001,0.0,0.0,0.01095,0.0,0.0,0.060090000000000005
2025-10-03 05:15:00,Uno M404,0.0,0.0,0.0,0.0,0.0,0.0,0.0,5e-05,0.0,0.0,0.0,0.00445,0.0,0.0,0.01079,0.0,0.0,0.060289999999999996
2025-10-03 05:20:00,Uno M404,0.0,0.0,0.0,0.0,0.10895999999999999,0.0,0.0,4e-05,0.0,0.0,0.0,0.11356999999999999,0.0,0.0,0.01092,0.0,0.0,0.0601
2025-10-03 05:25:00,Uno M404,0.0,0.0,0.0,0.0,0.09602,0.0,0.0,0.00015,0.0,0.0,0.0,0.10109,0.0,0.0,0.01094,0.0,0.0,0.06003
2025-10-03 05:30:00,Uno M404,0.00713,0.0,0.0,0.0,0.08508,0.0,0.0,5.9999999999999995e-05,0.0,0.0059299999999999995,0.0,0.09656999999999999,0.0,0.0,0.01094,0.0,0.0,0.06049
2025-10-03 05:35:00,Uno M404,0.00692,0.0,0.0,0.0,0.0,0.0,0.0,0.0,0.0,0.00598,0.0,0.01191,0.0,0.0,0.01126,0.0,0.0,0.06018
2025-10-03 05:40:00,Uno M404,0.0069299999999999995,0.0,0.0,0.0,0.0,0.0,0.0,5.9999999999999995e-05,0.0,0.005809999999999999,0.0,0.011800000000000001,0.0,0.0,0.10091,0.0,0.0,0.15034999999999998
2025-10-03 05:45:00,Uno M404,0.00717,0.0,0.0,0.0,0.0,0.0,0.0,1e-05,0.0,0.0059299999999999995,0.0,0.012039999999999999,0.0,0.0,0.08286,0.0,0.0,0.13215000000000002
2025-10-03 05:50:00,Uno M404,0.0069900000000000006,0.0,0.0,0.0,0.0,0.0,0.0,1e-05,0.0,0.0058,0.0,0.01201,0.0,0.0,0.06982,0.0,0.0,0.11891
2025-10-03 05:55:00,Uno M404,0.00707,0.0,0.0,0.0,0.0,0.0,0.0,0.0,0.0,0.00588,0.0,0.011949999999999999,0.0,0.0,0.08947,0.0,0.0,0.13815
2025-10-03 06:00:00,Uno M404,0.00707,0.0,0.0,0.0,0.0,0.0,0.0,0.0,0.0,0.00596,0.0,0.011640000000000001,0.0,0.0,0.08179,0.0,0.0,0.13068000000000002
2025-10-03 06:05:00,Uno M404,0.0070599999999999994,0.0,0.0,0.0,0.0,0.0,0.0,0.0,0.0,0.005860000000000001,0.0,0.011779999999999999,0.0,0.0,0.08929000000000001,0.0,0.0,0.13771
2025-10-03 06:10:00,Uno M404,0.00717,0.0,0.0,0.0,0.0,0.0,0.0,0.0,0.0,0.006,0.0,0.011699999999999999,0.0,0.0,0.08997,0.0,0.0,0.13834
2025-10-03 06:15:00,Uno M404,0.007,0.0,0.0,0.0,0.0,0.0,0.0,0.0,0.0,0.005860000000000001,0.0,0.01192,0.0,0.0,0.07736,0.0,0.0,0.12557
2025-10-03 06:20:00,Uno M404,0.00701,0.0,0.0,0.0,0.0,0.0,0.0,1e-05,0.0,0.005849999999999999,0.0,0.01177,0.0,0.0,0.09062,0.0,0.0,0.13921
2025-10-03 06:25:00,Uno M404,0.00696,0.0,0.0,0.0,0.09509000000000001,0.0,0.0,1e-05,0.0,0.0057599999999999995,0.0,0.10665000000000001,0.0,0.0,0.0902,0.0,0.0,0.13857
2025-10-03 06:30:00,Uno M404,0.00701,0.0,0.0,0.0,0.08344,0.0,0.0,0.0,0.0,0.00594,0.0,0.09545999999999999,0.0,0.0,0.08513,0.0,0.0,0.13362000000000002
2025-10-03 06:35:00,Uno M404,0.0069900000000000006,0.0,0.0,0.0,0.0,0.0,0.0,0.0,0.0,0.005900000000000001,0.0,0.01214,0.0,0.0,0.07690999999999999,0.0,0.0,0.12470999999999999
2025-10-03 06:40:00,Uno M404,0.006849999999999999,0.0,0.0,0.0,0.0,0.0,0.0,0.0,0.0,0.005719999999999999,0.0,0.01247,0.0,0.0,0.07855,0.0,0.0,0.12613
2025-10-03 06:45:00,Uno M404,0.00688,0.0,0.0,0.0,0.0,0.0,0.0,0.0,0.0,0.00577,0.0,0.01304,0.0,0.0,0.07828,0.0,0.0,0.12592
2025-10-03 06:50:00,Uno M404,0.00688,0.0,0.0,0.0,0.0,0.0,0.0,0.0,0.0,0.00574,0.0,0.01207,0.0,0.0,0.07374,0.0,0.0,0.1215
2025-10-03 06:55:00,Uno M404,0.006860000000000001,0.0,0.0,0.0,0.0,0.0,0.0,1e-05,0.0,0.005809999999999999,0.0,0.011810000000000001,0.0,0.0,0.06686,0.0,0.0,0.11453
2025-10-03 07:00:00,Uno M404,0.00688,0.0,0.0,0.0,0.0,0.0,0.0,0.0,0.0,0.00566,0.0,0.01173,0.0,0.0,0.06476000000000001,0.0,0.0,0.11255
2025-10-03 07:05:00,Uno M404,0.00691,0.0,0.0,0.0,0.0,0.0,0.0,0.0,0.0,0.00587,0.0,0.01185,0.0,0.0,0.062079999999999996,0.0,0.0,0.10987999999999999
2025-10-03 07:10:00,Uno M404,3.08375,0.0,0.0,0.0,0.0,0.0,0.0,0.0,3.0755500000000002,0.00588,0.0,0.011800000000000001,0.0,0.0,0.0628,0.0,0.0,0.11067
2025-10-03 07:15:00,Uno M404,0.00719,0.0,0.0,0.0,0.0,0.0,0.032159999999999994,0.0,0.0,0.005719999999999999,0.0,0.01202,0.0,0.0,0.041979999999999996,0.0,0.0,0.12276999999999999
2025-10-03 07:20:00,Uno M404,0.03546,0.0,0.0,0.0,0.0,0.0,0.02578,1e-05,0.0,0.03377,0.0,0.01199,0.0,0.0,0.041729999999999996,0.0,0.0,0.11589
2025-10-03 07:25:00,Uno M404,3.16021,0.0,0.0,0.0,0.09583,0.0,0.01993,0.0,3.12469,0.03352,0.0,0.10739,0.0,0.0,0.04054,0.0,0.0,0.10961
2025-10-03 07:30:00,Uno M404,0.03548,0.0,0.0,0.0,0.08334,0.0,0.0201,0.0,0.0,0.03388,0.0,0.09548000000000001,0.0,0.0,0.04014,0.0,0.0,0.10865000000000001
2025-10-03 07:35:00,Uno M404,0.00717,0.0,0.0,0.0,0.0,0.0,0.009089999999999999,0.0,0.0,0.00588,0.0,0.01211,0.0,0.0,0.035840000000000004,0.0,0.0,0.11489
2025-10-03 07:40:00,Uno M404,0.00697,0.0,0.0,0.0,0.0,0.0,0.06265,0.0,0.0,0.00579,0.0,0.01227,0.0,0.0,0.03453,0.0,0.0,0.15572
2025-10-03 07:45:00,Uno M404,0.00694,0.0,0.0,0.0,0.0,0.0,0.06321,0.0,0.0,0.00587,0.0,0.02019,0.0,0.0,0.037579999999999995,0.0076500000000000005,0.0,0.16499
2025-10-03 07:50:00,Uno M404,0.0,0.0,0.0,0.0,0.0,0.0,0.05173,0.0,0.0,0.0,0.0,0.02143,0.0,0.0,0.0,0.0074199999999999995,0.0,0.1134
2025-10-03 07:55:00,Uno M404,0.0,0.0,0.0,0.0,0.0,0.0,0.039299999999999995,1e-05,0.0,0.0,0.0,0.0202,0.0,0.0,0.0,0.0076,0.0,0.10686
2025-10-03 08:00:00,Uno M404,0.0,0.0,0.0,0.0,0.0,0.0,0.0,2e-05,0.0,0.0,0.0,0.02013,0.0,0.0,0.0,0.00762,0.0,0.06365
2025-10-03 08:05:00,Uno M404,0.0,0.0,0.0,0.0,0.0,0.0,0.0,4e-05,0.0,0.0,0.0,0.02018,0.0,0.0,0.0,0.007690000000000001,0.0,0.06452
2025-10-03 08:10:00,Uno M404,0.0,0.0,0.0,0.0,0.0,0.0,0.0,4e-05,0.0,0.0,0.0,0.020120000000000002,0.0,0.0,0.0,0.00753,0.0,0.06344
2025-10-03 08:15:00,Uno M404,0.0,0.0,0.0,0.0,0.0,0.0,0.0,5e-05,0.0,0.0,0.0,0.02026,0.0,0.0,0.0,0.00756,0.0,0.06299
2025-10-03 08:20:00,Uno M404,0.0,0.0,0.0,0.0,0.0,0.0,0.0,2e-05,0.0,0.0,0.0,0.02059,0.0,0.0,0.0,0.00762,0.0,0.06325
2025-10-03 08:25:00,Uno M404,0.0,0.0,0.0,0.0,0.09555,0.0,0.0,0.0,0.0,0.0,0.0,0.11546,0.0,0.0,0.0,0.00767,0.0,0.06368
2025-10-03 08:30:00,Uno M404,0.0,0.0,0.0,0.0,0.08363,0.0,0.0,0.0,0.0,0.0,0.0,0.10359,0.0,0.0,0.0,0.0076,0.0,0.06118
2025-10-03 08:35:00,Uno M404,0.0,0.0,0.0,0.0,0.0,0.0,0.0,1e-05,0.0,0.0,0.0,0.02019,0.0,0.0,0.0,0.0076500000000000005,0.0,0.05783
2025-10-03 08:40:00,Uno M404,0.0,0.0,0.0,0.0,0.0,0.0,0.0,0.0,0.0,0.0,0.0,0.02013,0.0,0.0,0.0,0.00767,0.0,0.05815
2025-10-03 08:45:00,Uno M404,0.0,0.0,0.0,0.0,0.0,0.0,0.0,5.9999999999999995e-05,0.0,0.0,0.0,0.02018,0.0,0.0,0.0,0.00762,0.0,0.05706
2025-10-03 08:50:00,Uno M404,0.0,0.0,0.0,0.0,0.0,0.0,0.0,1e-05,0.0,0.0,0.0,0.020079999999999997,0.0,0.0,0.0,0.0076100000000000004,0.0,0.05479
2025-10-03 08:55:00,Uno M404,0.0,0.0,0.0,0.0,0.0,0.0,0.0,2e-05,0.0,0.0,0.0,0.02032,0.0,0.0,0.010060000000000001,0.0076,0.0,0.06325
2025-10-03 09:00:00,Uno M404,0.0,0.0,0.0,0.0,0.0,0.0,0.0,7.000000000000001e-05,0.0,0.0,0.0,0.020149999999999998,0.0,0.0,0.01018,0.00764,0.0,0.07096
2025-10-03 09:05:00,Uno M404,0.0,0.0,0.0,0.0,0.0,0.0,0.0,8e-05,0.0,0.0,0.0,0.02036,0.0,0.0,0.0101,0.00762,0.0,0.06305
2025-10-03 09:10:00,Uno M404,0.0,0.0,0.0,0.0,0.0,0.0,0.01139,1e-05,0.0,0.0,0.0,0.02017,0.0,0.0,0.0,0.00777,0.0,0.06240999999999999
2025-10-03 09:15:00,Uno M404,0.0,0.0,0.0,0.0,0.0,0.0,0.01119,7.000000000000001e-05,0.0,0.0,0.0,0.020239999999999998,0.0,0.0,0.0,0.0076100000000000004,0.0,0.061270000000000005
2025-10-03 09:20:00,Uno M404,0.0,0.0,0.0,0.0,0.0,0.0,0.01126,8e-05,0.0,0.0,0.0,0.01992,0.0,0.0,0.0,0.00762,0.0,0.06451000000000001
2025-10-03 09:25:00,Uno M404,0.0,0.0,0.0,0.0,0.09626,0.0,0.01117,0.00031,0.0,0.0,0.0,0.1161,0.0,0.0,0.0,0.00756,0.0,0.0586
2025-10-03 09:30:00,Uno M404,0.0,0.0,0.0,0.0,0.08399,0.0,0.01123,0.00047999999999999996,0.0,0.0,0.0,0.10421,0.0,0.0,0.0,0.00763,0.0,0.05797
2025-10-03 09:35:00,Uno M404,0.0,0.0,0.0,0.0,0.0,0.0,0.01115,0.00034,0.0,0.0,0.0,0.01992,0.0,0.0,0.0,0.007690000000000001,0.0,0.05825
2025-10-03 09:40:00,Uno M404,0.0,0.0,0.0,0.0,0.0,0.0,0.01123,8.999999999999999e-05,0.0,0.0,0.0,0.020579999999999998,0.0,0.0,0.0,0.0077,0.0,0.05767
2025-10-03 09:45:00,Uno M404,0.0,0.0,0.0,0.0,0.0,0.0,0.01134,0.0,0.0,0.0,0.0,0.019899999999999998,0.0,0.0,0.0,0.00763,0.0,0.01426
2025-10-03 09:50:00,Uno M404,0.0,0.0,0.0,0.0,0.0,0.0,0.011439999999999999,8.999999999999999e-05,0.0,0.0,0.0,0.01993,0.0,0.0,0.0,0.00762,0.0,0.014320000000000001
2025-10-03 09:55:00,Uno M404,0.0,0.0,0.0,0.0,0.0,0.0,0.08506,0.00011,0.0,0.0,0.0,0.019969999999999998,0.0,0.0,0.08876,0.00757,0.0,0.17745
2025-10-03 10:00:00,Uno M404,0.02867,0.0,0.0,0.0,0.0,0.0,0.0846,0.0,0.0,0.02739,0.0,0.021,0.0,0.0,0.08851,0.00767,0.0,0.17693
2025-10-03 10:05:00,Uno M404,0.0,0.0,0.0,0.0,0.0,0.0,0.08473,8e-05,0.0,0.0,0.0,0.01986,0.0,0.0,0.0952,0.00775,0.0,0.18361000000000002
2025-10-03 10:10:00,Uno M404,0.0,0.0,0.0,0.0,0.0,0.0,0.08624,0.00011999999999999999,0.0,0.0,0.0,0.02019,0.0,0.0,0.08601,0.007690000000000001,0.0,0.17593
2025-10-03 10:15:00,Uno M404,0.0,0.0,0.0,0.0,0.0,0.0,0.08215,0.00011,0.0,0.0,0.0,0.01982,0.0,0.0,0.08622,0.007719999999999999,0.0,0.17207
2025-10-03 10:20:00,Uno M404,0.0,0.0,0.0,0.0,0.0,0.0,0.08365,0.00017999999999999998,0.0,0.0,0.0,0.02016,0.0,0.0,0.08706,0.007679999999999999,0.0,0.17435
2025-10-03 10:25:00,Uno M404,0.0,0.0,0.0,0.0,0.09595999999999999,0.0,0.08376,5e-05,0.0,0.0,0.0,0.11551,0.0,0.0,0.09058,0.007679999999999999,0.0,0.17774
2025-10-03 10:30:00,Uno M404,0.0,0.0,0.0,0.0,0.08328,0.0,0.08427,0.00015,0.0,0.0,0.0,0.10393000000000001,0.0,0.0,0.08592,0.00767,0.0,0.17388
2025-10-03 10:35:00,Uno M404,0.0,0.0,0.0,0.0,0.0,0.0,0.08549,7.000000000000001e-05,0.0,0.0,0.0,0.04373,0.0,0.0,0.08639,0.00767,0.0,0.17568
2025-10-03 10:40:00,Uno M404,0.0,0.0,0.0,0.0,0.0,0.0,0.0846,0.00011,0.0,0.0,0.0,0.02013,0.0,0.0,0.07809999999999999,0.007719999999999999,0.0,0.16648
2025-10-03 10:45:00,Uno M404,0.0,0.0,0.0,0.0,0.0,0.0,0.08367000000000001,0.00014000000000000001,0.0,0.0,0.0,0.020030000000000003,0.0,0.0,0.07426,0.007679999999999999,0.0,0.16166999999999998
2025-10-03 10:50:00,Uno M404,0.0,0.0,0.0,0.0,0.0,0.0,0.08275,1e-05,0.0,0.0,0.0,0.02029,0.0,0.0,0.08159999999999999,0.007679999999999999,0.0,0.16796
2025-10-03 10:55:00,Uno M404,0.0,0.0,0.0,0.0,0.0,0.0,0.08258,7.000000000000001e-05,0.0,0.0,0.0,0.02013,0.0,0.0,0.08036,0.00777,0.0,0.16654
2025-10-03 11:00:00,Uno M404,0.0,0.0,0.0,0.0,0.0,0.0,0.10806,0.00026000000000000003,0.0,0.0,0.0,0.019969999999999998,0.0,0.0,0.0676,0.00767,0.0,0.1795
2025-10-03 11:05:00,Uno M404,0.0,0.0,0.0,0.0,0.0,0.0,0.10779999999999999,0.00011,0.0,0.0,0.0,0.02013,0.0,0.0,0.06391,0.00767,0.0,0.17543999999999998
2025-10-03 11:10:00,Uno M404,0.0,0.0,0.0,0.0,0.0,0.0,0.08401,1e-05,0.0,0.0,0.0,0.020059999999999998,0.0,0.0,0.062229999999999994,0.00771,0.0,0.15
2025-10-03 11:15:00,Uno M404,0.0,0.0,0.0,0.0,0.0,0.0,0.08503,5.9999999999999995e-05,0.0,0.0,0.0,0.02009,0.0,0.0,0.06255,0.0077599999999999995,0.0,0.15134999999999998
2025-10-03 11:20:00,Uno M404,0.0,0.0,0.0,0.0,0.09734000000000001,0.0,0.011439999999999999,0.00016,0.0,0.0,0.0,0.11699,0.0,0.0,0.056960000000000004,0.0076100000000000004,0.0,0.07218000000000001
2025-10-03 11:25:00,Uno M404,0.0,0.0,0.0,0.0,0.10497,0.0,0.01167,0.00026000000000000003,0.0,0.0,0.0,0.12426999999999999,0.0,0.0,0.05656,0.00757,0.0,0.07179
2025-10-03 11:30:00,Uno M404,0.0,0.0,0.0,0.0,0.10066,0.0,0.0,7.000000000000001e-05,0.0,0.0,0.0,0.1201,0.0,0.0,0.05267,0.007679999999999999,0.0,0.05552
2025-10-03 11:35:00,Uno M404,0.0,0.0,0.0,0.0,0.09106,0.0,0.0,0.00053,0.0,0.0,0.0,0.11111,0.0,0.0,0.05128,0.007719999999999999,0.0,0.054240000000000003
2025-10-03 11:40:00,Uno M404,0.0,0.0,0.0,0.0,0.08603,0.0,0.0,0.00017999999999999998,0.0,0.0,0.0,0.10558,0.0,0.0,0.0533,0.0077599999999999995,0.0,0.056229999999999995
2025-10-03 11:45:00,Uno M404,0.0,0.0,0.0,0.0,0.0,0.0,0.0,0.00041,0.0,0.0,0.0,0.01977,0.0,0.0,0.04954,0.00777,0.0,0.05238
2025-10-03 11:50:00,Uno M404,0.0,0.0,0.0,0.0,0.0,0.0,0.0,0.00011999999999999999,0.0,0.0,0.0,0.01991,0.0,0.0,0.05009,0.00758,0.0,0.05286
2025-10-03 11:55:00,Uno M404,0.0,0.0,0.0,0.0,0.0,0.0,0.6688400000000001,0.00112,0.0,0.0,0.0,0.10296,0.0,0.0,0.48663999999999996,0.0614,0.0,1.18672
2025-10-03 12:00:00,Uno M404,0.0,0.0,0.0,0.0,0.0,0.0,0.08347,0.00017999999999999998,0.0,0.0,0.0,0.01281,0.0,0.0,0.046049999999999994,0.0077,0.0,0.13331
2025-10-03 12:05:00,Uno M404,0.0,0.0,0.0,0.0,0.0,0.0,0.08343,0.00022,0.0,0.0,0.0,0.012369999999999999,0.0,0.0,0.046549999999999994,0.00774,0.0,0.13378
2025-10-03 12:10:00,Uno M404,0.0,0.0,0.0,0.0,0.0,0.0,0.07997,0.00020999999999999998,0.0,0.0,0.0,0.01277,0.0,0.0,0.04572,0.0077599999999999995,0.0,0.12922
2025-10-03 12:15:00,Uno M404,0.0,0.0,0.0,0.0,0.0,0.0,0.08226,0.00016,0.0,0.0,0.0,0.01284,0.0,0.0,0.04678,0.007719999999999999,0.0,0.13272
2025-10-03 12:20:00,Uno M404,0.0,0.0,0.0,0.0,0.09998,0.0,0.08195000000000001,0.00011999999999999999,0.0,0.0,0.0,0.11245999999999999,0.0,0.0,0.04517,0.00756,0.0,0.13069
2025-10-03 12:25:00,Uno M404,0.0,0.0,0.0,0.0,0.08721,0.0,0.0838,0.00035999999999999997,0.0,0.0,0.0,0.09956999999999999,0.0,0.0,0.0489,0.0075,0.0,0.13654
2025-10-03 12:30:00,Uno M404,0.0,0.0,0.0,0.0,0.0,0.0,0.08621,0.00031,0.0,0.0,0.0,0.01264,0.0,0.0,0.048060000000000005,0.00762,0.0,0.13819
2025-10-03 12:35:00,Uno M404,0.0,0.0,0.0,0.0,0.0,0.0,0.17756,0.00022,0.0,0.0,0.0,0.0128,0.0,0.0,0.05111,0.00758,0.0,0.23268
2025-10-03 12:40:00,Uno M404,0.0,0.0,0.0,0.0,0.0,0.0,0.1415,0.00016,0.0,0.0,0.0,0.01354,0.0,0.0,0.05478,0.00763,0.0,0.20027
2025-10-03 12:45:00,Uno M404,0.0,0.0,0.0,0.0,0.0,0.0,0.128,0.00022,0.0,0.0,0.0,0.01263,0.0,0.0,0.01045,0.0076100000000000004,0.0,0.14204
2025-10-03 12:50:00,Uno M404,3.32971,0.0,0.0,3.30027,0.0,0.0,0.14759999999999998,5.9999999999999995e-05,0.0,0.02739,0.0,0.013710000000000002,0.0,0.0,0.01065,0.00749,0.0,0.16213999999999998
2025-10-03 12:55:00,Uno M404,3.35907,0.0,0.0,3.3294699999999997,0.0,0.0,0.1363,1e-05,0.0,0.027579999999999997,0.0,0.013359999999999999,0.0,0.0,0.01079,0.00756,0.0,0.15095
2025-10-03 13:00:00,Uno M404,3.44385,0.0,0.0,3.4137,0.0,0.0,0.14189,2e-05,0.0,0.02818,0.0,0.01341,0.0,0.0,0.010960000000000001,0.0074800000000000005,0.0,0.15694
2025-10-03 13:05:00,Uno M404,0.0,0.0,0.0,0.0,0.0,0.0,0.14102,0.00027,0.0,0.0,0.0,0.0128,0.0,0.0,0.010960000000000001,0.00756,0.0,0.15594
2025-10-03 13:10:00,Uno M404,0.0,0.0,0.0,0.0,0.10014,0.0,0.13778,0.00011999999999999999,0.0,0.0,0.0,0.11297,0.0,0.0,0.01084,0.007549999999999999,0.0,0.15265
2025-10-03 13:15:00,Uno M404,0.0,0.0,0.0,0.0,0.08719,0.0,0.13838999999999999,0.00027,0.0,0.0,0.0,0.10002,0.0,0.0,0.0,0.00753,0.0,0.14134
2025-10-03 13:20:00,Uno M404,0.0,0.0,0.0,0.0,0.0,0.0,0.14698,0.00011999999999999999,0.0,0.0,0.0,0.01316,0.0,0.0,0.0,0.00757,0.0,0.14987999999999999
2025-10-03 13:25:00,Uno M404,0.0,0.0,0.0,0.0,0.0,0.0,0.13316999999999998,0.00017999999999999998,0.0,0.0,0.0,0.013359999999999999,0.0,0.0,0.0,0.00756,0.0,0.13622
2025-10-03 13:30:00,Uno M404,0.0,0.0,0.0,0.0,0.0,0.0,0.115,0.00015,0.0,0.0,0.0,0.0129,0.0,0.0,0.0,0.00758,0.0,0.11792
2025-10-03 13:35:00,Uno M404,0.0,0.0,0.0,0.0,0.0,0.0,0.10427,0.00022,0.0,0.0,0.0,0.012960000000000001,0.0,0.0,0.0,0.0075,0.0,0.10714
2025-10-03 13:40:00,Uno M404,0.0,0.0,0.0,0.0,0.0,0.0,0.1002,0.00014000000000000001,0.0,0.0,0.0,0.01405,0.0,0.0,0.0,0.0076,0.0,0.10315
2025-10-03 13:45:00,Uno M404,0.0,0.0,0.0,0.0,0.0,0.0,0.10558,0.00020999999999999998,0.0,0.0,0.0,0.01377,0.0,0.0,0.0,0.00756,0.0,0.10840000000000001
2025-10-03 13:50:00,Uno M404,0.0,0.0,0.0,0.0,0.0,0.0,0.10726000000000001,2e-05,0.0,0.0,0.0,0.013519999999999999,0.0,0.0,0.0,0.00756,0.0,0.11001999999999999
2025-10-03 13:55:00,Uno M404,0.0,0.0,0.0,0.0,0.1008,0.0,0.12099,5.9999999999999995e-05,0.0,0.0,0.0,0.11374,0.0,0.0,0.0,0.00747,0.0,0.12361
2025-10-03 14:00:00,Uno M404,0.0,0.0,0.0,0.0,0.08665,0.0,0.10215,0.00033,0.0,0.0,0.0,0.09937,0.0,0.0,0.0,0.007549999999999999,0.0,0.10518999999999999
2025-10-03 14:05:00,Uno M404,0.0,0.0,0.0,0.0,0.0,0.0,0.10099,0.00011999999999999999,0.0,0.0,0.0,0.0129,0.0,0.0,0.0,0.00758,0.0,0.10388
2025-10-03 14:10:00,Uno M404,0.0,0.0,0.0,0.0,0.0,0.0,0.09017,4e-05,0.0,0.0,0.0,0.013099999999999999,0.0,0.0,0.0,0.0076,0.0,0.09287999999999999
2025-10-03 14:15:00,Uno M404,0.0,0.0,0.0,0.0,0.0,0.0,0.13946,0.00017999999999999998,0.0,0.0,0.0,0.01385,0.0,0.0,0.0,0.00764,0.0,0.14219
2025-10-03 14:20:00,Uno M404,0.0,0.0,0.0,0.0,0.0,0.0,0.12606,0.00015,0.0,0.0,0.0,0.01298,0.0,0.0,0.0,0.0074800000000000005,0.0,0.12890000000000001
2025-10-03 14:25:00,Uno M404,0.0,0.0,0.0,0.0,0.0,0.0,0.11370999999999999,5e-05,0.0,0.0,0.0,0.013519999999999999,0.0,0.0,0.0,0.00767,0.0,0.1166
2025-10-03 14:30:00,Uno M404,0.0,0.0,0.0,0.0,0.0,0.0,0.10093,0.00011999999999999999,0.0,0.0,0.0,0.01315,0.0,0.0,0.0,0.00767,0.0,0.10374
2025-10-03 14:35:00,Uno M404,0.0,,0.0,0.0,0.0,0.0,,1e-05,0.0,0.0,0.0,0.01339,,,,0.0076,0.0,
2025-10-03 14:40:00,Uno M404,0.0,0.0,0.0,0.0,0.19966,0.0,0.19318999999999997,4e-05,0.0,0.0,0.0,0.22562000000000001,0.0,0.0,0.0,0.01514,0.0,0.19881
2025-10-03 14:45:00,Uno M404,0.0,0.0,0.0,0.0,0.08513,0.0,0.016370000000000003,0.0,0.0,0.0,0.0,0.08986,0.0,0.0,0.0,0.0,0.0,0.06391
2025-10-03 14:50:00,Uno M404,0.0,0.0,0.0,0.0,0.0,0.0,0.011810000000000001,0.0,0.0,0.0,0.0,0.0048,0.0,0.0,0.0,0.0,0.0,0.05865
2025-10-03 14:55:00,Uno M404,0.0,0.0,0.0,0.0,0.0,0.0,0.01191,2e-05,0.0,0.0,0.0,0.00474,0.0,0.0,0.0,0.0,0.0,0.05868
2025-10-03 15:00:00,Uno M404,0.0,0.0,0.0,0.0,0.0,0.0,0.011609999999999999,1e-05,0.0,0.0,0.0,0.00474,0.0,0.0,0.0,0.0,0.0,0.05908
2025-10-03 15:05:00,Uno M404,0.0,0.0,0.0,0.0,0.0,0.0,0.011609999999999999,0.00028000000000000003,0.0,0.0,0.0,0.0046500000000000005,0.0,0.0,0.0,0.0,0.0,0.05949
2025-10-03 15:10:00,Uno M404,0.0,0.0,0.0,0.0,0.0,0.0,0.01176,5e-05,0.0,0.0,0.0,0.00479,0.0,0.0,0.0,0.0,0.0,0.05919
2025-10-03 15:15:00,Uno M404,0.0,0.0,0.0,0.0,0.0,0.0,0.01157,8e-05,0.0,0.0,0.0,0.00478,0.0,0.0,0.0,0.0,0.0,0.05884
2025-10-03 15:20:00,Uno M404,0.0,0.0,0.0,0.0,0.0,0.0,0.011609999999999999,1e-05,0.0,0.0,0.0,0.00479,0.0,0.0,0.0,0.0,0.0,0.05903
2025-10-03 15:25:00,Uno M404,0.0,0.0,0.0,0.0,0.09809999999999999,0.0,0.01159,4e-05,0.0,0.0,0.0,0.10288,0.0,0.0,0.0,0.0,0.0,0.05818
2025-10-03 15:30:00,Uno M404,0.0,0.0,0.0,0.0,0.08466,0.0,0.01659,2e-05,0.0,0.0,0.0,0.08954999999999999,0.0,0.0,0.0,0.0,0.0,0.06418
2025-10-03 15:35:00,Uno M404,0.0,0.0,0.0,0.0,0.0,0.0,0.01168,0.0,0.0,0.0,0.0,0.00515,0.0,0.0,0.0,0.0,0.0,0.05797
2025-10-03 15:40:00,Uno M404,0.0,0.0,0.0,0.0,0.0,0.0,0.011550000000000001,1e-05,0.0,0.0,0.0,0.005679999999999999,0.0,0.0,0.0,0.0,0.0,0.05823
2025-10-03 15:45:00,Uno M404,0.0,0.0,0.0,0.0,0.0,0.0,0.0116,1e-05,0.0,0.0,0.0,0.00508,0.0,0.0,0.0,0.0,0.0,0.058
2025-10-03 15:50:00,Uno M404,0.0,0.0,0.0,0.0,0.0,0.0,0.011970000000000001,1e-05,0.0,0.0,0.0,0.00515,0.0,0.0,0.0,0.0,0.0,0.05809
2025-10-03 15:55:00,Uno M404,0.0,0.0,0.0,0.0,0.0,0.0,0.01133,0.0,0.0,0.0,0.0,0.00554,0.0,0.0,0.0,0.0,0.0,0.05729
2025-10-03 16:00:00,Uno M404,0.0,0.0,0.0,0.0,0.0,0.0,0.01174,0.0,0.0,0.0,0.0,0.0052,0.0,0.0,0.0,0.0,0.0,0.0583
2025-10-03 16:05:00,Uno M404,0.0,0.0,0.0,0.0,0.0,0.0,0.01109,0.0,0.0,0.0,0.0,0.00578,0.0,0.0,0.0,0.0,0.0,0.057640000000000004
2025-10-03 16:10:00,Uno M404,0.0,0.0,0.0,0.0,0.09945,0.0,0.01149,2e-05,0.0,0.0,0.0,0.10503,0.0,0.0,0.0,0.0,0.0,0.05777
2025-10-03 16:15:00,Uno M404,0.0,0.0,0.0,0.0,0.08473,0.0,0.01139,1e-05,0.0,0.0,0.0,0.08992,0.0,0.0,0.0,0.0,0.0,0.05762
2025-10-03 16:20:00,Uno M404,0.0,0.0,0.0,0.0,0.0,0.0,0.01143,0.0,0.0,0.0,0.0,0.00518,0.0,0.0,0.01,0.0,0.0,0.06909
2025-10-03 16:25:00,Uno M404,0.0,0.0,0.0,0.0,0.0,0.0,0.005030000000000001,0.0,0.0,0.0,0.0,0.00504,0.0,0.0,0.0,0.0,0.0,0.051789999999999996
2025-10-03 16:30:00,Uno M404,0.0,0.0,0.0,0.0,0.0,0.0,0.0,0.0,0.0,0.0,0.0,0.0049900000000000005,0.0,0.0,0.0,0.0,0.0,0.045649999999999996
2025-10-03 16:35:00,Uno M404,0.0,0.0,0.0,0.0,0.0,0.0,0.0,0.0,0.0,0.0,0.0,0.00501,0.0,0.0,0.0,0.0,0.0,0.045079999999999995
2025-10-03 16:40:00,Uno M404,0.0,0.0,0.0,0.0,0.0,0.0,0.0,0.0,0.0,0.0,0.0,0.004940000000000001,0.0,0.0,0.0,0.0,0.0,0.04529
2025-10-03 16:45:00,Uno M404,0.0,0.0,0.0,0.0,0.0,0.0,0.13894,5.9999999999999995e-05,0.0,0.0,0.0,0.00491,0.0,0.0,0.0,0.0,0.0,0.14158
2025-10-03 16:50:00,Uno M404,0.0,0.0,0.0,0.0,0.0,0.0,0.13686,0.0,0.0,0.0,0.0,0.0054800000000000005,0.0,0.0,0.0,0.0,0.0,0.1396
2025-10-03 16:55:00,Uno M404,0.0,0.0,0.0,0.0,0.10164,0.0,0.12773,4e-05,0.0,0.0,0.0,0.10647,0.0,0.0,0.0,0.0,0.0,0.1305
2025-10-03 17:00:00,Uno M404,0.0,0.0,0.0,0.0,0.08607,0.0,0.15283000000000002,2e-05,0.0,0.0,0.0,0.09065000000000001,0.0,0.0,0.0,0.0,0.0,0.15547
2025-10-03 17:05:00,Uno M404,0.0,0.0,0.0,0.0,0.0,0.0,0.15868000000000002,4e-05,0.0,0.0,0.0,0.00605,0.0,0.0,0.0,0.0,0.0,0.15881
2025-10-03 17:10:00,Uno M404,0.0,0.0,0.0,0.0,0.0,0.0,0.12808,4e-05,0.0,0.0,0.0,0.005059999999999999,0.0,0.0,0.0,0.0,0.0,0.13094999999999998
2025-10-03 17:15:00,Uno M404,0.0,0.0,0.0,0.0,0.0,0.0,0.1269,0.0,0.0,0.0,0.0,0.00514,0.0,0.0,0.0,0.0,0.0,0.12959
2025-10-03 17:20:00,Uno M404,0.0,0.0,0.0,0.0,0.0,0.0,0.13075,1e-05,0.0,0.0,0.0,0.00483,0.0,0.0,0.0,0.0,0.0,0.13338999999999998
2025-10-03 17:25:00,Uno M404,0.0,0.0,0.0,0.0,0.0,0.0,0.1274,1e-05,0.0,0.0,0.0,0.00534,0.0,0.0,0.0,0.0,0.0,0.13021000000000002
2025-10-03 17:30:00,Uno M404,0.0,0.0,0.0,0.0,0.0,0.0,0.11819,0.0,0.0,0.0,0.0,0.0047599999999999995,0.0,0.0,0.0,0.0,0.0,0.12077
2025-10-03 17:35:00,Uno M404,0.0,0.0,0.0,0.0,0.0,0.0,0.11349,1e-05,0.0,0.0,0.0,0.02509,0.0,0.0,0.0,0.0,0.0,0.11636
2025-10-03 17:40:00,Uno M404,0.0,0.0,0.0,0.0,0.10554999999999999,0.0,0.11308,0.0,0.0,0.0,0.0,0.11069,0.0,0.0,0.0,0.0,0.0,0.11594
2025-10-03 17:45:00,Uno M404,0.0,0.0,0.0,0.0,0.08901,0.0,0.10059,0.0,0.0,0.0,0.0,0.09348000000000001,0.0,0.0,0.0,0.0,0.0,0.10338
2025-10-03 17:50:00,Uno M404,0.0,0.0,0.0,0.0,0.0,0.0,0.09809,8.999999999999999e-05,0.0,0.0,0.0,0.00508,0.0,0.0,0.0,0.0,0.0,0.10111
2025-10-03 17:55:00,Uno M404,0.0,0.0,0.0,0.0,0.0,0.0,0.09622,5e-05,0.0,0.0,0.0,0.00488,0.0,0.0,0.0,0.0,0.0,0.09911
2025-10-03 18:00:00,Uno M404,0.0,0.0,0.0,0.0,0.0,0.0,0.09253,5e-05,0.0,0.0,0.0,0.00441,0.0,0.0,0.0,0.0,0.0,0.09527
2025-10-03 18:05:00,Uno M404,0.0,0.0,0.0,0.0,0.0,0.0,0.09212000000000001,0.00017999999999999998,0.0,0.0,0.0,0.005,0.0,0.0,0.0,0.0,0.0,0.09495999999999999
2025-10-03 18:10:00,Uno M404,0.0,0.0,0.0,0.0,0.0,0.0,0.0891,8.999999999999999e-05,0.0,0.0,0.0,0.00451,0.0,0.0,0.0,0.0,0.0,0.09190999999999999
2025-10-03 18:15:00,Uno M404,0.0,0.0,0.0,0.0,0.0,0.0,0.08832999999999999,0.0,0.0,0.0,0.0,0.00534,0.0,0.0,0.0,0.0,0.0,0.09114
2025-10-03 18:20:00,Uno M404,0.0,0.0,0.0,0.0,0.0,0.0,0.08742,0.00011,0.0,0.0,0.0,0.00463,0.0,0.0,0.0,0.0,0.0,0.09018000000000001
2025-10-03 18:25:00,Uno M404,0.0,0.0,0.0,0.0,0.0,0.0,0.12001,2e-05,0.0,0.0,0.0,0.00535,0.0,0.0,0.0,0.0,0.0,0.12273999999999999
2025-10-03 18:30:00,Uno M404,0.0,0.0,0.0,0.0,0.09178,0.0,0.08826,5e-05,0.0,0.0,0.0,0.09656999999999999,0.0,0.0,0.0,0.0,0.0,0.09101000000000001
2025-10-03 18:35:00,Uno M404,0.0,0.0,0.0,0.0,0.08205,0.0,0.08266,7.000000000000001e-05,0.0,0.0,0.0,0.08721999999999999,0.0,0.0,0.0,0.0,0.0,0.08556
2025-10-03 18:40:00,Uno M404,0.0,0.0,0.0,0.0,0.0,0.0,0.08276,5e-05,0.0,0.0,0.0,0.0045899999999999995,0.0,0.0,0.0,0.0,0.0,0.10590999999999999
2025-10-03 18:45:00,Uno M404,0.0,0.0,0.0,0.0,0.0,0.0,0.11025,0.00011,0.0,0.0,0.0,0.00554,0.0,0.0,0.0,0.0,0.0,0.13399
2025-10-03 18:50:00,Uno M404,0.0,0.0,0.0,0.0,0.0,0.0,0.10901999999999999,0.0,0.0,0.0,0.0,0.0055899999999999995,0.0,0.0,0.0,0.0,0.0,0.13279
2025-10-03 18:55:00,Uno M404,0.0,0.0,0.0,0.0,0.0,0.0,0.10714,5.9999999999999995e-05,0.0,0.0,0.0,0.00501,0.0,0.0,0.0,0.0,0.0,0.13094999999999998
2025-10-03 19:00:00,Uno M404,0.0,0.0,0.0,0.0,0.0,0.0,0.107,5e-05,0.0,0.0,0.0,0.00483,0.0,0.0,0.0,0.0,0.0,0.1306
2025-10-03 19:05:00,Uno M404,0.0,0.0,0.0,0.0,0.0,0.0,0.0858,0.00013000000000000002,0.0,0.0,0.0,0.00466,0.0,0.0,0.0,0.0,0.0,0.10951000000000001
2025-10-03 19:10:00,Uno M404,0.0,0.0,0.0,0.0,0.0,0.0,0.08503,0.00011999999999999999,0.0,0.0,0.0,0.00458,0.0,0.0,0.0,0.0,0.0,0.10864
2025-10-03 19:15:00,Uno M404,0.0,0.0,0.0,0.0,0.0964,0.0,0.01265,5.9999999999999995e-05,0.0,0.0,0.0,0.10074,0.0,0.0,0.0,0.0,0.0,0.0364
2025-10-03 19:20:00,Uno M404,0.0,0.0,0.0,0.0,0.085,0.0,0.013009999999999999,0.00011999999999999999,0.0,0.0,0.0,0.08951,0.0,0.0,0.0,0.0,0.0,0.03667
2025-10-03 19:25:00,Uno M404,0.0,0.0,0.0,0.0,0.0,0.0,0.04219,7.000000000000001e-05,0.0,0.0,0.0,0.004690000000000001,0.0,0.0,0.0,0.0,0.0,0.06581999999999999
2025-10-03 19:30:00,Uno M404,0.0,0.0,0.0,0.0,0.0,0.0,0.04212,2e-05,0.0,0.0,0.0,0.0045,0.0,0.0,0.0,0.0,0.0,0.06572
2025-10-03 19:35:00,Uno M404,0.0069900000000000006,0.0,0.0,0.0,0.0,0.0,0.047200000000000006,8.999999999999999e-05,0.0,0.0061200000000000004,0.0,0.0048,0.0,0.0,0.0,0.0,0.0,0.0708
2025-10-03 19:40:00,Uno M404,0.0,0.0,0.0,0.0,0.0,0.0,0.04206,8.999999999999999e-05,0.0,0.0,0.0,0.01151,0.0,0.0,0.0,0.0,0.0,0.06584000000000001
2025-10-03 19:45:00,Uno M404,0.0,0.0,0.0,0.0,0.0,0.0,0.11563,7.000000000000001e-05,0.0,0.0,0.0,0.01139,0.0,0.0,0.0,0.0,0.0,0.13913999999999999
2025-10-03 19:50:00,Uno M404,0.0,0.0,0.0,0.0,0.0,0.0,0.1145,0.00032,0.0,0.0,0.0,0.01157,0.0,0.0,0.0,0.0,0.0,0.13842
2025-10-03 19:55:00,Uno M404,0.0,0.0,0.0,0.0,0.0,0.0,0.11311,0.0005899999999999999,0.0,0.0,0.0,0.01124,0.0,0.0,0.0,0.0,0.0,0.13693
2025-10-03 20:00:00,Uno M404,0.0,0.0,0.0,0.0,0.1017,0.0,0.11498,0.00022,0.0,0.0,0.0,0.11268,0.0,0.0,0.0,0.0,0.0,0.13877
2025-10-03 20:05:00,Uno M404,0.0,0.0,0.0,0.0,0.08731,0.0,0.11288,0.00029,0.0,0.0,0.0,0.09838,0.0,0.0,0.0,0.0,0.0,0.13663999999999998
2025-10-03 20:10:00,Uno M404,0.0,0.0,0.0,0.0,0.0,0.0,0.11325,0.00065,0.0,0.0,0.0,0.011519999999999999,0.0,0.0,0.0,0.0,0.0,0.13705
2025-10-03 20:15:00,Uno M404,0.0,0.0,0.0,0.0,0.0,0.0,0.11293,0.00023999999999999998,0.0,0.0,0.0,0.011689999999999999,0.0,0.0,0.0,0.0,0.0,0.13686
2025-10-03 20:20:00,Uno M404,0.0,0.0,0.0,0.0,0.0,0.0,0.11394,0.00035999999999999997,0.0,0.0,0.0,0.011630000000000001,0.0,0.0,0.0,0.0,0.0,0.13781000000000002
2025-10-03 20:25:00,Uno M404,0.0,0.0,0.0,0.0,0.0,0.0,0.11370000000000001,0.00011999999999999999,0.0,0.0,0.0,0.01114,0.0,0.0,0.0,0.0,0.0,0.13756000000000002
2025-10-03 20:30:00,Uno M404,0.0,0.0,0.0,0.0,0.0,0.0,0.11431000000000001,0.00028000000000000003,0.0,0.0,0.0,0.01105,0.0,0.0,0.0,0.0,0.0,0.1381
2025-10-03 20:35:00,Uno M404,0.0,0.0,0.0,0.0,0.0,0.0,0.11392000000000001,0.00033,0.0,0.0,0.0,0.011460000000000001,0.0,0.0,0.0,0.0,0.0,0.13788
2025-10-03 20:40:00,Uno M404,0.0,0.0,0.0,0.0,0.0,0.0,0.11331999999999999,0.00035,0.0,0.0,0.0,0.01104,0.0,0.0,0.0,0.0,0.0,0.13713999999999998
2025-10-03 20:45:00,Uno M404,0.0,0.0,0.0,0.0,0.10577,0.0,0.11481999999999999,0.00028000000000000003,0.0,0.0,0.0,0.11721,0.0,0.0,0.0,0.0,0.0,0.13879
2025-10-03 20:50:00,Uno M404,0.0,0.0,0.0,0.0,0.08922,0.0,0.1139,0.00086,0.0,0.0,0.0,0.09993,0.0,0.0,0.0,0.0,0.0,0.13776
2025-10-03 20:55:00,Uno M404,0.0,0.0,0.0,0.0,0.0,0.0,0.11461,0.0002,0.0,0.0,0.0,0.01132,0.0,0.0,0.0,0.0,0.0,0.13836
2025-10-03 21:00:00,Uno M404,0.0,0.0,0.0,0.0,0.0,0.0,0.1151,5.9999999999999995e-05,0.0,0.0,0.0,0.01129,0.0,0.0,0.0,0.0,0.0,0.13882
2025-10-03 21:05:00,Uno M404,0.0,0.0,0.0,0.0,0.0,0.0,0.11424,7.000000000000001e-05,0.0,0.0,0.0,0.011210000000000001,0.0,0.0,0.0,0.0,0.0,0.13803
2025-10-03 21:10:00,Uno M404,0.0,0.0,0.0,0.0,0.0,0.0,0.11429,0.00019,0.0,0.0,0.0,0.011439999999999999,0.0,0.0,0.0,0.0,0.0,0.13812
2025-10-03 21:15:00,Uno M404,0.0,0.0,0.0,0.0,0.0,0.0,0.11451,5e-05,0.0,0.0,0.0,0.0115,0.0,0.0,0.0,0.0,0.0,0.13825
2025-10-03 21:20:00,Uno M404,0.0,0.0,0.0,0.0,0.0,0.0,0.11503000000000001,2e-05,0.0,0.0,0.0,0.01159,0.0,0.0,0.0,0.0,0.0,0.13883
2025-10-03 21:25:00,Uno M404,0.0,0.0,0.0,0.0,0.0,0.0,0.11404,0.00017999999999999998,0.0,0.0,0.0,0.01125,0.0,0.0,0.0,0.0,0.0,0.13775
2025-10-03 21:30:00,Uno M404,0.0,0.0,0.0,0.0,0.0,0.0,0.11144,1e-05,0.0,0.0,0.0,0.01114,0.0,0.0,0.0,0.0,0.0,0.13512000000000002
2025-10-03 21:35:00,Uno M404,0.0,0.0,0.0,0.0,0.09267,0.0,0.11294,0.00031,0.0,0.0,0.0,0.10354000000000001,0.0,0.0,0.0,0.0,0.0,0.13688999999999998
2025-10-03 21:40:00,Uno M404,0.0,0.0,0.0,0.0,0.08292000000000001,0.0,0.08320999999999999,0.00026000000000000003,0.0,0.0,0.0,0.09429000000000001,0.0,0.0,0.0,0.0,0.0,0.10719
2025-10-03 21:45:00,Uno M404,0.0,0.0,0.0,0.0,0.0,0.0,0.08272,0.00014000000000000001,0.0,0.0,0.0,0.01126,0.0,0.0,0.0,0.0,0.0,0.10645
2025-10-03 21:50:00,Uno M404,0.00731,0.0,0.0,0.0,0.0,0.0,0.08245999999999999,0.00016,0.0,0.006059999999999999,0.0,0.011439999999999999,0.0,0.0,0.0,0.0,0.0,0.10645
2025-10-03 21:55:00,Uno M404,0.0,0.0,0.0,0.0,0.0,0.0,0.08441,0.00017999999999999998,0.0,0.0,0.0,0.010960000000000001,0.0,0.0,0.0,0.0,0.0,0.1083
2025-10-03 22:00:00,Uno M404,0.0,0.0,0.0,0.0,0.0,0.0,0.08428000000000001,0.00047999999999999996,0.0,0.0,0.0,0.010960000000000001,0.0,0.0,0.0,0.0,0.0,0.10814
2025-10-03 22:05:00,Uno M404,0.0,0.0,0.0,0.0,0.0,0.0,0.08294,0.0002,0.0,0.0,0.0,0.01109,0.0,0.0,0.0,0.0,0.0,0.10678
2025-10-03 22:10:00,Uno M404,0.0,0.0,0.0,0.0,0.0,0.0,0.08131999999999999,0.0002,0.0,0.0,0.0,0.01122,0.0,0.0,0.0,0.0,0.0,0.10532
2025-10-03 22:15:00,Uno M404,0.0,0.0,0.0,0.0,0.0,0.0,0.08483,0.00022,0.0,0.0,0.0,0.01123,0.0,0.0,0.0,0.0,0.0,0.10884
2025-10-03 22:20:00,Uno M404,0.0,0.0,0.0,0.0,0.09801,0.0,0.0842,0.00013000000000000002,0.0,0.0,0.0,0.10906,0.0,0.0,0.0,0.0,0.0,0.10825
2025-10-03 22:25:00,Uno M404,0.0,0.0,0.0,0.0,0.08487,0.0,0.08343,0.00014000000000000001,0.0,0.0,0.0,0.09548000000000001,0.0,0.0,0.0,0.0,0.0,0.10739
2025-10-03 22:30:00,Uno M404,0.0,0.0,0.0,0.0,0.0,0.0,0.08373,0.00014000000000000001,0.0,0.0,0.0,0.01145,0.0,0.0,0.0,0.0,0.0,0.10773
2025-10-03 22:35:00,Uno M404,0.0,0.0,0.0,0.0,0.0,0.0,0.08273,0.00014000000000000001,0.0,0.0,0.0,0.011460000000000001,0.0,0.0,0.0,0.0,0.0,0.10667
2025-10-03 22:40:00,Uno M404,0.0,0.0,0.0,0.0,0.0,0.0,0.08184999999999999,0.00023999999999999998,0.0,0.0,0.0,0.01108,0.0,0.0,0.0,0.0,0.0,0.10585
2025-10-03 22:45:00,Uno M404,0.0,0.0,0.0,0.0,0.0,0.0,0.08158,0.00035999999999999997,0.0,0.0,0.0,0.011179999999999999,0.0,0.0,0.0,0.0,0.0,0.10562
2025-10-03 22:50:00,Uno M404,0.0,0.0,0.0,0.0,0.0,0.0,0.08247,0.00032,0.0,0.0,0.0,0.01158,0.0,0.0,0.0,0.0,0.0,0.10640000000000001
2025-10-03 22:55:00,Uno M404,0.0,0.0,0.0,0.0,0.0,0.0,0.11303,0.00035,0.0,0.0,0.0,0.011380000000000001,0.0,0.0,0.0,0.0,0.0,0.13696
2025-10-03 23:00:00,Uno M404,0.0069900000000000006,0.0,0.0,0.0,0.0,0.0,0.11318,0.00041999999999999996,0.0,0.00594,0.0,0.01097,0.0,0.0,0.0,0.0,0.0,0.13691
2025-10-03 23:05:00,Uno M404,0.00687,0.0,0.0,0.0,0.10234,0.0,0.17143,0.00013000000000000002,0.0,0.0057599999999999995,0.0,0.11366,0.0,0.0,0.01019,0.0,0.0,0.20635
2025-10-03 23:10:00,Uno M404,0.00657,0.0,0.0,0.0,0.08653,0.0,0.16047999999999998,0.00069,0.0,0.005809999999999999,0.0,0.09714,0.0,3.2757899999999998,0.0101,0.0,0.0,3.4707800000000004
2025-10-03 23:15:00,Uno M404,0.00654,0.0,0.0,0.0,0.0,0.0,0.14928,0.00114,0.0,0.00588,0.0,0.01077,0.0,3.2913699999999997,0.01025,0.0,0.0,3.47538
2025-10-03 23:20:00,Uno M404,0.00654,0.0,0.0,0.0,0.0,0.0,0.14164,0.00098,0.0,0.00592,0.0,0.01081,0.0,3.2878499999999997,0.01022,0.0,0.0,3.46403
2025-10-03 23:25:00,Uno M404,0.006860000000000001,0.0,0.0,0.0,0.0,0.0,0.13821,0.00027,0.0,0.0058,0.0,0.011640000000000001,0.0,0.0,0.01059,0.0,0.0,0.17328
2025-10-03 23:30:00,Uno M404,0.00701,0.0,0.0,0.0,0.0,0.0,0.13183,5e-05,0.0,0.00597,0.0,0.0114,0.0,0.0,0.0,0.0,0.0,0.20151
2025-10-03 23:35:00,Uno M404,0.0069900000000000006,0.0,0.0,0.0,0.0,0.0,0.12912,5e-05,0.0,0.0059900000000000005,0.0,0.01159,0.0,0.0,0.0,0.0,0.0,0.19905
2025-10-03 23:40:00,Uno M404,0.00701,0.0,0.0,0.0,0.0,0.0,0.1288,0.0,0.0,0.00594,0.0,0.01185,0.0,0.0,0.0,0.0,0.0,0.19816
2025-10-03 23:45:00,Uno M404,0.007030000000000001,0.0,0.0,0.0,0.0,0.0,0.12968000000000002,8.999999999999999e-05,0.0,0.005849999999999999,0.0,0.011779999999999999,0.0,0.0,0.0,0.0,0.0,0.19944
2025-10-03 23:50:00,Uno M404,0.00697,0.0,0.0,0.0,0.0,0.0,0.12787,0.0,0.0,0.00587,0.0,0.01201,0.0,0.0,0.0,0.0,0.0,0.19716
2025-10-03 23:55:00,Uno M404,0.00705,0.0,0.0,0.0,0.09172,0.0,0.12781,0.00015,0.0,0.005900000000000001,0.0,0.10984000000000001,0.0,0.0,0.0,0.0,0.0,0.19786
2025-10-04 00:00:00,Uno M404,0.0070599999999999994,0.0,0.0,0.0,0.08195000000000001,0.0,0.12838,0.00026000000000000003,0.0,0.00588,0.0,0.09406999999999999,0.0,0.0,0.0,0.0,0.0,0.1769
2025-10-04 00:05:00,Uno M404,0.00704,0.0,0.0,0.0,0.0,0.0,0.12772,1e-05,0.0,0.00587,0.0,0.011619999999999998,0.0,0.0,0.0,0.0,0.0,0.17654
2025-10-04 00:10:00,Uno M404,0.00707,0.0,0.0,0.0,0.0,0.0,0.0,0.0,0.0,0.005860000000000001,0.0,0.01192,0.0,0.0,0.0,0.0,0.0,0.047869999999999996
2025-10-04 00:15:00,Uno M404,0.0,0.0,0.0,0.0,0.0,0.0,0.0,0.0,0.0,0.0,0.0,0.01184,0.0,0.0,0.0,0.0,0.0,0.046700000000000005
2025-10-04 00:20:00,Uno M404,0.0,0.0,0.0,0.0,0.0,0.0,0.0,5.9999999999999995e-05,0.0,0.0,0.0,0.01174,0.0,0.0,0.0,0.0,0.0,0.04672
2025-10-04 00:25:00,Uno M404,0.0,0.0,0.0,0.0,0.0,0.0,0.0,0.00011999999999999999,0.0,0.0,0.0,0.01177,0.0,0.0,0.0,0.0,0.0,0.046590000000000006
2025-10-04 00:30:00,Uno M404,0.0,0.0,0.0,0.0,0.0,0.0,0.0,5.9999999999999995e-05,0.0,0.0,0.0,0.011789999999999998,0.0,0.0,0.0,0.0,0.0,0.046579999999999996
2025-10-04 00:35:00,Uno M404,0.0,0.0,0.0,0.0,0.0,0.0,0.055630000000000006,0.0,0.0,0.0,0.0,0.011949999999999999,0.0,0.0,0.0,0.0,0.0,0.10342
2025-10-04 00:40:00,Uno M404,0.0,0.0,0.0,0.0,0.09992,0.0,0.12807,0.0,0.0,0.0,0.0,0.11158,0.0,0.0,0.0,0.0,0.0,0.17604
2025-10-04 00:45:00,Uno M404,0.0,0.0,0.0,0.0,0.08541,0.0,0.09891,4e-05,0.0,0.0,0.0,0.09758,0.0,0.0,0.0,0.0,0.0,0.14712
2025-10-04 00:50:00,Uno M404,0.0,0.0,0.0,0.0,0.0,0.0,0.09620999999999999,2e-05,0.0,0.0,0.0,0.01174,0.0,0.0,0.0,0.0,0.0,0.14452
2025-10-04 00:55:00,Uno M404,0.0,0.0,0.0,0.0,0.0,0.0,0.09704,7.000000000000001e-05,0.0,0.0,0.0,0.011699999999999999,0.0,0.0,0.0,0.0,0.0,0.14559
2025-10-04 01:00:00,Uno M404,0.0,0.0,0.0,0.0,0.0,0.0,0.09672,0.00011999999999999999,0.0,0.0,0.0,0.01165,0.0,0.0,0.0,0.0,0.0,0.14524
2025-10-04 01:05:00,Uno M404,0.0,0.0,0.0,0.0,0.0,0.0,0.09756999999999999,4e-05,0.0,0.0,0.0,0.01194,0.0,0.0,0.0,0.0,0.0,0.14634
2025-10-04 01:10:00,Uno M404,0.0,0.0,0.0,0.0,0.0,0.0,0.09679,5e-05,0.0,0.0,0.0,0.01151,0.0,0.0,0.0,0.0,0.0,0.14572
2025-10-04 01:15:00,Uno M404,0.0,0.0,0.0,0.0,0.0,0.0,0.09709000000000001,8.999999999999999e-05,0.0,0.0,0.0,0.011519999999999999,0.0,0.0,0.0,0.0,0.0,0.14593
2025-10-04 01:20:00,Uno M404,0.0,0.0,0.0,0.0,0.0,0.0,0.12523,2e-05,0.0,0.0,0.0,0.011519999999999999,0.0,0.0,0.0,0.0,0.0,0.17335
2025-10-04 01:25:00,Uno M404,0.0,0.0,0.0,0.0,0.0,0.0,0.12664,0.00014000000000000001,0.0,0.0,0.0,0.01177,0.0,0.0,0.0,0.0,0.0,0.17482
2025-10-04 01:30:00,Uno M404,0.0,0.0,0.0,0.0,0.09206,0.0,0.12469,0.00025,0.0,0.0,0.0,0.10401,0.0,0.0,0.0,0.0,0.0,0.17309
2025-10-04 01:35:00,Uno M404,0.0,0.0,0.0,0.0,0.08244,0.0,0.12659,2e-05,0.0,0.0,0.0,0.09355,0.0,0.0,0.0,0.0,0.0,0.17502
2025-10-04 01:40:00,Uno M404,0.0,0.0,0.0,0.0,0.0,0.0,0.12746,8.999999999999999e-05,0.0,0.0,0.0,0.01143,0.0,0.0,0.0,0.0,0.0,0.17587
2025-10-04 01:45:00,Uno M404,0.0,0.0,0.0,0.0,0.0,0.0,0.12769,7.000000000000001e-05,0.0,0.0,0.0,0.01149,0.0,0.0,0.0,0.0,0.0,0.17599
2025-10-04 01:50:00,Uno M404,0.0,0.0,0.0,0.0,0.0,0.0,0.1288,0.00011,0.0,0.0,0.0,0.01119,0.0,0.0,0.0,0.0,0.0,0.17725
2025-10-04 01:55:00,Uno M404,0.0,0.0,0.0,0.0,0.0,0.0,0.12813999999999998,2e-05,0.0,0.0,0.0,0.01129,0.0,0.0,0.0,0.0,0.0,0.17675
2025-10-04 02:00:00,Uno M404,0.0,0.0,0.0,0.0,0.0,0.0,0.12524,4e-05,0.0,0.0,0.0,0.01126,0.0,0.0,0.0,0.0,0.0,0.17402
2025-10-04 02:05:00,Uno M404,0.0,0.0,0.0,0.0,0.0,0.0,0.09913,0.00035,0.0,0.0,0.0,0.01122,0.0,0.0,0.0,0.0,0.0,0.14781
2025-10-04 02:10:00,Uno M404,0.0,0.0,0.0,0.0,0.0,0.0,0.09644,5.9999999999999995e-05,0.0,0.0,0.0,0.01123,0.0,0.0,0.0,0.0,0.0,0.14473
2025-10-04 02:15:00,Uno M404,0.0,0.0,0.0,0.0,0.10215,0.0,0.09520999999999999,0.00019,0.0,0.0,0.0,0.11319,0.0,0.0,0.0,0.0,0.0,0.14398
2025-10-04 02:20:00,Uno M404,0.0,0.0,0.0,0.0,0.08726,0.0,0.0,5.9999999999999995e-05,0.0,0.0,0.0,0.09817000000000001,0.0,0.0,0.0,0.0,0.0,0.04757
2025-10-04 02:25:00,Uno M404,0.0,0.0,0.0,0.0,0.0,0.0,0.0,0.00011,0.0,0.0,0.0,0.01105,0.0,0.0,0.0,0.0,0.0,0.04772
2025-10-04 02:30:00,Uno M404,0.0,0.0,0.0,0.0,0.0,0.0,0.0,5.9999999999999995e-05,0.0,0.0,0.0,0.011,0.0,0.0,0.0,0.0,0.0,0.047659999999999994
2025-10-04 02:35:00,Uno M404,0.0,0.0,0.0,0.0,0.0,0.0,0.0,5e-05,0.0,0.0,0.0,0.01108,0.0,0.0,0.0,0.0,0.0,0.04746
2025-10-04 02:40:00,Uno M404,0.0,0.0,0.0,0.0,0.0,0.0,0.0,0.00029,0.0,0.0,0.0,0.01139,0.0,0.0,0.0,0.0,0.0,0.04752
2025-10-04 02:45:00,Uno M404,0.0,0.0,0.0,0.0,0.0,0.0,0.0,0.00051,0.0,0.0,0.0,0.01098,0.0,0.0,0.0,0.0,0.0,0.04772
2025-10-04 02:50:00,Uno M404,0.0,0.0,0.0,0.0,0.0,0.0,0.0,0.00035999999999999997,0.0,0.0,0.0,0.01124,0.0,0.0,0.0,0.0,0.0,0.047729999999999995
2025-10-04 02:55:00,Uno M404,0.0,0.0,0.0,0.0,0.0,0.0,0.0,0.0002,0.0,0.0,0.0,0.01115,0.0,0.0,0.0,0.0,0.0,0.04782
2025-10-04 03:00:00,Uno M404,0.0,0.0,0.0,0.0,0.0,0.0,0.0,0.00011,0.0,0.0,0.0,0.01105,0.0,0.0,0.0,0.0,0.0,0.04789
2025-10-04 03:05:00,Uno M404,0.0,0.0,0.0,0.0,0.09706000000000001,0.0,0.0,0.00015,0.0,0.0,0.0,0.1077,0.0,0.0,0.0,0.0,0.0,0.04777
2025-10-04 03:10:00,Uno M404,0.0,0.0,0.0,0.0,0.08444,0.0,0.0,0.00017999999999999998,0.0,0.0,0.0,0.09534000000000001,0.0,0.0,0.0,0.0,0.0,0.04764
2025-10-04 03:15:00,Uno M404,0.0,0.0,0.0,0.0,0.0,0.0,0.0,0.00015,0.0,0.0,0.0,0.01129,0.0,0.0,0.0,0.0,0.0,0.04772
2025-10-04 03:20:00,Uno M404,0.0,0.0,0.0,0.0,0.0,0.0,0.0,0.00028000000000000003,0.0,0.0,0.0,0.01089,0.0,0.0,0.0,0.0,0.0,0.04789
2025-10-04 03:25:00,Uno M404,0.0,0.0,0.0,0.0,0.0,0.0,0.0,0.00035,0.0,0.0,0.0,0.0108,0.0,0.0,0.0,0.0,0.0,0.048100000000000004
2025-10-04 03:30:00,Uno M404,0.0,0.0,0.0,0.0,0.0,0.0,0.0,0.00015,0.0,0.0,0.0,0.01087,0.0,0.0,0.0,0.0,0.0,0.04802
2025-10-04 03:35:00,Uno M404,0.0,0.0,0.0,0.0,0.0,0.0,0.0,0.00028000000000000003,0.0,0.0,0.0,0.01128,0.0,0.0,0.0,0.0,0.0,0.047799999999999995
2025-10-04 03:40:00,Uno M404,0.0,0.0,0.0,0.0,0.0,0.0,0.0,0.00023999999999999998,0.0,0.0,0.0,0.01097,0.0,0.0,0.0,0.0,0.0,0.04815
2025-10-04 03:45:00,Uno M404,0.0,0.0,0.0,0.0,0.0,0.0,0.0,0.00026000000000000003,0.0,0.0,0.0,0.01087,0.0,0.0,0.0,0.0,0.0,0.048060000000000005
2025-10-04 03:50:00,Uno M404,0.0,0.0,0.0,0.0,0.0,0.0,0.0,0.00034,0.0,0.0,0.0,0.01104,0.0,0.0,0.0,0.0,0.0,0.04813
2025-10-04 03:55:00,Uno M404,,0.0,,,0.09148,0.0,0.0,,,,0.0,0.10233,0.0,0.0,0.0,0.0,0.0,0.04851
2025-10-04 04:00:00,Uno M404,0.0,,0.0,0.0,,,,0.00056,0.0,0.0,,,,,,,,
2025-10-04 04:05:00,Uno M404,0.0,0.0,0.0,0.0,0.0,0.0,0.0,0.0015,0.0,0.0,0.0,0.06675,0.0,0.0,0.0,0.0,0.0,0.29046
2025-10-04 04:10:00,Uno M404,0.0,0.0,0.0,0.0,0.0,0.0,0.0,0.00066,0.0,0.0,0.0,0.02196,0.0,0.0,0.0,0.0,0.0,0.09642
2025-10-04 04:15:00,Uno M404,0.0,0.0,0.0,0.0,0.0,0.0,0.0,0.00046,0.0,0.0,0.0,0.0111,0.0,0.0,0.0,0.0,0.0,0.0482
2025-10-04 04:20:00,Uno M404,0.0,0.0,0.0,0.0,0.0,0.0,0.0,0.00011999999999999999,0.0,0.0,0.0,0.01094,0.0,0.0,0.0,0.0,0.0,0.04811
2025-10-04 04:25:00,Uno M404,0.0,0.0,0.0,0.0,0.0,0.0,0.0,0.00013000000000000002,0.0,0.0,0.0,0.01094,0.0,0.0,0.0,0.0,0.0,0.048299999999999996
2025-10-04 04:30:00,Uno M404,0.0,0.0,0.0,0.0,0.0,0.0,0.0,0.00026000000000000003,0.0,0.0,0.0,0.0109,0.0,0.0,0.0,0.0,0.0,0.04813
2025-10-04 04:35:00,Uno M404,0.0,0.0,0.0,0.0,0.0,0.0,0.0,0.00016,0.0,0.0,0.0,0.01115,0.0,0.0,0.0,0.0,0.0,0.048229999999999995
2025-10-04 04:40:00,Uno M404,0.0,0.0,0.0,0.0,0.10479000000000001,0.0,0.0,0.00038,0.0,0.0,0.0,0.11539,0.0,0.0,0.0,0.0,0.0,0.04821
2025-10-04 04:45:00,Uno M404,0.0,0.0,0.0,0.0,0.08786,0.0,0.0,0.00019,0.0,0.0,0.0,0.09828,0.0,0.0,0.0,0.0,0.0,0.048240000000000005
2025-10-04 04:50:00,Uno M404,0.0,0.0,0.0,0.0,0.0,0.0,0.0,0.00031,0.0,0.0,0.0,0.01084,0.0,0.0,0.0,0.0,0.0,0.04803
2025-10-04 04:55:00,Uno M404,0.0,0.0,0.0,0.0,0.0,0.0,0.0,0.00029,0.0,0.0,0.0,0.01081,0.0,0.0,0.0,0.0,0.0,0.0479
2025-10-04 05:00:00,Uno M404,0.0,0.0,0.0,0.0,0.0,0.0,0.0,0.00049,0.0,0.0,0.0,0.01097,0.0,0.0,0.0,0.0,0.0,0.04783
2025-10-04 05:05:00,Uno M404,0.0,0.0,0.0,0.0,0.0,0.0,0.0,0.00028000000000000003,0.0,0.0,0.0,0.01091,0.0,0.0,0.0,0.0,0.0,0.047420000000000004
2025-10-04 05:10:00,Uno M404,0.0,0.0,0.0,0.0,0.0,0.0,0.0,0.00019,0.0,0.0,0.0,0.01087,0.0,0.0,0.0,0.0,0.0,0.047130000000000005
2025-10-04 05:15:00,Uno M404,0.0,0.0,0.0,0.0,0.0,0.0,0.0,0.00011999999999999999,0.0,0.0,0.0,0.01097,0.0,0.0,0.0,0.0,0.0,0.04722
2025-10-04 05:20:00,Uno M404,0.0,0.0,0.0,0.0,0.0,0.0,0.0,0.00026000000000000003,0.0,0.0,0.0,0.01091,0.0,0.0,0.0,0.0,0.0,0.04708
2025-10-04 05:25:00,Uno M404,0.0,0.0,0.0,0.0,0.0,0.0,0.0,0.0002,0.0,0.0,0.0,0.01109,0.0,0.0,0.0,0.0,0.0,0.04672
2025-10-04 05:30:00,Uno M404,0.0,0.0,0.0,0.0,0.09772,0.0,0.0,0.0004,0.0,0.0,0.0,0.1085,0.0,0.0,0.0,0.0,0.0,0.046950000000000006
2025-10-04 05:35:00,Uno M404,0.0,0.0,0.0,0.0,0.08459,0.0,0.0,7.000000000000001e-05,0.0,0.0,0.0,0.09525,0.0,0.0,0.0,0.0,0.0,0.046340000000000006
2025-10-04 05:40:00,Uno M404,0.0,0.0,0.0,0.0,0.0,0.0,0.0,0.00016,0.0,0.0,0.0,0.01115,0.0,0.0,0.0,0.0,0.0,0.046619999999999995
2025-10-04 05:45:00,Uno M404,0.0,0.0,0.0,0.0,0.0,0.0,0.0,8e-05,0.0,0.0,0.0,0.01084,0.0,0.0,0.0,0.0,0.0,0.046270000000000006
2025-10-04 05:50:00,Uno M404,0.0,0.0,0.0,0.0,0.0,0.0,0.0,0.00041,0.0,0.0,0.0,0.01087,0.0,0.0,0.0,0.0,0.0,0.04628
2025-10-04 05:55:00,Uno M404,0.0,0.0,0.0,0.0,0.0,0.0,0.0,0.00025,0.0,0.0,0.0,0.01083,0.0,0.0,0.0,0.0,0.0,0.04678
2025-10-04 06:00:00,Uno M404,0.0,0.0,0.0,0.0,0.0,0.0,0.0,0.00025,0.0,0.0,0.0,0.01081,0.0,0.0,0.0,0.0,0.0,0.047270000000000006
2025-10-04 06:05:00,Uno M404,0.0,0.0,0.0,0.0,0.0,0.0,0.0,0.00051,0.0,0.0,0.0,0.01097,0.0,0.0,0.0,0.0,0.0,0.0469
2025-10-04 06:10:00,Uno M404,0.0,0.0,0.0,0.0,0.0,0.0,0.0,0.00013000000000000002,0.0,0.0,0.0,0.01076,0.0,0.0,0.0,0.0,0.0,0.04689
2025-10-04 06:15:00,Uno M404,0.0,0.0,0.0,0.0,0.0,0.0,0.0,0.00025,0.0,0.0,0.0,0.01077,0.0,0.0,0.0,0.0,0.0,0.04703
2025-10-04 06:20:00,Uno M404,0.0,0.0,0.0,0.0,0.09119,0.0,0.0,0.00034,0.0,0.0,0.0,0.10215,0.0,0.0,0.0,0.0,0.0,0.046259999999999996
2025-10-04 06:25:00,Uno M404,0.0,0.0,0.0,0.0,0.0,0.0,0.0,0.00011999999999999999,0.0,0.0,0.0,0.01093,0.0,0.0,0.0,0.0,0.0,0.045950000000000005
2025-10-04 06:30:00,Uno M404,0.0,0.0,0.0,0.0,0.0,0.0,0.0,0.00014000000000000001,0.0,0.0,0.0,0.01116,0.0,0.0,0.0,0.0,0.0,0.04589
2025-10-04 06:35:00,Uno M404,0.0,0.0,0.0,0.0,0.0,0.0,0.0,4e-05,0.0,0.0,0.0,0.010960000000000001,0.0,0.0,0.0,0.0,0.0,0.045689999999999995
2025-10-04 06:40:00,Uno M404,0.0,0.0,0.0,0.0,0.0,0.0,0.0,0.00011,0.0,0.0,0.0,0.01102,0.0,0.0,0.0,0.0,0.0,0.0458
2025-10-04 06:45:00,Uno M404,0.0,0.0,0.0,0.0,0.0,0.0,0.0,0.0002,0.0,0.0,0.0,0.01081,0.0,0.0,0.0,0.0,0.0,0.0458
2025-10-04 06:50:00,Uno M404,0.0,0.0,0.0,0.0,0.0,0.0,0.0,0.00017999999999999998,0.0,0.0,0.0,0.01122,0.0,0.0,0.0,0.0,0.0,0.045880000000000004
2025-10-04 06:55:00,Uno M404,0.0,0.0,0.0,0.0,0.0,0.0,-1e-05,0.00027,0.0,0.0,0.0,0.01102,0.0,0.0,0.0,0.0,0.0,0.04589
2025-10-04 07:00:00,Uno M404,0.0,0.0,0.0,0.0,0.0,0.0,0.0,0.00013000000000000002,0.0,0.0,0.0,0.01088,0.0,0.0,0.0,0.0,0.0,0.045579999999999996
2025-10-04 07:05:00,Uno M404,0.0,0.0,0.0,0.0,0.10296999999999999,0.0,0.0,8.999999999999999e-05,0.0,0.0,0.0,0.11364,0.0,0.0,0.0,0.0,0.0,0.045399999999999996
2025-10-04 07:10:00,Uno M404,0.0,0.0,0.0,0.0,0.08639,0.0,0.0,5.9999999999999995e-05,0.0,0.0,0.0,0.09726,0.0,0.0,0.0,0.0,0.0,0.04514
2025-10-04 07:15:00,Uno M404,0.0,0.0,0.0,0.0,0.0,0.0,0.0,5e-05,0.0,0.0,0.0,0.010960000000000001,0.0,0.0,0.0,0.0,0.0,0.045020000000000004
2025-10-04 07:20:00,Uno M404,0.0,0.0,0.0,0.0,0.0,0.0,0.0,0.00028000000000000003,0.0,0.0,0.0,0.01075,0.0,0.0,0.0,0.0,0.0,0.045219999999999996
2025-10-04 07:25:00,Uno M404,0.0,0.0,0.0,0.0,0.0,0.0,0.0,0.00026000000000000003,0.0,0.0,0.0,0.01081,0.0,0.0,0.0,0.0,0.0,0.045689999999999995
2025-10-04 07:30:00,Uno M404,0.0,0.0,0.0,0.0,0.0,0.0,0.0,0.00016,0.0,0.0,0.0,0.01087,0.0,0.0,0.0,0.0,0.0,0.04555
2025-10-04 07:35:00,Uno M404,0.0,0.0,0.0,0.0,0.0,0.0,0.0,0.00023999999999999998,0.0,0.0,0.0,0.01084,0.0,0.0,0.0,0.0,0.0,0.0458
2025-10-04 07:40:00,Uno M404,0.0,0.0,0.0,0.0,0.0,0.0,0.0,0.00025,0.0,0.0,0.0,0.011009999999999999,0.0,0.0,0.0,0.0,0.0,0.04573
2025-10-04 07:45:00,Uno M404,0.0,0.0,0.0,0.0,0.0,0.0,0.0,0.00016,0.0,0.0,0.0,0.01102,0.0,0.0,0.0,0.0,0.0,0.04579
2025-10-04 07:50:00,Uno M404,0.0,0.0,0.0,0.0,0.0,0.0,0.0,0.00031,0.0,0.0,0.0,0.01074,0.0,0.0,0.0,0.0,0.0,0.04618
2025-10-04 07:55:00,Uno M404,0.0,0.0,0.0,0.0,0.09793,0.0,0.0,0.00035,0.0,0.0,0.0,0.10826000000000001,0.0,0.0,0.0,0.0,0.0,0.04596
2025-10-04 08:00:00,Uno M404,0.0,0.0,0.0,0.0,0.08381999999999999,0.0,0.0,4e-05,0.0,0.0,0.0,0.09431,0.0,0.0,0.0,0.0,0.0,0.046
2025-10-04 08:05:00,Uno M404,0.0,0.0,0.0,0.0,0.0,0.0,0.0,0.0007099999999999999,0.0,0.0,0.0,0.01081,0.0,0.0,0.0,0.0,0.0,0.04592
2025-10-04 08:10:00,Uno M404,0.0,0.0,0.0,0.0,0.0,0.0,0.0,0.00032,0.0,0.0,0.0,0.01069,0.0,0.0,0.0,0.0,0.0,0.046049999999999994
2025-10-04 08:15:00,Uno M404,0.0,0.0,0.0,0.0,0.0,0.0,0.0,0.0002,0.0,0.0,0.0,0.01098,0.0,0.0,0.0,0.0,0.0,0.04568
2025-10-04 08:20:00,Uno M404,0.0,0.0,0.0,0.0,0.0,0.0,0.0,0.00032,0.0,0.0,0.0,0.01072,0.0,0.0,0.0,0.0,0.0,0.04564
2025-10-04 08:25:00,Uno M404,0.0,0.0,0.0,0.0,0.0,0.0,0.0,0.00022,0.0,0.0,0.0,0.01091,0.0,0.0,0.0,0.0,0.0,0.04564
2025-10-04 08:30:00,Uno M404,0.0,0.0,0.0,0.0,0.0,0.0,0.0,0.00033,0.0,0.0,0.0,0.01068,0.0,0.0,0.0,0.0,0.0,0.047049999999999995
2025-10-04 08:35:00,Uno M404,0.0,0.0,0.0,0.0,0.0,0.0,0.0,0.00067,0.0,0.0,0.0,0.01093,0.0,0.0,0.0,0.0,0.0,0.04709000000000001
2025-10-04 08:40:00,Uno M404,0.0,0.0,0.0,0.0,0.0,0.0,0.0,0.00029,0.0,0.0,0.0,0.01061,0.0,0.0,0.0,0.0,0.0,0.047810000000000005
2025-10-04 08:45:00,Uno M404,0.0,0.0,0.0,0.0,0.09311,0.0,0.0,0.00058,0.0,0.0,0.0,0.10327,0.0,0.0,0.0,0.0,0.0,0.04682
2025-10-04 08:50:00,Uno M404,0.0,0.0,0.0,0.0,0.08275,0.0,0.0,0.00034,0.0,0.0,0.0,0.09289,0.0,0.0,0.0,0.0,0.0,0.04734
2025-10-04 08:55:00,Uno M404,0.0,0.0,0.0,0.0,0.0,0.0,0.0,0.00068,0.0,0.0,0.0,0.0108,0.0,0.0,0.009949999999999999,0.0,0.0,0.05701
2025-10-04 09:00:00,Uno M404,0.0,0.0,0.0,0.0,0.0,0.0,0.0,0.00053,0.0,0.0,0.0,0.01066,0.0,0.0,0.0,0.0,0.0,0.046020000000000005
2025-10-04 09:05:00,Uno M404,0.0,0.0,0.0,0.0,0.0,0.0,0.0,0.0005200000000000001,0.0,0.0,0.0,0.01066,0.0,0.0,0.0,0.0,0.0,0.046090000000000006
2025-10-04 09:10:00,Uno M404,0.0,0.0,0.0,0.0,0.0,0.0,0.0,0.00026000000000000003,0.0,0.0,0.0,0.0109,0.0,0.0,0.0,0.0,0.0,0.04574
2025-10-04 09:15:00,Uno M404,0.0,0.0,0.0,0.0,0.0,0.0,0.0,0.00027,0.0,0.0,0.0,0.01076,0.0,0.0,0.0,0.0,0.0,0.04562
2025-10-04 09:20:00,Uno M404,0.0,0.0,0.0,0.0,0.0,0.0,0.0,0.00055,0.0,0.0,0.0,0.01067,0.0,0.0,0.0,0.0,0.0,0.04566
2025-10-04 09:25:00,Uno M404,0.0,0.0,0.0,0.0,0.0,0.0,0.0,0.00055,0.0,0.0,0.0,0.01086,0.0,0.0,0.0,0.0,0.0,0.046049999999999994
2025-10-04 09:30:00,Uno M404,0.0,0.0,0.0,0.0,0.10593999999999999,0.0,0.0,0.00038,0.0,0.0,0.0,0.11679,0.0,0.0,0.0,0.0,0.0,0.04586
2025-10-04 09:35:00,Uno M404,0.0,0.0,0.0,0.0,0.08818000000000001,0.0,0.0,0.00028000000000000003,0.0,0.0,0.0,0.09884,0.0,0.0,0.0,0.0,0.0,0.00122
2025-10-04 09:40:00,Uno M404,0.0,0.0,0.0,0.0,0.0,0.0,0.0,0.00064,0.0,0.0,0.0,0.01061,0.0,0.0,0.032850000000000004,0.0,0.0,0.03551
2025-10-04 09:45:00,Uno M404,0.00697,0.0,0.0,0.0,0.0,0.0,0.0,1e-05,0.0,0.00597,0.0,0.01059,0.0,0.0,0.03198,0.0,0.0,0.03463
2025-10-04 09:50:00,Uno M404,0.006900000000000001,0.0,0.0,0.0,0.0,0.0,0.0,0.00031,0.0,0.005849999999999999,0.0,0.01073,0.0,0.0,0.03165,0.0,0.0,0.03437
2025-10-04 09:55:00,Uno M404,0.00687,0.0,0.0,0.0,0.0,0.0,0.0,0.00013000000000000002,0.0,0.00594,0.0,0.01072,0.0,0.0,0.0,0.0,0.0,0.00141
2025-10-04 10:00:00,Uno M404,0.0,0.0,0.0,0.0,0.0,0.0,0.0,0.00047999999999999996,0.0,0.0,0.0,0.03427,0.0,0.0,0.0,0.0,0.0,0.00109
2025-10-04 10:05:00,Uno M404,0.0,0.0,0.0,0.0,0.0,0.0,0.0,0.00055,0.0,0.0,0.0,0.00404,0.0,0.0,0.0,0.0,0.0,0.00155
2025-10-04 10:10:00,Uno M404,0.0,0.0,0.0,0.0,0.0,0.0,0.0,0.00020999999999999998,0.0,0.0,0.0,0.00376,0.0,0.0,0.0,0.0,0.0,0.00121
2025-10-04 10:15:00,Uno M404,0.0,0.0,0.0,0.0,0.0,0.0,0.0,0.00039,0.0,0.0,0.0,0.0039,0.0,0.0,0.0,0.0,0.0,0.0011
2025-10-04 10:20:00,Uno M404,0.0,0.0,0.0,0.0,0.10112,0.0,0.0,0.0002,0.0,0.0,0.0,0.10452,0.0,0.0,0.0,0.0,0.0,0.00083
2025-10-04 10:25:00,Uno M404,0.0,0.0,0.0,0.0,0.08596,0.0,0.0,0.00044,0.0,0.0,0.0,0.08962,0.0,0.0,0.0,0.0,0.0,0.00147
2025-10-04 10:30:00,Uno M404,0.0,0.0,0.0,0.0,0.0,0.0,0.0,0.00065,0.0,0.0,0.0,0.0039700000000000004,0.0,0.0,0.0,0.0,0.0,0.00113
2025-10-04 10:35:00,Uno M404,0.0,0.0,0.0,0.0,0.0,0.0,0.0,0.00074,0.0,0.0,0.0,0.00395,0.0,0.0,0.0,0.0,0.0,0.0007
2025-10-04 10:40:00,Uno M404,0.0,0.0,0.0,0.0,0.0,0.0,0.0,0.00013000000000000002,0.0,0.0,0.0,0.0038599999999999997,0.0,0.0,0.0,0.0,0.0,0.00114
2025-10-04 10:45:00,Uno M404,0.0,0.0,0.0,0.0,0.0,0.0,0.0,0.00044,0.0,0.0,0.0,0.00425,0.0,0.0,0.0,0.0,0.0,0.0012900000000000001
2025-10-04 10:50:00,Uno M404,0.0,0.0,0.0,0.0,0.0,0.0,0.0,0.0002,0.0,0.0,0.0,0.012289999999999999,0.0,0.0,0.0,0.0076500000000000005,0.0,0.00082
2025-10-04 10:55:00,Uno M404,0.0,0.0,0.0,0.0,0.0,0.0,0.0,8e-05,0.0,0.0,0.0,0.012410000000000001,0.0,0.0,0.0,0.0076500000000000005,0.0,0.00127
2025-10-04 11:00:00,Uno M404,0.0,0.0,0.0,0.0,0.0,0.0,0.0,0.00011999999999999999,0.0,0.0,0.0,0.012410000000000001,0.0,0.0,0.0,0.007679999999999999,0.0,0.00155
2025-10-04 11:05:00,Uno M404,0.0,0.0,0.0,0.0,0.0,0.0,0.0,0.00022,0.0,0.0,0.0,0.012119999999999999,0.0,0.0,0.0,0.00756,0.0,0.00074
2025-10-04 11:10:00,Uno M404,0.0,0.0,0.0,0.0,0.11033,0.0,0.0,0.00033,0.0,0.0,0.0,0.12244,0.0,0.0,0.0,0.00764,0.0,0.00075
2025-10-04 11:15:00,Uno M404,0.0,0.0,0.0,0.0,0.09162999999999999,0.0,0.0,0.00013000000000000002,0.0,0.0,0.0,0.1036,0.0,0.0,0.0,0.00756,0.0,0.00086
2025-10-04 11:20:00,Uno M404,0.0,0.0,0.0,0.0,0.08208,0.0,0.0,0.00022,0.0,0.0,0.0,0.09405,0.0,0.0,0.0,0.00757,0.0,0.0009
2025-10-04 11:25:00,Uno M404,0.0,0.0,0.0,0.0,0.0,0.0,0.0,0.00023999999999999998,0.0,0.0,0.0,0.01256,0.0,0.0,0.0,0.00756,0.0,0.0010500000000000002
2025-10-04 11:30:00,Uno M404,0.0,0.0,0.0,0.0,0.0,0.0,0.0,0.00039,0.0,0.0,0.0,0.01264,0.0,0.0,0.0,0.00762,0.0,0.00134
2025-10-04 11:35:00,Uno M404,0.0,0.0,0.0,0.0,0.0,0.0,0.0,0.00035999999999999997,0.0,0.0,0.0,0.01264,0.0,0.0,0.0,0.007549999999999999,0.0,0.00088
2025-10-04 11:40:00,Uno M404,0.0,0.0,0.0,0.0,0.0,0.0,0.0,0.00023999999999999998,0.0,0.0,0.0,0.01248,0.0,0.0,0.0,0.00764,0.0,0.00075
2025-10-04 11:45:00,Uno M404,0.0,0.0,0.0,0.0,0.0,0.0,0.0,0.00015,0.0,0.0,0.0,0.01278,0.0,0.0,0.0,0.00751,0.0,0.00086
2025-10-04 11:50:00,Uno M404,0.0,0.0,0.0,0.0,0.0,0.0,0.0,0.00015,0.0,0.0,0.0,0.01248,0.0,0.0,0.0,0.0076100000000000004,0.0,0.00062
2025-10-04 11:55:00,Uno M404,0.0,0.0,0.0,0.0,0.0,0.0,0.0,0.00068,0.0,0.0,0.0,0.05168,0.0,0.0,0.0,0.03068,0.0,0.00592
2025-10-04 12:00:00,Uno M404,0.0,0.0,0.0,0.0,0.11898,0.0,0.0,0.00011999999999999999,0.0,0.0,0.0,0.13194,0.0,0.0,0.0,0.0076100000000000004,0.0,0.00136
2025-10-04 12:05:00,Uno M404,0.0,0.0,0.0,0.0,0.09114,0.0,0.0,0.00011,0.0,0.0,0.0,0.10348,0.0,0.0,0.0,0.0076,0.0,0.00099
2025-10-04 12:10:00,Uno M404,0.0,0.0,0.0,0.0,0.08164,0.0,0.0,0.00019,0.0,0.0,0.0,0.09429000000000001,0.0,0.0,0.0,0.00757,0.0,0.0010500000000000002
2025-10-04 12:15:00,Uno M404,0.0,0.0,0.0,0.0,5e-05,0.0,0.0,4e-05,0.0,0.0,0.0,0.020989999999999998,0.0,0.0,0.0,0.00771,0.0,0.00117
2025-10-04 12:20:00,Uno M404,0.0,0.0,0.0,0.0,0.0,0.0,0.0,0.00013000000000000002,0.0,0.0,0.0,0.01993,0.0,0.0,0.0,0.00762,0.0,0.0013700000000000001
2025-10-04 12:25:00,Uno M404,0.0,0.0,0.0,0.0,0.0,0.0,0.0,0.00016,0.0,0.0,0.0,0.02027,0.0,0.0,0.0,0.00756,0.0,0.00066
2025-10-04 12:30:00,Uno M404,0.0,0.0,0.0,0.0,0.0,0.0,0.0,0.00067,0.0,0.0,0.0,0.019899999999999998,0.0,0.0,0.0,0.007679999999999999,0.0,0.00095
2025-10-04 12:35:00,Uno M404,0.0,0.0,0.0,0.0,0.0,0.0,0.0,0.00035999999999999997,0.0,0.0,0.0,0.01995,0.0,0.0,0.0,0.007679999999999999,0.0,0.0009599999999999999
2025-10-04 12:40:00,Uno M404,0.0,0.0,0.0,0.0,0.10831,0.0,0.0,0.00020999999999999998,0.0,0.0,0.0,0.12774,0.0,0.0,0.0,0.00753,0.0,0.0015
2025-10-04 12:45:00,Uno M404,0.0,0.0,0.0,0.0,0.09694,0.0,0.0,0.00041999999999999996,0.0,0.0,0.0,0.11602,0.0,0.0,0.0,0.0076100000000000004,0.0,0.00115
2025-10-04 12:50:00,Uno M404,0.0,0.0,0.0,0.0,0.08771999999999999,0.0,0.0,0.00023999999999999998,0.0,0.0,0.0,0.10665000000000001,0.0,0.0,0.0,0.00763,0.0,0.00107
2025-10-04 12:55:00,Uno M404,0.0,0.0,0.0,0.0,0.0,0.0,0.0,0.00039,0.0,0.0,0.0,0.019219999999999998,0.0,0.0,0.0,0.00767,0.0,0.00109
2025-10-04 13:00:00,Uno M404,0.0,0.0,0.0,0.0,0.0,0.0,-8e-05,0.0007199999999999999,0.0,0.0,0.0,0.06221,0.0,0.0,0.0,0.00758,0.0,0.00128
2025-10-04 13:05:00,Uno M404,0.0,0.0,0.0,0.0,0.0,0.0,-1e-05,0.00066,0.0,0.0,0.0,0.054700000000000006,0.0,0.0,0.0,0.0076500000000000005,0.0,0.00079
2025-10-04 13:10:00,Uno M404,0.0,0.0,0.0,0.0,0.0,0.0,0.0,0.00045,0.0,0.0,0.0,0.05341,0.0,0.0,0.0,0.0076,0.0,0.00159
2025-10-04 13:15:00,Uno M404,0.0,0.0,0.0,0.0,0.0,0.0,-1e-05,0.00055,0.0,0.0,0.0,0.08511,0.0,0.0,0.0,0.01069,0.0,0.06975
2025-10-04 13:20:00,Uno M404,0.0073,0.0,0.0,0.0,0.0,0.0,0.055799999999999995,0.00015,0.0,0.0060999999999999995,0.0,0.08473,0.0,0.0,0.0,0.01079,0.0,0.12639
2025-10-04 13:25:00,Uno M404,0.030359999999999998,0.0,0.0,0.0,0.0,0.0,0.056350000000000004,0.00029,0.0,0.02906,0.0,0.08472,0.0,0.0,0.0,0.0107,0.0,0.12749
2025-10-04 13:30:00,Uno M404,0.03022,0.0,0.0,0.0,0.10728,0.0,0.08765,0.00028000000000000003,0.0,0.02886,0.0,0.19172999999999998,0.0,0.0,0.0,0.01067,0.0,0.15909
2025-10-04 13:35:00,Uno M404,0.02994,0.0,0.0,0.0,0.09251999999999999,0.0,0.08225,0.0002,0.0,0.02855,0.0,0.17621,0.0,0.0,0.0,0.01074,0.0,0.15253999999999998
2025-10-04 13:40:00,Uno M404,0.02976,0.0,0.0,0.0,0.08379,0.0,0.07596,0.00027,0.0,0.028489999999999998,0.0,0.16813,0.0,0.0,0.0,0.01073,0.0,0.14595
2025-10-04 13:45:00,Uno M404,0.029670000000000002,0.0,0.0,0.0,0.0,0.0,0.07549,0.00017999999999999998,0.0,0.02829,0.0,0.24818,0.0,0.0,0.0,0.01072,0.0,0.14532
2025-10-04 13:50:00,Uno M404,0.02947,0.0,0.0,0.0,0.0,0.0,0.07433,0.00015,0.0,0.02809,0.0,0.26662,0.0,0.0,0.0,0.0107,0.0,0.14391
2025-10-04 13:55:00,Uno M404,0.02947,0.0,0.0,0.0,0.0,0.0,0.07481,8e-05,0.0,0.02818,0.0,0.23842,0.0,0.0,0.0,0.01073,0.0,0.14474
2025-10-04 14:00:00,Uno M404,0.0,0.0,0.0,0.0,0.0,0.0,0.06448000000000001,0.00034,0.0,0.0,0.0,0.27724,0.0,0.0,0.0,0.01061,0.0,0.06756999999999999
2025-10-04 14:05:00,Uno M404,0.0,0.0,0.0,0.0,0.0,0.0,0.02886,0.00027,0.0,0.0,0.0,0.17042,0.0,0.0,0.0,0.01062,0.0,0.031920000000000004
2025-10-04 14:10:00,Uno M404,0.0,0.0,0.0,0.0,0.0,0.0,0.028829999999999998,0.00032,0.0,0.0,0.0,0.16297999999999999,0.0,0.0,0.0,0.01081,0.0,0.03188
2025-10-04 14:15:00,Uno M404,0.0,0.0,0.0,0.0,0.0,0.0,0.028739999999999998,0.00013000000000000002,0.0,0.0,0.0,0.15797999999999998,0.0,0.0,0.0,0.01075,0.0,0.03186
2025-10-04 14:20:00,Uno M404,0.0,0.0,0.0,0.0,0.10534,0.0,0.02872,0.00011,0.0,0.0,0.0,0.26299,0.0,0.0,0.0,0.01069,0.0,0.03201
2025-10-04 14:25:00,Uno M404,0.0,0.0,0.0,0.0,0.09015999999999999,0.0,0.028820000000000002,0.00023999999999999998,0.0,0.0,0.0,0.24137,0.0,0.0,0.0,0.01069,0.0,0.03184
2025-10-04 14:30:00,Uno M404,0.0,0.0,0.0,0.0,0.0,0.0,0.02881,5e-05,0.0,0.0,0.0,0.14951,0.0,0.0,0.0,0.01067,0.0,0.03185
2025-10-04 14:35:00,Uno M404,0.0,0.0,0.0,0.0,0.0,0.0,0.02879,5e-05,0.0,0.0,0.0,0.14740999999999999,0.0,0.0,0.0,0.0107,0.0,0.03172
2025-10-04 14:40:00,Uno M404,0.0,0.0,0.0,0.0,0.0,0.0,0.02881,7.000000000000001e-05,0.0,0.0,0.0,0.1459,0.0,0.0,0.0,0.01067,0.0,0.03189
2025-10-04 14:45:00,Uno M404,0.0,0.0,0.0,0.0,0.0,0.0,0.02886,5e-05,0.0,0.0,0.0,0.14485,0.0,0.0,0.0,0.01067,0.0,0.031760000000000004
2025-10-04 14:50:00,Uno M404,0.0,0.0,0.0,0.0,0.0,0.0,0.028820000000000002,5e-05,0.0,0.0,0.0,0.14662999999999998,0.0,0.0,0.0,0.01066,0.0,0.03178
2025-10-04 14:55:00,Uno M404,0.0,0.0,0.0,0.0,0.0,0.0,0.0288,1e-05,0.0,0.0,0.0,0.14595,0.0,0.0,0.0,0.01074,0.0,0.03186
2025-10-04 15:00:00,Uno M404,0.0,0.0,0.0,0.0,0.0,0.0,0.028820000000000002,2e-05,0.0,0.0,0.0,0.14039,0.0,0.0,0.0,0.01072,0.0,0.0319
2025-10-04 15:05:00,Uno M404,0.0,0.0,0.0,0.0,0.0,0.0,0.028829999999999998,8e-05,0.0,0.0,0.0,0.15922999999999998,0.0,0.0,0.0,0.01073,0.0,0.03182
2025-10-04 15:10:00,Uno M404,0.0,0.0,0.0,0.0,0.0,0.0,0.0288,0.0,0.0,0.0,0.0,0.14023,0.0,0.0,0.0,0.0107,0.0,0.03182
2025-10-04 15:15:00,Uno M404,0.0,0.0,0.0,0.0,0.09298000000000001,0.0,0.028820000000000002,0.0,0.0,0.0,0.0,0.23306,0.0,0.0,0.0,0.01074,0.0,0.053579999999999996
2025-10-04 15:20:00,Uno M404,0.0,0.0,0.0,0.0,0.08204,0.0,0.1019,4e-05,0.0,0.0,0.0,0.22319999999999998,0.0,0.0,0.009980000000000001,0.01079,0.0,0.13666
2025-10-04 15:25:00,Uno M404,0.0,0.0,0.0,0.0,0.0,0.0,0.10244,5e-05,0.0,0.0,0.0,0.15261000000000002,0.0,0.0,0.01005,0.01073,0.0,0.1374
2025-10-04 15:30:00,Uno M404,0.0,0.0,0.0,0.0,0.0,0.0,0.10039000000000001,0.0,0.0,0.0,0.0,0.15123,0.0,0.0,0.01002,0.01084,0.0,0.13485
2025-10-04 15:35:00,Uno M404,0.0,0.0,0.0,0.0,0.0,0.0,0.10006,2e-05,0.0,0.0,0.0,0.15588,0.0,0.0,0.010029999999999999,0.0108,0.0,0.1348
2025-10-04 15:40:00,Uno M404,0.0,0.0,0.0,0.0,0.0,0.0,0.09941,5.9999999999999995e-05,0.0,0.0,0.0,0.13901,0.0,0.0,0.010060000000000001,0.01072,0.0,0.13438999999999998
2025-10-04 15:45:00,Uno M404,0.0,0.0,0.0,0.0,0.0,0.0,0.10172,0.00014000000000000001,0.0,0.0,0.0,0.13966,0.0,0.0,0.01019,0.01082,0.0,0.13668
2025-10-04 15:50:00,Uno M404,0.0,0.0,0.0,0.0,0.0,0.0,0.10153,4e-05,0.0,0.0,0.0,0.13924,0.0,0.0,0.01007,0.01068,0.0,0.13635
2025-10-04 15:55:00,Uno M404,0.006860000000000001,0.0,0.0,0.0,0.10106,0.0,0.09823,0.0,0.0,0.005849999999999999,0.0,0.15306,0.0,0.0,0.009890000000000001,0.01079,0.0,0.13266
2025-10-04 16:00:00,Uno M404,0.00683,0.0,0.0,0.0,0.08729,0.0,0.10148,5e-05,0.0,0.00578,0.0,0.13942,0.0,0.0,0.00993,0.01074,0.0,0.136
2025-10-04 16:05:00,Uno M404,0.00687,0.0,0.0,0.0,0.0,0.0,0.10031999999999999,1e-05,0.0,0.00579,0.0,0.054130000000000005,0.0,0.0,0.01007,0.01081,2e-05,0.13516
2025-10-04 16:10:00,Uno M404,0.0070599999999999994,0.0,0.0,0.0,0.0,0.0,0.10107,0.0,0.0,0.00567,0.0,0.053450000000000004,0.0,0.0,0.01022,0.01075,0.0,0.13602
2025-10-04 16:15:00,Uno M404,0.00697,0.0,0.0,0.0,0.0,0.0,0.02876,0.0,0.0,0.005809999999999999,0.0,0.07582,0.0,0.0,0.01021,0.01076,0.0991,0.06374
2025-10-04 16:20:00,Uno M404,0.00694,0.0,0.0,0.0,0.0,0.0,0.02877,5.9999999999999995e-05,0.0,0.00577,0.0,0.06285,0.0,0.0,0.01008,0.01079,0.00911,0.06361
2025-10-04 16:25:00,Uno M404,0.006900000000000001,0.0,0.0,0.0,0.0,0.0,0.02881,5.9999999999999995e-05,0.0,0.005719999999999999,0.0,0.05348,0.0,0.0,0.0101,0.01082,0.0,0.06362
2025-10-04 16:30:00,Uno M404,0.00694,0.0,0.0,0.0,0.0,0.0,0.127,0.0,0.0,0.00579,0.0,0.53177,0.0,0.0,0.01005,0.01072,0.47847,0.16187
2025-10-04 16:35:00,Uno M404,0.00684,0.0,0.0,0.0,0.0,0.0,0.12701,2e-05,0.0,0.005849999999999999,0.0,0.05966,0.0,0.0,0.01,0.01082,0.00652,0.16185
2025-10-04 16:40:00,Uno M404,0.00684,0.0,0.0,0.0,0.0,0.0,0.15266,0.0,0.0,0.00579,0.0,0.19407,0.0,0.0,0.00999,0.0108,0.1413,0.18731
2025-10-04 16:45:00,Uno M404,0.007,0.0,0.0,0.0,0.10253,0.0,0.1505,4e-05,0.0,0.005809999999999999,0.0,0.1605,0.0,0.0,0.01027,0.0108,0.0058200000000000005,0.18566
2025-10-04 16:50:00,Uno M404,0.00698,0.0,0.0,0.0,0.09311,0.0,0.12639,5e-05,0.0,0.00583,0.0,0.37881,0.0,0.0,0.01019,0.01076,0.23305,0.16147
2025-10-04 16:55:00,Uno M404,0.01323,0.0,0.0,0.0,0.09824,0.0,0.12634,4e-05,0.0,0.0119,0.0,0.38181,0.0,0.0,0.01019,0.01072,0.23112,0.16136
2025-10-04 17:00:00,Uno M404,0.01317,0.0,0.0,0.0,0.11066,0.0,0.1252,0.0,0.0,0.01191,0.0,0.39919,0.0,0.0,0.01025,0.01072,0.23599,0.16016999999999998
2025-10-04 17:05:00,Uno M404,0.01323,0.0,0.0,0.0,0.10041,0.0,0.12806,1e-05,0.0,0.011890000000000001,0.0,0.39186,0.0,0.0,0.01028,0.01074,0.23877,0.16308
2025-10-04 17:10:00,Uno M404,0.01306,0.0,0.0,0.0,0.09472,0.0,0.12625,1e-05,0.0,0.01183,0.0,0.14667,0.0,0.0,0.01002,0.0107,0.0,0.16115000000000002
2025-10-04 17:15:00,Uno M404,0.01317,0.0,0.0,0.0,0.08973,0.0,0.12605,1e-05,0.0,0.01183,0.0,0.14158,0.0,0.0,0.01019,0.01081,0.0,0.16075
2025-10-04 17:20:00,Uno M404,0.01331,0.0,0.0,0.0,0.08923,0.0,0.12644,0.0,0.0,0.01192,0.0,0.14148,0.0,0.0,0.01007,0.01079,0.0,0.16133
2025-10-04 17:25:00,Uno M404,0.01324,0.0,0.0,0.0,0.08733,0.0,0.12492,8e-05,0.0,0.012,0.0,0.13908,0.0,0.0,0.01048,0.01076,0.0,0.16022
2025-10-04 17:30:00,Uno M404,0.01332,0.0,0.0,0.0,0.08614,0.0,0.13001,1e-05,0.0,0.01193,0.0,0.13845,0.0,0.0,0.01056,0.0106,0.0,0.16544999999999999
2025-10-04 17:35:00,Uno M404,0.013130000000000001,0.0,0.0,0.0,0.0,0.0,0.12766,2e-05,0.0,0.01191,0.0,0.0523,0.0,0.0,0.01041,0.01079,0.0,0.16294
2025-10-04 17:40:00,Uno M404,0.01332,0.0,0.0,0.0,0.0,0.0,0.09727,5e-05,0.0,0.01191,0.0,0.0522,0.0,0.0,0.010369999999999999,0.01075,0.0,0.11141
2025-10-04 17:45:00,Uno M404,0.01337,0.0,0.0,0.0,0.0,0.0,0.14198,5.9999999999999995e-05,0.0,0.0119,0.0,0.05215,0.0,0.0,0.01047,0.01075,0.0,0.15622
2025-10-04 17:50:00,Uno M404,0.01341,0.0,0.0,0.0,0.0,0.0,0.14229,8e-05,0.0,0.011949999999999999,0.0,0.05194,0.0,0.0,0.01061,0.0107,0.0,0.15665
2025-10-04 17:55:00,Uno M404,0.013210000000000001,0.0,0.0,0.0,0.0,0.0,0.13158,0.0,0.0,0.01202,0.0,0.053020000000000005,0.0,0.0,0.023620000000000002,0.01068,0.0,0.15902000000000002
2025-10-04 18:00:00,Uno M404,0.01325,0.0,0.0,0.0,0.11495999999999999,0.0,0.13044,8e-05,0.0,0.01192,0.0,0.16641999999999998,0.0,0.0,0.02312,0.01066,0.0,0.17855000000000001
2025-10-04 18:05:00,Uno M404,0.013349999999999999,0.0,0.0,0.0,0.09948,0.0,0.12840000000000001,5.9999999999999995e-05,0.0,0.01193,0.0,0.15159,0.0,0.0,0.023170000000000003,0.01077,0.0,0.17636000000000002
2025-10-04 18:10:00,Uno M404,0.013179999999999999,0.0,0.0,0.0,0.08904000000000001,0.0,0.12067,0.00011,0.0,0.01196,0.0,0.14067,0.0,0.0,0.023350000000000003,0.01073,0.0,0.16854
2025-10-04 18:15:00,Uno M404,0.01319,0.0,0.0,0.0,0.08412,0.0,0.11663,5e-05,0.0,0.01192,0.0,0.13548,0.0,0.0,0.023370000000000002,0.01075,0.0,0.1648
2025-10-04 18:20:00,Uno M404,0.01317,0.0,0.0,0.0,0.0,0.0,0.11208,4e-05,0.0,0.0119,0.0,0.052020000000000004,0.0,0.0,0.01209,0.01073,0.0,0.14896
2025-10-04 18:25:00,Uno M404,0.01328,0.0,0.0,0.0,0.0,0.0,0.10586,5e-05,0.0,0.01196,0.0,0.05193,0.0,0.0,0.01247,0.01081,0.0,0.14329
2025-10-04 18:30:00,Uno M404,0.01312,0.0,0.0,0.0,0.0,0.0,0.10216,4e-05,0.0,0.01185,0.0,0.0521,0.0,0.0,0.01222,0.01066,0.0,0.13915
2025-10-04 18:35:00,Uno M404,0.01309,0.0,0.0,0.0,0.0,0.0,0.10161,1e-05,0.0,0.011949999999999999,0.0,0.05198,0.0,0.0,0.012289999999999999,0.01083,0.0,0.13829
2025-10-04 18:40:00,Uno M404,0.013349999999999999,0.0,0.0,0.0,0.0,0.0,0.12847999999999998,1e-05,0.0,0.011949999999999999,0.0,0.05292,0.0,0.0,0.012029999999999999,0.01077,0.0,0.16534000000000001
2025-10-04 18:45:00,Uno M404,0.013439999999999999,0.0,0.0,0.0,0.0,0.0,0.12853,4e-05,0.0,0.01191,0.0,0.05282,0.0,0.0,0.0121,0.01072,0.0,0.16553
2025-10-04 18:50:00,Uno M404,0.013380000000000001,0.0,0.0,0.0,0.10213,0.0,0.12913,5e-05,0.0,0.011970000000000001,0.0,0.15344999999999998,0.0,0.0,0.011970000000000001,0.01077,0.0,0.16605
2025-10-04 18:55:00,Uno M404,0.013359999999999999,0.0,0.0,0.0,0.08873,0.0,0.12916,8e-05,0.0,0.01199,0.0,0.14003,0.0,0.0,0.011779999999999999,0.0107,0.0,0.16597
2025-10-04 19:00:00,Uno M404,0.01326,0.0,0.0,0.0,0.047799999999999995,0.0,0.12862,4e-05,0.0,0.011970000000000001,0.0,0.09943,0.0,0.0,0.01177,0.01067,0.0,0.16533
2025-10-04 19:05:00,Uno M404,0.01329,0.0,0.0,0.0,0.0,0.0,0.12645,0.00011999999999999999,0.0,0.01196,0.0,0.05164,0.0,0.0,0.05848,0.01077,0.0,0.20978
2025-10-04 19:10:00,Uno M404,0.01348,0.0,0.0,0.0,0.0,0.0,0.12727,0.00011999999999999999,0.0,0.012,0.0,0.05164,0.0,0.0,0.12686,0.01066,0.0,0.27922
2025-10-04 19:15:00,Uno M404,0.01341,0.0,0.0,0.0,0.0,0.0,0.12800999999999998,0.00039,0.0,0.012029999999999999,0.0,0.051859999999999996,0.0,0.0,0.05695,0.01073,0.0,0.20965
2025-10-04 19:20:00,Uno M404,0.01325,0.0,0.0,0.0,0.0,0.0,0.12734,0.00011999999999999999,0.0,0.012029999999999999,0.0,0.05175,0.0,0.0,0.05664,0.01077,0.0,0.20886000000000002
2025-10-04 19:25:00,Uno M404,0.013380000000000001,0.0,0.0,0.0,0.0,0.0,0.12652,0.00039,0.0,0.012029999999999999,0.0,0.05154,0.0,0.0,0.056420000000000005,0.01073,0.0,0.20765999999999998
2025-10-04 19:30:00,Uno M404,0.01339,0.0,0.0,0.0,0.0,0.0,0.12633,0.00019,0.0,0.01199,0.0,0.051590000000000004,0.0,0.0,0.056,0.01077,0.0,0.20718
2025-10-04 19:35:00,Uno M404,0.01345,0.0,0.0,0.0,0.10518000000000001,0.0,0.13107,0.00035999999999999997,0.0,0.012,0.0,0.1566,0.0,0.0,0.05595,0.01061,0.0,0.21199
2025-10-04 19:40:00,Uno M404,0.01341,0.0,0.0,0.0,0.09126999999999999,0.0,0.13205,0.00033,0.0,0.01211,0.0,0.14229,0.0,0.0,0.05588,0.0107,0.0,0.21287999999999999
2025-10-04 19:45:00,Uno M404,0.01341,0.0,0.0,0.0,0.08525,0.0,0.030379999999999997,0.00013000000000000002,0.0,0.01209,0.0,0.13641999999999999,0.0,0.0,0.055799999999999995,0.0107,0.0,0.11087999999999999
2025-10-04 19:50:00,Uno M404,0.01342,0.0,0.0,0.0,0.0,0.0,0.02974,0.00044,0.0,0.01222,0.0,0.05167,0.0,0.0,0.05593,0.01067,0.0,0.11048999999999999
2025-10-04 19:55:00,Uno M404,3.50989,0.0,0.0,3.47283,0.0,0.0,0.02961,8e-05,0.0,0.0349,0.0,0.05164,0.0,0.0,0.01112,0.01073,0.0,0.06567
2025-10-04 20:00:00,Uno M404,6.75804,0.0,0.0,3.4106,0.0,0.0,0.03043,0.00065,3.30991,0.03477,0.0,0.05154,0.0,3.56834,0.01116,0.01033,0.0,3.63438
2025-10-04 20:05:00,Uno M404,0.037590000000000005,0.0,0.0,0.0,0.0,0.0,0.03074,0.00046,0.0,0.03591,0.0,0.052219999999999996,0.0,3.46532,0.01082,0.0104,0.0,3.53134
2025-10-04 20:10:00,Uno M404,0.03744,0.0,0.0,0.0,0.0,0.0,0.03028,0.0,0.0,0.03543,0.0,0.05281,0.0,0.0,0.0,0.01061,0.0,0.054549999999999994
2025-10-04 20:15:00,Uno M404,6.622529999999999,0.0,0.0,3.37681,0.0,0.0,0.02984,0.0,3.20928,0.03352,0.0,0.05319,0.0,0.0,0.0,0.01053,0.0,0.054009999999999996
2025-10-04 20:20:00,Uno M404,3.47925,0.0,0.0,3.4426,0.10973999999999999,0.0,0.12737,0.0,0.0,0.03446,0.0,0.16409,0.0,0.0,0.0,0.01053,0.0,0.15130000000000002
2025-10-04 20:25:00,Uno M404,0.00713,0.0,0.0,0.0,0.09661,0.0,0.13151,0.0,0.0,0.005900000000000001,0.0,0.15074,0.0,0.0,0.0114,0.0105,0.0,0.16809000000000002
2025-10-04 20:30:00,Uno M404,0.00709,0.0,0.0,0.0,0.08636,0.0,0.12755,0.0,0.0,0.0059299999999999995,0.0,0.15106999999999998,0.0,0.0,0.0,0.0105,0.0,0.15168
2025-10-04 20:35:00,Uno M404,0.007,0.0,0.0,0.0,0.0,0.0,0.0,0.0,0.0,0.00577,0.0,0.05594,0.0,0.0,0.0,0.01056,0.0,0.024390000000000002
2025-10-04 20:40:00,Uno M404,0.007,0.0,0.0,0.0,0.0,0.0,0.0,0.0,0.0,0.0058,0.0,0.055630000000000006,0.0,0.0,0.0,0.01058,0.0,0.02432
2025-10-04 20:45:00,Uno M404,0.00714,0.0,0.0,0.0,0.0,0.0,0.00017999999999999998,0.0,0.0,0.005900000000000001,0.0,0.05625,0.0,0.0,0.0,0.01062,0.0,0.02456
2025-10-04 20:50:00,Uno M404,0.00729,0.0,0.0,0.0,0.0,0.0,0.0,0.0,0.0,0.00592,0.0,0.056240000000000005,0.0,0.0,0.0,0.01063,0.0,0.02432
2025-10-04 20:55:00,Uno M404,0.0072699999999999996,0.0,0.0,0.0,0.0,0.0,0.00015,0.0,0.0,0.00587,0.0,0.055619999999999996,0.0,0.0,0.0,0.01069,0.0,0.024489999999999998
2025-10-04 21:00:00,Uno M404,0.00724,0.0,0.0,0.0,0.0,0.0,0.00051,0.0,0.0,0.00597,0.0,0.055869999999999996,0.0,0.0,0.0,0.01066,0.0,0.02496
2025-10-04 21:05:00,Uno M404,0.00713,0.0,0.0,0.0,0.0,0.0,0.0,0.0,0.0,0.00596,0.0,0.05618,0.0,0.0,0.0,0.01067,0.0,0.024329999999999997
2025-10-04 21:10:00,Uno M404,0.00709,0.0,0.0,0.0,0.10796,0.0,0.0,0.0,0.0,0.005900000000000001,0.0,0.16447,0.0,0.0,0.0,0.01065,0.0,0.02432
2025-10-04 21:15:00,Uno M404,0.0071600000000000006,0.0,0.0,0.0,0.09373000000000001,0.0,0.0,0.0,0.0,0.0059299999999999995,0.0,0.14964,0.0,0.0,0.0,0.01062,0.0,0.024399999999999998
2025-10-04 21:20:00,Uno M404,0.0070599999999999994,0.0,0.0,0.0,0.08598,0.0,0.0,0.0,0.0,0.00596,0.0,0.14162,0.0,0.0,0.0,0.01058,0.0,0.02436
2025-10-04 21:25:00,Uno M404,0.00721,0.0,0.0,0.0,0.0,0.0,0.0,0.0,0.0,0.005900000000000001,0.0,0.054869999999999995,0.0,0.0,0.0,0.010539999999999999,0.0,0.02444
2025-10-04 21:30:00,Uno M404,0.0070599999999999994,0.0,0.0,0.0,0.0,0.0,0.0,0.0,0.0,0.00587,0.0,0.05414,0.0,0.0,0.0,0.01072,0.0,0.02435
2025-10-04 21:35:00,Uno M404,0.00707,0.0,0.0,0.0,0.0,0.0,0.0,0.0,0.0,0.00584,0.0,0.05416,0.0,0.0,0.0,0.01058,0.0,0.02442
2025-10-04 21:40:00,Uno M404,0.00718,0.0,0.0,0.0,0.0,0.0,0.0,0.0,0.0,0.00592,0.0,0.0541,0.0,0.0,0.0,0.01066,0.0,0.02438
2025-10-04 21:45:00,Uno M404,0.0071600000000000006,0.0,0.0,0.0,0.0,0.0,0.0,0.0,0.0,0.00591,0.0,0.0541,0.0,0.0,0.0,0.01062,0.0,0.02436
2025-10-04 21:50:00,Uno M404,0.00711,0.0,0.0,0.0,0.0,0.0,0.00082,0.0,0.0,0.00584,0.0,0.0536,0.0,0.0,0.0,0.01059,0.0,0.02532
2025-10-04 21:55:00,Uno M404,0.00698,0.0,0.0,0.0,0.0,0.0,0.0,0.0,0.0,0.00584,0.0,0.05374,0.0,0.0,0.0,0.01068,0.0,0.02432
2025-10-04 22:00:00,Uno M404,0.00705,0.0,0.0,0.0,0.10779999999999999,0.0,0.0,0.0,0.0,0.00579,0.0,0.16122,0.0,0.0,0.0,0.01063,0.0,0.02427
2025-10-04 22:05:00,Uno M404,0.00714,0.0,0.0,0.0,0.09623999999999999,0.0,0.0,0.0,0.0,0.00579,0.0,0.14955000000000002,0.0,0.0,0.0,0.01061,0.0,0.02444
2025-10-04 22:10:00,Uno M404,0.00721,0.0,0.0,0.0,0.08596,0.0,0.0,0.0,0.0,0.00591,0.0,0.13978,0.0,0.0,0.0,0.01059,0.0,0.02419
2025-10-04 22:15:00,Uno M404,0.00713,0.0,0.0,0.0,0.0,0.0,0.00508,0.0,0.0,0.005860000000000001,0.0,0.053619999999999994,0.0,0.0,0.0,0.01067,0.0,0.02932
2025-10-04 22:20:00,Uno M404,0.0070999999999999995,0.0,0.0,0.0,0.0,0.0,0.12916,0.0,0.0,0.005860000000000001,0.0,0.01431,0.0,0.0,0.0,0.0076100000000000004,0.0,0.20195
2025-10-04 22:25:00,Uno M404,0.00714,0.0,0.0,0.0,0.0,0.0,0.09755,0.0,0.0,0.00591,0.0,0.038,0.0,0.0,0.0,0.007549999999999999,0.0,0.16883
2025-10-04 22:30:00,Uno M404,0.00707,0.0,0.0,0.0,0.0,0.0,0.12841,0.0,0.0,0.00591,0.0,0.0059900000000000005,0.0,0.0,0.0,0.0,0.0,0.17869
2025-10-04 22:35:00,Uno M404,0.00707,0.0,0.0,0.0,0.0,0.0,0.12831,0.0,0.0,0.00578,0.0,0.0069299999999999995,0.0,0.0,0.0,0.0,0.0,0.17814
2025-10-04 22:40:00,Uno M404,0.007,0.0,0.0,0.0,0.0,0.0,0.13049000000000002,0.0,0.0,0.00592,0.0,0.0059900000000000005,0.0,0.0,0.0,0.0,0.0,0.18083000000000002
2025-10-04 22:45:00,Uno M404,0.00709,0.0,0.0,0.0,0.0,0.0,0.10307,0.0,0.0,0.00591,0.0,0.0058200000000000005,0.0,0.0,0.0,0.0,0.0,0.15319999999999998
2025-10-04 22:50:00,Uno M404,0.007030000000000001,0.0,0.0,0.0,0.0,0.0,0.1036,0.0,0.0,0.005809999999999999,0.0,0.00749,0.0,0.0,0.0,0.0,0.0,0.15353
2025-10-04 22:55:00,Uno M404,0.00711,0.0,0.0,0.0,0.10346,0.0,0.10209,0.0,0.0,0.00584,0.0,0.11066,0.0,0.0,0.0,0.0,0.0,0.15197
2025-10-04 23:00:00,Uno M404,0.00725,0.0,0.0,0.0,0.09031,0.0,0.10291,0.0,0.0,0.00592,0.0,0.09598000000000001,0.0,0.0,0.0,0.0,0.0,0.15324000000000002
2025-10-04 23:05:00,Uno M404,0.0070599999999999994,0.0,0.0,0.0,0.0,0.0,0.10095,0.0,0.0,0.00591,0.0,0.00583,0.0,0.0,0.0,0.0,0.0,0.15122
2025-10-04 23:10:00,Uno M404,0.00719,0.0,0.0,0.0,0.0,0.0,0.10376,0.0,0.0,0.005900000000000001,0.0,0.0065899999999999995,0.0,0.0,0.0,0.0,0.0,0.15413
2025-10-04 23:15:00,Uno M404,0.00711,0.0,0.0,0.0,0.0,0.0,0.10213,0.0,0.0,0.00587,0.0,0.00587,0.0,0.0,0.0,0.0,0.0,0.15256999999999998
2025-10-04 23:20:00,Uno M404,0.007030000000000001,0.0,0.0,0.0,0.0,0.0,0.10106,0.0,0.0,0.00596,0.0,0.0057,0.0,0.0,0.0,0.0,0.0,0.15139
2025-10-04 23:25:00,Uno M404,0.007,0.0,0.0,0.0,0.0,0.0,0.10346999999999999,0.0,0.0,0.005860000000000001,0.0,0.0063,0.0,0.0,0.0,0.0,0.0,0.15375999999999998
2025-10-04 23:30:00,Uno M404,0.00709,0.0,0.0,0.0,0.0,0.0,0.10179,0.0,0.0,0.0059299999999999995,0.0,0.0062900000000000005,0.0,0.0,0.0,0.0,0.0,0.15159
2025-10-04 23:35:00,Uno M404,0.0,0.0,0.0,0.0,0.0,0.0,0.02954,0.0,0.0,0.0,0.0,0.005889999999999999,0.0,0.0,0.0,0.0,0.0,0.07901999999999999
2025-10-04 23:40:00,Uno M404,0.0,0.0,0.0,0.0,0.0,0.0,0.02947,0.0,0.0,0.0,0.0,0.00638,0.0,0.0,0.0,0.0,0.0,0.07912999999999999
2025-10-04 23:45:00,Uno M404,0.0,0.0,0.0,0.0,0.0,0.0,0.02954,0.0,0.0,0.0,0.0,0.00617,0.0,0.0,0.0,0.0,0.0,0.07945999999999999
2025-10-04 23:50:00,Uno M404,0.0,0.0,0.0,0.0,0.0999,0.0,0.02956,0.0,0.0,0.0,0.0,0.10622,0.0,0.0,0.0,0.0,0.0,0.0795
2025-10-04 23:55:00,Uno M404,0.0,0.0,0.0,0.0,0.08746999999999999,0.0,0.0295,0.0,0.0,0.0,0.0,0.09314,0.0,0.0,0.0,0.0,0.0,0.07906999999999999
2025-10-05 00:00:00,Uno M404,0.0,0.0,0.0,0.0,0.0,0.0,0.02947,0.0,0.0,0.0,0.0,0.005900000000000001,0.0,0.0,0.0,0.0,0.0,0.07909000000000001
2025-10-05 00:05:00,Uno M404,0.0,0.0,0.0,0.0,0.0,0.0,0.0295,0.0,0.0,0.0,0.0,0.00578,0.0,0.0,0.0,0.0,0.0,0.0788
2025-10-05 00:10:00,Uno M404,0.0,0.0,0.0,0.0,0.0,0.0,0.02944,0.0,0.0,0.0,0.0,0.005889999999999999,0.0,0.0,0.0,0.0,0.0,0.07934000000000001
2025-10-05 00:15:00,Uno M404,0.0,0.0,0.0,0.0,0.0,0.0,0.02948,0.0,0.0,0.0,0.0,0.00609,0.0,0.0,0.0,0.0,0.0,0.07915000000000001
2025-10-05 00:20:00,Uno M404,0.0,0.0,0.0,0.0,0.0,0.0,0.0295,0.0,0.0,0.0,0.0,0.00588,0.0,0.0,0.0,0.0,0.0,0.07898999999999999
2025-10-05 00:25:00,Uno M404,0.0,0.0,0.0,0.0,0.0,0.0,0.0295,0.0,0.0,0.0,0.0,0.00596,0.0,0.0,0.0,0.0,0.0,0.07918
2025-10-05 00:30:00,Uno M404,0.0,0.0,0.0,0.0,0.0,0.0,0.02949,1e-05,0.0,0.0,0.0,0.00592,0.0,0.0,0.0,0.0,0.0,0.07952
2025-10-05 00:35:00,Uno M404,0.0,0.0,0.0,0.0,0.0,0.0,0.02946,0.0,0.0,0.0,0.0,0.005849999999999999,0.0,0.0,0.0,0.0,0.0,0.07906999999999999
2025-10-05 00:40:00,Uno M404,0.0,0.0,0.0,0.0,0.0,0.0,0.02947,0.0,0.0,0.0,0.0,0.00591,0.0,0.0,0.0,0.0,0.0,0.07898000000000001
2025-10-05 00:45:00,Uno M404,0.0,0.0,0.0,0.0,0.10188,0.0,0.02946,0.0,0.0,0.0,0.0,0.10809999999999999,0.0,0.0,0.0,0.0,0.0,0.07929
2025-10-05 00:50:00,Uno M404,0.0,0.0,0.0,0.0,0.08855,0.0,0.0294,0.0,0.0,0.0,0.0,0.09440000000000001,0.0,0.0,0.0,0.0,0.0,0.07905
2025-10-05 00:55:00,Uno M404,0.0,0.0,0.0,0.0,0.0,0.0,0.02941,0.0,0.0,0.0,0.0,0.00564,0.0,0.0,0.0,0.0,0.0,0.07895999999999999
2025-10-05 01:00:00,Uno M404,0.0,0.0,0.0,0.0,0.0,0.0,0.02949,0.0,0.0,0.0,0.0,0.00575,0.0,0.0,0.0,0.0,0.0,0.07926000000000001
2025-10-05 01:05:00,Uno M404,0.0,0.0,0.0,0.0,0.0,0.0,0.02936,0.0,0.0,0.0,0.0,0.0055899999999999995,0.0,0.0,0.0,0.0,0.0,0.07964
2025-10-05 01:10:00,Uno M404,0.0,0.0,0.0,0.0,0.0,0.0,0.02947,0.0,0.0,0.0,0.0,0.00556,0.0,0.0,0.0,0.0,0.0,0.07979
2025-10-05 01:15:00,Uno M404,0.0,0.0,0.0,0.0,0.0,0.0,0.02943,0.0,0.0,0.0,0.0,0.00578,0.0,0.0,0.0,0.0,0.0,0.07958
2025-10-05 01:20:00,Uno M404,0.0,0.0,0.0,0.0,0.0,0.0,0.02947,0.0,0.0,0.0,0.0,0.0054800000000000005,0.0,0.0,0.0,0.0,0.0,0.07998999999999999
2025-10-05 01:25:00,Uno M404,0.0,0.0,0.0,0.0,0.0,0.0,0.02954,0.0,0.0,0.0,0.0,0.00553,0.0,0.0,0.0,0.0,0.0,0.08004
2025-10-05 01:30:00,Uno M404,0.0,0.0,0.0,0.0,0.0,0.0,0.02946,1e-05,0.0,0.0,0.0,0.00533,0.0,0.0,0.0,0.0,0.0,0.07991
2025-10-05 01:35:00,Uno M404,0.0,0.0,0.0,0.0,0.0,0.0,0.0,0.0,0.0,0.0,0.0,0.00522,0.0,0.0,0.01073,0.0,0.0,0.0608
2025-10-05 01:40:00,Uno M404,0.0,0.0,0.0,0.0,0.10711,0.0,0.0,0.0,0.0,0.0,0.0,0.1124,0.0,0.0,0.0,0.0,0.0,0.05071
2025-10-05 01:45:00,Uno M404,0.0,0.0,0.0,0.0,0.09326999999999999,0.0,0.0,0.0,0.0,0.0,0.0,0.09873,0.0,0.0,0.0,0.0,0.0,0.05045
2025-10-05 01:50:00,Uno M404,0.0,0.0,0.0,0.0,0.08508,0.0,0.0,0.0,0.0,0.0,0.0,0.09076999999999999,0.0,0.0,0.0,0.0,0.0,0.05036
2025-10-05 01:55:00,Uno M404,0.0,0.0,0.0,0.0,0.0,0.0,0.0,0.0,0.0,0.0,0.0,0.00546,0.0,0.0,0.0,0.0,0.0,0.05021
2025-10-05 02:00:00,Uno M404,0.0,0.0,0.0,0.0,0.0,0.0,0.0,0.0,0.0,0.0,0.0,0.00557,0.0,0.0,0.0,0.0,0.0,0.05022
2025-10-05 02:05:00,Uno M404,0.0,0.0,0.0,0.0,0.0,0.0,0.0,0.0,0.0,0.0,0.0,0.00539,0.0,0.0,0.0,0.0,0.0,0.05026
2025-10-05 02:10:00,Uno M404,0.0,0.0,0.0,0.0,0.0,0.0,0.0,0.0,0.0,0.0,0.0,0.00608,0.0,0.0,0.0,0.0,0.0,0.05077
2025-10-05 02:15:00,Uno M404,0.0,0.0,0.0,0.0,0.0,0.0,0.0,0.0,0.0,0.0,0.0,0.00597,0.0,0.0,0.0,0.0,0.0,0.05085
2025-10-05 02:20:00,Uno M404,0.0,0.0,0.0,0.0,0.0,0.0,0.0,0.0,0.0,0.0,0.0,0.0058200000000000005,0.0,0.0,0.0,0.0,0.0,0.05086
2025-10-05 02:25:00,Uno M404,0.0,0.0,0.0,0.0,0.0,0.0,0.0,0.0,0.0,0.0,0.0,0.00587,0.0,0.0,0.0,0.0,0.0,0.05099
2025-10-05 02:30:00,Uno M404,0.0,0.0,0.0,0.0,0.0,0.0,0.0,0.0,0.0,0.0,0.0,0.00625,0.0,0.0,0.0,0.0,0.0,0.05072
2025-10-05 02:35:00,Uno M404,0.0,0.0,0.0,0.0,0.0,0.0,0.0,0.0,0.0,0.0,0.0,0.006030000000000001,0.0,0.0,0.0,0.0,0.0,0.05065
2025-10-05 02:40:00,Uno M404,0.0,0.0,0.0,0.0,0.0997,0.0,0.0,0.0,0.0,0.0,0.0,0.10595,0.0,0.0,0.0,0.0,0.0,0.05077
2025-10-05 02:45:00,Uno M404,0.0,0.0,0.0,0.0,0.0873,0.0,0.0,0.0,0.0,0.0,0.0,0.09398000000000001,0.0,0.0,0.0,0.0,0.0,0.05096
2025-10-05 02:50:00,Uno M404,0.0,0.0,0.0,0.0,0.0,0.0,0.0,0.0,0.0,0.0,0.0,0.00605,0.0,0.0,0.0,0.0,0.0,0.05116
2025-10-05 02:55:00,Uno M404,0.0,0.0,0.0,0.0,0.0,0.0,0.0,0.0,0.0,0.0,0.0,0.00571,0.0,0.0,0.0,0.0,0.0,0.05129
2025-10-05 03:00:00,Uno M404,0.0,0.0,0.0,0.0,0.0,0.0,0.0,2e-05,0.0,0.0,0.0,0.00587,0.0,0.0,0.0,0.0,0.0,0.05106
2025-10-05 03:05:00,Uno M404,0.0,0.0,0.0,0.0,0.0,0.0,0.0,1e-05,0.0,0.0,0.0,0.005900000000000001,0.0,0.0,0.0,0.0,0.0,0.0507
2025-10-05 03:10:00,Uno M404,0.0,0.0,0.0,0.0,0.0,0.0,0.0,0.0,0.0,0.0,0.0,0.005889999999999999,0.0,0.0,0.0,0.0,0.0,0.051
2025-10-05 03:15:00,Uno M404,0.0,0.0,0.0,0.0,0.0,0.0,0.0,0.0,0.0,0.0,0.0,0.00631,0.0,0.0,0.0,0.0,0.0,0.051179999999999996
2025-10-05 03:20:00,Uno M404,0.0,0.0,0.0,0.0,0.0,0.0,0.0,0.0,0.0,0.0,0.0,0.00613,0.0,0.0,0.0,0.0,0.0,0.05096
2025-10-05 03:25:00,Uno M404,0.0,0.0,0.0,0.0,0.0,0.0,0.0,0.0,0.0,0.0,0.0,0.0059900000000000005,0.0,0.0,0.0,0.0,0.0,0.0511
2025-10-05 03:30:00,Uno M404,0.0,0.0,0.0,0.0,0.0,0.0,0.0,1e-05,0.0,0.0,0.0,0.00592,0.0,0.0,0.0,0.0,0.0,0.05086
2025-10-05 03:35:00,Uno M404,0.0,0.0,0.0,0.0,0.10695,0.0,0.027010000000000003,2e-05,0.0,0.0,0.0,0.11289,0.0,0.0,0.0,0.0,0.0,0.07845
2025-10-05 03:40:00,Uno M404,0.0,0.0,0.0,0.0,0.0938,0.0,0.02705,0.0,0.0,0.0,0.0,0.09988,0.0,0.0,0.0,0.0,0.0,0.07878
2025-10-05 03:45:00,Uno M404,0.0,0.0,0.0,0.0,0.08568,0.0,0.02734,1e-05,0.0,0.0,0.0,0.09134,0.0,0.0,0.0,0.0,0.0,0.07909999999999999
2025-10-05 03:50:00,Uno M404,0.0,0.0,0.0,0.0,0.0,0.0,0.02721,0.0,0.0,0.0,0.0,0.0058200000000000005,0.0,0.0,0.0,0.0,0.0,0.07875
2025-10-05 03:55:00,Uno M404,0.0,0.0,0.0,0.0,0.0,0.0,0.027190000000000002,0.0,0.0,0.0,0.0,0.0057,0.0,0.0,0.0,0.0,0.0,0.07878
2025-10-05 04:00:00,Uno M404,0.0,0.0,0.0,0.0,0.0,0.0,0.027260000000000003,4e-05,0.0,0.0,0.0,0.00564,0.0,0.0,0.0,0.0,0.0,0.07909000000000001
2025-10-05 04:05:00,Uno M404,0.0,0.0,0.0,0.0,0.0,0.0,0.027239999999999997,0.0,0.0,0.0,0.0,0.00577,0.0,0.0,0.0,0.0,0.0,0.07876999999999999
2025-10-05 04:10:00,Uno M404,0.0,0.0,0.0,0.0,0.0,0.0,0.027460000000000002,0.0,0.0,0.0,0.0,0.0057599999999999995,0.0,0.0,0.0,0.0,0.0,0.07891
2025-10-05 04:15:00,Uno M404,0.0,0.0,0.0,0.0,0.0,0.0,0.02741,0.0,0.0,0.0,0.0,0.005730000000000001,0.0,0.0,0.0,0.0,0.0,0.07909999999999999
2025-10-05 04:20:00,Uno M404,0.0,0.0,0.0,0.0,0.0,0.0,0.027460000000000002,2e-05,0.0,0.0,0.0,0.00574,0.0,0.0,0.0,0.0,0.0,0.07895999999999999
2025-10-05 04:25:00,Uno M404,0.0,0.0,0.0,0.0,0.0,0.0,0.02721,2e-05,0.0,0.0,0.0,0.0055,0.0,0.0,0.0,0.0,0.0,0.07883
2025-10-05 04:30:00,Uno M404,0.0,0.0,0.0,0.0,0.0,0.0,0.027260000000000003,0.0,0.0,0.0,0.0,0.00564,0.0,0.0,0.0,0.0,0.0,0.07886
2025-10-05 04:35:00,Uno M404,0.0,0.0,0.0,0.0,0.10357999999999999,0.0,0.02752,2e-05,0.0,0.0,0.0,0.10920999999999999,0.0,0.0,0.0,0.0,0.0,0.07925
2025-10-05 04:40:00,Uno M404,0.0,0.0,0.0,0.0,0.09013,0.0,0.02754,1e-05,0.0,0.0,0.0,0.09567,0.0,0.0,0.0,0.0,0.0,0.07918
2025-10-05 04:45:00,Uno M404,0.0,0.0,0.0,0.0,0.0,0.0,0.027280000000000002,0.0,0.0,0.0,0.0,0.00594,0.0,0.0,0.0,0.0,0.0,0.0787
2025-10-05 04:50:00,Uno M404,0.0,0.0,0.0,0.0,0.0,0.0,0.02748,0.0,0.0,0.0,0.0,0.0057599999999999995,0.0,0.0,0.0,0.0,0.0,0.07912000000000001
2025-10-05 04:55:00,Uno M404,0.0,0.0,0.0,0.0,0.0,0.0,0.027399999999999997,0.0,0.0,0.0,0.0,0.00578,0.0,0.0,0.0,0.0,0.0,0.07911
2025-10-05 05:00:00,Uno M404,0.0,0.0,0.0,0.0,0.0,0.0,0.02736,0.0,0.0,0.0,0.0,0.00567,0.0,0.0,0.0,0.0,0.0,0.07876999999999999
2025-10-05 05:05:00,Uno M404,0.0,0.0,0.0,0.0,0.0,0.0,0.027460000000000002,1e-05,0.0,0.0,0.0,0.00554,0.0,0.0,0.0,0.0,0.0,0.07856
2025-10-05 05:10:00,Uno M404,0.0,0.0,0.0,0.0,0.0,0.0,0.027129999999999998,0.0,0.0,0.0,0.0,0.00547,0.0,0.0,0.0,0.0,0.0,0.07811
2025-10-05 05:15:00,Uno M404,0.0,0.0,0.0,0.0,0.0,0.0,0.027460000000000002,0.0,0.0,0.0,0.0,0.00546,0.0,0.0,0.0,0.0,0.0,0.07837999999999999
2025-10-05 05:20:00,Uno M404,0.0,0.0,0.0,0.0,0.0,0.0,0.02754,1e-05,0.0,0.0,0.0,0.00561,0.0,0.0,0.0,0.0,0.0,0.07881999999999999
2025-10-05 05:25:00,Uno M404,0.0,0.0,0.0,0.0,0.0,0.0,0.027399999999999997,0.0,0.0,0.0,0.0,0.00528,0.0,0.0,0.0,0.0,0.0,0.07843000000000001
2025-10-05 05:30:00,Uno M404,0.0,0.0,0.0,0.0,0.0,0.0,0.02734,4e-05,0.0,0.0,0.0,0.00501,0.0,0.0,0.0,0.0,0.0,0.07831
2025-10-05 05:35:00,Uno M404,0.0,0.0,0.0,0.0,0.10088,0.0,0.027399999999999997,1e-05,0.0,0.0,0.0,0.10621,0.0,0.0,0.0,0.0,0.0,0.07815000000000001
2025-10-05 05:40:00,Uno M404,0.0,0.0,0.0,0.0,0.08855,0.0,0.02752,2e-05,0.0,0.0,0.0,0.09312999999999999,0.0,0.0,0.0,0.0,0.0,0.07844
2025-10-05 05:45:00,Uno M404,0.0,0.0,0.0,0.0,0.0,0.0,0.027190000000000002,2e-05,0.0,0.0,0.0,0.00513,0.0,0.0,0.0,0.0,0.0,0.07819
2025-10-05 05:50:00,Uno M404,0.00749,0.0,0.0,0.0,0.0,0.0,0.027059999999999997,0.0,0.0,0.00608,0.0,0.00492,0.0,0.0,0.0,0.0,0.0,0.07795999999999999
2025-10-05 05:55:00,Uno M404,0.0,0.0,0.0,0.0,0.0,0.0,0.026199999999999998,0.0,0.0,0.0,0.0,0.03681,0.0,0.0,0.0,0.0,0.0,0.07698
2025-10-05 06:00:00,Uno M404,0.0,0.0,0.0,0.0,0.0,0.0,0.026920000000000003,1e-05,0.0,0.0,0.0,0.01202,0.0,0.0,0.0,0.0,0.0,0.07793000000000001
2025-10-05 06:05:00,Uno M404,0.0,0.0,0.0,0.0,0.0,0.0,0.026699999999999998,1e-05,0.0,0.0,0.0,0.01225,0.0,0.0,0.0,0.0,0.0,0.07725
2025-10-05 06:10:00,Uno M404,0.0,0.0,0.0,0.0,0.0,0.0,0.02687,1e-05,0.0,0.0,0.0,0.012060000000000001,0.0,0.0,0.0,0.0,0.0,0.07734999999999999
2025-10-05 06:15:00,Uno M404,0.0,0.0,0.0,0.0,0.0,0.0,0.02659,0.0,0.0,0.0,0.0,0.01226,0.0,0.0,0.0,0.0,0.0,0.07662000000000001
2025-10-05 06:20:00,Uno M404,0.0,0.0,0.0,0.0,0.0,0.0,0.026809999999999997,0.0,0.0,0.0,0.0,0.011980000000000001,0.0,0.0,0.0,0.0,0.0,0.07682
2025-10-05 06:25:00,Uno M404,0.0,0.0,0.0,0.0,0.0,0.0,0.02741,1e-05,0.0,0.0,0.0,0.01261,0.0,0.0,0.0,0.0,0.0,0.07694
2025-10-05 06:30:00,Uno M404,0.0,0.0,0.0,0.0,0.0,0.0,0.0272,0.0,0.0,0.0,0.0,0.01225,0.0,0.0,0.0,0.0,0.0,0.07617
2025-10-05 06:35:00,Uno M404,0.0,0.0,0.0,0.0,0.10011,0.0,0.027489999999999997,0.0,0.0,0.0,0.0,0.11222,0.0,0.0,0.0,0.0,0.0,0.0767
2025-10-05 06:40:00,Uno M404,0.0,0.0,0.0,0.0,0.08725,0.0,0.027219999999999998,1e-05,0.0,0.0,0.0,0.09908,0.0,0.0,0.0,0.0,0.0,0.07640999999999999
2025-10-05 06:45:00,Uno M404,0.0,0.0,0.0,0.0,0.0,0.0,0.02647,1e-05,0.0,0.0,0.0,0.012150000000000001,0.0,0.0,0.0,0.0,0.0,0.07658
2025-10-05 06:50:00,Uno M404,0.0,0.0,0.0,0.0,0.0,0.0,0.027219999999999998,1e-05,0.0,0.0,0.0,0.01216,0.0,0.0,0.0,0.0,0.0,0.07698
2025-10-05 06:55:00,Uno M404,0.0,0.0,0.0,0.0,0.0,0.0,0.02678,0.0,0.0,0.0,0.0,0.01211,0.0,0.0,0.0,0.0,0.0,0.07668000000000001
2025-10-05 07:00:00,Uno M404,0.0,0.0,0.0,0.0,0.0,0.0,0.027120000000000002,0.0,0.0,0.0,0.0,0.01201,0.0,0.0,0.0,0.0,0.0,0.07676999999999999
2025-10-05 07:05:00,Uno M404,0.0,0.0,0.0,0.0,0.0,0.0,0.02721,0.0,0.0,0.0,0.0,0.012060000000000001,0.0,0.0,0.0,0.0,0.0,0.07667
2025-10-05 07:10:00,Uno M404,0.0,0.0,0.0,0.0,0.0,0.0,0.02732,0.0,0.0,0.0,0.0,0.01226,0.0,0.0,0.0,0.0,0.0,0.07671
2025-10-05 07:15:00,Uno M404,0.0,0.0,0.0,0.0,0.0,0.0,0.027039999999999998,0.0,0.0,0.0,0.0,0.01221,0.0,0.0,0.0,0.0,0.0,0.07615999999999999
2025-10-05 07:20:00,Uno M404,0.0,0.0,0.0,0.0,0.0,0.0,0.02699,0.0,0.0,0.0,0.0,0.01214,0.0,0.0,0.0,0.0,0.0,0.07637999999999999
2025-10-05 07:25:00,Uno M404,0.0,0.0,0.0,0.0,0.0,0.0,0.02725,0.0,0.0,0.0,0.0,0.01218,0.0,0.0,0.0,0.0,0.0,0.07695
2025-10-05 07:30:00,Uno M404,0.0,0.0,0.0,0.0,0.0,0.0,0.02732,2e-05,0.0,0.0,0.0,0.01211,0.0,0.0,0.0,0.0,0.0,0.07697
2025-10-05 07:35:00,Uno M404,0.0,0.0,0.0,0.0,0.1016,0.0,0.026969999999999997,1e-05,0.0,0.0,0.0,0.11352,0.0,0.0,0.0,0.0,0.0,0.07676000000000001
2025-10-05 07:40:00,Uno M404,0.0,0.0,0.0,0.0,0.08902,0.0,0.02755,0.0,0.0,0.0,0.0,0.10098,0.0,0.0,0.0,0.0,0.0,0.07773999999999999
2025-10-05 07:45:00,Uno M404,0.0,0.0,0.0,0.0,0.0,0.0,0.026789999999999998,0.0,0.0,0.0,0.0,0.01225,0.0,0.0,0.0,0.0,0.0,0.07726999999999999
2025-10-05 07:50:00,Uno M404,0.0,0.0,0.0,0.0,0.0,0.0,0.02691,1e-05,0.0,0.0,0.0,0.01222,0.0,0.0,0.0,0.0,0.0,0.07696
2025-10-05 07:55:00,Uno M404,0.0,0.0,0.0,0.0,0.0,0.0,0.02718,2e-05,0.0,0.0,0.0,0.011779999999999999,0.0,0.0,0.0,0.0,0.0,0.07792
2025-10-05 08:00:00,Uno M404,0.0,0.0,0.0,0.0,0.0,0.0,0.02677,1e-05,0.0,0.0,0.0,0.01202,0.0,0.0,0.0,0.0,0.0,0.07754000000000001
2025-10-05 08:05:00,Uno M404,0.0,0.0,0.0,0.0,0.0,0.0,0.026949999999999998,0.0,0.0,0.0,0.0,0.011980000000000001,0.0,0.0,0.0,0.0,0.0,0.07725
2025-10-05 08:10:00,Uno M404,0.0,0.0,0.0,0.0,0.0,0.0,0.02684,8e-05,0.0,0.0,0.0,0.01205,0.0,0.0,0.0,0.0,0.0,0.07734999999999999
2025-10-05 08:15:00,Uno M404,0.0,0.0,0.0,0.0,0.0,0.0,0.026600000000000002,2e-05,0.0,0.0,0.0,0.011859999999999999,0.0,0.0,0.0,0.0,0.0,0.07687999999999999
2025-10-05 08:20:00,Uno M404,0.0,0.0,0.0,0.0,0.0,0.0,0.02729,5e-05,0.0,0.0,0.0,0.011699999999999999,0.0,0.0,0.0,0.0,0.0,0.07768000000000001
2025-10-05 08:25:00,Uno M404,0.0,0.0,0.0,0.0,0.0,0.0,0.027350000000000003,2e-05,0.0,0.0,0.0,0.01184,0.0,0.0,0.0,0.0,0.0,0.07758
2025-10-05 08:30:00,Uno M404,,0.0,,,0.0,0.0,0.02708,,,,0.0,0.01207,0.0,0.0,0.0,0.0,0.0,0.07720999999999999
2025-10-05 08:35:00,Uno M404,0.0,0.0,0.0,0.0,0.20696,0.0,0.054380000000000005,7.000000000000001e-05,0.0,0.0,0.0,0.23096,0.0,0.0,0.0,0.0,0.0,0.1541
2025-10-05 08:40:00,Uno M404,0.03071,0.0,0.0,0.0,0.09097,0.0,0.02721,4e-05,0.0,0.02952,0.0,0.09508,0.0,0.0,0.023510000000000003,0.0,0.0,0.10112
2025-10-05 08:45:00,Uno M404,0.03062,0.0,0.0,0.0,0.0,0.0,0.02727,0.0,0.0,0.02931,0.0,0.00439,0.0,0.0,0.02384,0.0,0.0,0.10114
2025-10-05 08:50:00,Uno M404,3.44631,0.0,0.0,3.4159200000000003,0.0,0.0,0.02732,0.0,0.0,0.02822,0.0,0.00477,0.0,0.0,0.02398,0.0,0.0,0.1016
2025-10-05 08:55:00,Uno M404,3.4454499999999997,0.0,0.0,3.4152199999999997,0.0,0.0,0.02732,0.0,0.0,0.02813,0.0,0.0047,0.0,0.0,0.01377,0.0,0.0,0.09196
2025-10-05 09:00:00,Uno M404,3.38275,0.0,0.0,3.35306,0.0,0.0,0.02702,0.0,0.0,0.027649999999999997,0.0,0.0047599999999999995,0.0,0.0,0.01388,0.0,0.0,0.09162000000000001
2025-10-05 09:05:00,Uno M404,0.0,0.0,0.0,0.0,0.0,0.0,0.02698,4e-05,0.0,0.0,0.0,0.0048,0.0,0.0,0.01678,0.0,0.0,0.09309
2025-10-05 09:10:00,Uno M404,0.0,0.0,0.0,0.0,0.0,0.0,0.027260000000000003,1e-05,0.0,0.0,0.0,0.00497,0.0,0.0,0.030670000000000003,0.0,0.0,0.1076
2025-10-05 09:15:00,Uno M404,0.0,0.0,0.0,0.0,0.0,0.0,0.027399999999999997,1e-05,0.0,0.0,0.0,0.00492,0.0,0.0,0.0,0.0,0.0,0.07551000000000001
2025-10-05 09:20:00,Uno M404,0.0,0.0,0.0,0.0,0.0,0.0,0.0,0.0,0.0,0.0,0.0,0.004940000000000001,0.0,0.0,0.0,0.0,0.0,0.00038
2025-10-05 09:25:00,Uno M404,0.0,0.0,0.0,0.0,0.0,0.0,0.0,0.0,0.0,0.0,0.0,0.00495,0.0,0.0,0.01002,0.0,0.0,0.01257
2025-10-05 09:30:00,Uno M404,0.0,0.0,0.0,0.0,0.0,0.0,0.0,0.0,0.0,0.0,0.0,0.0051600000000000005,0.0,0.0,0.01026,0.0,0.0,0.0128
2025-10-05 09:35:00,Uno M404,0.0,0.0,0.0,0.0,0.1034,0.0,0.0,2e-05,0.0,0.0,0.0,0.1082,0.0,0.0,0.01027,0.0,0.0,0.01287
2025-10-05 09:40:00,Uno M404,0.0,0.0,0.0,0.0,0.08999,0.0,0.0,2e-05,0.0,0.0,0.0,0.09519,0.0,0.0,0.0,0.0,0.0,0.00166
2025-10-05 09:45:00,Uno M404,0.0,0.0,0.0,0.0,0.0,0.0,0.07288,0.00011,0.0,0.0,0.0,0.00512,0.0,0.0,0.0,0.0,0.0,0.07559
2025-10-05 09:50:00,Uno M404,0.0,0.0,0.0,0.0,0.0,0.0,0.06922,1e-05,0.0,0.0,0.0,0.00509,0.0,0.0,0.0,0.0,0.0,0.07204
2025-10-05 09:55:00,Uno M404,,0.0,,,0.0,0.0,0.07232999999999999,,,,0.0,0.01205,0.0,0.0,0.0,0.0,0.0,0.07496
2025-10-05 10:00:00,Uno M404,0.0,0.0,0.0,0.0,0.0,0.0,0.07486,0.0,0.0,0.0,0.0,0.02584,0.0,0.0,0.0,0.0,0.0,0.08072
2025-10-05 10:05:00,Uno M404,0.007030000000000001,0.0,0.0,0.0,0.0,0.0,0.07099,0.0,0.0,0.005730000000000001,0.0,0.1013,0.0,0.0,0.0,0.0,0.0,0.07389
2025-10-05 10:10:00,Uno M404,0.00704,0.0,0.0,0.0,0.0,0.0,0.07132,0.0,0.0,0.00574,0.0,0.10136,0.0,0.0,0.0,0.0,0.0,0.07408
2025-10-05 10:15:00,Uno M404,0.0,0.0,0.0,0.0,0.0,0.0,0.0,4e-05,0.0,0.0,0.0,0.10101,0.0,0.0,0.01035,0.0,0.0,0.01337
2025-10-05 10:20:00,Uno M404,0.0,0.0,0.0,0.0,0.0,0.0,0.027010000000000003,0.0,0.0,0.0,0.0,0.10077,0.0,0.0,0.0,0.0,0.0,0.0297
2025-10-05 10:25:00,Uno M404,0.0,0.0,0.0,0.0,0.0,0.0,0.0,5.9999999999999995e-05,0.0,0.0,0.0,0.10006999999999999,0.0,0.0,0.0,0.0,0.0,0.00186
2025-10-05 10:30:00,Uno M404,0.0,0.0,0.0,0.0,0.0,0.0,0.0,7.000000000000001e-05,0.0,0.0,0.0,0.09963,0.0,0.0,0.0,0.0,0.0,0.0016699999999999998
2025-10-05 10:35:00,Uno M404,0.0,0.0,0.0,0.0,0.10346999999999999,0.0,0.0,0.0,0.0,0.0,0.0,0.20277,0.0,0.0,0.0,0.0,0.0,0.00204
2025-10-05 10:40:00,Uno M404,0.0,0.0,0.0,0.0,0.09045,0.0,0.09753,1e-05,0.0,0.0,0.0,0.19183,0.0,0.0,0.0,0.0,0.0,0.10053
2025-10-05 10:45:00,Uno M404,0.0,0.0,0.0,0.0,0.0,0.0,0.09844,2e-05,0.0,0.0,0.0,0.10076,0.0,0.0,0.0,0.0,0.0,0.10125
2025-10-05 10:50:00,Uno M404,0.0,0.0,0.0,0.0,0.0,0.0,0.0249,0.00028000000000000003,0.0,0.0,0.0,0.09987,0.0,0.0,0.0,0.0,0.0,0.027870000000000002
2025-10-05 10:55:00,Uno M404,0.05281,0.0,0.0,0.0,0.0,0.0,0.02419,0.02462,0.0,0.02795,0.0,0.0995,0.0,0.0,0.0,0.0,0.0,0.027170000000000003
2025-10-05 11:00:00,Uno M404,0.052020000000000004,0.0,0.0,0.0,0.0,0.0,0.02435,0.024550000000000002,0.0,0.02727,0.0,0.09977,0.0,0.0,0.0,0.0,0.0,0.02718
2025-10-05 11:05:00,Uno M404,0.05173,0.0,0.0,0.0,0.0,0.0,0.02493,0.02444,0.0,0.02682,0.0,0.09858,0.0,0.0,0.0,0.0,0.0,0.02779
2025-10-05 11:10:00,Uno M404,0.05153,0.0,0.0,0.0,0.0,0.0,0.02517,0.02454,0.0,0.02659,0.0,0.09866,0.0,0.0,0.0,0.0,0.0,0.028050000000000002
2025-10-05 11:15:00,Uno M404,0.0517,0.0,0.0,0.0,0.0,0.0,0.024820000000000002,0.02457,0.0,0.026609999999999998,0.0,0.09859,0.0,0.0,0.0,0.0,0.0,0.09059
2025-10-05 11:20:00,Uno M404,0.05144,0.0,0.0,0.0,0.0,0.0,0.025160000000000002,0.02443,0.0,0.02662,0.0,0.09958,0.0,0.0,0.0,0.0,0.0,0.08572
2025-10-05 11:25:00,Uno M404,0.05121,0.0,0.0,0.0,0.0,0.0,0.02511,0.02453,0.0,0.0264,0.0,0.09831000000000001,0.0,0.0,0.0,0.0,0.0,0.08576
2025-10-05 11:30:00,Uno M404,0.05127,0.0,0.0,0.0,0.0,0.0,0.02496,0.024460000000000003,0.0,0.026269999999999998,0.0,0.09928000000000001,0.0,0.0,0.0,0.0,0.0,0.08619
2025-10-05 11:35:00,Uno M404,0.05107,0.0,0.0,0.0,0.10323,0.0,0.02491,0.02454,0.0,0.026,0.0,0.20173,0.0,0.0,0.0,0.0,0.0,0.10235999999999999
2025-10-05 11:40:00,Uno M404,0.05146,0.0,0.0,0.0,0.08967,0.0,0.0,0.02457,0.0,0.0264,0.0,0.189,0.0,0.0,0.0,0.0,0.0,0.0464
2025-10-05 11:45:00,Uno M404,0.05169,0.0,0.0,0.0,0.0,0.0,0.0,0.02453,0.0,0.026670000000000003,0.0,0.09938,0.0,0.0,0.060399999999999995,0.0,0.0,0.10779000000000001
2025-10-05 11:50:00,Uno M404,0.04819,0.0,0.0,0.0,0.0,0.0,0.0,0.02131,0.0,0.026269999999999998,0.0,0.09942000000000001,0.0,0.0,0.11181,0.0,0.0,0.15944
2025-10-05 11:55:00,Uno M404,0.38592,0.0,0.0,0.0,0.0,0.0,0.0,0.17076,0.0,0.21044000000000002,0.0,0.7944800000000001,0.0,0.0,0.9238,0.0,0.0,1.3066
2025-10-05 12:00:00,Uno M404,0.048240000000000005,0.0,0.0,0.0,0.0,0.0,0.0,0.0213,0.0,0.026170000000000002,0.0,0.09939,0.0,0.0,0.10992,0.0,0.0,0.15796000000000002
2025-10-05 12:05:00,Uno M404,0.04834,0.0,0.0,0.0,0.0,0.0,0.0,0.02135,0.0,0.026359999999999998,0.0,0.09977,0.0,0.0,0.10443000000000001,0.0,0.0,0.15287
2025-10-05 12:10:00,Uno M404,0.048170000000000004,0.0,0.0,0.0,0.0,0.0,0.0,0.02144,0.0,0.0263,0.0,0.10019,0.0,0.0,0.10096,0.0,0.0,0.14914
2025-10-05 12:15:00,Uno M404,0.04825,0.0,0.0,0.0,0.0,0.0,0.0,0.02138,0.0,0.02621,0.0,0.09948,0.0,0.0,0.09892000000000001,0.0,0.0,0.14706
2025-10-05 12:20:00,Uno M404,0.04828,0.0,0.0,0.0,0.09920999999999999,0.0,0.0,0.02135,0.0,0.02649,0.0,0.19857,0.0,0.0,0.09777,0.0,0.0,0.14557
2025-10-05 12:25:00,Uno M404,0.048490000000000005,0.0,0.0,0.0,0.08812,0.0,0.0,0.02136,0.0,0.02656,0.0,0.18874000000000002,0.0,0.0,0.09906000000000001,0.0,0.0,0.14794
2025-10-05 12:30:00,Uno M404,0.04869,0.0,0.0,0.0,0.0,0.0,0.0,0.0214,0.0,0.02674,0.0,0.09985,0.0,0.0,0.09484999999999999,0.0,0.0,0.14332
2025-10-05 12:35:00,Uno M404,0.048670000000000005,0.0,0.0,0.0,0.0,0.0,0.0,0.02142,0.0,0.02673,0.0,0.09976,0.0,0.0,0.09373999999999999,0.0,0.0,0.14225
2025-10-05 12:40:00,Uno M404,0.04858,0.0,0.0,0.0,0.0,0.0,0.0,0.0215,0.0,0.026850000000000002,0.0,0.10087,0.0,0.0,0.09348000000000001,0.0,0.0,0.14211000000000001
2025-10-05 12:45:00,Uno M404,0.04851,0.0,0.0,0.0,0.0,0.0,0.0,0.02138,0.0,0.02662,0.0,0.10042,0.0,0.0,0.09548000000000001,0.0,0.0,0.09827
2025-10-05 12:50:00,Uno M404,0.04904,0.0,0.0,0.0,0.0,0.0,0.07343000000000001,0.02143,0.0,0.02677,0.0,0.10179,0.0,0.0,0.09744,0.0,0.0,0.17468
2025-10-05 12:55:00,Uno M404,0.04889,0.0,0.0,0.0,0.0,0.0,0.0705,0.02137,0.0,0.027010000000000003,0.0,0.1031,0.0,0.0,0.0938,0.0,0.0,0.16821
2025-10-05 13:00:00,Uno M404,0.04918,0.0,0.0,0.0,0.0,0.0,0.07302,0.02147,0.0,0.02755,0.0,0.10424,0.0,0.0,0.10404000000000001,0.0,0.0,0.18064
2025-10-05 13:05:00,Uno M404,0.04945,0.0,0.0,0.0,0.10815000000000001,0.0,0.07108,0.02148,0.0,0.027899999999999998,0.0,0.21178,0.0,0.0,0.09515000000000001,0.0,0.0,0.17004
2025-10-05 13:10:00,Uno M404,0.04957,0.0,0.0,0.0,0.09453,0.0,0.06983,0.02137,0.0,0.02786,0.0,0.19818,0.0,0.0,0.09498000000000001,0.0,0.0,0.16871
2025-10-05 13:15:00,Uno M404,0.05007,0.0,0.0,0.0,0.08565,0.0,0.07089,0.02138,0.0,0.02789,0.0,0.18869,0.0,0.0,0.09695999999999999,0.0,0.0,0.17165
2025-10-05 13:20:00,Uno M404,0.04932,0.0,0.0,0.0,0.0,0.0,0.07079,0.02135,0.0,0.02752,0.0,0.10411,0.0,0.0,0.09598000000000001,0.0,0.0,0.17056
2025-10-05 13:25:00,Uno M404,0.04954,0.0,0.0,0.0,0.0,0.0,0.07174,0.02137,0.0,0.02763,0.0,0.10425,0.0,0.0,0.09366,0.0,0.0,0.16919
2025-10-05 13:30:00,Uno M404,0.04944,0.0,0.0,0.0,0.0,0.0,0.06997,0.02129,0.0,0.02748,0.0,0.10407999999999999,0.0,0.0,0.09979,0.0,0.0,0.17352
2025-10-05 13:35:00,Uno M404,0.02921,0.0,0.0,0.0,0.0,0.0,0.06924,0.0,0.0,0.02759,0.0,0.10393000000000001,0.0,0.0,0.09856999999999999,0.0,0.0,0.17153
2025-10-05 13:40:00,Uno M404,0.02902,0.0,0.0,0.0,0.0,0.0,0.07091,0.0,0.0,0.0273,0.0,0.10328,0.0,0.0,0.09393000000000001,0.0,0.0,0.16852
2025-10-05 13:45:00,Uno M404,0.02947,0.0,0.0,0.0,0.0,0.0,0.07181,0.0,0.0,0.027719999999999998,0.0,0.13365000000000002,0.0,0.0,0.0933,0.0,0.0,0.16876
2025-10-05 13:50:00,Uno M404,0.04969,0.0,0.0,0.0,0.0,0.0,0.07134,0.02141,0.0,0.027620000000000002,0.0,0.04099,0.0,0.0,0.09228,0.0,0.0,0.1885
2025-10-05 13:55:00,Uno M404,0.05596,0.0,0.0,0.0,0.0,0.0,0.06925,0.02149,0.0,0.03406,0.0,0.04079,0.0,0.0,0.09516,0.0,0.0,0.18925
2025-10-05 14:00:00,Uno M404,0.05593,0.0,0.0,0.0,0.0,0.0,0.09691,0.02143,0.0,0.03415,0.0,0.13362000000000002,0.0,0.0,0.0935,0.0,0.0,0.21528
2025-10-05 14:05:00,Uno M404,0.05589,0.0,0.0,0.0,0.1146,0.0,0.09622,0.02146,0.0,0.03415,0.0,0.24928999999999998,0.0,0.0,0.09562000000000001,0.0,0.0,0.21649000000000002
2025-10-05 14:10:00,Uno M404,0.04982,0.0,0.0,0.0,0.09643,0.0,0.09522,0.02137,0.0,0.027829999999999997,0.0,0.2291,0.0,0.0,0.09256,0.0,0.0,0.21241
2025-10-05 14:15:00,Uno M404,0.02149,0.0,0.0,0.0,0.08762,0.0,0.09626,0.02135,0.0,0.0,0.0,0.22084,0.0,0.0,0.09364,0.0,0.0,0.21450999999999998
2025-10-05 14:20:00,Uno M404,0.02155,0.0,0.0,0.0,0.0,0.0,0.09988,0.02137,0.0,0.0,0.0,0.13419,0.0,0.0,0.09215999999999999,0.0,0.0,0.21652000000000002
2025-10-05 14:25:00,Uno M404,0.02157,0.0,0.0,0.0,0.0,0.0,0.10078,0.02136,0.0,0.0,0.0,0.13223,0.0,0.0,0.09196,0.0,0.0,0.21733000000000002
2025-10-05 14:30:00,Uno M404,0.02164,0.0,0.0,0.0,0.0,0.0,0.09764,0.0213,0.0,0.0,0.0,0.13293000000000002,0.0,0.0,0.09598000000000001,0.0,0.0,0.2181
2025-10-05 14:35:00,Uno M404,0.02148,0.0,0.0,0.0,0.0,0.0,0.09641,0.02131,0.0,0.0,0.0,0.13188,0.0,0.0,0.09179000000000001,0.0,0.0,0.21287999999999999
2025-10-05 14:40:00,Uno M404,0.0215,0.0,0.0,0.0,0.0,0.0,0.09885,0.02129,0.0,0.0,0.0,0.13198,0.0,0.0,0.07737000000000001,0.0,0.0,0.20069
2025-10-05 14:45:00,Uno M404,0.02137,0.0,0.0,0.0,0.0,0.0,0.09564,0.02118,0.0,0.0,0.0,0.13322,0.0,0.0,0.07640999999999999,0.0,0.0,0.19661
2025-10-05 14:50:00,Uno M404,0.0215,0.0,0.0,0.0,0.0,0.0,0.09537000000000001,0.02124,0.0,0.0,0.0,0.13284,0.0,0.0,0.0756,0.0,0.0,0.19543000000000002
2025-10-05 14:55:00,Uno M404,0.02149,0.0,0.0,0.0,0.0,0.0,0.09516,0.02129,0.0,0.0,0.0,0.13374,0.0,0.0,0.09576000000000001,0.0,0.0,0.21539
2025-10-05 15:00:00,Uno M404,0.02147,0.0,0.0,0.0,0.10067,0.0,0.09843,0.02126,0.0,0.0,0.0,0.23471,0.0,0.0,0.11228,0.0,0.0,0.23526
2025-10-05 15:05:00,Uno M404,0.02144,0.0,0.0,0.0,0.08771,0.0,0.09811,0.0214,0.0,0.0,0.0,0.22146000000000002,0.0,0.0,0.11193,0.0,0.0,0.23466
2025-10-05 15:10:00,Uno M404,0.0,0.0,0.0,0.0,0.0,0.0,0.12064,0.0,0.0,0.0,0.0,0.15672,0.0,0.0,0.11324,0.0,0.0,0.2374
2025-10-05 15:15:00,Uno M404,0.03096,0.0,0.0,0.0,0.0,0.0,0.0,0.0,0.0,0.02929,0.0,0.13306,0.0,0.0,0.0875,0.0,0.0,0.09040999999999999
2025-10-05 15:20:00,Uno M404,0.03048,0.0,0.0,0.0,0.0,0.0,0.004719999999999999,0.0,0.0,0.02876,0.0,0.13357,0.0,0.0,0.08629,0.0,0.0,0.09476000000000001
2025-10-05 15:25:00,Uno M404,0.02981,0.0,0.0,0.0,0.0,0.0,0.0,0.0,0.0,0.02807,0.0,0.13279,0.0,0.0,0.0854,0.0,0.0,0.0885
2025-10-05 15:30:00,Uno M404,0.02976,0.0,0.0,0.0,0.0,0.0,0.0,0.0,0.0,0.02786,0.0,0.13312000000000002,0.0,0.0,0.07414,0.0,0.0,0.12418000000000001
2025-10-05 15:35:00,Uno M404,0.0,0.0,0.0,0.0,0.0,0.0,0.0,0.0,0.0,0.0,0.0,0.13346,0.0,0.0,0.07293999999999999,0.0,0.0,0.12326000000000001
2025-10-05 15:40:00,Uno M404,0.0,0.0,0.0,0.0,0.0,0.0,0.0,0.0,0.0,0.0,0.0,0.13284,0.0,0.0,0.11209000000000001,0.0,0.0,0.16238999999999998
2025-10-05 15:45:00,Uno M404,0.0,0.0,0.0,0.0,0.0,0.0,0.0,0.0,0.0,0.0,0.0,0.13285,0.0,0.0,0.11223999999999999,0.0,0.0,0.16277
2025-10-05 15:50:00,Uno M404,0.0,0.0,0.0,0.0,0.0,0.0,0.0037099999999999998,0.0,0.0,0.0,0.0,0.13369999999999999,0.0,0.0,0.11511,0.0,0.0,0.16951
2025-10-05 15:55:00,Uno M404,0.0,0.0,0.0,0.0,0.0973,0.0,0.0,0.0,0.0,0.0,0.0,0.23013,0.0,0.0,0.11213,0.0,0.0,0.16207
2025-10-05 16:00:00,Uno M404,0.0,0.0,0.0,0.0,0.08604,0.0,0.0,0.0,0.0,0.0,0.0,0.21982,0.0,0.0,0.11448,0.0,0.0,0.16521
2025-10-05 16:05:00,Uno M404,0.0,0.0,0.0,0.0,0.0,0.0,0.0,0.0,0.0,0.0,0.0,0.13346,0.0,0.0,0.11841,0.0,0.0,0.16863
2025-10-05 16:10:00,Uno M404,0.0,0.0,0.0,0.0,0.0,0.0,0.0,0.0,0.0,0.0,0.0,0.13348,0.0,0.0,0.10568000000000001,0.0,0.0,0.15571000000000002
2025-10-05 16:15:00,Uno M404,0.0,0.0,0.0,0.0,0.0,0.0,0.0,0.0,0.0,0.0,0.0,0.13281,0.0,0.0,0.10601999999999999,0.0,0.0,0.15583000000000002
2025-10-05 16:20:00,Uno M404,1e-05,0.0,0.0,0.0,0.0,0.0,0.0,0.0,0.0,0.0,0.0,0.13308,0.0,0.0,0.1025,0.0,0.0,0.15197999999999998
2025-10-05 16:25:00,Uno M404,0.0,0.0,0.0,0.0,0.0,0.0,0.0,0.0,0.0,0.0,0.0,0.13266999999999998,0.0,0.0,0.09825,0.0,0.0,0.14753
2025-10-05 16:30:00,Uno M404,0.0,0.0,0.0,0.0,0.0,0.0,0.0,0.0,0.0,0.0,0.0,0.13299,0.0,0.0,0.09709999999999999,0.0,0.0,0.14669
2025-10-05 16:35:00,Uno M404,0.0,0.0,0.0,0.0,0.0,0.0,0.0,0.0,0.0,0.0,0.0,0.13253,0.0,0.0,0.10557,0.0,0.0,0.15480000000000002
2025-10-05 16:40:00,Uno M404,0.0,0.0,0.0,0.0,0.0,0.0,0.0,0.0,0.0,0.0,0.0,0.1321,0.0,0.0,0.09603,0.0,0.0,0.14526
2025-10-05 16:45:00,Uno M404,0.0,0.0,0.0,0.0,0.10428,0.0,0.0,0.0,0.0,0.0,0.0,0.2365,0.0,0.0,0.09356999999999999,0.0,0.0,0.14262
2025-10-05 16:50:00,Uno M404,0.0,0.0,0.0,0.0,0.08938,0.0,0.0,0.0,0.0,0.0,0.0,0.22129,0.0,0.0,0.09441,0.0,0.0,0.14345
2025-10-05 16:55:00,Uno M404,0.0,0.0,0.0,0.0,0.0,0.0,0.0,0.0,0.0,0.0,0.0,0.13161,0.0,0.0,0.09737,0.0,0.0,0.14637999999999998
2025-10-05 17:00:00,Uno M404,0.0,0.0,0.0,0.0,0.0,0.0,0.0,0.0,0.0,0.0,0.0,0.13213999999999998,0.0,0.0,0.09509999999999999,0.0,0.0,0.14451
2025-10-05 17:05:00,Uno M404,0.0,0.0,0.0,0.0,0.0,0.0,0.0,0.0,0.0,0.0,0.0,0.13224,0.0,0.0,0.10901000000000001,0.0,0.0,0.15825999999999998
2025-10-05 17:10:00,Uno M404,0.0,0.0,0.0,0.0,0.0,0.0,0.0,0.0,0.0,0.0,0.0,0.13188,0.0,0.0,0.10998999999999999,0.0,0.0,0.15941999999999998
2025-10-05 17:15:00,Uno M404,0.0,0.0,0.0,0.0,0.0,0.0,0.0,0.0,0.0,0.0,0.0,0.13147,0.0,0.0,0.09417,0.0,0.0,0.14306
2025-10-05 17:20:00,Uno M404,0.0,0.0,0.0,0.0,0.0,0.0,0.0,0.0,0.0,0.0,0.0,0.1303,0.0,0.0,0.09659000000000001,0.0,0.0,0.14515
2025-10-05 17:25:00,Uno M404,0.0,0.0,0.0,0.0,0.0,0.0,0.0,0.0,0.0,0.0,0.0,0.13028,0.0,0.0,0.0,0.0,0.0,0.04734
2025-10-05 17:30:00,Uno M404,0.0,0.0,0.0,0.0,0.0,0.0,0.02904,0.0,0.0,0.0,0.0,0.01145,0.0,0.0,0.0,0.0,0.0,0.07732
2025-10-05 17:35:00,Uno M404,0.0,0.0,0.0,0.0,0.10547,0.0,0.02889,0.0,0.0,0.0,0.0,0.11727,0.0,0.0,0.0,0.0,0.0,0.07723999999999999
2025-10-05 17:40:00,Uno M404,0.0,0.0,0.0,0.0,0.091,0.0,0.02885,0.0,0.0,0.0,0.0,0.10247,0.0,0.0,0.0,0.0,0.0,0.07648999999999999
2025-10-05 17:45:00,Uno M404,0.0,0.0,0.0,0.0,0.08204,0.0,0.02887,0.0,0.0,0.0,0.0,0.09381999999999999,0.0,0.0,0.0,0.0,0.0,0.07709999999999999
2025-10-05 17:50:00,Uno M404,0.0,0.0,0.0,0.0,0.0,0.0,0.02866,0.0,0.0,0.0,0.0,0.0114,0.0,0.0,0.0,0.0,0.0,0.07672
2025-10-05 17:55:00,Uno M404,0.0,0.0,0.0,0.0,0.0,0.0,0.02863,0.0,0.0,0.0,0.0,0.01151,0.0,0.0,0.0,0.0,0.0,0.07690999999999999
2025-10-05 18:00:00,Uno M404,0.0,0.0,0.0,0.0,0.0,0.0,0.02859,0.0,0.0,0.0,0.0,0.04935,0.0,0.0,0.0,0.01287,0.0,0.03137
2025-10-05 18:05:00,Uno M404,0.0,0.0,0.0,0.0,0.0,0.0,0.09925,0.0,0.0,0.0,0.0,0.0247,0.0,0.0,0.0104,0.01264,0.0,0.113
2025-10-05 18:10:00,Uno M404,0.0,0.0,0.0,0.0,0.0,0.0,0.05868,0.0,0.0,0.0,0.0,0.02497,0.0,0.0,0.0,0.012539999999999999,0.0,0.061329999999999996
2025-10-05 18:15:00,Uno M404,0.0,0.0,0.0,0.0,0.0,0.0,0.05844,0.0,0.0,0.0,0.0,0.02468,0.0,0.0,0.0,0.01242,0.0,0.06105
2025-10-05 18:20:00,Uno M404,0.0,0.0,0.0,0.0,0.0,0.0,0.058,0.0,0.0,0.0,0.0,0.02457,0.0,0.0,0.0,0.012410000000000001,0.0,0.060579999999999995
2025-10-05 18:25:00,Uno M404,0.0,0.0,0.0,0.0,0.0,0.0,0.05847,0.0,0.0,0.0,0.0,0.02467,0.0,0.0,0.0,0.012320000000000001,0.0,0.06107
2025-10-05 18:30:00,Uno M404,0.0,0.0,0.0,0.0,0.10212,0.0,0.05825,0.0,0.0,0.0,0.0,0.12705,0.0,0.0,0.0,0.01236,0.0,0.06078
2025-10-05 18:35:00,Uno M404,0.0,0.0,0.0,0.0,0.0866,0.0,0.05871,0.0,0.0,0.0,0.0,0.11156,0.0,0.0,0.0,0.01239,0.0,0.061399999999999996
2025-10-05 18:40:00,Uno M404,0.0,0.0,0.0,0.0,0.0,0.0,0.05858,0.0,0.0,0.0,0.0,0.0249,0.0,0.0,0.0,0.012320000000000001,0.0,0.061130000000000004
2025-10-05 18:45:00,Uno M404,0.029,0.0,0.0,0.0,0.0,0.0,0.02929,0.0,0.0,0.02748,0.0,0.01775,0.0,0.0,0.0,0.0123,0.0,0.03175
2025-10-05 18:50:00,Uno M404,3.19313,0.0,0.0,3.1641999999999997,0.0,0.0,0.02923,0.0,0.0,0.02643,0.0,0.01782,0.0,0.0,0.0,0.012289999999999999,0.0,0.03188
2025-10-05 18:55:00,Uno M404,3.21008,0.0,0.0,3.1814299999999998,0.0,0.0,0.1517,0.0,0.0,0.02639,0.0,0.02519,0.0,0.0,0.0,0.01239,0.0,0.15415
2025-10-05 19:00:00,Uno M404,3.2064299999999997,0.0,0.0,3.17769,0.0,0.0,0.13138,0.0,0.0,0.02632,0.0,0.02505,0.0,0.0,0.0,0.01228,0.0,0.13388999999999998
2025-10-05 19:05:00,Uno M404,3.2186500000000002,0.0,0.0,3.18992,0.0,0.0,0.05787,0.0,0.0,0.026449999999999998,0.0,0.02501,0.0,0.0,0.0,0.012289999999999999,0.0,0.06051
2025-10-05 19:10:00,Uno M404,0.0,0.0,0.0,0.0,0.0,0.0,0.13061,0.0,0.0,0.0,0.0,0.02489,0.0,0.0,0.0,0.0123,0.0,0.13315000000000002
2025-10-05 19:15:00,Uno M404,0.0,0.0,0.0,0.0,0.10601000000000001,0.0,0.12838999999999998,0.0,0.0,0.0,0.0,0.13182,0.0,0.0,0.0,0.01226,0.0,0.13097999999999999
2025-10-05 19:20:00,Uno M404,0.0,0.0,0.0,0.0,0.09262999999999999,0.0,0.13212000000000002,0.0,0.0,0.0,0.0,0.12453,0.0,0.0,0.0,0.012289999999999999,0.0,0.13479
2025-10-05 19:25:00,Uno M404,0.0,0.0,0.0,0.0,0.08504,0.0,0.12969,0.0,0.0,0.0,0.0,0.11048000000000001,0.0,0.0,0.0,0.012230000000000001,0.0,0.1323
2025-10-05 19:30:00,Uno M404,0.0,0.0,0.0,0.0,0.08673,0.0,0.12921000000000002,0.0,0.0,0.0,0.0,0.11183,0.0,0.0,0.0,0.01228,0.0,0.13188999999999998
2025-10-05 19:35:00,Uno M404,0.0,0.0,0.0,0.0,0.0,0.0,0.12986,0.0,0.0,0.0,0.0,0.024640000000000002,0.0,0.0,0.0,0.01236,0.0,0.1325
2025-10-05 19:40:00,Uno M404,0.0,0.0,0.0,0.0,0.0,0.0,0.1303,0.0,0.0,0.0,0.0,0.02477,0.0,0.0,0.0,0.01239,0.0,0.13294999999999998
2025-10-05 19:45:00,Uno M404,0.0,0.0,0.0,0.0,0.0,0.0,0.12974000000000002,0.0,0.0,0.0,0.0,0.02453,0.0,0.0,0.0,0.0123,0.0,0.13232
2025-10-05 19:50:00,Uno M404,0.0,0.0,0.0,0.0,0.0,0.0,0.12893000000000002,0.0,0.0,0.0,0.0,0.02466,0.0,0.0,0.0,0.01235,0.0,0.13174
2025-10-05 19:55:00,Uno M404,1e-05,0.0,0.0,0.0,0.0,0.0,0.12957,0.0,0.0,0.0,0.0,0.024829999999999998,0.0,0.0,0.0,0.01242,0.0,0.13228
2025-10-05 20:00:00,Uno M404,0.0,0.0,0.0,0.0,0.0,0.0,0.13129,0.0,0.0,0.0,0.0,0.0248,0.0,0.0,0.0,0.01235,0.0,0.13405
2025-10-05 20:05:00,Uno M404,0.0,0.0,0.0,0.0,0.0,0.0,0.13084,0.0,0.0,0.0,0.0,0.02488,0.0,0.0,0.0,0.01239,0.0,0.13371
2025-10-05 20:10:00,Uno M404,0.0,0.0,0.0,0.0,0.0,0.0,0.13037,0.0,0.0,0.0,0.0,0.02511,0.0,0.0,0.0,0.0123,0.0,0.13306
2025-10-05 20:15:00,Uno M404,0.0,0.0,0.0,0.0,0.0,0.0,0.13063999999999998,0.0,0.0,0.0,0.0,0.02418,0.0,0.0,0.0,0.012320000000000001,0.0,0.13338999999999998
2025-10-05 20:20:00,Uno M404,0.0,0.0,0.0,0.0,0.10773,0.0,0.128,0.0,0.0,0.0,0.0,0.13257,0.0,0.0,0.0,0.01228,0.0,0.13068000000000002
2025-10-05 20:25:00,Uno M404,0.0,0.0,0.0,0.0,0.09631,0.0,0.12812,0.0,0.0,0.0,0.0,0.14345,0.0,0.0,0.0,0.01236,0.0,0.13094999999999998
2025-10-05 20:30:00,Uno M404,0.0,0.0,0.0,0.0,0.08544,0.0,0.12947999999999998,0.0,0.0,0.0,0.0,0.10962000000000001,0.0,0.0,0.0,0.012320000000000001,0.0,0.13222
2025-10-05 20:35:00,Uno M404,0.0,0.0,0.0,0.0,0.0,0.0,0.13091,0.0,0.0,0.0,0.0,0.02402,0.0,0.0,0.0,0.01233,0.0,0.13387000000000002
2025-10-05 20:40:00,Uno M404,0.0,0.0,0.0,0.0,0.0,0.0,0.13075,0.0,0.0,0.0,0.0,0.024,0.0,0.0,0.0,0.01235,0.0,0.13343
2025-10-05 20:45:00,Uno M404,0.0,0.0,0.0,0.0,0.0,0.0,0.12875999999999999,0.0,0.0,0.0,0.0,0.024079999999999997,0.0,0.0,0.0,0.012320000000000001,0.0,0.13151
2025-10-05 20:50:00,Uno M404,0.0,0.0,0.0,0.0,0.0,0.0,0.13116999999999998,0.0,0.0,0.0,0.0,0.0251,0.0,0.0,0.0,0.012320000000000001,0.0,0.134
2025-10-05 20:55:00,Uno M404,0.0,0.0,0.0,0.0,0.0,0.0,0.13043000000000002,0.0,0.0,0.0,0.0,0.02416,0.0,0.0,0.0,0.012320000000000001,0.0,0.13328
2025-10-05 21:00:00,Uno M404,0.0,0.0,0.0,0.0,0.0,0.0,0.12968000000000002,0.0,0.0,0.0,0.0,0.02401,0.0,0.0,0.0,0.0123,0.0,0.13238999999999998
2025-10-05 21:05:00,Uno M404,0.0,0.0,0.0,0.0,0.0,0.0,0.13188,0.0,0.0,0.0,0.0,0.06649,0.0,0.0,0.0,0.01221,0.0,0.20483
2025-10-05 21:10:00,Uno M404,0.0,0.0,0.0,0.0,0.0,0.0,0.13058,0.0,0.0,0.0,0.0,0.053450000000000004,0.0,0.0,0.0,0.012289999999999999,0.0,0.20401
2025-10-05 21:15:00,Uno M404,0.0,0.0,0.0,0.0,0.10823999999999999,0.0,0.13094,0.0,0.0,0.0,0.0,0.13363999999999998,0.0,0.0,0.0,0.01227,0.0,0.19685
2025-10-05 21:20:00,Uno M404,0.0,0.0,0.0,0.0,0.09813,0.0,0.13063999999999998,0.0,0.0,0.0,0.0,0.12224,0.0,0.0,0.0,0.01233,0.0,0.19455
2025-10-05 21:25:00,Uno M404,0.0,0.0,0.0,0.0,0.08649,0.0,0.12934,0.0,0.0,0.0,0.0,0.11163,0.0,0.0,0.0,0.012289999999999999,0.0,0.20132
2025-10-05 21:30:00,Uno M404,0.0,0.0,0.0,0.0,0.0,0.0,0.13049000000000002,0.0,0.0,0.0,0.0,0.02447,0.0,0.0,0.0,0.01233,0.0,0.1805
2025-10-05 21:35:00,Uno M404,0.0,0.0,0.0,0.0,0.0,0.0,0.13041,0.0,0.0,0.0,0.0,0.02431,0.0,0.0,0.0,0.01228,0.0,0.18018
2025-10-05 21:40:00,Uno M404,0.0,0.0,0.0,0.0,0.0,0.0,0.13024000000000002,0.0,0.0,0.0,0.0,0.02504,0.0,0.0,0.0,0.01227,0.0,0.1799
2025-10-05 21:45:00,Uno M404,0.0,0.0,0.0,0.0,0.0,0.0,0.10213,0.0,0.0,0.0,0.0,0.02457,0.0,0.0,0.0,0.0123,0.0,0.15224000000000001
2025-10-05 21:50:00,Uno M404,0.0,0.0,0.0,0.0,0.0,0.0,0.10053,0.0,0.0,0.0,0.0,0.023870000000000002,0.0,0.0,0.0,0.012320000000000001,0.0,0.15078
2025-10-05 21:55:00,Uno M404,0.0,0.0,0.0,0.0,0.0,0.0,0.10087,0.0,0.0,0.0,0.0,0.02411,0.0,0.0,0.0,0.01221,0.0,0.15078999999999998
2025-10-05 22:00:00,Uno M404,0.0,0.0,0.0,0.0,0.0,0.0,0.10028000000000001,0.0,0.0,0.0,0.0,0.02367,0.0,0.0,0.0,0.012320000000000001,0.0,0.15055000000000002
2025-10-05 22:05:00,Uno M404,0.0,0.0,0.0,0.0,0.0,0.0,0.10168,0.0,0.0,0.0,0.0,0.02367,0.0,0.0,0.0,0.0123,0.0,0.15196
2025-10-05 22:10:00,Uno M404,0.0,0.0,0.0,0.0,0.0,0.0,0.10062,0.0,0.0,0.0,0.0,0.02386,0.0,0.0,0.0,0.01227,0.0,0.15088
2025-10-05 22:15:00,Uno M404,0.0,0.0,0.0,0.0,0.10536,0.0,0.10018,0.0,0.0,0.0,0.0,0.12975,0.0,0.0,0.0,0.01225,0.0,0.15061000000000002
2025-10-05 22:20:00,Uno M404,0.0,0.0,0.0,0.0,0.0923,0.0,0.10091,0.0,0.0,0.0,0.0,0.11588,0.0,0.0,0.0,0.01225,0.0,0.15128999999999998
2025-10-05 22:25:00,Uno M404,0.0,0.0,0.0,0.0,0.0,0.0,0.09935,0.0,0.0,0.0,0.0,0.049460000000000004,0.0,0.0,0.0,0.01222,0.0,0.14975
2025-10-05 22:30:00,Uno M404,0.0,0.0,0.0,0.0,0.0,0.0,0.0974,0.0,0.0,0.0,0.0,0.02431,0.0,0.0,0.0,0.01222,0.0,0.14769
2025-10-05 22:35:00,Uno M404,0.0,0.0,0.0,0.0,0.0,0.0,0.09923,0.0,0.0,0.0,0.0,0.01115,0.0,0.0,0.0,0.0,0.0,0.14936000000000002
2025-10-05 22:40:00,Uno M404,0.0,0.0,0.0,0.0,0.0,0.0,0.09891,0.0,0.0,0.0,0.0,0.01114,0.0,0.0,0.0,0.0,0.0,0.14887999999999998
2025-10-05 22:45:00,Uno M404,0.0,0.0,0.0,0.0,0.0,0.0,0.09985,0.0,0.0,0.0,0.0,0.011460000000000001,0.0,0.0,0.0,0.0,0.0,0.149
2025-10-05 22:50:00,Uno M404,0.00751,0.0,0.0,0.0,0.0,0.0,0.09695000000000001,0.0,0.0,0.00598,0.0,0.011210000000000001,0.0,0.0,0.0,0.0,0.0,0.14728
2025-10-05 22:55:00,Uno M404,0.0,0.0,0.0,0.0,0.0,0.0,0.09944,0.0,0.0,0.0,0.0,0.01119,0.0,0.0,0.0,0.0,0.0,0.15011000000000002
2025-10-05 23:00:00,Uno M404,0.0,0.0,0.0,0.0,0.0,0.0,0.10018,0.0,0.0,0.0,0.0,0.011460000000000001,0.0,0.0,0.0,0.0,0.0,0.15096
2025-10-05 23:05:00,Uno M404,0.0,0.0,0.0,0.0,0.0,0.0,0.0986,0.0,0.0,0.0,0.0,0.011859999999999999,0.0,0.0,0.0,0.0,0.0,0.14931
2025-10-05 23:10:00,Uno M404,0.0,0.0,0.0,0.0,0.10536,0.0,0.09843,0.0,0.0,0.0,0.0,0.11733,0.0,0.0,0.0,0.0,0.0,0.14933000000000002
2025-10-05 23:15:00,Uno M404,0.0,0.0,0.0,0.0,0.09179999999999999,0.0,0.0994,0.0,0.0,0.0,0.0,0.10336,0.0,0.0,0.0,0.0,0.0,0.15005000000000002
2025-10-05 23:20:00,Uno M404,0.0,0.0,0.0,0.0,0.0,0.0,0.09799,0.0,0.0,0.0,0.0,0.01145,0.0,0.0,0.0,0.0,0.0,0.14924
2025-10-05 23:25:00,Uno M404,0.0,0.0,0.0,0.0,0.0,0.0,0.10147,0.0,0.0,0.0,0.0,0.01166,0.0,0.0,0.0,0.0,0.0,0.15239
2025-10-05 23:30:00,Uno M404,0.0,0.0,0.0,0.0,0.0,0.0,0.0,0.0,0.0,0.0,0.0,0.04893,0.0,3.50788,0.03528,0.0,0.0,3.59253
2025-10-05 23:35:00,Uno M404,0.0,0.0,0.0,0.0,0.0,0.0,0.0,0.0,0.0,0.0,0.0,0.03698,0.0,3.48963,0.034140000000000004,0.0,0.0,3.57327
2025-10-05 23:40:00,Uno M404,0.0,0.0,0.0,0.0,0.0,0.0,0.0,0.0,0.0,0.0,0.0,0.02133,0.0,0.0,0.03483,0.0,0.0,0.08462
2025-10-05 23:45:00,Uno M404,0.0,0.0,0.0,0.0,0.0,0.0,0.0,0.0,0.0,0.0,0.0,0.01151,0.0,0.0,0.0,0.0,0.0,0.049909999999999996
2025-10-05 23:50:00,Uno M404,0.0,0.0,0.0,0.0,0.0,0.0,0.0,0.0,0.0,0.0,0.0,0.01159,0.0,0.0,0.0,0.0,0.0,0.05021
2025-10-05 23:55:00,Uno M404,0.0,0.0,0.0,0.0,0.0,0.0,0.0,0.0,0.0,0.0,0.0,0.01158,0.0,0.0,0.0,0.0,0.0,0.04934
2025-10-06 00:00:00,Uno M404,0.0,0.0,0.0,0.0,0.0,0.0,0.0,0.0,0.0,0.0,0.0,0.011789999999999998,0.0,0.0,0.0,0.0,0.0,0.048350000000000004
2025-10-06 00:05:00,Uno M404,0.0,0.0,0.0,0.0,0.10451,0.0,0.0,0.0,0.0,0.0,0.0,0.11694,0.0,0.0,0.0,0.0,0.0,0.048310000000000006
2025-10-06 00:10:00,Uno M404,1e-05,0.0,0.0,0.0,0.09185,0.0,0.0,0.0,0.0,0.0,0.0,0.10354000000000001,0.0,0.0,0.0,0.0,0.0,0.04828
2025-10-06 00:15:00,Uno M404,1e-05,0.0,0.0,0.0,0.0,0.0,0.0,0.0,0.0,0.0,0.0,0.012199999999999999,0.0,0.0,0.0,0.0,0.0,0.048
2025-10-06 00:20:00,Uno M404,0.0,0.0,0.0,0.0,0.0,0.0,0.0,0.0,0.0,0.0,0.0,0.011779999999999999,0.0,0.0,0.0,0.0,0.0,0.04829
2025-10-06 00:25:00,Uno M404,0.0,0.0,0.0,0.0,0.0,0.0,0.0,0.0,0.0,0.0,0.0,0.01188,0.0,0.0,0.0,0.0,0.0,0.04822
2025-10-06 00:30:00,Uno M404,0.0,0.0,0.0,0.0,0.0,0.0,0.0,0.0,0.0,0.0,0.0,0.011810000000000001,0.0,0.0,0.0,0.0,0.0,0.048310000000000006
2025-10-06 00:35:00,Uno M404,0.0,0.0,0.0,0.0,0.0,0.0,0.0,0.0,0.0,0.0,0.0,0.011720000000000001,0.0,0.0,0.0,0.0,0.0,0.048490000000000005
2025-10-06 00:40:00,Uno M404,1e-05,0.0,0.0,0.0,0.0,0.0,0.0,0.0,0.0,0.0,0.0,0.01199,0.0,0.0,0.0,0.0,0.0,0.048299999999999996
2025-10-06 00:45:00,Uno M404,0.0,0.0,0.0,0.0,0.0,0.0,0.0,0.0,0.0,0.0,0.0,0.01192,0.0,0.0,0.0,0.0,0.0,0.048729999999999996
2025-10-06 00:50:00,Uno M404,0.0,0.0,0.0,0.0,0.0,0.0,0.0,0.0,0.0,0.0,0.0,0.011689999999999999,0.0,0.0,0.0,0.0,0.0,0.0487
2025-10-06 00:55:00,Uno M404,0.0,0.0,0.0,0.0,0.0,0.0,0.0,0.0,0.0,0.0,0.0,0.011779999999999999,0.0,0.0,0.0,0.0,0.0,0.04847
2025-10-06 01:00:00,Uno M404,0.0,0.0,0.0,0.0,0.10748,0.0,0.0,0.0,0.0,0.0,0.0,0.11963,0.0,0.0,0.0,0.0,0.0,0.04882
2025-10-06 01:05:00,Uno M404,0.0,0.0,0.0,0.0,0.09245,0.0,0.0,0.0,0.0,0.0,0.0,0.10456,0.0,0.0,0.0,0.0,0.0,0.04908
2025-10-06 01:10:00,Uno M404,0.0,0.0,0.0,0.0,0.08413,0.0,0.0,0.0,0.0,0.0,0.0,0.09586,0.0,0.0,0.0,0.0,0.0,0.04915
2025-10-06 01:15:00,Uno M404,0.0,0.0,0.0,0.0,0.0,0.0,0.0,0.0,0.0,0.0,0.0,0.011800000000000001,0.0,0.0,0.0,0.0,0.0,0.04934
2025-10-06 01:20:00,Uno M404,1e-05,0.0,0.0,0.0,0.0,0.0,0.0,0.0,0.0,0.0,0.0,0.01222,0.0,0.0,0.0,0.0,0.0,0.049030000000000004
2025-10-06 01:25:00,Uno M404,0.0,0.0,0.0,0.0,0.0,0.0,0.0,0.0,0.0,0.0,0.0,0.011619999999999998,0.0,0.0,0.0,0.0,0.0,0.048979999999999996
2025-10-06 01:30:00,Uno M404,0.0,0.0,0.0,0.0,0.0,0.0,0.0,0.0,0.0,0.0,0.0,0.0116,0.0,0.0,0.0,0.0,0.0,0.04894
2025-10-06 01:35:00,Uno M404,0.0,0.0,0.0,0.0,0.0,0.0,0.0,0.0,0.0,0.0,0.0,0.011859999999999999,0.0,0.0,0.0,0.0,0.0,0.04901
2025-10-06 01:40:00,Uno M404,0.0,0.0,0.0,0.0,0.0,0.0,0.0,0.0,0.0,0.0,0.0,0.01158,0.0,0.0,0.0,0.0,0.0,0.04901
2025-10-06 01:45:00,Uno M404,0.0,0.0,0.0,0.0,0.0,0.0,0.0,0.0,0.0,0.0,0.0,0.01159,0.0,0.0,0.0,0.0,0.0,0.04868
2025-10-06 01:50:00,Uno M404,0.0,0.0,0.0,0.0,0.0,0.0,0.0,0.0,0.0,0.0,0.0,0.011710000000000002,0.0,0.0,0.0,0.0,0.0,0.048780000000000004
2025-10-06 01:55:00,Uno M404,1e-05,0.0,0.0,0.0,0.10893000000000001,0.0,0.0,0.0,0.0,0.0,0.0,0.12074,0.0,0.0,0.0,0.0,0.0,0.04894
2025-10-06 02:00:00,Uno M404,0.0,0.0,0.0,0.0,0.09433,0.0,0.0,0.0,0.0,0.0,0.0,0.10628,0.0,0.0,0.0,0.0,0.0,0.04902
2025-10-06 02:05:00,Uno M404,0.0,0.0,0.0,0.0,0.0844,0.0,0.0,0.0,0.0,0.0,0.0,0.09619,0.0,0.0,0.0,0.0,0.0,0.04877
2025-10-06 02:10:00,Uno M404,0.0,0.0,0.0,0.0,0.0,0.0,0.0,0.0,0.0,0.0,0.0,0.011810000000000001,0.0,0.0,0.0,0.0,0.0,0.04917
2025-10-06 02:15:00,Uno M404,0.0,0.0,0.0,0.0,0.0,0.0,0.0,0.0,0.0,0.0,0.0,0.01201,0.0,0.0,0.0,0.0,0.0,0.048909999999999995
2025-10-06 02:20:00,Uno M404,0.0,0.0,0.0,0.0,0.0,0.0,0.0,0.0,0.0,0.0,0.0,0.012119999999999999,0.0,0.0,0.0,0.0,0.0,0.049229999999999996
2025-10-06 02:25:00,Uno M404,0.0,0.0,0.0,0.0,0.0,0.0,0.0,0.0,0.0,0.0,0.0,0.01174,0.0,0.0,0.0,0.0,0.0,0.04904
2025-10-06 02:30:00,Uno M404,0.0,0.0,0.0,0.0,0.0,0.0,0.0,0.0,0.0,0.0,0.0,0.011789999999999998,0.0,0.0,0.0,0.0,0.0,0.049030000000000004
2025-10-06 02:35:00,Uno M404,0.0,0.0,0.0,0.0,0.0,0.0,0.0,0.0,0.0,0.0,0.0,0.011460000000000001,0.0,0.0,0.0,0.0,0.0,0.04884
2025-10-06 02:40:00,Uno M404,0.0,0.0,0.0,0.0,0.0,0.0,0.0,0.0,0.0,0.0,0.0,0.01167,0.0,0.0,0.0,0.0,0.0,0.04887
2025-10-06 02:45:00,Uno M404,0.0,0.0,0.0,0.0,0.0,0.0,0.0,0.0,0.0,0.0,0.0,0.01157,0.0,0.0,0.0,0.0,0.0,0.04889
2025-10-06 02:50:00,Uno M404,0.0,0.0,0.0,0.0,0.0,0.0,0.0,0.0,0.0,0.0,0.0,0.01145,0.0,0.0,0.0,0.0,0.0,0.049280000000000004
2025-10-06 02:55:00,Uno M404,0.0,0.0,0.0,0.0,0.09858,0.0,0.0,0.0,0.0,0.0,0.0,0.1102,0.0,0.0,0.0,0.0,0.0,0.04945
2025-10-06 03:00:00,Uno M404,0.0,0.0,0.0,0.0,0.08672,0.0,0.0,0.0,0.0,0.0,0.0,0.09819,0.0,0.0,0.0,0.0,0.0,0.04949
2025-10-06 03:05:00,Uno M404,0.0,0.0,0.0,0.0,0.0,0.0,0.0,0.0,0.0,0.0,0.0,0.011460000000000001,0.0,0.0,0.0,0.0,0.0,0.04935
2025-10-06 03:10:00,Uno M404,0.0,0.0,0.0,0.0,0.0,0.0,0.0,0.0,0.0,0.0,0.0,0.01151,0.0,0.0,0.0,0.0,0.0,0.0495
2025-10-06 03:15:00,Uno M404,0.0,0.0,0.0,0.0,0.0,0.0,0.0,0.0,0.0,0.0,0.0,0.01143,0.0,0.0,0.0,0.0,0.0,0.049210000000000004
2025-10-06 03:20:00,Uno M404,0.0,0.0,0.0,0.0,0.0,0.0,0.0,0.0,0.0,0.0,0.0,0.011619999999999998,0.0,0.0,0.0,0.0,0.0,0.049229999999999996
2025-10-06 03:25:00,Uno M404,0.0,0.0,0.0,0.0,0.0,0.0,0.0,0.0,0.0,0.0,0.0,0.01154,0.0,0.0,0.0,0.0,0.0,0.04882
2025-10-06 03:30:00,Uno M404,0.0,0.0,0.0,0.0,0.0,0.0,0.0,0.0,0.0,0.0,0.0,0.011630000000000001,0.0,0.0,0.0,0.0,0.0,0.04954
2025-10-06 03:35:00,Uno M404,0.0,0.0,0.0,0.0,0.0,0.0,0.0,0.0,0.0,0.0,0.0,0.011460000000000001,0.0,0.0,0.0,0.0,0.0,0.0494
2025-10-06 03:40:00,Uno M404,0.0,0.0,0.0,0.0,0.0,0.0,0.0,0.0,0.0,0.0,0.0,0.01166,0.0,0.0,0.0,0.0,0.0,0.04959
2025-10-06 03:45:00,Uno M404,0.0,0.0,0.0,0.0,0.0,0.0,0.0,0.0,0.0,0.0,0.0,0.011519999999999999,0.0,0.0,0.0,0.0,0.0,0.04987
2025-10-06 03:50:00,Uno M404,0.0,0.0,0.0,0.0,0.10401,0.0,0.0,0.0,0.0,0.0,0.0,0.11595,0.0,0.0,0.0,0.0,0.0,0.04968
2025-10-06 03:55:00,Uno M404,0.0,0.0,0.0,0.0,0.08979000000000001,0.0,0.0,0.0,0.0,0.0,0.0,0.10215,0.0,0.0,0.0,0.0,0.0,0.04999
2025-10-06 04:00:00,Uno M404,0.0,0.0,0.0,0.0,0.0,0.0,0.0,0.0,0.0,0.0,0.0,0.01149,0.0,0.0,0.0,0.0,0.0,0.04999
2025-10-06 04:05:00,Uno M404,2e-05,0.0,0.0,0.0,0.0,0.0,0.0,0.0,0.0,0.0,0.0,0.011630000000000001,0.0,0.0,0.0,0.0,0.0,0.049280000000000004
2025-10-06 04:10:00,Uno M404,0.0,0.0,0.0,0.0,0.0,0.0,0.0,0.0,0.0,0.0,0.0,0.011640000000000001,0.0,0.0,0.0,0.0,0.0,0.0497
2025-10-06 04:15:00,Uno M404,0.0,0.0,0.0,0.0,0.0,0.0,0.0,0.0,0.0,0.0,0.0,0.01157,0.0,0.0,0.0,0.0,0.0,0.04972
2025-10-06 04:20:00,Uno M404,0.0,0.0,0.0,0.0,0.0,0.0,0.0,0.0,0.0,0.0,0.0,0.01151,0.0,0.0,0.0,0.0,0.0,0.04975
2025-10-06 04:25:00,Uno M404,0.0,0.0,0.0,0.0,0.0,0.0,0.0,0.0,0.0,0.0,0.0,0.01177,0.0,0.0,0.0,0.0,0.0,0.049710000000000004
2025-10-06 04:30:00,Uno M404,0.0,0.0,0.0,0.0,0.0,0.0,0.0,0.0,0.0,0.0,0.0,0.01166,0.0,0.0,0.0,0.0,0.0,0.04965
2025-10-06 04:35:00,Uno M404,0.0,0.0,0.0,0.0,0.0,0.0,0.0,0.0,0.0,0.0,0.0,0.01159,0.0,0.0,0.0,0.0,0.0,0.0494
2025-10-06 04:40:00,Uno M404,0.0,0.0,0.0,0.0,0.0,0.0,0.0,0.0,0.0,0.0,0.0,0.0119,0.0,0.0,0.0,0.0,0.0,0.04929
2025-10-06 04:45:00,Uno M404,0.0,0.0,0.0,0.0,0.10635,0.0,0.0,0.0,0.0,0.0,0.0,0.11869,0.0,0.0,0.0,0.0,0.0,0.049049999999999996
2025-10-06 04:50:00,Uno M404,0.0,0.0,0.0,0.0,0.09212999999999999,0.0,0.0,0.0,0.0,0.0,0.0,0.10396,0.0,0.0,0.0,0.0,0.0,0.04907
2025-10-06 04:55:00,Uno M404,0.0,0.0,0.0,0.0,0.0,0.0,0.0,0.0,0.0,0.0,0.0,0.01167,0.0,0.0,0.0,0.0,0.0,0.049030000000000004
2025-10-06 05:00:00,Uno M404,0.0,0.0,0.0,0.0,0.0,0.0,0.0,0.0,0.0,0.0,0.0,0.011689999999999999,0.0,0.0,0.0,0.0,0.0,0.048909999999999995
2025-10-06 05:05:00,Uno M404,0.0,0.0,0.0,0.0,0.0,0.0,0.0,0.0,0.0,0.0,0.0,0.01174,0.0,0.0,0.0,0.0,0.0,0.04868
2025-10-06 05:10:00,Uno M404,0.0,0.0,0.0,0.0,0.0,0.0,0.0,0.0,0.0,0.0,0.0,0.0119,0.0,0.0,0.0,0.0,0.0,0.04822
2025-10-06 05:15:00,Uno M404,0.0,0.0,0.0,0.0,0.0,0.0,0.0,0.0,0.0,0.0,0.0,0.01207,0.0,0.0,0.0,0.0,0.0,0.04822
2025-10-06 05:20:00,Uno M404,0.0,0.0,0.0,0.0,0.0,0.0,0.0,0.0,0.0,0.0,0.0,0.01167,0.0,0.0,0.0,0.0,0.0,0.048170000000000004
2025-10-06 05:25:00,Uno M404,2e-05,0.0,0.0,0.0,0.0,0.0,0.0,0.0,0.0,0.0,0.0,0.01236,0.0,0.0,0.0,0.0,0.0,0.048
2025-10-06 05:30:00,Uno M404,0.0,0.0,0.0,0.0,0.0,0.0,0.0,0.0,0.0,0.0,0.0,0.01185,0.0,0.0,0.0,0.0,0.0,0.04804
2025-10-06 05:35:00,Uno M404,0.0,0.0,0.0,0.0,0.0,0.0,0.0,0.0,0.0,0.0,0.0,0.0119,0.0,0.0,0.0,0.0,0.0,0.04786
2025-10-06 05:40:00,Uno M404,0.0,0.0,0.0,0.0,0.0,0.0,0.0,0.0,0.0,0.0,0.0,0.01191,0.0,0.0,0.0,0.0,0.0,0.04736
2025-10-06 05:45:00,Uno M404,0.0,0.0,0.0,0.0,0.09541,0.0,0.0,0.0,0.0,0.0,0.0,0.10719,0.0,0.0,0.0,0.0,0.0,0.04733
2025-10-06 05:50:00,Uno M404,0.0,0.0,0.0,0.0,0.08383,0.0,0.0,0.0,0.0,0.0,0.0,0.09634000000000001,0.0,0.0,0.0,0.0,0.0,0.04722
2025-10-06 05:55:00,Uno M404,0.0,0.0,0.0,0.0,0.0,0.0,0.0,0.0,0.0,0.0,0.0,0.012230000000000001,0.0,0.0,0.0,0.0,0.0,0.04703
2025-10-06 06:00:00,Uno M404,0.0,0.0,0.0,0.0,0.0,0.0,0.0,0.0,0.0,0.0,0.0,0.012150000000000001,0.0,0.0,0.0,0.0,0.0,0.047439999999999996
2025-10-06 06:05:00,Uno M404,0.0,0.0,0.0,0.0,0.0,0.0,0.0,0.0,0.0,0.0,0.0,0.01214,0.0,0.0,0.0,0.0,0.0,0.04683
2025-10-06 06:10:00,Uno M404,1e-05,0.0,0.0,0.0,0.0,0.0,0.0,0.0,0.0,0.0,0.0,0.01246,0.0,0.0,0.0,0.0,0.0,0.046450000000000005
2025-10-06 06:15:00,Uno M404,0.0,0.0,0.0,0.0,0.0,0.0,0.0,0.0,0.0,0.0,0.0,0.01228,0.0,0.0,0.0,0.0,0.0,0.046450000000000005
2025-10-06 06:20:00,Uno M404,0.0,0.0,0.0,0.0,0.0,0.0,0.0,0.0,0.0,0.0,0.0,0.01278,0.0,0.0,0.0,0.0,0.0,0.04603
2025-10-06 06:25:00,Uno M404,0.0,0.0,0.0,0.0,0.0,0.0,0.0,0.0,0.0,0.0,0.0,0.01214,0.0,0.0,0.0,0.0,0.0,0.04623
2025-10-06 06:30:00,Uno M404,1e-05,0.0,0.0,0.0,0.0,0.0,0.0,0.0,0.0,0.0,0.0,0.01271,0.0,0.0,0.0,0.0,0.0,0.04598
2025-10-06 06:35:00,Uno M404,3.1988499999999997,0.0,0.0,3.16952,0.0,0.0,0.0,0.0,0.0,0.02677,0.0,0.01244,0.0,0.0,0.0,0.0,0.0,0.045439999999999994
2025-10-06 06:40:00,Uno M404,0.02919,0.0,0.0,0.0,0.10029,0.0,0.02909,0.0,0.0,0.02734,0.0,0.11275,0.0,0.0,0.0,0.0,0.0,0.07537
2025-10-06 06:45:00,Uno M404,0.0294,0.0,0.0,0.0,0.08629,0.0,0.02893,0.0,0.0,0.0275,0.0,0.0991,0.0,0.0,0.0,0.0,0.0,0.07549
2025-10-06 06:50:00,Uno M404,3.27067,0.0,0.0,3.24112,0.0,0.0,0.02885,0.0,0.0,0.026920000000000003,0.0,0.01242,0.0,0.0,0.0,0.0,0.0,0.07654000000000001
2025-10-06 06:55:00,Uno M404,3.2447199999999996,0.0,0.0,3.21569,0.0,0.0,0.02887,0.0,0.0,0.026539999999999998,0.0,0.01257,0.0,0.0,0.0,0.0,0.0,0.07692
2025-10-06 07:00:00,Uno M404,3.2268600000000003,0.0,0.0,3.19799,0.0,0.0,0.028739999999999998,0.0,0.0,0.0264,0.0,0.01251,0.0,0.0,0.0,0.0,0.0,0.07681
2025-10-06 07:05:00,Uno M404,3.26131,0.0,0.0,3.18432,0.0,0.0,0.02886,0.02122,0.0,0.054009999999999996,0.0,0.01263,0.0,0.0,0.0,0.0,0.0,0.07601999999999999
2025-10-06 07:10:00,Uno M404,3.25115,0.0,0.0,3.17495,0.0,0.0,0.02881,0.02127,0.0,0.05291,0.0,0.01291,0.0,0.0,0.0,0.0,0.0,0.0762
2025-10-06 07:15:00,Uno M404,3.24113,0.0,0.0,3.16576,0.0,0.0,0.028730000000000002,0.02104,0.0,0.05288,0.0,0.01309,0.0,0.0,0.0,0.0,0.0,0.07604000000000001
2025-10-06 07:20:00,Uno M404,0.048850000000000005,0.0,0.0,0.0,0.0,0.0,0.10133,0.02114,0.0,0.026920000000000003,0.0,0.07626999999999999,0.0,0.0,0.03336,0.00758,0.0,0.13787
2025-10-06 07:25:00,Uno M404,0.04912,0.0,0.0,0.0,0.0,0.0,0.12969999999999998,0.02121,0.0,0.026690000000000002,0.0,0.06595000000000001,0.0,0.0,0.03269,0.00757,0.0,0.16552
2025-10-06 07:30:00,Uno M404,3.2064299999999997,0.0,0.0,0.0,0.0,0.0,0.12875,0.021070000000000002,3.15757,0.02576,0.0,0.06692000000000001,0.0,0.0,0.03208,0.00749,0.0,0.16426
2025-10-06 07:35:00,Uno M404,0.048549999999999996,0.0,0.0,0.0,0.0,0.0,0.11914,0.02116,0.0,0.02637,0.0,0.059590000000000004,0.0,0.0,0.01045,0.00764,0.0,0.13288
2025-10-06 07:40:00,Uno M404,0.02739,0.0,0.0,0.0,0.09431,0.0,0.11458,0.02115,0.0,0.00554,0.0,0.14526,0.0,0.0,0.01034,0.00749,0.0,0.14968
2025-10-06 07:45:00,Uno M404,0.0,0.0,0.0,0.0,0.08336,0.0,0.12156,0.0,0.0,0.0,0.0,0.15856,0.0,0.0,0.010369999999999999,0.0074800000000000005,0.0,0.13554
2025-10-06 07:50:00,Uno M404,0.0,0.0,0.0,0.0,0.0,0.0,0.0,0.0,0.0,0.0,0.0,0.00598,0.0,0.0,0.01053,0.0,0.0,0.013550000000000001
2025-10-06 07:55:00,Uno M404,0.0,0.0,0.0,0.0,0.0,0.0,0.0,0.0,0.0,0.0,0.0,0.00536,0.0,0.0,0.010539999999999999,0.0,0.0,0.01351
2025-10-06 08:00:00,Uno M404,0.0,0.0,0.0,0.0,0.0,0.0,0.0,0.0,0.0,0.0,0.0,0.00518,0.0,0.0,0.010490000000000001,0.0,0.0,0.013560000000000001
2025-10-06 08:05:00,Uno M404,0.0,0.0,0.0,0.0,0.0,0.0,0.0,0.0,0.0,0.0,0.0,0.0052,0.0,0.0,0.01035,0.0,0.0,0.013359999999999999
2025-10-06 08:10:00,Uno M404,0.0,0.0,0.0,0.0,0.0,0.0,0.0,0.0,0.0,0.0,0.0,0.00536,0.0,0.0,0.010369999999999999,0.0,0.0,0.013349999999999999
2025-10-06 08:15:00,Uno M404,0.0,0.0,0.0,0.0,0.0,0.0,0.0,0.0,0.0,0.0,0.0,0.00513,0.0,0.0,0.01025,0.0,0.0,0.01319
2025-10-06 08:20:00,Uno M404,0.0,0.0,0.0,0.0,0.0,0.0,0.0,0.0,0.0,0.0,0.0,0.00547,0.0,0.0,0.01022,0.0,0.0,0.01314
2025-10-06 08:25:00,Uno M404,0.0,0.0,0.0,0.0,0.0,0.0,0.0,0.0,0.0,0.0,0.0,0.00522,0.0,0.0,0.010320000000000001,0.0,0.0,0.01339
2025-10-06 08:30:00,Uno M404,0.0,0.0,0.0,0.0,0.0,0.0,0.0,0.0,0.0,0.0,0.0,0.00528,0.0,0.0,0.01025,0.0,0.0,0.013619999999999998
2025-10-06 08:35:00,Uno M404,0.0,0.0,0.0,0.0,0.10067,0.0,0.0,0.0,0.0,0.0,0.0,0.10562,0.0,0.0,0.01025,0.0,0.0,0.01328
2025-10-06 08:40:00,Uno M404,0.0,0.0,0.0,0.0,0.08667,0.0,0.0,0.0,0.0,0.0,0.0,0.09222,0.0,0.0,0.01021,0.0,0.0,0.01315
2025-10-06 08:45:00,Uno M404,0.0,0.0,0.0,0.0,0.0,0.0,0.0,0.0,0.0,0.0,0.0,0.00501,0.0,0.0,0.0101,0.0,0.0,0.01297
2025-10-06 08:50:00,Uno M404,0.0,0.0,0.0,0.0,0.0,0.0,0.0,0.0,0.0,0.0,0.0,0.005019999999999999,0.0,0.0,0.01018,0.0,0.0,0.01348
2025-10-06 08:55:00,Uno M404,0.0,0.0,0.0,0.0,0.0,0.0,0.0,0.0,0.0,0.0,0.0,0.00487,0.0,0.0,0.010029999999999999,0.0,0.0,0.01307
2025-10-06 09:00:00,Uno M404,0.0,0.0,0.0,0.0,0.0,0.0,0.0,0.0,0.0,0.0,0.0,0.00507,0.0,0.0,0.010150000000000001,0.0,0.0,0.01298
2025-10-06 09:05:00,Uno M404,0.0,0.0,0.0,0.0,0.0,0.0,0.0,0.0,0.0,0.0,0.0,0.00491,0.0,0.0,0.01007,0.0,0.0,0.013009999999999999
2025-10-06 09:10:00,Uno M404,0.0,0.0,0.0,0.0,0.0,0.0,0.0,0.0,0.0,0.0,0.0,0.00479,0.0,0.0,0.01057,0.0,0.0,0.01349
2025-10-06 09:15:00,Uno M404,0.0,0.0,0.0,0.0,0.0,0.0,0.0,0.0,0.0,0.0,0.0,0.0048,0.0,0.0,0.01042,0.0,0.0,0.013519999999999999
2025-10-06 09:20:00,Uno M404,0.0,0.0,0.0,0.0,0.0,0.0,0.0,0.0,0.0,0.0,0.0,0.00463,0.0,0.0,0.0105,0.0,0.0,0.013439999999999999
2025-10-06 09:25:00,Uno M404,0.0,0.0,0.0,0.0,0.0,0.0,0.0,0.0,0.0,0.0,0.0,0.004690000000000001,0.0,0.0,0.01045,0.0,0.0,0.01374
2025-10-06 09:30:00,Uno M404,0.0,0.0,0.0,0.0,0.0,0.0,0.0,0.0,0.0,0.0,0.0,0.004719999999999999,0.0,0.0,0.01043,0.0,0.0,0.01342
2025-10-06 09:35:00,Uno M404,0.0,0.0,0.0,0.0,0.09623999999999999,0.0,0.0,0.0,0.0,0.0,0.0,0.10084,0.0,0.0,0.010320000000000001,0.0,0.0,0.013300000000000001
2025-10-06 09:40:00,Uno M404,0.0,0.0,0.0,0.0,0.36034,0.0,0.0,0.0,0.0,0.0,0.0,0.37936000000000003,0.0,0.0,0.04104,0.0,0.0,0.052399999999999995
2025-10-06 09:45:00,Uno M404,0.0,0.0,0.0,0.0,0.0,0.0,0.0,0.0,0.0,0.0,0.0,0.00441,0.0,0.0,0.01018,0.0,0.0,0.013099999999999999
2025-10-06 09:50:00,Uno M404,0.0,0.0,0.0,0.0,0.0,0.0,0.0,0.0,0.0,0.0,0.0,0.0044599999999999996,0.0,0.0,0.01014,0.0,0.0,0.013099999999999999
2025-10-06 09:55:00,Uno M404,0.0,0.0,0.0,0.0,0.0,0.0,0.0,0.0,0.0,0.0,0.0,0.0046,0.0,0.0,0.01014,0.0,0.0,0.01331
2025-10-06 10:00:00,Uno M404,0.0,0.0,0.0,0.0,0.0,0.0,0.0,0.0,0.0,0.0,0.0,0.00428,0.0,0.0,0.010289999999999999,0.0,0.0,0.01324
2025-10-06 10:05:00,Uno M404,0.0,0.0,0.0,0.0,0.0,0.0,0.0,0.0,0.0,0.0,0.0,0.00439,0.0,0.0,0.01028,0.0,0.0,0.01325
2025-10-06 10:10:00,Uno M404,0.0,0.0,0.0,0.0,0.0,0.0,0.0,0.0,0.0,0.0,0.0,0.00483,0.0,0.0,0.01026,0.0,0.0,0.01319
2025-10-06 10:15:00,Uno M404,0.0,0.0,0.0,0.0,0.0,0.0,0.0,0.0,0.0,0.0,0.0,0.00442,0.0,0.0,0.01002,0.0,0.0,0.01329
2025-10-06 10:20:00,Uno M404,0.0,0.0,0.0,0.0,0.0,0.0,0.0,0.0,0.0,0.0,0.0,0.00429,0.0,0.0,0.010060000000000001,0.0,0.0,0.01291
2025-10-06 10:25:00,Uno M404,0.0,0.0,0.0,0.0,0.0,0.0,0.0,0.0,0.0,0.0,0.0,0.0044800000000000005,0.0,0.0,0.01021,0.0,0.0,0.01324
2025-10-06 10:30:00,Uno M404,0.0,0.0,0.0,0.0,0.10442,0.0,0.0,0.0,0.0,0.0,0.0,0.10914,0.0,0.0,0.01033,0.0,0.0,0.01325
2025-10-06 10:35:00,Uno M404,2e-05,0.0,0.0,0.0,0.0911,0.0,0.0,0.0,0.0,0.0,0.0,0.09587999999999999,0.0,0.0,0.01016,0.0,0.0,0.01324
2025-10-06 10:40:00,Uno M404,0.0,0.0,0.0,0.0,0.08170999999999999,0.0,0.0,0.0,0.0,0.0,0.0,0.08619,0.0,0.0,0.0103,0.0,0.0,0.01316
2025-10-06 10:45:00,Uno M404,0.0,0.0,0.0,0.0,0.0,0.0,0.0,0.0,0.0,0.0,0.0,0.00434,0.0,0.0,0.010029999999999999,0.0,0.0,0.0129
2025-10-06 10:50:00,Uno M404,0.0,0.0,0.0,0.0,0.0,0.0,0.0,0.0,0.0,0.0,0.0,0.00445,0.0,0.0,0.01014,0.0,0.0,0.01316
2025-10-06 10:55:00,Uno M404,0.0,0.0,0.0,0.0,0.0,0.0,0.0,0.0,0.0,0.0,0.0,0.0042699999999999995,0.0,0.0,0.010230000000000001,0.0,0.0,0.01322
2025-10-06 11:00:00,Uno M404,0.0,0.0,0.0,0.0,0.0,0.0,0.0,0.0,0.0,0.0,0.0,0.00401,0.0,0.0,0.01036,0.0,0.0,0.013300000000000001
2025-10-06 11:05:00,Uno M404,0.0,0.0,0.0,0.0,0.0,0.0,0.0,0.0,0.0,0.0,0.0,0.00444,0.0,0.0,0.0103,0.0,0.0,0.01331
2025-10-06 11:10:00,Uno M404,0.0,0.0,0.0,0.0,0.0,0.0,0.0,0.0,0.0,0.0,0.0,0.00421,0.0,0.0,0.01033,0.0,0.0,0.01332
2025-10-06 11:15:00,Uno M404,0.0,0.0,0.0,0.0,0.0,0.0,0.0,0.0,0.0,0.0,0.0,0.00422,0.0,0.0,0.0103,0.0,0.0,0.01328
2025-10-06 11:20:00,Uno M404,0.0,0.0,0.0,0.0,0.0,0.0,0.0,0.0,0.0,0.0,0.0,0.00404,0.0,0.0,0.01041,0.0,0.0,0.01337
2025-10-06 11:25:00,Uno M404,0.0,0.0,0.0,0.0,0.0,0.0,0.0,0.0,0.0,0.0,0.0,0.00401,0.0,0.0,0.01028,0.0,0.0,0.013349999999999999
2025-10-06 11:30:00,Uno M404,0.0,0.0,0.0,0.0,0.10355,0.0,0.0,0.0,0.0,0.0,0.0,0.10776000000000001,0.0,0.0,0.01041,0.0,0.0,0.01315
2025-10-06 11:35:00,Uno M404,0.0,0.0,0.0,0.0,0.08888,0.0,0.0,0.0,0.0,0.0,0.0,0.09312999999999999,0.0,0.0,0.0103,0.0,0.0,0.013380000000000001
2025-10-06 11:40:00,Uno M404,0.0,0.0,0.0,0.0,0.0,0.0,0.0,0.0,0.0,0.0,0.0,0.00394,0.0,0.0,0.0104,0.0,0.0,0.013300000000000001
2025-10-06 11:45:00,Uno M404,0.0,0.0,0.0,0.0,0.0,0.0,0.0,0.0,0.0,0.0,0.0,0.00419,0.0,0.0,0.01043,0.0,0.0,0.01349
2025-10-06 11:50:00,Uno M404,0.0,0.0,0.0,0.0,0.0,0.0,0.0,0.0,0.0,0.0,0.0,0.00438,0.0,0.0,0.01055,0.0,0.0,0.01342
2025-10-06 11:55:00,Uno M404,0.0002,0.0,0.0,0.0,0.0,0.0,0.0,0.0,0.0,0.0,0.0,0.03444,0.0,0.0,0.08284,0.0,0.0,0.10768
2025-10-06 12:00:00,Uno M404,0.0,0.0,0.0,0.0,0.0,0.0,0.0,0.0,0.0,0.0,0.0,0.0044800000000000005,0.0,0.0,0.01057,0.0,0.0,0.013609999999999999
2025-10-06 12:05:00,Uno M404,0.0,0.0,0.0,0.0,0.0,0.0,0.0,0.0,0.0,0.0,0.0,0.00394,0.0,0.0,0.010539999999999999,0.0,0.0,0.01345
2025-10-06 12:10:00,Uno M404,,0.0,,,0.0,0.0,0.0,,,,0.0,0.00408,0.0,0.0,0.01061,0.0,0.0,0.013689999999999999
2025-10-06 12:15:00,Uno M404,,0.0,,,0.0,0.0,0.0,,,,0.0,0.00418,0.0,0.0,0.01048,0.0,0.0,0.01366
2025-10-06 12:20:00,Uno M404,,,,,0.0,0.0,,,,,0.0,0.004019999999999999,,,,0.0,0.0,
2025-10-06 12:25:00,Uno M404,,,,,0.0,0.0,,,,,0.0,0.00405,,,,0.0,0.0,
2025-10-06 12:30:00,Uno M404,,,,,0.09458,0.0,,,,,0.0,0.09842000000000001,,,,0.0,0.0,
2025-10-06 12:35:00,Uno M404,,,,,0.08358,0.0,,,,,0.0,0.0878,,,,0.0,0.0,
2025-10-06 12:40:00,Uno M404,,,,,0.0,0.0,,,,,0.0,0.00379,,,,0.0,0.0,
