Timestamp,Apartment,Urbano E8022 - B Phase,Urbano E8022 - Common Toilet Geyser,Urbano E8022 - Common Toilet Lights and Fans,Urbano E8022 - Dining Lights and Fans,Urbano E8022 - Fridge,Urbano E8022 - Kitchen Lighting,Urbano E8022 - Kitchen Lights,Urbano E8022 - Kitchen Oven Power,Urbano E8022 - Living Lights and Fans,Urbano E8022 - Master Bed AC,Urbano E8022 - Master Bed Geyser,Urbano E8022 - Master Bed Lights and Fans,Urbano E8022 - Master Bed Toilet Lights and Fans,Urbano E8022 - Oven,Urbano E8022 - R Phase,Urbano E8022 - Spare,Urbano E8022 - Wifi,Urbano E8022 - Y Phase
2025-07-12 13:45:00,Urbano E8022,,,,0.08856,0.0,,0.0,0.07887000000000001,0.09483,,,,,,0.2621,,,
2025-07-12 13:50:00,Urbano E8022,,0.0,0.0,,,0.0,,,,,,,,0.004070000000000001,,0.0,,0.0018700000000000001
2025-07-12 13:55:00,Urbano E8022,0.09389,0.0,0.0,0.07781999999999999,0.0,0.0,0.0,0.03577,0.09768,-0.00226,0.0,0.08832,0.0,0.00392,0.21172,0.0,0.00391,0.00157
2025-07-12 14:00:00,Urbano E8022,0.09287999999999999,0.0,0.0,0.07783,0.0,0.0,0.0,0.03675,0.09797,-0.00212,0.0,0.08776,0.0,0.00379,0.21287999999999999,0.0,0.0039700000000000004,0.0014399999999999999
2025-07-12 14:05:00,Urbano E8022,0.09334,0.0,0.0,0.024210000000000002,0.0,0.0,0.0,0.03606,0.019510000000000003,-0.00202,0.0,0.08721,0.0,0.0037400000000000003,0.08062000000000001,0.0,0.00418,0.00174
2025-07-12 14:10:00,Urbano E8022,0.09270999999999999,0.0,0.0,0.0,0.0,0.0,0.0,0.03599,0.22784000000000001,-0.00145,0.0,0.08653,0.0,0.0,0.26422,0.0,0.00429,0.0
2025-07-12 14:15:00,Urbano E8022,0.09303,0.0,0.0,0.0,0.0,0.0,0.0,0.04374,0.19476,-0.0014299999999999998,0.0,0.08715,0.0,0.0,0.23885,0.0,0.00437,0.0
2025-07-12 14:20:00,Urbano E8022,0.09223,0.0,0.0,0.0,0.0,0.0,0.0,0.045939999999999995,0.19088,-0.00067,0.0,0.08593,0.0,0.0,0.23728,0.0,0.0044,0.0
2025-07-12 14:25:00,Urbano E8022,0.09214,0.0,0.0,0.03426,0.0,0.0,0.0,0.04586,0.13209,-0.00014000000000000001,0.0,0.08675,0.0,0.0,0.21352000000000002,0.0,0.0045,0.0
2025-07-12 14:30:00,Urbano E8022,0.09270999999999999,0.0,0.0,0.04107,0.0,0.0,0.0,0.045579999999999996,0.13219999999999998,-0.00013000000000000002,0.0,0.08637,0.0,0.0,0.22007,0.0,0.00478,0.0
2025-07-12 14:35:00,Urbano E8022,0.09268000000000001,0.0,0.0,0.04094,0.0,0.0,0.0,0.01089,0.13565,0.0,0.0,0.08648,0.0,0.0,0.18850999999999998,0.0,0.00474,0.0
2025-07-12 14:40:00,Urbano E8022,0.07564,0.0,0.0,0.040909999999999995,0.0,0.0,0.0,0.01018,0.13504,0.0,0.0,0.06739,0.0,0.0,0.18738999999999997,0.0,0.0055899999999999995,0.0
2025-07-12 14:45:00,Urbano E8022,0.07486,0.0,0.0,0.041,0.0,0.0,0.0,0.01014,0.12203,0.0,0.0,0.06781000000000001,0.0,0.0,0.17449,0.0,0.0046,0.0
2025-07-12 14:50:00,Urbano E8022,0.07490999999999999,0.0,0.0,0.040299999999999996,0.0,0.0,0.0,0.010119999999999999,0.12201999999999999,0.0,0.0,0.06772,0.0,0.0,0.17392,0.0,0.00462,0.0
2025-07-12 14:55:00,Urbano E8022,0.07487,0.0,0.0,0.04079,0.0,0.0,0.0,0.01018,0.12414,0.0,0.0,0.06763,0.0,0.0,0.17624,0.0,0.00462,0.0
2025-07-12 15:00:00,Urbano E8022,0.07532,0.0,0.0,0.04093,0.0,0.0,0.0,0.0487,0.12447,0.0,0.0,0.06806999999999999,0.0,0.0,0.21524000000000001,0.0,0.00468,0.0
2025-07-12 15:05:00,Urbano E8022,0.07544,0.0,0.0,0.04107,0.0,0.0,0.0,0.05075,0.12237999999999999,0.0,0.0,0.06836,0.0,0.0,0.21563,0.0,0.00455,0.0
2025-07-12 15:10:00,Urbano E8022,0.07486,0.0,0.0,0.04081,0.0,0.0,0.0,0.051340000000000004,0.12264,0.0,0.0,0.06811,0.0,0.0,0.21619,0.0,0.0045,0.0
2025-07-12 15:15:00,Urbano E8022,0.0752,0.0,0.0,0.04081,0.0,0.0,0.0,0.047170000000000004,0.1227,0.0,0.0,0.06809,0.0,0.0,0.21196,0.0,0.00442,0.0
2025-07-12 15:20:00,Urbano E8022,0.07456,0.0,0.0,0.040159999999999994,0.0,0.0,0.0,0.04599,0.12342,0.0,0.0,0.06734,0.0,0.0,0.21106999999999998,0.0,0.00452,0.0
2025-07-12 15:25:00,Urbano E8022,0.07523,0.0,0.0,0.04021,0.0,0.0,0.0,0.045509999999999995,0.124,0.0,0.0,0.06817000000000001,0.0,0.0,0.21123,0.0,0.00458,0.0
2025-07-12 15:30:00,Urbano E8022,0.07493999999999999,0.0,0.0,0.04063,0.0,0.0,0.0,0.04647,0.12367,0.0,0.0,0.06765,0.0,0.0,0.21216,0.0,0.00458,0.0
2025-07-12 15:35:00,Urbano E8022,0.12136,0.0,0.0,0.04025,0.0,0.0,0.0,0.047020000000000006,0.12448000000000001,0.0,0.0,0.11409,0.0,0.0,0.21334999999999998,0.0,0.00461,0.0
2025-07-12 15:40:00,Urbano E8022,0.12101,0.0,0.0,0.04056,0.0,0.0,0.0,0.046270000000000006,0.12268000000000001,0.0,0.0,0.11364,0.0,0.0,0.21106999999999998,0.0,0.0048200000000000005,0.0
2025-07-12 15:45:00,Urbano E8022,0.14473,0.0,0.0,0.04087,0.0,0.0,0.0,0.04574,0.12372,0.0,0.0,0.13761,0.0,0.0,0.21168,0.0,0.00474,0.0
2025-07-12 15:50:00,Urbano E8022,0.14285,0.0,0.0,0.04075,0.0,0.0,0.0,0.04542,0.12365999999999999,0.0,0.0,0.13605,0.0,0.0,0.21109,0.0,0.00475,0.0
2025-07-12 15:55:00,Urbano E8022,0.14204,0.0,0.0,0.0404,0.0,0.0,0.0,0.04525,0.12365999999999999,0.0,0.0,0.13544,0.0,0.0,0.21077,0.0,0.00481,0.0
2025-07-12 16:00:00,Urbano E8022,0.14217,0.0,0.0,0.04052,0.0,0.0,0.0,0.01009,0.12272,0.0,0.0,0.1349,0.0,0.0,0.17479,0.0,0.00478,0.0
2025-07-12 16:05:00,Urbano E8022,0.14211000000000001,0.0,0.0,0.04059,0.0,0.0,0.0,0.01011,0.12390000000000001,0.0,0.0,0.13525,0.0,0.0,0.17572,0.0,0.00483,0.0
2025-07-12 16:10:00,Urbano E8022,0.1407,0.0,0.0,0.04072,0.0,0.0,0.0,0.01014,0.12375,0.0,0.0,0.13361,0.0,0.0,0.17604,0.0,0.004730000000000001,0.0
2025-07-12 16:15:00,Urbano E8022,0.14196,0.0,0.0,0.04007,0.0,0.0,0.0,0.01002,0.12422,0.0,0.0,0.13475,0.0,0.0,0.17559,0.0,0.004900000000000001,0.0
2025-07-12 16:20:00,Urbano E8022,0.14159,0.0,0.0,0.039939999999999996,0.0,0.0,0.0,0.07851000000000001,0.12315000000000001,0.0,0.0,0.13440000000000002,0.0,0.0,0.24281,0.0,0.00495,0.0
2025-07-12 16:25:00,Urbano E8022,0.14106,0.0,0.0,0.039939999999999996,0.0,0.0,0.0,0.04965,0.12359999999999999,0.0,0.0,0.13397,0.0,0.0,0.21463,0.0,0.00484,0.0
2025-07-12 16:30:00,Urbano E8022,0.14149,0.0,0.0,0.04009,0.0,0.0,0.0,0.0505,0.12275,0.0,0.0,0.13406,0.0,0.0,0.21478,0.0,0.00483,0.0
2025-07-12 16:35:00,Urbano E8022,0.13155,0.0,0.0,0.040049999999999995,0.0,0.0,0.0,0.04721,0.12408,0.0,0.0,0.12433,0.0,0.0,0.21280000000000002,0.0,0.005019999999999999,0.0
2025-07-12 16:40:00,Urbano E8022,0.12306,0.0,0.0,0.040409999999999995,0.0,0.0,0.0,0.04562,0.12295,0.0,0.0,0.11575,0.0,0.0,0.21027,0.0,0.00501,0.0
2025-07-12 16:45:00,Urbano E8022,0.12088,0.0,0.0,0.04038,0.0,0.0,0.0,0.04531,0.12440000000000001,0.0,0.0,0.11364,0.0,0.0,0.21151,0.0,0.00498,0.0
2025-07-12 16:50:00,Urbano E8022,0.12092,0.0,0.0,0.040299999999999996,0.0,0.0,0.0,0.04504,0.12276999999999999,0.0,0.0,0.11370000000000001,0.0,0.0,0.20964,0.0,0.005030000000000001,0.0
2025-07-12 16:55:00,Urbano E8022,0.11442000000000001,0.0,0.0,0.04008,0.0,0.0,0.0,0.044899999999999995,0.12395999999999999,0.0,0.0,0.10701999999999999,0.0,0.0,0.21019,0.0,0.00496,0.0
2025-07-12 17:00:00,Urbano E8022,0.11519,0.0,0.0,0.04018,0.0,0.0,0.0,0.04492,0.124,0.0,0.0,0.10747,0.0,0.0,0.2105,0.0,0.00504,0.0
2025-07-12 17:05:00,Urbano E8022,0.10993,0.0,0.0,0.04038,0.0,0.0,0.0,0.010119999999999999,0.12414,0.0,0.0,0.1026,0.0,0.0,0.17614,0.0,0.00488,0.0
2025-07-12 17:10:00,Urbano E8022,0.11861,0.0,0.0,0.04057,0.0,0.0,0.0,0.010060000000000001,0.12367,0.0,0.0,0.11137000000000001,0.0,0.0,0.1758,0.0,0.00471,0.0
2025-07-12 17:15:00,Urbano E8022,0.12018999999999999,0.0,0.0,0.040909999999999995,0.0,0.0,0.0,0.01021,0.12197,0.0,0.0,0.11331000000000001,0.0,0.0,0.17467,0.0,0.00491,0.0
2025-07-12 17:20:00,Urbano E8022,0.11896,0.0,0.0,0.04069,0.0,0.0,0.0,0.010199999999999999,0.1237,0.0,0.0,0.11173000000000001,0.0,0.0,0.17586000000000002,0.0,0.00496,0.0
2025-07-12 17:25:00,Urbano E8022,0.020460000000000002,0.0,0.0,0.04029,0.0,0.0,0.0,0.010199999999999999,0.12343000000000001,0.0,0.0,0.01308,0.0,0.0,0.17518999999999998,0.0,0.00491,0.0
2025-07-12 17:30:00,Urbano E8022,0.01943,0.0,0.0,0.04033,0.0,0.0,0.0,0.01001,0.12375,0.0,0.0,0.01244,0.0,0.0,0.17545,0.0,0.00467,0.0
2025-07-12 17:35:00,Urbano E8022,0.016390000000000002,0.0,0.0,0.0,0.0,0.0,0.0,0.0497,0.012119999999999999,0.0,0.0,0.00931,0.0,0.0,0.063,0.0,0.00483,0.0
2025-07-12 17:40:00,Urbano E8022,0.01686,0.0,0.0,0.0,0.0,0.0,0.0,0.05074,0.012240000000000001,0.0,0.0,0.009800000000000001,0.0,0.0,0.06404,0.0,0.0047599999999999995,0.0
2025-07-12 17:45:00,Urbano E8022,0.016460000000000002,0.0,0.0,0.0,0.0,0.0,0.0,0.04739,0.01233,0.0,0.0,0.00924,0.0,0.0,0.06081,0.0,0.00484,0.0
2025-07-12 17:50:00,Urbano E8022,0.01541,0.0,0.0,0.0,0.0,0.0,0.0,0.046119999999999994,0.01231,0.0,0.0,0.00831,0.0,0.0,0.05933,0.0,0.00468,0.0
2025-07-12 17:55:00,Urbano E8022,0.01504,0.0,0.0,0.0,0.0,0.0,0.0,0.045590000000000006,0.026199999999999998,0.0,0.0,0.00792,0.0,0.0,0.07293999999999999,0.0,0.0048200000000000005,0.0
2025-07-12 18:00:00,Urbano E8022,0.016579999999999998,0.0,0.0,0.07694,0.0,0.01376,0.0,0.045380000000000004,0.02605,0.0,0.0,0.0095,0.0,0.0,0.14973,0.0,0.004730000000000001,0.01382
2025-07-12 18:05:00,Urbano E8022,0.01531,0.0,0.0,0.07743000000000001,0.0,0.013630000000000001,0.0,0.04525,0.02613,0.0,0.0,0.00831,0.0,0.0,0.15012999999999999,0.0,0.00477,0.01368
2025-07-12 18:10:00,Urbano E8022,0.01533,0.0,0.0,0.07714,0.0,0.013630000000000001,0.0,0.01081,0.024,0.0,0.0,0.00841,0.0,0.0,0.11348,0.0,0.00467,0.013640000000000001
2025-07-12 18:15:00,Urbano E8022,0.01537,0.0,0.0,0.0757,0.0,0.013609999999999999,0.0,0.010150000000000001,0.14373,0.0,0.0,0.00826,0.0,0.0,0.23111,0.0,0.00477,0.01375
2025-07-12 18:20:00,Urbano E8022,0.016079999999999997,0.0,0.0,0.07754000000000001,0.0,0.013550000000000001,0.0,0.0104,0.13823,0.0,0.0,0.009089999999999999,0.0,0.00872,0.22762000000000002,0.0,0.00467,0.02222
2025-07-12 18:25:00,Urbano E8022,0.01661,0.0,0.0,0.07651000000000001,0.0,0.013640000000000001,0.0,0.010150000000000001,0.14283,0.0,0.0,0.00976,0.0,0.0,0.23074,0.0,0.00464,0.01376
2025-07-12 18:30:00,Urbano E8022,0.01517,0.0,0.0,0.07642,0.0,0.013630000000000001,0.0,0.01018,0.14154,0.0,0.0,0.008039999999999999,0.0,0.0,0.22961,0.0,0.00478,0.01375
2025-07-12 18:35:00,Urbano E8022,0.01636,0.0,0.0,0.076,0.0,0.013630000000000001,0.0,0.01013,0.14254,0.0,0.0,0.009179999999999999,0.0,0.0,0.22998,0.0,0.00456,0.01376
2025-07-12 18:40:00,Urbano E8022,0.015449999999999998,0.0,0.0,0.07559,0.0,0.01357,0.0,0.01018,0.14141,0.0,0.0,0.00833,0.0,0.0,0.22844,0.0,0.0046500000000000005,0.01377
2025-07-12 18:45:00,Urbano E8022,0.01584,0.0,0.0,0.07499,0.0,0.013619999999999998,0.0,0.04992,0.14143,0.0,0.0,0.00894,0.0,0.0,0.26763,0.0,0.0048,0.01354
2025-07-12 18:50:00,Urbano E8022,0.03318,0.0,0.0,0.07647,0.0,0.01359,0.0,0.05079,0.14189,0.0,0.0,0.02668,0.0,0.0,0.27052,0.0,0.00458,0.013810000000000001
2025-07-12 18:55:00,Urbano E8022,0.033350000000000005,0.0,0.0,0.10349,0.0,0.013550000000000001,0.0,0.04886,0.14308,0.0,0.0,0.026359999999999998,0.0,0.0,0.29658,0.0,0.0047599999999999995,0.013800000000000002
2025-07-12 19:00:00,Urbano E8022,0.03453,0.0,0.0,0.09484000000000001,0.0,0.01366,0.0,0.046329999999999996,0.14142,0.0,0.0,0.02748,0.0,0.0,0.28408999999999995,0.0,0.00487,0.01375
2025-07-12 19:05:00,Urbano E8022,0.03308,0.0,0.0,0.09498999999999999,0.0,0.01357,0.0,0.04562,0.14399,0.0,0.0,0.02604,0.0,0.0,0.28601,0.0,0.00475,0.01376
2025-07-12 19:10:00,Urbano E8022,0.034409999999999996,0.0,0.0,0.09512999999999999,0.0,0.013519999999999999,0.0,0.04693,0.14422,0.0,0.0,0.027510000000000003,0.0,0.0,0.28729000000000005,0.0,0.00457,0.01376
2025-07-12 19:15:00,Urbano E8022,0.032920000000000005,0.0,0.0,0.09511,0.0,0.013550000000000001,0.0,0.04604,0.14354,0.0,0.0,0.02649,0.0,0.0,0.28584,0.0,0.004690000000000001,0.013810000000000001
2025-07-12 19:20:00,Urbano E8022,0.03336,0.0,0.0,0.09526000000000001,0.0,0.013609999999999999,0.0,0.045630000000000004,0.14236000000000001,0.0,0.0,0.026510000000000002,0.0,0.0,0.28399,0.0,0.004900000000000001,0.01383
2025-07-12 19:25:00,Urbano E8022,0.03993,0.0,0.0,0.0943,0.0,0.013439999999999999,0.0,0.04531,0.14206,0.0,0.0,0.02822,0.00464,0.0,0.28272,0.0,0.00483,0.013789999999999998
2025-07-12 19:30:00,Urbano E8022,0.03338,0.0,0.0,0.09369,0.0,0.013560000000000001,0.0,0.010289999999999999,0.14392,0.0,0.0,0.02648,0.0,0.0,0.2489,0.0,0.00484,0.013619999999999998
2025-07-12 19:35:00,Urbano E8022,0.03464,0.0,0.0,0.09528,0.0,0.013609999999999999,0.0,0.01036,0.1446,0.0,0.0,0.02775,0.0,0.0,0.25144,0.0,0.00464,0.013859999999999999
2025-07-12 19:40:00,Urbano E8022,0.034820000000000004,0.0,0.0,0.09509999999999999,0.0,0.013529999999999999,0.0,0.010199999999999999,0.146,0.0,0.0,0.027350000000000003,0.0,0.00318,0.25281,0.0,0.00521,0.0171
2025-07-12 19:45:00,Urbano E8022,0.10476,0.0,0.0,0.09481,0.0,0.01349,0.0,0.010199999999999999,0.14277,0.0,0.0,0.09777,0.0,0.0,0.24918,0.0,0.004690000000000001,0.013789999999999998
2025-07-12 19:50:00,Urbano E8022,0.09262999999999999,0.0,0.0,0.09434999999999999,0.0,0.01348,0.0,0.01019,0.14232,0.0,0.0,0.08606,0.0,0.0,0.24791999999999997,0.0,0.00462,0.01376
2025-07-12 19:55:00,Urbano E8022,0.09262999999999999,0.0,0.0,0.09517,0.0,0.013519999999999999,0.0,0.01028,0.14286000000000001,0.0,0.0,0.08596,0.0,0.0,0.24918,0.0,0.004900000000000001,0.01388
2025-07-12 20:00:00,Urbano E8022,0.0935,0.0,0.0,0.09631999999999999,0.0,0.013550000000000001,0.0,0.04927,0.14145,0.0,0.0,0.08709,0.0,0.0,0.2886,0.0,0.00452,0.013810000000000001
2025-07-12 20:05:00,Urbano E8022,0.09420999999999999,0.0,0.0,0.09627,0.0,0.013619999999999998,0.0,0.05055,0.14254,0.0,0.0,0.08714,0.0,0.0,0.29113,0.0,0.00546,0.013529999999999999
2025-07-12 20:10:00,Urbano E8022,0.09420999999999999,0.0,0.0,0.09634999999999999,0.0,0.01359,0.0,0.048229999999999995,0.14366,0.0,0.0,0.08736,0.0,0.0,0.28978,0.0,0.00477,0.013730000000000001
2025-07-12 20:15:00,Urbano E8022,0.0937,0.0,0.0,0.09534999999999999,0.0,0.013519999999999999,0.0,0.04604,0.13878000000000001,0.0,0.0,0.08746,0.0,0.0,0.28226,0.0,0.00452,0.01354
2025-07-12 20:20:00,Urbano E8022,0.00749,0.0,0.0,0.09522,0.0,0.013640000000000001,0.0,0.045399999999999996,0.14137,0.0,0.0,0.0,0.0,0.0,0.28399,0.0,0.00475,0.013800000000000002
2025-07-12 20:25:00,Urbano E8022,0.00825,0.0,0.0,0.09667,0.0,0.01359,0.0,0.04535,0.14278,0.0,0.0,0.0,0.0,0.0,0.28661000000000003,0.0,0.0054,0.013800000000000002
2025-07-12 20:30:00,Urbano E8022,0.00753,0.0,0.0,0.09623999999999999,0.0,0.013640000000000001,0.0,0.04682,0.14225,0.0,0.0,0.0,0.0,0.0,0.28717000000000004,0.0,0.00488,0.01383
2025-07-12 20:35:00,Urbano E8022,0.00749,0.0,0.0,0.09639,0.0,0.04162,0.0,0.046759999999999996,0.14241,0.0,0.0,0.0,0.0,0.0,0.2874,0.0,0.00463,0.04181
2025-07-12 20:40:00,Urbano E8022,0.0076100000000000004,0.0,0.0,0.09627,0.0,0.03736,0.0,0.046189999999999995,0.14203,0.0,0.0,0.0,0.0,0.00866,0.28625,0.0,0.00478,0.04625
2025-07-12 20:45:00,Urbano E8022,0.09355,0.0,0.0,0.09579,0.0,0.03623,0.0,0.04757,0.14149,0.0,0.0,0.08693000000000001,0.0,0.0,0.28661000000000003,0.0,0.00475,0.03646
2025-07-12 20:50:00,Urbano E8022,0.09334999999999999,0.0,0.0,0.09579,0.0,0.03663,0.0,0.04671,0.14213,0.0,0.0,0.08652,0.0,0.0,0.28652999999999995,0.0,0.00481,0.03686
2025-07-12 20:55:00,Urbano E8022,0.09395999999999999,0.0,0.0,0.09578,0.0,0.0364,0.0,0.010539999999999999,0.14173,0.0,0.0,0.08767,0.0,0.0,0.24982,0.0,0.004849999999999999,0.03668
2025-07-12 21:00:00,Urbano E8022,0.09459999999999999,0.0,0.0,0.09684999999999999,0.0,0.03628,0.0,0.01053,0.14163,0.0,0.0,0.08821,0.0,0.0,0.25037,0.0,0.00474,0.036520000000000004
2025-07-12 21:05:00,Urbano E8022,0.09434999999999999,0.0,0.0,0.079,0.0,0.01383,0.0,0.01043,0.14128,0.0,0.0,0.08799,0.0,0.0,0.2323,0.0,0.0046,0.01382
2025-07-12 21:10:00,Urbano E8022,0.09401999999999999,0.0,0.0,0.07893,0.0,0.01377,0.0,0.17945,0.14042,0.0,0.0,0.08756,0.0,0.0,0.40020999999999995,0.0,0.004730000000000001,0.014
2025-07-12 21:15:00,Urbano E8022,0.09412999999999999,0.0,0.0,0.07876999999999999,0.0,0.01374,0.0,0.17762999999999998,0.12748,0.0,0.0,0.0878,0.0,0.0,0.38515,0.0,0.00464,0.014070000000000001
2025-07-12 21:20:00,Urbano E8022,0.09405,0.0,0.0,0.07912999999999999,0.0,0.013550000000000001,0.0,0.17809,0.12830000000000003,0.0,0.0,0.08762,0.0,0.0,0.38699,0.0,0.0048200000000000005,0.013900000000000001
2025-07-12 21:25:00,Urbano E8022,0.09437999999999999,0.0,0.0,0.07858,0.0,0.013630000000000001,0.0,0.1774,0.1279,0.0,0.0,0.08801,0.0,0.0,0.38527999999999996,0.0,0.0046500000000000005,0.01393
2025-07-12 21:30:00,Urbano E8022,0.09387000000000001,0.0,0.0,0.07894,0.0,0.0136,0.0,0.00015,0.12703,0.0,0.0,0.08768000000000001,0.0,0.0,0.20853,0.0,0.00461,0.01393
2025-07-12 21:35:00,Urbano E8022,0.09465000000000001,0.0,0.0,0.07968,0.0,0.013619999999999998,0.0,0.09342,0.14157,0.0,0.0,0.08815,0.0,0.0,0.31581,0.0,0.00514,0.013949999999999999
2025-07-12 21:40:00,Urbano E8022,0.00757,0.0,0.0,0.08002,0.0,0.013640000000000001,0.0,0.09497,0.14189,0.0,0.0,0.0,0.0,0.0,0.31826,0.0,0.004730000000000001,0.01392
2025-07-12 21:45:00,Urbano E8022,0.008539999999999999,0.0,0.0,0.04149,0.0,0.013609999999999999,0.0,0.10086,0.18622,0.0,0.0,0.0,0.0,0.0,0.33009,0.0,0.00567,0.013859999999999999
2025-07-12 21:50:00,Urbano E8022,0.00757,0.0,0.0,0.041710000000000004,0.0,0.013529999999999999,0.0,0.10434,0.17094,0.0,0.0,0.0,0.0,0.0,0.31857,0.0,0.00481,0.013890000000000001
2025-07-12 21:55:00,Urbano E8022,0.0074800000000000005,0.0,0.0,0.04175,0.0,0.01359,0.0,0.10507999999999999,0.17245,0.0,0.0,0.0,0.0,0.0,0.32087,0.0,0.00457,0.01394
2025-07-12 22:00:00,Urbano E8022,0.02581,0.0,0.0,0.04188,0.0,0.013630000000000001,0.0,0.10574,0.17115,0.0,0.0,0.01863,0.0,0.0,0.32053,0.0,0.00467,0.01368
2025-07-12 22:05:00,Urbano E8022,0.09434000000000001,0.0,0.0,0.07977,0.0,0.013560000000000001,0.0,0.09408,0.17103,0.0,0.0,0.08761,0.0,0.0,0.34643999999999997,0.0,0.004690000000000001,0.014029999999999999
2025-07-12 22:10:00,Urbano E8022,0.0076,0.0,0.0,0.08015,0.0,0.0135,0.0,0.08741,0.17037,0.0,0.0,0.0,0.0,0.0,0.33931,0.0,0.00481,0.01377
2025-07-12 22:15:00,Urbano E8022,0.0074199999999999995,0.0,0.0,0.07923999999999999,0.0,0.013460000000000001,0.0,0.08567,0.17009,0.0,0.0,0.0,0.0,0.0,0.3366,0.0,0.00455,0.01399
2025-07-12 22:20:00,Urbano E8022,0.00746,0.0,0.0,0.07962000000000001,0.0,0.013550000000000001,0.0,0.08312,0.17059,0.0,0.0,0.0,0.0,0.0,0.33481,0.0,0.00458,0.01397
2025-07-12 22:25:00,Urbano E8022,0.09408,0.0,0.0,0.07954,0.0,0.01357,0.0,0.08472,0.16992,0.0,0.0,0.08728,0.0,0.0,0.33403,0.0,0.0046500000000000005,0.01377
2025-07-12 22:30:00,Urbano E8022,0.09445999999999999,0.0,0.0,0.07979,0.0,0.013550000000000001,0.0,0.092,0.17052,0.0,0.0,0.08796999999999999,0.0,0.0,0.34382999999999997,0.0,0.00487,0.01408
2025-07-12 22:35:00,Urbano E8022,0.09433,0.0,0.0,0.07940000000000001,0.0,0.013560000000000001,0.0,0.01053,0.17042,0.0,0.0,0.08807999999999999,0.0,0.0,0.26185,0.0,0.00458,0.01397
2025-07-12 22:40:00,Urbano E8022,0.10245,0.0,0.0,0.0795,0.0,0.013609999999999999,0.0,0.01053,0.17023,0.0,0.0,0.09447,0.0,0.0,0.26179,0.0,0.00529,0.01399
2025-07-12 22:45:00,Urbano E8022,0.10189,0.0,0.0,0.07911,0.0,0.013529999999999999,0.0,0.010490000000000001,0.1707,0.0,0.0,0.09459999999999999,0.0,0.0,0.26163,0.0,0.00515,0.013699999999999999
2025-07-12 22:50:00,Urbano E8022,0.10251,0.0,0.0,0.08023000000000001,0.0,0.013619999999999998,0.0,0.01063,0.16834,0.0,0.0,0.09455,0.0,0.0,0.26055,0.0,0.00509,0.014
2025-07-12 22:55:00,Urbano E8022,0.10291,0.0,0.0,0.07940000000000001,0.0,0.013519999999999999,0.0,0.01053,0.18350999999999998,0.0,0.0,0.09518,0.0,0.0,0.27476999999999996,0.0,0.00487,0.01396
2025-07-12 23:00:00,Urbano E8022,0.10771,0.0,0.0,0.07998000000000001,0.0,0.01357,0.0,0.01053,0.18375,0.0,0.0,0.09533,0.00471,0.0,0.27576,0.0,0.00471,0.014029999999999999
2025-07-12 23:05:00,Urbano E8022,0.10695,0.0,0.0,0.07937000000000001,0.0,0.01359,0.0,0.01059,0.14231,0.0,0.0,0.09515000000000001,0.004730000000000001,0.0,0.2337,0.0,0.004690000000000001,0.013800000000000002
2025-07-12 23:10:00,Urbano E8022,0.10642,0.0,0.0,0.0,0.0,0.013470000000000001,0.0,0.01067,0.14079,0.0,0.0,0.0945,0.00477,0.0,0.15241,0.0,0.00467,0.013949999999999999
2025-07-12 23:15:00,Urbano E8022,0.10201,0.0,0.0,0.0,0.0,0.09483,0.0,0.0502,0.18418,0.0,0.0,0.09419,0.0,0.0,0.23531,0.0,0.005059999999999999,0.09523000000000001
2025-07-12 23:20:00,Urbano E8022,0.10242,0.0,0.0,0.07928,0.0,0.09509000000000001,0.0,0.05109,0.168,0.0,0.0,0.0948,0.0,0.0,0.29985,0.0,0.00477,0.09527
2025-07-12 23:25:00,Urbano E8022,0.10246,0.0,0.0,0.0788,0.0,0.09444,0.0,0.0489,0.16605,0.0,0.0,0.09493,0.0,0.0,0.29492,0.0,0.00488,0.09458
2025-07-12 23:30:00,Urbano E8022,0.10194,0.0,0.0,0.07884999999999999,0.0,0.09509999999999999,0.0,0.046619999999999995,0.06459999999999999,0.0,0.0,0.09462999999999999,0.0,0.0,0.19132,0.0,0.004889999999999999,0.09517
2025-07-12 23:35:00,Urbano E8022,0.0999,0.0,0.0,0.07513,0.0,0.09008,0.0,0.0455,0.17163,0.0,0.0,0.09139,0.0,0.0,0.29383,0.0,0.006030000000000001,0.09054999999999999
2025-07-12 23:40:00,Urbano E8022,0.0933,0.0,0.0,0.07579999999999999,0.0,0.08995,0.0,0.04532,0.17035,0.0,0.0,0.08496,0.0,0.0,0.29294,0.0,0.006679999999999999,0.09015999999999999
2025-07-12 23:45:00,Urbano E8022,0.09273,0.0,0.0,0.07614,0.0,0.013689999999999999,0.0,0.04525,0.173,0.0,0.0,0.08515,0.0,0.0,0.29574,0.0,0.00607,0.01377
2025-07-12 23:50:00,Urbano E8022,0.09119,0.0,0.0,0.07619,0.0,0.01359,0.0,0.04537,0.1722,0.0,0.0,0.08438,0.0,0.0,0.29519999999999996,0.0,0.00481,0.01402
2025-07-12 23:55:00,Urbano E8022,0.15825,0.0,0.0,0.07617,0.0,0.013519999999999999,0.0,0.04489,0.17105,0.0,0.0,0.15096,0.0,0.0,0.29363,0.0,0.00496,0.01405
2025-07-13 00:00:00,Urbano E8022,0.15068,0.0,0.0,0.07717,0.0,0.013519999999999999,0.0,0.01068,0.16638999999999998,0.0,0.0,0.14303,0.0,0.0,0.25569,0.0,0.00511,0.01399
2025-07-13 00:05:00,Urbano E8022,0.15098,0.0,0.0,0.07669,0.0,0.013619999999999998,0.0,0.01021,0.16706000000000001,0.0,0.0,0.14395,0.0,0.0,0.25522,0.0,0.00475,0.014150000000000001
2025-07-13 00:10:00,Urbano E8022,0.15480000000000002,0.0,0.0,0.07717,0.0,0.0135,0.0,0.010199999999999999,0.16601,0.0,0.0,0.14764,0.0,0.0,0.25482,0.0,0.00467,0.01418
2025-07-13 00:15:00,Urbano E8022,0.14895,0.0,0.0,0.07708,0.0,0.01354,0.0,0.01019,0.16782,0.0,0.0,0.14157,0.0,0.0,0.25649,0.0,0.005,0.01414
2025-07-13 00:20:00,Urbano E8022,0.15147,0.0,0.0,0.07672,0.0,0.01366,0.0,0.010119999999999999,0.16747,0.0,0.0,0.14451,0.0,0.0,0.25574,0.0,0.00484,0.01428
2025-07-13 00:25:00,Urbano E8022,0.15233000000000002,0.0,0.0,0.07676000000000001,0.0,0.01349,0.0,0.01011,0.16728,0.0,0.0,0.14517,0.0,0.0,0.25566,0.0,0.00471,0.01423
2025-07-13 00:30:00,Urbano E8022,0.07576000000000001,0.0,0.0,0.07790000000000001,0.0,0.01354,0.0,0.04917,0.0,0.0,0.0,0.06831999999999999,0.0,0.0,0.12940000000000002,0.0,0.0047599999999999995,0.01419
2025-07-13 00:35:00,Urbano E8022,0.07518000000000001,0.0,0.0,0.07836,0.0,0.0,0.0,0.052090000000000004,0.0,0.0,0.0,0.06806,0.0,0.0,0.13294999999999998,0.0,0.00478,0.0
2025-07-13 00:40:00,Urbano E8022,0.07547,0.0,0.0,0.07875,0.0,0.0,0.0,0.05226,0.0,0.0,0.0,0.06811,0.0,0.0,0.13348,0.0,0.00477,0.0
2025-07-13 00:45:00,Urbano E8022,0.07558,0.0,0.0,0.07928,0.0,0.0,0.0,0.05022,0.0,0.0,0.0,0.06845,0.0,0.0,0.13203,0.0,0.0047599999999999995,0.0
2025-07-13 00:50:00,Urbano E8022,0.0757,0.0,0.0,0.07904000000000001,0.0,0.0,0.0,0.04735,0.0,0.0,0.0,0.06849,0.0,0.0,0.12890000000000001,0.0,0.00468,0.0
2025-07-13 00:55:00,Urbano E8022,0.07612999999999999,0.0,0.0,0.0792,0.0,0.0,0.0,0.04665999999999999,0.0,0.0,0.0,0.06908,0.0,0.0,0.12858,0.0,0.0048200000000000005,0.0
2025-07-13 01:00:00,Urbano E8022,0.07564,0.0,0.0,0.0795,0.0,0.0,0.0,0.04635,0.0,0.0,0.0,0.06852,0.0,0.0,0.12843000000000002,0.0,0.00483,0.0
2025-07-13 01:05:00,Urbano E8022,0.07590999999999999,0.0,0.0,0.07945,0.0,0.0,0.0,0.046340000000000006,0.0,0.0,0.0,0.06859,0.0,0.0,0.12834,0.0,0.004889999999999999,0.0
2025-07-13 01:10:00,Urbano E8022,0.07596,0.0,0.0,0.07944,0.0,0.0,0.0,0.046060000000000004,0.0,0.0,0.0,0.06869,0.0,0.0,0.12818000000000002,0.0,0.0047599999999999995,0.0
2025-07-13 01:15:00,Urbano E8022,0.07576999999999999,0.0,0.0,0.0792,0.0,0.0,0.0,0.04598,0.0,0.0,0.0,0.06852,0.0,0.0,0.12787,0.0,0.00463,0.0
2025-07-13 01:20:00,Urbano E8022,0.07551000000000001,0.0,0.0,0.07828,0.0,0.0,0.0,0.04604,0.0,0.0,0.0,0.0683,0.0,0.0,0.12698,0.0,0.00487,0.0
2025-07-13 01:25:00,Urbano E8022,0.07562999999999999,0.0,0.0,0.07732,0.0,0.0,0.0,0.04596,0.0,0.0,0.0,0.0684,0.0,0.0,0.12581,0.0,0.00481,0.0
2025-07-13 01:30:00,Urbano E8022,0.07533,0.0,0.0,0.07761,0.0,0.0,0.0,0.06886,0.0,0.0,0.0,0.0678,0.0,0.0,0.14902,0.0,0.00495,0.0
2025-07-13 01:35:00,Urbano E8022,0.07504000000000001,0.0,0.0,0.07764,0.0,0.0,0.0,0.06792000000000001,0.0,0.0,0.0,0.06778,0.0,0.0,0.14805000000000001,0.0,0.00475,0.0
2025-07-13 01:40:00,Urbano E8022,0.0751,0.0,0.0,0.07748000000000001,0.0,0.0,0.0,0.06761,0.0,0.0,0.0,0.06777,0.0,0.0,0.14764,0.0,0.004690000000000001,0.0
2025-07-13 01:45:00,Urbano E8022,0.07529999999999999,0.0,0.0,0.0777,0.0,0.0,0.0,0.06756000000000001,0.0,0.0,0.0,0.06802,0.0,0.0,0.14777,0.0,0.0047,0.0
2025-07-13 01:50:00,Urbano E8022,0.07551000000000001,0.0,0.0,0.07791,0.0,0.0,0.0,0.06734,0.0,0.0,0.0,0.06849,0.0,0.0,0.14784,0.0,0.00464,0.0
2025-07-13 01:55:00,Urbano E8022,0.07598,0.0,0.0,0.07870999999999999,0.0,0.0,0.0,0.010490000000000001,0.0,0.0,0.0,0.06905,0.0,0.0,0.09137999999999999,0.0,0.004730000000000001,0.0
2025-07-13 02:00:00,Urbano E8022,0.07629999999999999,0.0,0.0,0.07928,0.0,0.0,0.0,0.010490000000000001,0.0,0.0,0.0,0.06912,0.0,0.0,0.09218000000000001,0.0,0.004690000000000001,0.0
2025-07-13 02:05:00,Urbano E8022,0.07626000000000001,0.0,0.0,0.07931999999999999,0.0,0.0,0.0,0.01047,0.0,0.0,0.0,0.06908,0.0,0.0,0.09207,0.0,0.00481,0.0
2025-07-13 02:10:00,Urbano E8022,0.07683,0.0,0.0,0.07987999999999999,0.0,0.0,0.0,0.01045,0.0,0.0,0.0,0.06938,0.0,0.0,0.09237999999999999,0.0,0.0047,0.0
2025-07-13 02:15:00,Urbano E8022,0.07609,0.0,0.0,0.07959000000000001,0.0,0.0,0.0,0.010539999999999999,0.0,0.0,0.0,0.06864,0.0,0.0,0.09243000000000001,0.0,0.00467,0.0
2025-07-13 02:20:00,Urbano E8022,0.07644,0.0,0.0,0.07933,0.0,0.0,0.0,0.01047,0.0,0.0,0.0,0.06918,0.0,0.0,0.09192,0.0,0.00474,0.0
2025-07-13 02:25:00,Urbano E8022,0.07626000000000001,0.0,0.0,0.07927,0.0,0.0,0.0,0.04954,0.0,0.0,0.0,0.06901,0.0,0.0,0.1315,0.0,0.004690000000000001,0.0
2025-07-13 02:30:00,Urbano E8022,0.07635,0.0,0.0,0.07964,0.0,0.0,0.0,0.05101,0.0,0.0,0.0,0.06931999999999999,0.0,0.0,0.13338,0.0,0.00471,0.0
2025-07-13 02:35:00,Urbano E8022,0.07704000000000001,0.0,0.0,0.07973999999999999,0.0,0.0,0.0,0.05021,0.0,0.0,0.0,0.06976,0.0,0.0,0.13273,0.0,0.0047599999999999995,0.0
2025-07-13 02:40:00,Urbano E8022,0.07695,0.0,0.0,0.08045000000000001,0.0,0.0,0.0,0.046759999999999996,0.0,0.0,0.0,0.06965,0.0,0.0,0.12972999999999998,0.0,0.00475,0.0
2025-07-13 02:45:00,Urbano E8022,0.07646,0.0,0.0,0.08028,0.0,0.0,0.0,0.04614,0.0,0.0,0.0,0.06939000000000001,0.0,0.0,0.129,0.0,0.0047599999999999995,0.0
2025-07-13 02:50:00,Urbano E8022,0.07675,0.0,0.0,0.08105,0.0,0.0,0.0,0.0461,0.0,0.0,0.0,0.06951,0.0,0.0,0.1298,0.0,0.00471,0.0
2025-07-13 02:55:00,Urbano E8022,0.07711,0.0,0.0,0.08062000000000001,0.0,0.0,0.0,0.04599,0.0,0.0,0.0,0.06979,0.0,0.0,0.12919999999999998,0.0,0.004690000000000001,0.0
2025-07-13 03:00:00,Urbano E8022,0.07775,0.0,0.0,0.07986,0.0,0.0,0.0,0.04586,0.0,0.0,0.0,0.07034,0.0,0.0,0.12843000000000002,0.0,0.00458,0.0
2025-07-13 03:05:00,Urbano E8022,0.07698999999999999,0.0,0.0,0.08006,0.0,0.0,0.0,0.045939999999999995,0.0,0.0,0.0,0.06959,0.0,0.0,0.12831,0.0,0.00474,0.0
2025-07-13 03:10:00,Urbano E8022,0.07758,0.0,0.0,0.08034999999999999,0.0,0.0,0.0,0.045770000000000005,0.0,0.0,0.0,0.07027,0.0,0.0,0.12852000000000002,0.0,0.00481,0.0
2025-07-13 03:15:00,Urbano E8022,0.07740999999999999,0.0,0.0,0.08027,0.0,0.0,0.0,0.045869999999999994,0.0,0.0,0.0,0.0703,0.0,0.0,0.12878,0.0,0.00475,0.0
2025-07-13 03:20:00,Urbano E8022,0.07731,0.0,0.0,0.07987999999999999,0.0,0.0,0.0,0.045689999999999995,0.0,0.0,0.0,0.06981,0.0,0.0,0.12825999999999999,0.0,0.00475,0.0
2025-07-13 03:25:00,Urbano E8022,0.07793000000000001,0.0,0.0,0.08020000000000001,0.0,0.0,0.0,0.06828000000000001,0.0,0.0,0.0,0.07055,0.0,0.0,0.1512,0.0,0.00497,0.0
2025-07-13 03:30:00,Urbano E8022,0.07776000000000001,0.0,0.0,0.08158,0.0,0.0,0.0,0.06770999999999999,0.0,0.0,0.0,0.0705,0.0,0.0,0.15193,0.0,0.004730000000000001,0.0
2025-07-13 03:35:00,Urbano E8022,0.07773999999999999,0.0,0.0,0.08068,0.0,0.0,0.0,0.06715,0.0,0.0,0.0,0.07036,0.0,0.0,0.1504,0.0,0.00468,0.0
2025-07-13 03:40:00,Urbano E8022,0.07726999999999999,0.0,0.0,0.08095000000000001,0.0,0.0,0.0,0.01073,0.0,0.0,0.0,0.06983,0.0,0.0,0.09411,0.0,0.00471,0.0
2025-07-13 03:45:00,Urbano E8022,0.07754000000000001,0.0,0.0,0.08056999999999999,0.0,0.0,0.0,0.01061,0.0,0.0,0.0,0.06987,0.0,0.0,0.09354000000000001,0.0,0.0047599999999999995,0.0
2025-07-13 03:50:00,Urbano E8022,0.07829000000000001,0.0,0.0,0.08098000000000001,0.0,0.0,0.0,0.01063,0.0,0.0,0.0,0.07115,0.0,0.0,0.09389,0.0,0.0048200000000000005,0.0
2025-07-13 03:55:00,Urbano E8022,0.07848999999999999,0.0,0.0,0.08129,0.0,0.0,0.0,0.01069,0.0,0.0,0.0,0.07122,0.0,0.0,0.09404000000000001,0.0,0.00475,0.0
2025-07-13 04:00:00,Urbano E8022,0.07829000000000001,0.0,0.0,0.08164,0.0,0.0,0.0,0.01069,0.0,0.0,0.0,0.0707,0.0,0.0,0.09467,0.0,0.0046500000000000005,0.0
2025-07-13 04:05:00,Urbano E8022,0.07778,0.0,0.0,0.08234,0.0,0.0,0.0,0.01066,0.0,0.0,0.0,0.07032,0.0,0.0,0.09547,0.0,0.0047,0.0
2025-07-13 04:10:00,Urbano E8022,0.07823000000000001,0.0,0.0,0.08213,0.0,0.0,0.0,0.0479,0.0,0.0,0.0,0.07071,0.0,0.0,0.13261,0.0,0.00481,0.0
2025-07-13 04:15:00,Urbano E8022,0.07773999999999999,0.0,0.0,0.08204,0.0,0.0,0.0,0.05052,0.0,0.0,0.0,0.0704,0.0,0.0,0.13501,0.0,0.0047599999999999995,0.0
2025-07-13 04:20:00,Urbano E8022,0.07822,0.0,0.0,0.08172,0.0,0.0,0.0,0.05113,0.0,0.0,0.0,0.0709,0.0,0.0,0.13545,0.0,0.00477,0.0
2025-07-13 04:25:00,Urbano E8022,0.07781999999999999,,,0.0819,0.0,,0.0,0.04703,0.0,0.0,0.0,0.07036,0.0,,0.13155,,0.004730000000000001,
2025-07-13 04:30:00,Urbano E8022,0.07823999999999999,0.0,0.0,0.08195000000000001,0.0,0.0,0.0,0.046130000000000004,0.0,0.0,0.0,0.07108,0.0,0.0,0.13054,0.0,0.0048200000000000005,0.0
2025-07-13 04:35:00,Urbano E8022,0.07768000000000001,0.0,0.0,0.08125,0.0,0.0,0.0,0.18159,0.0,0.0,0.0,0.07032,0.0,0.0,0.26524000000000003,0.0,0.0047599999999999995,0.0
2025-07-13 04:40:00,Urbano E8022,0.07801999999999999,0.0,0.0,0.08104,0.0,0.0,0.0,0.18069,0.0,0.0,0.0,0.0707,0.0,0.0,0.26414,0.0,0.00475,0.0
2025-07-13 04:45:00,Urbano E8022,0.07740999999999999,0.0,0.0,0.08056,0.0,0.0,0.0,0.1802,0.0,0.0,0.0,0.07049,0.0,0.0,0.26312,0.0,0.0048,0.0
2025-07-13 04:50:00,Urbano E8022,0.07804000000000001,0.0,0.0,0.08081999999999999,0.0,0.0,0.0,0.18064,0.0,0.0,0.0,0.07083,0.0,0.0,0.26389,0.0,0.00477,0.0
2025-07-13 04:55:00,Urbano E8022,0.07787000000000001,0.0,0.0,0.08131000000000001,0.0,0.0,0.0,0.00011,0.0,0.0,0.0,0.07088,0.0,0.0,0.08518,0.0,0.00475,0.0
2025-07-13 05:00:00,Urbano E8022,0.07809999999999999,0.0,0.0,0.08095999999999999,0.0,0.0,0.0,0.09426000000000001,0.0,0.0,0.0,0.07074,0.0,0.0,0.17773,0.0,0.00474,0.0
2025-07-13 05:05:00,Urbano E8022,0.07769,0.0,0.0,0.08113,0.0,0.0,0.0,0.1008,0.0,0.0,0.0,0.07058,0.0,0.0,0.18456,0.0,0.00475,0.0
2025-07-13 05:10:00,Urbano E8022,0.07748999999999999,0.0,0.0,0.081,0.0,0.0,0.0,0.10424,0.0,0.0,0.0,0.07011,0.0,0.0,0.18772999999999998,0.0,0.0047,0.0
2025-07-13 05:15:00,Urbano E8022,0.07740000000000001,0.0,0.0,0.08043,0.0,0.0,0.0,0.10590000000000001,0.0,0.0,0.0,0.07017,0.0,0.0,0.18882,0.0,0.0047,0.0
2025-07-13 05:20:00,Urbano E8022,0.07740000000000001,0.0,0.0,0.08039,0.0,0.0,0.0,0.09489,0.0,0.0,0.0,0.07009,0.0,0.0,0.17783000000000002,0.0,0.00477,0.0
2025-07-13 05:25:00,Urbano E8022,0.07717,0.0,0.0,0.08073000000000001,0.0,0.0,0.0,0.08608,0.0,0.0,0.0,0.06999,0.0,0.0,0.16928,0.0,0.0047,0.0
2025-07-13 05:30:00,Urbano E8022,0.07705,0.0,0.0,0.08094,0.0,0.0,0.0,0.08445,0.0,0.0,0.0,0.06999,0.0,0.0,0.16805,0.0,0.00461,0.0
2025-07-13 05:35:00,Urbano E8022,0.07672,0.0,0.0,0.08022,0.0,0.0,0.0,0.08252,0.0,0.0,0.0,0.06955,0.0,0.0,0.16536,0.0,0.00478,0.0
2025-07-13 05:40:00,Urbano E8022,0.07709999999999999,0.0,0.0,0.07970000000000001,0.0,0.0,0.0,0.08161,0.0,0.0,0.0,0.06976,0.0,0.0,0.16387000000000002,0.0,0.0046,0.0
2025-07-13 05:45:00,Urbano E8022,0.0762,0.0,0.0,0.07972,0.0,0.0,0.0,0.08094,0.0,0.0,0.0,0.06909,0.0,0.0,0.16343000000000002,0.0,0.00477,0.0
2025-07-13 05:50:00,Urbano E8022,0.07623999999999999,0.0,0.0,0.07978,0.0,0.0,0.0,0.0,0.0,0.0,0.0,0.06895,0.0,0.0,0.08241,0.0,0.00501,0.0
2025-07-13 05:55:00,Urbano E8022,0.07646,0.0,0.0,0.07945999999999999,0.0,0.0,0.0,0.0,0.0,0.0,0.0,0.06934,0.0,0.0,0.08204,0.0,0.004690000000000001,0.0
2025-07-13 06:00:00,Urbano E8022,0.07671,0.0,0.0,0.08012999999999999,0.0,0.0,0.0,0.00014000000000000001,0.0,0.0,0.0,0.06954,0.0,0.0,0.08406,0.0,0.00454,0.0
2025-07-13 06:05:00,Urbano E8022,0.07576999999999999,0.0,0.0,0.07989,0.0,0.0,0.0,0.00013000000000000002,0.0,0.0,0.0,0.06853000000000001,0.0,0.0,0.08372,0.0,0.00471,0.0
2025-07-13 06:10:00,Urbano E8022,0.07540000000000001,0.0,0.0,0.07904000000000001,0.0,0.0,0.0,0.00014000000000000001,0.0,0.0,0.0,0.0684,0.0,0.0,0.08283,0.0,0.0047,0.0
2025-07-13 06:15:00,Urbano E8022,0.07557,0.0,0.0,0.07919,0.0,0.0,0.0,0.00014000000000000001,0.0,0.0,0.0,0.06829,0.0,0.0,0.08306000000000001,0.0,0.00478,0.0
2025-07-13 06:20:00,Urbano E8022,0.07551000000000001,0.0,0.0,0.07873000000000001,0.0,0.0,0.0,0.04026,0.0,0.0,0.0,0.06825,0.0,0.0,0.12175,0.0,0.00478,0.0
2025-07-13 06:25:00,Urbano E8022,0.0755,0.0,0.0,0.07893,0.0,0.0,0.0,0.04111,0.0,0.0,0.0,0.06826,0.0,0.0,0.12273999999999999,0.0,0.00481,0.0
2025-07-13 06:30:00,Urbano E8022,0.07517,0.0,0.0,0.07869,0.0,0.0,0.0,0.04129,0.0,0.0,0.0,0.06793,0.0,0.0,0.12261,0.0,0.00468,0.0
2025-07-13 06:35:00,Urbano E8022,0.07526000000000001,0.0,0.0,0.07839,0.0,0.0,0.0,0.037700000000000004,0.0,0.0,0.0,0.06809,0.0,0.0,0.11863,0.0,0.00487,0.0
2025-07-13 06:40:00,Urbano E8022,0.07443999999999999,0.0,0.0,0.07873000000000001,0.0,0.0,0.0,0.03619,0.0,0.0,0.0,0.06763,0.0,0.0,0.11733,0.0,0.0047599999999999995,0.0
2025-07-13 06:45:00,Urbano E8022,0.07593000000000001,0.0,0.0,0.07837000000000001,0.0,0.0,0.0,0.0356,0.0,0.0,0.0,0.06872,0.0,0.0,0.11656,0.0,0.004730000000000001,0.0
2025-07-13 06:50:00,Urbano E8022,0.07575,0.0,0.0,0.07958,0.0,0.0,0.0,0.03556,0.0,0.0,0.0,0.06856,0.0,0.0,0.11761,0.0,0.00458,0.0
2025-07-13 06:55:00,Urbano E8022,0.07571,0.0,0.0,0.07809,0.0,0.0,0.0,0.03532,0.0,0.0,0.0,0.06856,0.0,0.0,0.11601,0.0,0.00477,0.0
2025-07-13 07:00:00,Urbano E8022,0.07584,0.0,0.0,0.07879000000000001,0.0,0.0,0.0,0.03516,0.0,0.0,0.0,0.06849,0.0,0.0,0.11655,0.0,0.00484,0.0
2025-07-13 07:05:00,Urbano E8022,0.07526999999999999,0.0,0.0,0.07945999999999999,0.0,0.0,0.0,0.03517,0.0,0.0,0.0,0.06812,0.0,0.0,0.11724,0.0,0.0048,0.0
2025-07-13 07:10:00,Urbano E8022,0.07447,0.0,0.0,0.07894,0.0,0.0,0.0,0.0,0.0,0.0,0.0,0.06745,0.0,0.0,0.08166,0.0,0.004730000000000001,0.0
2025-07-13 07:15:00,Urbano E8022,0.07465000000000001,0.0,0.0,0.07876000000000001,0.0,0.0,0.0,0.0,0.0,0.0,0.0,0.06745,0.0,0.0,0.08143,0.0,0.00481,0.0
2025-07-13 07:20:00,Urbano E8022,0.07493999999999999,0.0,0.0,0.07781999999999999,0.0,0.0,0.0,0.0,0.0,0.0,0.0,0.06786,0.0,0.0,0.08055,0.0,0.00477,0.0
2025-07-13 07:25:00,Urbano E8022,0.07564,0.0,0.0,0.07841,0.0,0.0,0.0,0.0,0.0,0.0,0.0,0.06833,0.0,0.0,0.08106999999999999,0.0,0.00484,0.0
2025-07-13 07:30:00,Urbano E8022,0.07542,0.0,0.0,0.07872,0.0,0.0,0.0,0.0,0.0,0.0,0.0,0.06816,0.0,0.0,0.08131000000000001,0.0,0.0048200000000000005,0.0
2025-07-13 07:35:00,Urbano E8022,0.07572,0.0,0.0,0.07916,0.0,0.0,0.0,0.0,0.0,0.0,0.0,0.06849,0.0,0.0,0.08184000000000001,0.0,0.00475,0.0
2025-07-13 07:40:00,Urbano E8022,0.07540000000000001,0.0,0.0,0.07933,0.0,0.0,0.0,0.0,0.0,0.0,0.0,0.06819,0.0,0.0,0.08188,0.0,0.004889999999999999,0.0
2025-07-13 07:45:00,Urbano E8022,0.07532,0.0,0.0,0.0788,0.0,0.0,0.0,0.039380000000000005,0.0,0.0,0.0,0.06817000000000001,0.0,0.0,0.12077,0.0,0.0048,0.0
2025-07-13 07:50:00,Urbano E8022,0.07523,0.0,0.0,0.0787,0.0,0.0,0.0,0.04054,0.0,0.0,0.0,0.06802,0.0,0.0,0.12171,0.0,0.00475,0.0
2025-07-13 07:55:00,Urbano E8022,0.07549,0.0,0.0,0.07842,0.0,0.0,0.0,0.03754,0.0,0.0,0.0,0.06799,0.0,0.0,0.11857,0.0,0.00475,0.0
2025-07-13 08:00:00,Urbano E8022,0.07564,0.0,0.0,0.07939,0.0,0.0,0.0,0.03563,0.0,0.0,0.0,0.06852,0.0,0.0,0.11762,0.0,0.004900000000000001,0.0
2025-07-13 08:05:00,Urbano E8022,0.07549,0.0,0.0,0.07887000000000001,0.0,0.0,0.0,0.03531,0.0,0.0,0.0,0.06827,0.0,0.0,0.11672,0.0,0.00481,0.0
2025-07-13 08:10:00,Urbano E8022,0.0755,0.0,0.0,0.07870999999999999,0.0,0.0,0.0,0.03506,0.0,0.0,0.0,0.06829,0.0,0.0,0.11652,0.0,0.004730000000000001,0.0
2025-07-13 08:15:00,Urbano E8022,0.07514,0.0,0.0,0.07903,0.0,0.0,0.0,0.040350000000000004,0.0,0.0,0.0,0.06816,0.0,0.0,0.12190000000000001,0.0,0.00487,0.0
2025-07-13 08:20:00,Urbano E8022,0.074,0.0,0.0,0.07842,0.0,0.0,0.0,0.045090000000000005,0.0,0.0,0.0,0.06693,0.0,0.0,0.12608,0.0,0.004889999999999999,0.0
2025-07-13 08:25:00,Urbano E8022,,0.0,0.0,0.07762000000000001,0.0,0.0,0.0,0.01297,0.0,,,,,0.0,0.09270999999999999,0.0,,0.0
2025-07-13 08:30:00,Urbano E8022,0.22281999999999996,0.0,0.0,0.23121,0.0,0.0,0.0,0.03096,0.0,0.0,0.0,0.20129,0.0,0.0,0.26955,0.0,0.014499999999999999,0.0
2025-07-13 08:35:00,Urbano E8022,0.07267,0.0,0.0,0.07601000000000001,0.0,0.0,0.0,0.00991,0.0,0.0,0.0,0.06563,0.0,0.0,0.0885,0.0,0.0048,0.0
2025-07-13 08:40:00,Urbano E8022,0.07341,0.0,0.0,0.07573,0.0,0.0,0.0,0.009949999999999999,0.0,0.0,0.0,0.06612,0.0,0.0,0.08828,0.0,0.0047599999999999995,0.0
2025-07-13 08:45:00,Urbano E8022,0.07302,0.0,0.0,0.07618000000000001,0.0,0.0,0.0,0.00999,0.0,0.0,0.0,0.06595000000000001,0.0,0.0,0.08872,0.0,0.0048200000000000005,0.0
2025-07-13 08:50:00,Urbano E8022,0.07276,0.0,0.0,0.07614,0.0,0.0,0.0,0.00993,0.0,0.0,0.0,0.06556000000000001,0.0,0.0,0.08835,0.0,0.00481,0.0
2025-07-13 08:55:00,Urbano E8022,0.07274,0.0,0.0,0.07640999999999999,0.0,0.0,0.0,0.009980000000000001,0.0,0.0,0.0,0.06566,0.0,0.0,0.08872,0.0,0.00488,0.0
2025-07-13 09:00:00,Urbano E8022,0.07253,0.0,0.0,0.07438,0.0,0.0,0.0,0.048479999999999995,0.0,0.0,0.0,0.06553,0.0,0.0,0.12543,0.0,0.00481,0.0
2025-07-13 09:05:00,Urbano E8022,0.07276,0.0,0.0,0.07427,0.0,0.0,0.0,0.049890000000000004,0.0,0.0,0.0,0.06554,0.0,0.0,0.12667,0.0,0.00487,0.0
2025-07-13 09:10:00,Urbano E8022,0.07181,0.0,0.0,0.07468000000000001,0.0,0.0,0.0,0.04739,0.0,0.0,0.0,0.06484999999999999,0.0,0.0,0.12448000000000001,0.0,0.0048200000000000005,0.0
2025-07-13 09:15:00,Urbano E8022,0.07289,0.0,0.0,0.07421,0.0,0.0,0.0,0.04532,0.0,0.0,0.0,0.06552,0.0,0.0,0.12212999999999999,0.0,0.00509,0.0
2025-07-13 09:20:00,Urbano E8022,0.07217,0.0,0.0,0.0747,0.0,0.0,0.0,0.044789999999999996,0.0,0.0,0.0,0.06512000000000001,0.0,0.0,0.12206,0.0,0.00491,0.0
2025-07-13 09:25:00,Urbano E8022,0.07221,0.0,0.0,0.07436,0.0,0.0,0.0,0.04471,0.0,0.0,0.0,0.06505,0.0,0.0,0.12158,0.0,0.0048200000000000005,0.0
2025-07-13 09:30:00,Urbano E8022,0.0717,0.0,0.0,0.07483,0.0,0.0,0.0,0.0445,0.0,0.0,0.0,0.06462000000000001,0.0,0.0,0.12190999999999999,0.0,0.00481,0.0
2025-07-13 09:35:00,Urbano E8022,0.07181,0.0,0.0,0.07464,0.0,0.0,0.0,0.04445,0.0,0.0,0.0,0.06498000000000001,0.0,0.0,0.12157,0.0,0.00462,0.0
2025-07-13 09:40:00,Urbano E8022,0.07429999999999999,0.0,0.0,0.07443999999999999,0.0,0.0,0.0,0.00977,0.0,0.0,0.0,0.06709999999999999,0.0,0.0,0.08646,0.0,0.0047599999999999995,0.0
2025-07-13 09:45:00,Urbano E8022,0.0747,0.0,0.0,0.07803,0.0,0.0,0.0,0.01019,4e-05,0.0,0.0,0.06745999999999999,0.0,0.0,0.09072,0.0,0.00491,0.0
2025-07-13 09:50:00,Urbano E8022,0.0747,0.0,0.0,0.07617,0.0,0.0,0.0,0.01005,0.0,0.0,0.0,0.06759,0.0,0.0,0.08871,0.0,0.00477,0.0
2025-07-13 09:55:00,Urbano E8022,0.07496,0.0,0.0,0.07681,0.0,0.0,0.0,0.010039999999999999,0.0,0.0,0.0,0.06776,0.0,0.0,0.0895,0.0,0.00483,0.0
2025-07-13 10:00:00,Urbano E8022,0.07551000000000001,0.0,0.0,0.07931,0.0,0.0,0.0,0.01033,0.0,0.0,0.0,0.06823,0.0,0.0,0.09218000000000001,0.0,0.005,0.0
2025-07-13 10:05:00,Urbano E8022,0.07457,0.0,0.0,0.07855,0.0,0.0,0.0,0.01026,0.0,0.0,0.0,0.06738,0.0,0.0,0.09124,0.0,0.00462,0.0
2025-07-13 10:10:00,Urbano E8022,0.0072699999999999996,0.0,0.0,0.07864,0.0,0.0,0.0,0.08098000000000001,0.0,0.0,0.0,0.0,0.0,0.0,0.1625,0.0,0.00463,0.0
2025-07-13 10:15:00,Urbano E8022,0.07486,0.0,0.0,0.0,0.0,0.0,0.0,0.05053,0.0,0.0,0.0,0.06776,0.0,0.0,0.05275,0.0,0.004690000000000001,0.0
2025-07-13 10:20:00,Urbano E8022,0.07526999999999999,0.0,0.0,0.07673,0.0,0.0,0.0,0.05124,0.0,0.0,0.0,0.0679,0.0,0.0,0.13061,0.0,0.00488,0.0
2025-07-13 10:25:00,Urbano E8022,0.07368999999999999,0.0,0.0,0.07648999999999999,0.0,0.0,0.0,0.05028,0.01226,0.0,0.0,0.06674,0.0,0.0,0.14059,0.0,0.00478,0.0
2025-07-13 10:30:00,Urbano E8022,0.07359,0.0,0.0,0.07549,0.0,0.0,0.0,0.046119999999999994,0.01226,0.0,0.0,0.06641,0.0,0.0,0.1353,0.0,0.00471,0.0
2025-07-13 10:35:00,Urbano E8022,0.07391,0.0,0.0,0.0,0.0,0.013720000000000001,0.0,0.045509999999999995,0.0,0.0,0.0,0.06691,0.0,0.0030499999999999998,0.04777,0.0,0.004730000000000001,0.01766
2025-07-13 10:40:00,Urbano E8022,0.09190999999999999,0.0,0.0,0.0,0.0,0.013619999999999998,0.0,0.04539,0.0,0.0,0.0,0.08522,0.0,0.00304,0.04761,0.0,0.0048200000000000005,0.01738
2025-07-13 10:45:00,Urbano E8022,0.09661,0.0,0.0,0.0,0.0,0.013529999999999999,0.0,0.04531,0.019309999999999997,0.0,0.0,0.08527,0.0047,0.003,0.06566,0.0,0.00487,0.01722
2025-07-13 10:50:00,Urbano E8022,0.02545,0.0,0.0,0.0,0.0,0.01343,0.0,0.04519,0.030019999999999998,0.0,0.0,0.01852,0.0,0.011720000000000001,0.07640999999999999,0.0,0.00471,0.02612
2025-07-13 10:55:00,Urbano E8022,0.02998,0.0,0.0,0.0,0.0,0.0135,0.0,0.044950000000000004,0.03004,0.0,0.0,0.018420000000000002,0.0048,0.00296,0.07623999999999999,0.0,0.00471,0.0173
2025-07-13 11:00:00,Urbano E8022,0.02564,0.0,0.0,0.0,0.0,0.01354,0.0,0.010060000000000001,0.030260000000000002,0.0,0.0,0.01848,0.0,0.0,0.04132,0.0,0.00483,0.01405
2025-07-13 11:05:00,Urbano E8022,0.02552,0.0,0.0,0.07607,0.0,0.0,0.0,0.01,0.03007,0.0,0.0,0.01849,0.0,0.0,0.11741,0.0,0.00474,0.0
2025-07-13 11:10:00,Urbano E8022,0.0255,0.0,0.0,0.0762,0.0,0.0,0.0,0.01001,0.030199999999999998,0.0,0.0,0.01843,0.0,0.0,0.1179,0.0,0.00481,0.0
2025-07-13 11:15:00,Urbano E8022,0.01221,0.0,0.0,0.07590000000000001,0.0,0.0,0.0,0.01011,0.03014,0.0,0.0,0.0,0.00496,0.0,0.11716,0.0,0.0048,0.0
2025-07-13 11:20:00,Urbano E8022,0.00747,0.0,0.0,0.07611,0.0,0.0,0.0,0.01007,0.01925,0.0,0.0,0.0,0.0,0.0,0.10597,0.0,0.00498,0.0
2025-07-13 11:25:00,Urbano E8022,0.00739,0.0,0.0,0.13805,0.0,0.0,0.0,0.01007,0.01934,0.0,0.0,0.0,0.0,0.0,0.16871,0.0,0.0048,0.0
2025-07-13 11:30:00,Urbano E8022,0.00754,0.0,0.0,0.14033,0.0,0.0,0.0,0.04859,0.019190000000000002,0.0,0.0,0.0,0.0,0.0,0.20961000000000002,0.0,0.004940000000000001,0.0
2025-07-13 11:35:00,Urbano E8022,0.00749,0.0,0.0,0.13869,0.0,0.0,0.0,0.05011,0.01916,0.0,0.0,0.0,0.0,0.0,0.20972,0.0,0.00496,0.0
2025-07-13 11:40:00,Urbano E8022,0.0072699999999999996,0.0,0.0,0.14033,0.0,0.0,0.0,0.05075,0.03032,0.0,0.0,0.0,0.0,0.01185,0.22275,0.0,0.00481,0.0126
2025-07-13 11:45:00,Urbano E8022,0.00729,0.0,0.0,0.13721,0.0,0.0,0.0,0.045399999999999996,0.01923,0.0,0.0,0.0,0.0,0.01182,0.203,0.0,0.00474,0.01238
2025-07-13 11:50:00,Urbano E8022,0.00718,0.0,0.0,0.12301000000000001,0.0,0.0,0.0,0.04564,0.14728,0.0,0.0,0.0,0.0,0.00615,0.31743,0.0,0.00483,0.006889999999999999
2025-07-13 11:55:00,Urbano E8022,0.01217,0.0,0.0,0.11598,0.0,0.0,0.0,0.04505,0.14069,0.0,0.0,0.0,0.00464,0.23603,0.30307999999999996,0.0,0.00475,0.23668
2025-07-13 12:00:00,Urbano E8022,0.00739,0.0,0.0,0.11164,0.0,0.0,0.0,0.04476,0.14077,0.0,0.0,0.0,0.0,0.29906,0.29877,0.0,0.00481,0.29963999999999996
2025-07-13 12:05:00,Urbano E8022,0.00719,0.0,0.0,0.13851,0.0,0.0,0.0,0.04471,0.13959,0.0,0.0,0.0,0.0,0.16599,0.32456,0.0,0.00488,0.16679
2025-07-13 12:10:00,Urbano E8022,0.00733,0.0,0.0,0.11320000000000001,0.0,0.0,0.0,0.04451,0.13411,0.0,0.0,0.0,0.0,0.24534999999999998,0.29379,0.0,0.00478,0.24613
2025-07-13 12:15:00,Urbano E8022,0.00732,0.0,0.0,0.11374,0.0,0.01359,0.0,0.01019,0.13057,0.0,0.0,0.0,0.0,0.0065899999999999995,0.25626,0.0,0.00483,0.0212
2025-07-13 12:20:00,Urbano E8022,0.00732,0.0,0.0,0.11349,0.0,0.013470000000000001,0.0,0.010060000000000001,0.13616999999999999,0.0,0.0,0.0,0.0,0.008539999999999999,0.26171,0.0,0.00481,0.022940000000000002
2025-07-13 12:25:00,Urbano E8022,0.00736,0.0,0.0,0.11420999999999999,0.0,0.013519999999999999,0.0,0.01022,0.13416999999999998,0.0,0.0,0.0,0.0,0.00828,0.2606,0.0,0.0048,0.022690000000000002
2025-07-13 12:30:00,Urbano E8022,0.00713,0.0,0.0,0.11508,0.0,0.01348,0.0,0.010230000000000001,0.12729000000000001,0.0,0.0,0.0,0.0,0.26115,0.25414,0.0,0.00475,0.27507
2025-07-13 12:35:00,Urbano E8022,0.008119999999999999,0.0,0.0,0.11554,0.0,0.01337,0.0,0.01027,0.12859,0.0,0.0,0.0,0.0,0.00813,0.2558,0.0,0.00549,0.02258
2025-07-13 12:40:00,Urbano E8022,0.00731,0.0,0.0,0.11587,0.0,0.013460000000000001,0.0,0.010230000000000001,0.12884,0.0,0.0,0.0,0.0,0.0063,0.25648000000000004,0.0,0.0047599999999999995,0.02068
2025-07-13 12:45:00,Urbano E8022,0.0075899999999999995,0.0,0.0,0.11106999999999999,0.0,0.013460000000000001,0.0,0.0489,0.12698,0.0,0.0,0.0,0.0,0.24416,0.28863,0.0,0.004889999999999999,0.25849
2025-07-13 12:50:00,Urbano E8022,0.0072,0.0,0.0,0.026350000000000002,0.0,0.01354,0.0,0.05054,0.12816999999999998,0.0,0.0,0.0,0.0,0.00226,0.20675,0.0,0.0047,0.01661
2025-07-13 12:55:00,Urbano E8022,0.00764,0.0,0.0,0.019960000000000002,0.0,0.01348,0.0,0.05125,0.12751,0.0,0.0,0.0,0.0,0.0020099999999999996,0.20069,0.0,0.004889999999999999,0.01648
2025-07-13 13:00:00,Urbano E8022,0.00752,0.0,0.0,0.044270000000000004,0.0,0.013560000000000001,0.0,0.046880000000000005,0.12862,0.0,0.0,0.0,0.0,0.0020099999999999996,0.22150999999999998,0.0,0.00477,0.016460000000000002
2025-07-13 13:05:00,Urbano E8022,0.00728,0.0,0.0,0.05304,0.0,0.01349,0.0,0.046079999999999996,0.12897999999999998,0.0,0.0,0.0,0.0,0.0,0.22963999999999998,0.0,0.00468,0.01421
2025-07-13 13:10:00,Urbano E8022,0.00758,0.0,0.0,0.04332,0.0,0.013560000000000001,0.0,0.18098,0.13207,0.0,0.0,0.0,0.0,0.0,0.35804,0.0,0.00477,0.01422
2025-07-13 13:15:00,Urbano E8022,0.00746,0.0,0.0,0.053899999999999997,0.0,0.01337,0.0,0.18009,0.13477,0.0,0.0,0.0,0.0,0.011789999999999998,0.37036,0.0,0.00481,0.025929999999999998
2025-07-13 13:20:00,Urbano E8022,0.00746,0.0,0.0,0.049229999999999996,0.0,0.01343,0.0,0.18012,0.14259,0.0,0.0,0.0,0.0,0.0025099999999999996,0.37349,0.0,0.00467,0.0171
2025-07-13 13:25:00,Urbano E8022,0.00751,0.0,0.0,0.05251,0.0,0.01354,0.0,8e-05,0.1403,0.0,0.0,0.0,0.0,0.0,0.19549,0.0,0.00474,0.014199999999999999
2025-07-13 13:30:00,Urbano E8022,0.0076500000000000005,0.0,0.0,0.046810000000000004,0.0,0.01349,0.0,0.10471,0.1404,0.0,0.0,0.0,0.0,0.0,0.29342,0.0,0.00518,0.0141
2025-07-13 13:35:00,Urbano E8022,0.00858,0.0,0.0,0.04703,0.0,0.01349,0.0,0.10206,0.12838999999999998,0.0,0.0,0.0,0.0,0.0,0.27906,0.0,0.005900000000000001,0.01422
2025-07-13 13:40:00,Urbano E8022,0.01488,0.0,0.0,0.09393,0.0,0.027120000000000002,0.0,0.20507,0.25388,0.0,0.0,0.0,0.0,0.0,0.55664,0.0,0.00948,0.02852
2025-07-13 13:45:00,Urbano E8022,0.030959999999999998,0.0,0.0,0.36404000000000003,0.0,0.05392,0.0,0.4152,0.5048,0.0,0.0,0.0,0.0,0.0,1.29068,0.0,0.0199,0.05716
2025-07-13 13:50:00,Urbano E8022,0.00726,0.0,0.0,0.09212999999999999,0.0,0.013550000000000001,0.0,0.10916,0.13047,0.0,0.0,0.0,0.0,0.0,0.33338999999999996,0.0,0.0047599999999999995,0.014289999999999999
2025-07-13 13:55:00,Urbano E8022,0.00744,0.0,0.0,0.09098,0.0,0.013460000000000001,0.0,0.10429000000000001,0.17491,0.0,0.0,0.0,0.0,0.0,0.37185,0.0,0.0048,0.01428
2025-07-13 14:00:00,Urbano E8022,0.007690000000000001,0.0,0.0,0.09176999999999999,0.0,0.0134,0.0,0.09818,0.17551,0.0,0.0,0.0,0.0,0.0,0.36706,0.0,0.004940000000000001,0.01401
2025-07-13 14:05:00,Urbano E8022,0.00749,0.0,0.0,0.04979,0.0,0.01354,0.0,0.09539,0.18067,0.0,0.0,0.0,0.0,0.0,0.32756,0.0,0.00478,0.0143
2025-07-13 14:10:00,Urbano E8022,0.00764,0.0,0.0,0.10026,0.0,0.01354,0.0,0.09329000000000001,0.17986000000000002,0.0,0.0,0.0,0.0,0.0,0.37510000000000004,0.0,0.005030000000000001,0.01428
2025-07-13 14:15:00,Urbano E8022,0.00747,0.0,0.0,0.055049999999999995,0.0,0.013529999999999999,0.0,0.09248999999999999,0.18123,0.0,0.0,0.0,0.0,0.0,0.32999,0.0,0.00483,0.01416
2025-07-13 14:20:00,Urbano E8022,0.0074800000000000005,0.0,0.0,0.06402,0.0,0.013439999999999999,0.0,0.09137999999999999,0.1953,0.0,0.0,0.0,0.0,0.0,0.35217000000000004,0.0,0.00481,0.014289999999999999
2025-07-13 14:25:00,Urbano E8022,0.09309999999999999,0.0,0.0,0.03531,0.0,0.0,0.0,0.01047,0.18841,0.0,0.0,0.08586,0.0,0.0,0.23607,0.0,0.004900000000000001,0.0
2025-07-13 14:30:00,Urbano E8022,0.09506,0.0,0.0,0.03495,0.0,0.0,0.0,0.01045,0.17032,0.0,0.0,0.08771,0.0,0.0,0.217,0.0,0.00495,0.0
2025-07-13 14:35:00,Urbano E8022,0.09539,0.0,0.0,0.03566,0.0,0.0,0.0,0.01185,0.20023,0.0,0.0,0.08748,0.0,0.0,0.24930000000000002,0.0,0.005809999999999999,0.0
2025-07-13 14:40:00,Urbano E8022,0.09458,0.0,0.0,0.0,0.0,0.0,0.0,0.01174,0.12461,0.0,0.0,0.08779,0.0,0.0,0.13774,0.0,0.00496,0.0
2025-07-13 14:45:00,Urbano E8022,0.0943,0.0,0.0,0.0,0.0,0.0,0.0,0.011720000000000001,0.12325,0.0,0.0,0.0864,0.0,0.0,0.13624,0.0,0.005860000000000001,0.0
2025-07-13 14:50:00,Urbano E8022,0.09381,0.0,0.0,0.0,0.0,0.0,0.0,0.011609999999999999,0.12598,0.0,0.0,0.08673,0.0,0.0,0.13877,0.0,0.00477,0.0
2025-07-13 14:55:00,Urbano E8022,0.09417,0.0,0.0,0.0,0.0,0.0,0.0,0.05137,0.12429000000000001,0.0,0.0,0.08756,0.0,0.0,0.17689,0.0,0.00498,0.0
2025-07-13 15:00:00,Urbano E8022,0.09447,0.0,0.0,0.0,0.0,0.0,0.0,0.052090000000000004,0.12483,0.0,0.0,0.08773,0.0,0.0,0.17821,0.0,0.00509,0.0
2025-07-13 15:05:00,Urbano E8022,0.09483,0.0,0.0,0.0,0.0,0.0,0.0,0.052219999999999996,0.12603,0.0,0.0,0.08736,0.0,0.0,0.17947,0.0,0.005719999999999999,0.0
2025-07-13 15:10:00,Urbano E8022,0.18968,0.0,0.0,0.0,0.0,0.0,0.0,0.096,0.24746,0.0,0.0,0.17484,0.0,0.0,0.3458,0.0,0.01133,0.0
2025-07-13 15:15:00,Urbano E8022,0.09478,0.0,0.0,0.0,0.0,0.0,0.0,0.046880000000000005,0.12401000000000001,0.0,0.0,0.08774,0.0,0.0,0.17219,0.0,0.005030000000000001,0.0
2025-07-13 15:20:00,Urbano E8022,0.09440000000000001,0.0,0.0,0.0,0.0,0.0,0.0,0.046509999999999996,0.11019,0.0,0.0,0.08756,0.0,0.0,0.15791,0.0,0.004849999999999999,0.0
2025-07-13 15:25:00,Urbano E8022,0.09518,0.0,0.0,0.0,0.0,0.0,0.0,0.0464,0.11031999999999999,0.0,0.0,0.0878,0.0,0.0,0.15788,0.0,0.00487,0.0
2025-07-13 15:30:00,Urbano E8022,0.09458,0.0,0.0,0.0,0.0,0.0,0.0,0.046259999999999996,0.10998999999999999,0.0,0.0,0.08729,0.0,0.0,0.15750999999999998,0.0,0.00483,0.0
2025-07-13 15:35:00,Urbano E8022,0.09554,0.0,0.0,0.0,0.0,0.0,0.0,0.046079999999999996,0.11045999999999999,0.0,0.0,0.08801,0.0,0.0,0.15763,0.0,0.00488,0.0
2025-07-13 15:40:00,Urbano E8022,0.09501000000000001,0.0,0.0,0.02773,0.0,0.0,0.0,0.046009999999999995,0.10964,0.0,0.0,0.08746,0.0,0.0,0.18512,0.0,0.00496,0.0
2025-07-13 15:45:00,Urbano E8022,,0.0,0.0,0.027100000000000003,0.0,0.0,0.0,0.010490000000000001,0.10987999999999999,,,,,0.0,0.14899,0.0,,0.0
2025-07-13 15:50:00,Urbano E8022,0.25278999999999996,0.0,0.0,0.054,0.0,0.0,0.0,0.020980000000000002,0.21958000000000003,0.0,0.0,0.23739,0.0,0.0,0.29758,0.0,0.010530000000000001,0.0
2025-07-13 15:55:00,Urbano E8022,0.12484999999999999,0.0,0.0,0.02699,0.0,0.0,0.0,0.01056,0.10978,0.0,0.0,0.11767,0.0,0.0,0.14903,0.0,0.00484,0.0
2025-07-13 16:00:00,Urbano E8022,0.12453,0.0,0.0,0.026809999999999997,0.0,0.0,0.0,0.01056,0.10901999999999999,0.0,0.0,0.11742,0.0,0.0,0.14784999999999998,0.0,0.004889999999999999,0.0
2025-07-13 16:05:00,Urbano E8022,0.12548,,,0.02682,0.0,,0.0,0.01053,0.10945999999999999,0.0,0.0,0.1182,0.0,,0.14834,,0.004940000000000001,
2025-07-13 16:10:00,Urbano E8022,0.12409,0.0,0.0,0.02682,0.0,0.0,0.0,0.01057,0.10928,0.0,0.0,0.11676,0.0,0.0,0.14790999999999999,0.0,0.005030000000000001,0.0
2025-07-13 16:15:00,Urbano E8022,0.12456999999999999,0.0,0.0,,,0.0,,,,0.0,0.0,0.11732,0.0,0.00857,,0.0,0.00487,0.00933
2025-07-13 16:20:00,Urbano E8022,0.10878,0.0,0.0,0.07959,0.0,0.0,0.0,0.15138000000000001,0.38239,0.0,0.0,0.08673,0.0,0.0,0.61782,0.0,0.01563,0.0
2025-07-13 16:25:00,Urbano E8022,0.02027,0.0,0.0,0.02659,0.0,0.013720000000000001,0.0,0.05141,0.12758,0.0,0.0,0.01314,0.0,0.0,0.20696,0.0,0.00475,0.01438
2025-07-13 16:30:00,Urbano E8022,0.03807,0.0,0.0,0.02662,0.0,0.013560000000000001,0.0,0.04671,0.12705,0.0,0.0,0.03087,0.0,0.0,0.20192,0.0,0.00477,0.0144
2025-07-13 16:35:00,Urbano E8022,0.016050000000000002,0.0,0.0,0.02686,0.0,0.0135,0.0,0.046,0.12785,0.0,0.0,0.00897,0.0,0.0,0.20224,0.0,0.0048,0.01405
2025-07-13 16:40:00,Urbano E8022,0.01838,0.0,0.0,0.026920000000000003,0.0,0.01349,0.0,0.045939999999999995,0.12767,0.0,0.0,0.01149,0.0,0.0,0.2021,0.0,0.00478,0.01435
2025-07-13 16:45:00,Urbano E8022,0.01923,0.0,0.0,0.027030000000000002,0.0,0.013529999999999999,0.0,0.04591,0.12855,0.0,0.0,0.01221,0.0,0.0,0.203,0.0,0.004900000000000001,0.014320000000000001
2025-07-13 16:50:00,Urbano E8022,0.02022,0.0,0.0,0.026940000000000002,0.0,0.01354,0.0,0.04387,0.13015000000000002,0.0,0.0,0.013210000000000001,0.0,0.0,0.20238,0.0,0.00484,0.01428
2025-07-13 16:55:00,Urbano E8022,0.019809999999999998,0.0,0.0,0.04297,0.0,0.01349,0.0,0.047170000000000004,0.1411,0.0,0.0,0.0127,0.0,0.0,0.23283,0.0,0.0048,0.01426
2025-07-13 17:00:00,Urbano E8022,0.019739999999999997,0.0,0.0,0.040909999999999995,0.0,0.01343,0.0,0.04743,0.13066999999999998,0.0,0.0,0.0126,0.0,0.0,0.22043000000000001,0.0,0.004940000000000001,0.01433
2025-07-13 17:05:00,Urbano E8022,0.01977,0.0,0.0,0.0,0.0,0.01343,0.0,0.047020000000000006,0.18173,0.0,0.0,0.01273,0.0,0.0,0.23001,0.0,0.00483,0.0144
2025-07-13 17:10:00,Urbano E8022,0.10734,0.0,0.0,0.0,0.0,0.01349,0.0,0.04678,0.20159,0.0,0.0,0.10028000000000001,0.0,0.0,0.24947999999999998,0.0,0.004900000000000001,0.01421
2025-07-13 17:15:00,Urbano E8022,0.11867,0.0,0.0,0.0,0.0,0.09033,0.0,0.07940000000000001,0.20312,0.0,0.0,0.10987000000000001,0.0,0.01174,0.28375,0.0,0.006549999999999999,0.10306
2025-07-13 17:20:00,Urbano E8022,0.14767,0.0,0.0,0.0,0.0,0.11788,0.0,0.07375,0.20984999999999998,0.0,0.0,0.14063,0.0,0.0,0.28437,0.0,0.00487,0.1187
2025-07-13 17:25:00,Urbano E8022,,0.0,0.0,0.0,0.0,0.11517000000000001,0.0,0.01036,0.20856,,,,,0.0,0.21977000000000002,0.0,,0.11579
2025-07-13 17:30:00,Urbano E8022,0.29264999999999997,0.0,0.0,0.0,0.0,0.07372,0.0,0.02052,0.41812,0.0,0.0,0.27854,0.0,0.0,0.44056,0.0,0.00944,0.0752
2025-07-13 17:35:00,Urbano E8022,,0.0,0.0,0.0,0.0,0.03656,0.0,0.01249,0.20839,,,,,0.0,0.22165,0.0,,0.03731
2025-07-13 17:40:00,Urbano E8022,0.57008,0.0,0.0,0.0,0.0,0.144,0.0,0.041,0.80472,0.0,0.0,0.54204,0.0,0.0,0.8498,0.0,0.019280000000000002,0.14696
2025-07-13 17:45:00,Urbano E8022,0.4323,0.0,0.0,0.0,0.0,0.10911,0.0,0.15042,0.3858,0.0,0.0,0.41154999999999997,0.0,0.0,0.53916,0.0,0.014499999999999999,0.11154
2025-07-13 17:50:00,Urbano E8022,0.30094,0.0,0.0,0.07094,0.0,0.02734,0.0,0.10464,0.25532,0.0,0.0,0.28728,0.0,0.0,0.43345999999999996,0.0,0.00976,0.028399999999999998
2025-07-13 17:55:00,Urbano E8022,0.15259,0.0,0.0,0.0,0.0,0.013720000000000001,0.0,0.05275,0.1268,0.0,0.0,0.14548,0.0,0.0,0.18061000000000002,0.0,0.00487,0.01442
2025-07-13 18:00:00,Urbano E8022,0.14308,0.0,0.0,0.0,0.0,0.01366,0.0,0.04846,0.12721,0.0,0.0,0.13601,0.0,0.0,0.17665,0.0,0.004889999999999999,0.01443
2025-07-13 18:05:00,Urbano E8022,0.14484,0.0,0.0,0.07681,0.0,0.01376,0.0,0.047009999999999996,0.12565,0.0,0.0,0.13787,0.0,0.003,0.25071,0.0,0.00483,0.01732
2025-07-13 18:10:00,Urbano E8022,0.13766,0.0,0.0,0.07653,0.0,0.013730000000000001,0.0,0.0455,0.12644,0.0,0.0,0.1308,0.0,0.0,0.24977000000000002,0.0,0.00487,0.01438
2025-07-13 18:15:00,Urbano E8022,0.12752,0.0,0.0,0.07664,0.0,0.01366,0.0,0.046509999999999996,0.12802000000000002,0.0,0.0,0.12028,0.0,0.0,0.25219,0.0,0.00498,0.01446
2025-07-13 18:20:00,Urbano E8022,0.04494,0.0,0.0,0.07526000000000001,0.0,0.013550000000000001,0.0,0.045840000000000006,0.12635,0.0,0.0,0.03774,0.0,0.0,0.24878,0.0,0.0048,0.01423
2025-07-13 18:25:00,Urbano E8022,0.03166,0.0,0.0,0.07579999999999999,0.0,0.01342,0.0,0.045590000000000006,0.12743000000000002,0.0,0.0,0.02436,0.0,0.0,0.24997999999999998,0.0,0.00507,0.014070000000000001
2025-07-13 18:30:00,Urbano E8022,0.03183,0.0,0.0,0.07662000000000001,0.0,0.013560000000000001,0.0,0.03665,0.12804,0.0,0.0,0.0242,0.0,0.0,0.25088,0.0,0.00539,0.0141
2025-07-13 18:35:00,Urbano E8022,0.02807,0.0,0.0,0.03957,0.0,0.013519999999999999,0.0,0.03533,0.12816,0.0,0.0,0.02089,0.0,0.0,0.20434,0.0,0.00501,0.01409
2025-07-13 18:40:00,Urbano E8022,0.02509,0.0,0.0,0.03972,0.0,0.013550000000000001,0.0,0.03536,0.12735,0.0,0.0,0.01811,0.0,0.0,0.20362,0.0,0.004849999999999999,0.01428
2025-07-13 18:45:00,Urbano E8022,0.0232,0.0,0.0,0.03989,0.0,0.01339,0.0,0.05848,0.1288,0.0,0.0,0.01613,0.0,0.0,0.2283,0.0,0.00475,0.01401
2025-07-13 18:50:00,Urbano E8022,0.023899999999999998,0.0,0.0,0.039990000000000005,0.0,0.013460000000000001,0.0,0.0,0.12774,0.0,0.0,0.016730000000000002,0.0,0.0,0.16911,0.0,0.00477,0.01427
2025-07-13 18:55:00,Urbano E8022,0.023059999999999997,0.0,0.0,0.039869999999999996,0.0,0.013550000000000001,0.0,0.0,0.12869999999999998,0.0,0.0,0.0161,0.0,0.0,0.16982,0.0,0.00478,0.01405
2025-07-13 19:00:00,Urbano E8022,0.02056,0.0,0.0,0.039909999999999994,0.0,0.013460000000000001,0.0,0.0,0.12591,0.0,0.0,0.013519999999999999,0.0,0.0,0.16708,0.0,0.004849999999999999,0.01427
2025-07-13 19:05:00,Urbano E8022,0.03983,0.0,0.0,0.040299999999999996,0.0,0.013439999999999999,0.0,0.0,0.12619,0.0,0.0,0.032619999999999996,0.0,0.0,0.16763999999999998,0.0,0.00478,0.01434
2025-07-13 19:10:00,Urbano E8022,0.10854000000000001,0.0,0.0,0.03982,0.0,0.01349,0.0,0.0,0.12800999999999998,0.0,0.0,0.10135,0.0,0.00304,0.1693,0.0,0.004849999999999999,0.01749
2025-07-13 19:15:00,Urbano E8022,0.037520000000000005,0.0,0.0,0.0,0.0,0.01348,0.0,0.0,0.12807,0.0,0.0,0.030449999999999998,0.0,0.0,0.12919999999999998,0.0,0.0048200000000000005,0.01427
2025-07-13 19:20:00,Urbano E8022,0.10744,0.0,0.0,0.0,0.0,0.013460000000000001,0.0,0.039310000000000005,0.12863,0.0,0.0,0.10054,0.0,0.0,0.16888999999999998,0.0,0.00498,0.014289999999999999
2025-07-13 19:25:00,Urbano E8022,0.10845999999999999,0.0,0.0,0.03961,0.0,0.013470000000000001,0.0,0.0414,0.12781,0.0,0.0,0.10103,0.0,0.0,0.20999,0.0,0.00483,0.01423
2025-07-13 19:30:00,Urbano E8022,0.10477,0.0,0.0,0.03968,0.0,0.013529999999999999,0.0,0.041409999999999995,0.12791,0.0,0.0,0.09765,0.0,0.0,0.21040999999999999,0.0,0.004900000000000001,0.01405
2025-07-13 19:35:00,Urbano E8022,0.10355,0.0,0.0,0.039369999999999995,0.0,0.013470000000000001,0.0,0.036270000000000004,0.12816999999999998,0.0,0.0,0.09678,0.0,0.0,0.20516,0.0,0.00474,0.0141
2025-07-13 19:40:00,Urbano E8022,0.10388,0.0,0.0,0.03933,0.0,0.01349,0.0,0.036899999999999995,0.12796,0.0,0.0,0.09703,0.0,0.0,0.20553,0.0,0.004889999999999999,0.014320000000000001
2025-07-13 19:45:00,Urbano E8022,0.12174,0.0,0.0,0.03911,0.0,0.013560000000000001,0.0,0.043859999999999996,0.12715,0.0,0.0,0.114,0.0,0.0,0.21134999999999998,0.0,0.00514,0.0143
2025-07-13 19:50:00,Urbano E8022,0.1061,0.0,0.0,0.03896,0.0,0.013609999999999999,0.0,0.04341,0.128,0.0,0.0,0.09909,0.0,0.0,0.21165,0.0,0.0047,0.01434
2025-07-13 19:55:00,Urbano E8022,0.12002,0.0,0.0,0.03903,0.0,0.01357,0.0,0.044289999999999996,0.12755,0.0,0.0,0.11283,0.0,0.0,0.21217,0.0,0.004690000000000001,0.01425
2025-07-13 20:00:00,Urbano E8022,0.12009,0.0,0.0,0.038799999999999994,0.0,0.01349,0.0,0.044770000000000004,0.48821,0.0,0.0,0.11284999999999999,0.0,0.0,0.5731499999999999,0.0,0.00488,0.01434
2025-07-13 20:05:00,Urbano E8022,0.10231,0.0,0.0,0.045869999999999994,0.0,0.013439999999999999,0.0,0.04419,0.13066999999999998,0.0,0.0,0.09545000000000001,0.0,0.0,0.2221,0.0,0.00498,0.01428
2025-07-13 20:10:00,Urbano E8022,0.10411,0.0,0.0,0.05769,0.0,0.01354,0.0,0.04363,0.12988,0.0,0.0,0.0973,0.0,0.0,0.23234,0.0,0.004900000000000001,0.01436
2025-07-13 20:15:00,Urbano E8022,0.10662,0.0,0.0,0.05754,0.0,0.013529999999999999,0.0,0.043340000000000004,0.13119999999999998,0.0,0.0,0.09977,0.0,0.0,0.23345,0.0,0.004849999999999999,0.01428
2025-07-13 20:20:00,Urbano E8022,0.10538,0.0,0.0,0.0578,0.0,0.013630000000000001,0.0,0.06376,0.13104,0.0,0.0,0.09826,0.0,0.0,0.25384,0.0,0.004940000000000001,0.014320000000000001
2025-07-13 20:25:00,Urbano E8022,0.10198,0.0,0.0,0.05761,0.0,0.01348,0.0,0.16732,0.13044999999999998,0.0,0.0,0.09512999999999999,0.0,0.0,0.35666000000000003,0.0,0.0048200000000000005,0.01428
2025-07-13 20:30:00,Urbano E8022,0.12319,0.0,0.0,0.01749,0.0,0.01349,0.0,0.1664,0.13022,0.0,0.0,0.11555,0.0,0.0,0.31549,0.0,0.00521,0.01419
2025-07-13 20:35:00,Urbano E8022,0.10006999999999999,0.0,0.0,0.01747,0.0,0.013550000000000001,0.0,0.16622,0.17098,0.0,0.0,0.09267,0.0,0.0,0.35601,0.0,0.00484,0.01405
2025-07-13 20:40:00,Urbano E8022,0.11531,0.0,0.0,0.01748,0.0,0.013529999999999999,0.0,0.16694,0.17052,0.0,0.0,0.10742,0.0,0.0,0.35631,0.0,0.00533,0.01405
2025-07-13 20:45:00,Urbano E8022,0.10143,0.0,0.0,0.017410000000000002,0.0,0.01357,0.0,0.00035999999999999997,1.1715,0.0,0.0,0.09419,0.0,0.0,1.19191,0.0,0.00521,0.01423
2025-07-13 20:50:00,Urbano E8022,0.10291,0.0,0.0,0.01746,0.0,0.01359,0.0,0.09928000000000001,1.17526,0.0,0.0,0.09615,0.0,0.0,1.2934,0.0,0.00488,0.01428
2025-07-13 20:55:00,Urbano E8022,0.11511,0.0,0.0,0.01748,0.0,0.01348,0.0,0.10185,0.1689,0.0,0.0,0.10797,0.0,0.0,0.28931999999999997,0.0,0.005019999999999999,0.01425
2025-07-13 21:00:00,Urbano E8022,0.10294,0.0,0.0,0.01739,0.0,0.01359,0.0,0.10654000000000001,1.17903,0.0,0.0,0.09638,0.0,0.0,1.3043399999999998,0.0,0.0047,0.014320000000000001
2025-07-13 21:05:00,Urbano E8022,0.10553,0.0,0.0,0.01749,0.0,0.013529999999999999,0.0,0.11807,0.16846,0.0,0.0,0.09773,0.0,0.0,0.30518,0.0,0.00564,0.01408
2025-07-13 21:10:00,Urbano E8022,0.10409,0.0,0.0,0.0175,0.0,0.013699999999999999,0.0,0.11912,0.16905,0.0,0.0,0.09719,0.0,0.0,0.30695999999999996,0.0,0.00484,0.014150000000000001
2025-07-13 21:15:00,Urbano E8022,0.00788,0.0,0.0,0.01749,0.0,0.013640000000000001,0.0,0.10095,0.16675,0.0,0.0,0.0,0.0,0.0,0.28633,0.0,0.0048,0.014029999999999999
2025-07-13 21:20:00,Urbano E8022,0.00777,0.0,0.0,0.01749,0.0,0.013529999999999999,0.0,0.09726,0.16845,0.0,0.0,0.0,0.0,0.0,0.2844,0.0,0.00471,0.01427
2025-07-13 21:25:00,Urbano E8022,0.0077800000000000005,0.0,0.0,0.01757,0.0,0.01348,0.0,0.09498000000000001,0.16917,0.0,0.0,0.0,0.0,0.0,0.28322,0.0,0.00484,0.014029999999999999
2025-07-13 21:30:00,Urbano E8022,0.007690000000000001,0.0,0.0,0.01749,0.0,0.013560000000000001,0.0,0.09345,0.16805,0.0,0.0,0.0,0.0,0.0,0.28046,0.0,0.00477,0.01426
2025-07-13 21:35:00,Urbano E8022,0.00784,0.0,0.0,0.01755,0.0,0.013630000000000001,0.0,0.09257,0.17761000000000002,0.0,0.0,0.0,0.0,0.0,0.28911000000000003,0.0,0.00481,0.0143
2025-07-13 21:40:00,Urbano E8022,0.10817,0.0,0.0,0.0175,0.0,0.013630000000000001,0.0,0.09183,0.17678,0.0,0.0,0.10136,0.0,0.0,0.28737,0.0,0.00481,0.0143
2025-07-13 21:45:00,Urbano E8022,0.10457,0.0,0.0,0.01755,0.0,0.013619999999999998,0.0,0.09114,0.1683,0.0,0.0,0.09758,0.0,0.0,0.27819,0.0,0.00484,0.014289999999999999
2025-07-13 21:50:00,Urbano E8022,0.10463,0.0,0.0,0.01747,0.0,0.013640000000000001,0.0,0.01043,0.16891,0.0,0.0,0.09752,0.0,0.0,0.19812000000000002,0.0,0.00509,0.01433
2025-07-13 21:55:00,Urbano E8022,0.11735,0.0,0.0,0.09508,0.0,0.013560000000000001,0.0,0.01038,0.20179,0.0,0.0,0.11028,0.0,0.0,0.30893,0.0,0.004730000000000001,0.01434
2025-07-13 22:00:00,Urbano E8022,0.11059000000000001,0.0,0.0,0.0,0.0,0.013699999999999999,0.0,0.01011,1.19849,0.0,0.0,0.10339,0.0,0.0,1.20955,0.0,0.00496,0.01436
2025-07-13 22:05:00,Urbano E8022,0.10728,0.0,0.0,0.0,0.0,0.013529999999999999,0.0,0.010060000000000001,1.1980899999999999,0.0,0.0,0.1,0.0,0.0,1.20919,0.0,0.00504,0.01433
2025-07-13 22:10:00,Urbano E8022,0.10584,0.0,0.0,0.0,0.0,0.040299999999999996,0.0,0.0104,0.17442,0.0,0.0,0.0989,0.0,0.0,0.1856,0.0,0.0048200000000000005,0.04108
2025-07-13 22:15:00,Urbano E8022,0.10731,0.0,0.0,0.0,0.0,0.01368,0.0,0.01042,0.01924,0.0,0.0,0.10017,0.0,0.0,0.03061,0.0,0.00483,0.01428
2025-07-13 22:20:00,Urbano E8022,0.10771,0.0,0.0,0.0,0.0,0.013529999999999999,0.0,0.01039,0.01921,0.0,0.0,0.10049,0.0,0.0,0.030629999999999998,0.0,0.00483,0.0143
2025-07-13 22:25:00,Urbano E8022,0.10940000000000001,0.0,0.0,0.0,0.0,0.013630000000000001,0.0,0.05011,0.01918,0.0,0.0,0.10216,0.0,0.0,0.07011,0.0,0.00488,0.014320000000000001
2025-07-13 22:30:00,Urbano E8022,0.09201999999999999,0.0,0.0,0.0,0.0,0.013609999999999999,0.0,0.04179,0.019100000000000002,0.0,0.0,0.08564,0.0,0.0,0.06189,0.0,0.004730000000000001,0.01408
2025-07-13 22:35:00,Urbano E8022,0.09269,0.0,0.0,0.0,0.0,0.01357,0.0,0.04604,0.02615,0.0,0.0,0.08614,0.0,0.0,0.07311,0.0,0.00481,0.014289999999999999
2025-07-13 22:40:00,Urbano E8022,0.09256,0.0,0.0,0.08532,0.0,0.0,0.0,0.04383,0.01902,0.0,0.0,0.08608,0.0,0.0,0.14948,0.0,0.0047599999999999995,0.0
2025-07-13 22:45:00,Urbano E8022,0.07509,0.0,0.0,0.07865000000000001,0.0,0.0,0.0,0.03911,0.01916,0.0,0.0,0.06773,0.0,0.0,0.13805,0.0,0.004730000000000001,0.0
2025-07-13 22:50:00,Urbano E8022,0.07579999999999999,0.0,0.0,0.0787,0.0,0.0,0.0,0.03804,0.019030000000000002,0.0,0.0,0.06842000000000001,0.0,0.0,0.13708,0.0,0.0049299999999999995,0.0
2025-07-13 22:55:00,Urbano E8022,0.07565999999999999,0.0,0.0,0.07886,0.0,0.0,0.0,0.03749,0.01893,0.0,0.0,0.06852,0.0,0.0,0.13653,0.0,0.0047,0.0
2025-07-13 23:00:00,Urbano E8022,0.0756,0.0,0.0,0.079,0.0,0.0,0.0,0.03748,0.01899,0.0,0.0,0.06797,0.0,0.0,0.13655,0.0,0.0048,0.0
2025-07-13 23:05:00,Urbano E8022,0.07626000000000001,0.0,0.0,0.07998000000000001,0.0,0.0,0.0,0.042570000000000004,0.01893,0.0,0.0,0.0688,0.0,0.0,0.14285,0.0,0.00483,0.0
2025-07-13 23:10:00,Urbano E8022,0.07623,0.0,0.0,0.07954,0.0,0.0,0.0,0.04229,0.0,0.0,0.0,0.06889,0.0,0.0,0.12422,0.0,0.00477,0.0
2025-07-13 23:15:00,Urbano E8022,0.07576000000000001,0.0,0.0,0.07973000000000001,0.0,0.0,0.0,0.03782,0.0,0.0,0.0,0.06833,0.0,0.0,0.11999,0.0,0.00484,0.0
2025-07-13 23:20:00,Urbano E8022,0.07578,0.0,0.0,0.07936,0.0,0.0,0.0,0.03687,0.0,0.0,0.0,0.06837,0.0,0.0,0.11851,0.0,0.0047599999999999995,0.0
2025-07-13 23:25:00,Urbano E8022,0.07633,0.0,0.0,0.07973000000000001,0.0,0.0,0.0,0.060770000000000005,0.0,0.0,0.0,0.06875,0.0,0.0,0.14307,0.0,0.004849999999999999,0.0
2025-07-13 23:30:00,Urbano E8022,0.08120000000000001,0.0,0.0,0.07993,0.0,0.0,0.0,0.05851,0.0,0.0,0.0,0.06889,0.00478,0.0,0.14086,0.0,0.00491,0.0
2025-07-13 23:35:00,Urbano E8022,0.07628,0.0,0.0,0.08,0.0,0.0,0.0,0.05792,0.0,0.0,0.0,0.06865,0.0,0.0,0.14043,0.0,0.00487,0.0
2025-07-13 23:40:00,Urbano E8022,0.0765,0.0,0.0,0.08019,0.0,0.0,0.0,0.05757,0.0,0.0,0.0,0.06892,0.0,0.0,0.14,0.0,0.00491,0.0
2025-07-13 23:45:00,Urbano E8022,0.07726999999999999,0.0,0.0,0.08042,0.0,0.0,0.0,0.05727,0.0,0.0,0.0,0.06971,0.0,0.0,0.14008,0.0,0.00495,0.0
2025-07-13 23:50:00,Urbano E8022,0.07751000000000001,0.0,0.0,0.081,0.0,0.0,0.0,0.05927,0.0,0.0,0.0,0.06974,0.0,0.0,0.14264,0.0,0.004849999999999999,0.0
2025-07-13 23:55:00,Urbano E8022,0.08211,0.0,0.0,0.08103,0.0,0.0,0.0,0.06049,0.0,0.0,0.0,0.06975,0.0048200000000000005,0.0,0.14389,0.0,0.0047599999999999995,0.0
2025-07-14 00:00:00,Urbano E8022,0.08163,0.0,0.0,0.08125,0.0,0.0,0.0,0.0,0.0,0.0,0.0,0.06942,0.0047599999999999995,0.0,0.08399,0.0,0.0048200000000000005,0.0
2025-07-14 00:05:00,Urbano E8022,0.07701000000000001,0.0,0.0,0.08095000000000001,0.0,0.0,0.0,0.0,0.0,0.0,0.0,0.06949,0.0,0.0,0.08367000000000001,0.0,0.004849999999999999,0.0
2025-07-14 00:10:00,Urbano E8022,0.07757,0.0,0.0,0.08120999999999999,0.0,0.0,0.0,0.0,0.0,0.0,0.0,0.06981,0.0,0.0,0.08383,0.0,0.00497,0.0
2025-07-14 00:15:00,Urbano E8022,0.07708,0.0,0.0,0.08097,0.0,0.0,0.0,0.0,0.0,0.0,0.0,0.06923,0.0,0.0,0.08377,0.0,0.00488,0.0
2025-07-14 00:20:00,Urbano E8022,0.07718000000000001,0.0,0.0,0.0808,0.0,0.0,0.0,0.0,0.0,0.0,0.0,0.06996,0.0,0.0,0.08347,0.0,0.004730000000000001,0.0
2025-07-14 00:25:00,Urbano E8022,0.07726999999999999,0.0,0.0,0.08059000000000001,0.0,0.0,0.0,0.03749,0.0,0.0,0.0,0.06972,0.0,0.0,0.12052,0.0,0.0049299999999999995,0.0
2025-07-14 00:30:00,Urbano E8022,0.07776999999999999,0.0,0.0,0.081,0.0,0.0,0.0,0.04089,0.0,0.0,0.0,0.0703,0.0,0.0,0.12451000000000001,0.0,0.005030000000000001,0.0
2025-07-14 00:35:00,Urbano E8022,0.07762999999999999,0.0,0.0,0.08095000000000001,0.0,0.0,0.0,0.04163,0.0,0.0,0.0,0.06988,0.0,0.0,0.12515,0.0,0.00478,0.0
2025-07-14 00:40:00,Urbano E8022,0.07734999999999999,0.0,0.0,0.08142,0.0,0.0,0.0,0.040060000000000005,0.0,0.0,0.0,0.06963,0.0,0.0,0.12393000000000001,0.0,0.00477,0.0
2025-07-14 00:45:00,Urbano E8022,0.07773999999999999,0.0,0.0,0.08115,0.0,0.0,0.0,0.03728,0.0,0.0,0.0,0.07011,0.0,0.0,0.12071,0.0,0.00483,0.0
2025-07-14 00:50:00,Urbano E8022,0.07790000000000001,0.0,0.0,0.08114,0.0,0.0,0.0,0.03657,0.0,0.0,0.0,0.07053,0.0,0.0,0.12016,0.0,0.0048,0.0
2025-07-14 00:55:00,Urbano E8022,0.07803,0.0,0.0,0.08181000000000001,0.0,0.0,0.0,0.036340000000000004,0.0,0.0,0.0,0.0708,0.0,0.0,0.12053,0.0,0.00464,0.0
2025-07-14 01:00:00,Urbano E8022,0.0783,0.0,0.0,0.08206999999999999,0.0,0.0,0.0,0.03628,0.0,0.0,0.0,0.07077,0.0,0.0,0.12082,0.0,0.00477,0.0
2025-07-14 01:05:00,Urbano E8022,0.07851000000000001,0.0,0.0,0.08204,0.0,0.0,0.0,0.03614,0.0,0.0,0.0,0.07109,0.0,0.0,0.12057,0.0,0.0047,0.0
2025-07-14 01:10:00,Urbano E8022,0.07826999999999999,0.0,0.0,0.08203,0.0,0.0,0.0,0.036,0.0,0.0,0.0,0.07088,0.0,0.0,0.12039,0.0,0.00475,0.0
2025-07-14 01:15:00,Urbano E8022,0.07814,0.0,0.0,0.08237,0.0,0.0,0.0,0.03589,0.0,0.0,0.0,0.07073,0.0,0.0,0.12066,0.0,0.0047599999999999995,0.0
2025-07-14 01:20:00,Urbano E8022,0.07856999999999999,0.0,0.0,0.08162,0.0,0.0,0.0,0.03579,0.0,0.0,0.0,0.07123,0.0,0.0,0.11986,0.0,0.00471,0.0
2025-07-14 01:25:00,Urbano E8022,0.07816,0.0,0.0,0.08203,0.0,0.0,0.0,0.061270000000000005,0.0,0.0,0.0,0.07055,0.0,0.0,0.14549,0.0,0.0047599999999999995,0.0
2025-07-14 01:30:00,Urbano E8022,0.07920999999999999,0.0,0.0,0.08233,0.0,0.0,0.0,0.05802,0.0,0.0,0.0,0.07171999999999999,0.0,0.0,0.14274,0.0,0.0047,0.0
2025-07-14 01:35:00,Urbano E8022,0.07854000000000001,0.0,0.0,0.08259,0.0,0.0,0.0,0.057409999999999996,0.0,0.0,0.0,0.07106,0.0,0.0,0.1424,0.0,0.004730000000000001,0.0
2025-07-14 01:40:00,Urbano E8022,0.07912999999999999,0.0,0.0,0.08256000000000001,0.0,0.0,0.0,0.0572,0.0,0.0,0.0,0.07155,0.0,0.0,0.14209,0.0,0.0048,0.0
2025-07-14 01:45:00,Urbano E8022,0.07898999999999999,0.0,0.0,0.08251,0.0,0.0,0.0,0.05681,0.0,0.0,0.0,0.07152,0.0,0.0,0.14171,0.0,0.004730000000000001,0.0
2025-07-14 01:50:00,Urbano E8022,0.07887000000000001,0.0,0.0,0.08309,0.0,0.0,0.0,0.05681,0.0,0.0,0.0,0.07146,0.0,0.0,0.14218,0.0,0.00464,0.0
2025-07-14 01:55:00,Urbano E8022,0.07962999999999999,0.0,0.0,0.08373,0.0,0.0,0.0,0.0,0.0,0.0,0.0,0.07206,0.0,0.0,0.08652,0.0,0.005,0.0
2025-07-14 02:00:00,Urbano E8022,0.07898999999999999,0.0,0.0,0.08379,0.0,0.0,0.0,0.0,0.0,0.0,0.0,0.07117,0.0,0.0,0.08658,0.0,0.00488,0.0
2025-07-14 02:05:00,Urbano E8022,0.07966,0.0,0.0,0.08328,0.0,0.0,0.0,0.0,0.0,0.0,0.0,0.07177,0.0,0.0,0.08604,0.0,0.0048200000000000005,0.0
2025-07-14 02:10:00,Urbano E8022,0.07901000000000001,0.0,0.0,0.08333,0.0,0.0,0.0,0.0,0.0,0.0,0.0,0.07142,0.0,0.0,0.08614,0.0,0.0048,0.0
2025-07-14 02:15:00,Urbano E8022,0.07922,0.0,0.0,0.08385,0.0,0.0,0.0,0.0,0.0,0.0,0.0,0.07126,0.0,0.0,0.08667,0.0,0.004730000000000001,0.0
2025-07-14 02:20:00,Urbano E8022,0.07890000000000001,0.0,0.0,0.08320999999999999,0.0,0.0,0.0,0.039439999999999996,0.0,0.0,0.0,0.07137,0.0,0.0,0.1251,0.0,0.00456,0.0
2025-07-14 02:25:00,Urbano E8022,0.07937000000000001,0.0,0.0,0.08367000000000001,0.0,0.0,0.0,0.040530000000000004,0.0,0.0,0.0,0.07205,0.0,0.0,0.12654,0.0,0.00458,0.0
2025-07-14 02:30:00,Urbano E8022,0.07941,0.0,0.0,0.08359,0.0,0.0,0.0,0.03782,0.0,0.0,0.0,0.07195,0.0,0.0,0.12392,0.0,0.00467,0.0
2025-07-14 02:35:00,Urbano E8022,0.07952,0.0,0.0,0.084,0.0,0.0,0.0,0.036,0.0,0.0,0.0,0.07175,0.0,0.0,0.12236,0.0,0.0048200000000000005,0.0
2025-07-14 02:40:00,Urbano E8022,0.07947,0.0,0.0,0.08417,0.0,0.0,0.0,0.03544,0.0,0.0,0.0,0.07187,0.0,0.0,0.12215999999999999,0.0,0.0048,0.0
2025-07-14 02:45:00,Urbano E8022,0.07969,0.0,0.0,0.0842,0.0,0.0,0.0,0.03521,0.0,0.0,0.0,0.07221999999999999,0.0,0.0,0.12196,0.0,0.00471,0.0
2025-07-14 02:50:00,Urbano E8022,0.07925,0.0,0.0,0.08335,0.0,0.0,0.0,0.03522,0.0,0.0,0.0,0.07175,0.0,0.0,0.12086,0.0,0.0048,0.0
2025-07-14 02:55:00,Urbano E8022,0.07989,0.0,0.0,0.08377,0.0,0.0,0.0,0.03512,0.0,0.0,0.0,0.07246,0.0,0.0,0.12143000000000001,0.0,0.00475,0.0
2025-07-14 03:00:00,Urbano E8022,0.08016,0.0,0.0,0.08402,0.0,0.0,0.0,0.03502,0.0,0.0,0.0,0.07254000000000001,0.0,0.0,0.12148,0.0,0.00471,0.0
2025-07-14 03:05:00,Urbano E8022,0.08006,0.0,0.0,0.08415,0.0,0.0,0.0,0.03495,0.0,0.0,0.0,0.07212,0.0,0.0,0.1215,0.0,0.00475,0.0
2025-07-14 03:10:00,Urbano E8022,0.08018,0.0,0.0,0.08421,0.0,0.0,0.0,0.03495,0.0,0.0,0.0,0.07245,0.0,0.0,0.12156,0.0,0.0048200000000000005,0.0
2025-07-14 03:15:00,Urbano E8022,0.07975,0.0,0.0,0.08356,0.0,0.0,0.0,0.18666,0.0,0.0,0.0,0.07196,0.0,0.0,0.27248,0.0,0.00475,0.0
2025-07-14 03:20:00,Urbano E8022,0.08002,0.0,0.0,0.08365,0.0,0.0,0.0,0.1861,0.0,0.0,0.0,0.0725,0.0,0.0,0.27203,0.0,0.0047,0.0
2025-07-14 03:25:00,Urbano E8022,0.07975,0.0,0.0,0.08387,0.0,0.0,0.0,0.18615,0.0,0.0,0.0,0.07208,0.0,0.0,0.2723,0.0,0.004730000000000001,0.0
2025-07-14 03:30:00,Urbano E8022,0.0799,0.0,0.0,0.08383,0.0,0.0,0.0,0.18600999999999998,0.0,0.0,0.0,0.07215,0.0,0.0,0.27188999999999997,0.0,0.00475,0.0
2025-07-14 03:35:00,Urbano E8022,0.08036,0.0,0.0,0.08462,0.0,0.0,0.0,0.0005899999999999999,0.0,0.0,0.0,0.07285,0.0,0.0,0.08857,0.0,0.00478,0.0
2025-07-14 03:40:00,Urbano E8022,0.08009000000000001,0.0,0.0,0.0844,0.0,0.0,0.0,0.09196,0.0,0.0,0.0,0.07223,0.0,0.0,0.17869,0.0,0.00475,0.0
2025-07-14 03:45:00,Urbano E8022,0.08064,0.0,0.0,0.08465,0.0,0.0,0.0,0.09825,0.0,0.0,0.0,0.07307999999999999,0.0,0.0,0.18530000000000002,0.0,0.00468,0.0
2025-07-14 03:50:00,Urbano E8022,0.08015,0.0,0.0,0.08395,0.0,0.0,0.0,0.10288,0.0,0.0,0.0,0.07221999999999999,0.0,0.0,0.18924000000000002,0.0,0.00475,0.0
2025-07-14 03:55:00,Urbano E8022,0.07934000000000001,0.0,0.0,0.08381999999999999,0.0,0.0,0.0,0.11494,0.0,0.0,0.0,0.07174,0.0,0.0,0.20115,0.0,0.00474,0.0
2025-07-14 04:00:00,Urbano E8022,0.07922,0.0,0.0,0.0837,0.0,0.0,0.0,0.11564,0.0,0.0,0.0,0.07184,0.0,0.0,0.20168,0.0,0.0048,0.0
2025-07-14 04:05:00,Urbano E8022,0.07945999999999999,0.0,0.0,0.08361,0.0,0.0,0.0,0.09642,0.0,0.0,0.0,0.07175,0.0,0.0,0.18246,0.0,0.0047599999999999995,0.0
2025-07-14 04:10:00,Urbano E8022,0.07915000000000001,0.0,0.0,0.08313,0.0,0.0,0.0,0.09415000000000001,0.0,0.0,0.0,0.07152,0.0,0.0,0.17951,0.0,0.00474,0.0
2025-07-14 04:15:00,Urbano E8022,0.07954,0.0,0.0,0.08389,0.0,0.0,0.0,0.09298000000000001,0.0,0.0,0.0,0.07192,0.0,0.0,0.17912999999999998,0.0,0.00478,0.0
2025-07-14 04:20:00,Urbano E8022,0.07908,0.0,0.0,0.08313,0.0,0.0,0.0,0.09190999999999999,0.0,0.0,0.0,0.07123,0.0,0.0,0.1774,0.0,0.00474,0.0
2025-07-14 04:25:00,Urbano E8022,0.07979,0.0,0.0,0.08369,0.0,0.0,0.0,0.09107,0.0,0.0,0.0,0.07196999999999999,0.0,0.0,0.17727,0.0,0.00474,0.0
2025-07-14 04:30:00,Urbano E8022,0.07948999999999999,0.0,0.0,0.08322,0.0,0.0,0.0,0.09033,0.0,0.0,0.0,0.07182,0.0,0.0,0.17586000000000002,0.0,0.00467,0.0
2025-07-14 04:35:00,Urbano E8022,0.07915000000000001,0.0,0.0,0.08415,0.0,0.0,0.0,0.011349999999999999,0.0,0.0,0.0,0.07149,0.0,0.0,0.09706000000000001,0.0,0.0047599999999999995,0.0
2025-07-14 04:40:00,Urbano E8022,0.07887999999999999,0.0,0.0,0.08348,0.0,0.0,0.0,0.011179999999999999,0.0,0.0,0.0,0.07113,0.0,0.0,0.09648999999999999,0.0,0.00471,0.0
2025-07-14 04:45:00,Urbano E8022,0.07922,0.0,0.0,0.08333,0.0,0.0,0.0,0.01114,0.0,0.0,0.0,0.07159,0.0,0.0,0.09631,0.0,0.00474,0.0
2025-07-14 04:50:00,Urbano E8022,0.07848000000000001,0.0,0.0,0.08328,0.0,0.0,0.0,0.011210000000000001,0.0,0.0,0.0,0.07088,0.0,0.0,0.09645000000000001,0.0,0.0047599999999999995,0.0
2025-07-14 04:55:00,Urbano E8022,0.0788,0.0,0.0,0.08272,0.0,0.0,0.0,0.01108,0.0,0.0,0.0,0.0712,0.0,0.0,0.09553,0.0,0.0048,0.0
2025-07-14 05:00:00,Urbano E8022,0.07887000000000001,0.0,0.0,0.08329,0.0,0.0,0.0,0.01115,0.0,0.0,0.0,0.07123,0.0,0.0,0.09642,0.0,0.00468,0.0
2025-07-14 05:05:00,Urbano E8022,0.07829000000000001,0.0,0.0,0.08249,0.0,0.0,0.0,0.01084,0.0,0.0,0.0,0.07056,0.0,0.0,0.09562999999999999,0.0,0.00481,0.0
2025-07-14 05:10:00,Urbano E8022,0.07789,0.0,0.0,0.08237,0.0,0.0,0.0,0.01097,0.01222,0.0,0.0,0.07049,0.0,0.0,0.10662,0.0,0.00481,0.0
2025-07-14 05:15:00,Urbano E8022,0.07762999999999999,0.0,0.0,0.08216,0.0,0.0,0.0,0.05027,0.012199999999999999,0.0,0.0,0.07007,0.0,0.0,0.14598,0.0,0.0047,0.0
2025-07-14 05:20:00,Urbano E8022,0.07762000000000001,0.0,0.0,0.08177,0.0,0.0,0.0,0.0514,0.01216,0.0,0.0,0.07023,0.0,0.0,0.14654,0.0,0.004730000000000001,0.0
2025-07-14 05:25:00,Urbano E8022,0.07740000000000001,0.0,0.0,0.08158,0.0,0.0,0.0,0.047920000000000004,0.01209,0.0,0.0,0.06978,0.0,0.0,0.14292,0.0,0.00481,0.0
2025-07-14 05:30:00,Urbano E8022,0.07690999999999999,0.0,0.0,0.08033,0.0,0.0,0.0,0.046299999999999994,0.0121,0.0,0.0,0.0695,0.0,0.0,0.14007,0.0,0.0048200000000000005,0.0
2025-07-14 05:35:00,Urbano E8022,0.07675,0.0,0.0,0.08048999999999999,0.0,0.0,0.0,0.04599,0.01219,0.0,0.0,0.06924,0.0,0.0,0.13986,0.0,0.00474,0.0
2025-07-14 05:40:00,Urbano E8022,0.07626000000000001,0.0,0.0,0.08004,0.0,0.0,0.0,0.045579999999999996,0.01205,0.0,0.0,0.06862,0.0,0.0,0.13923,0.0,0.0048,0.0
2025-07-14 05:45:00,Urbano E8022,0.07592,0.0,0.0,0.08,0.0,0.0,0.0,0.045509999999999995,0.01213,0.0,0.0,0.06849,0.0,0.0,0.13892,0.0,0.00474,0.0
2025-07-14 05:50:00,Urbano E8022,0.0755,0.0,0.0,0.07961,0.0,0.0,0.0,0.04537,0.01217,0.0,0.0,0.06795999999999999,0.0,0.0,0.13829,0.0,0.00481,0.0
2025-07-14 05:55:00,Urbano E8022,0.07554999999999999,0.0,0.0,0.07906999999999999,0.0,0.0,0.0,0.04519,0.01216,0.0,0.0,0.068,0.0,0.0,0.13735,0.0,0.004900000000000001,0.0
2025-07-14 06:00:00,Urbano E8022,0.07478,0.0,0.0,0.07834,0.0,0.0,0.0,0.04496,0.01218,0.0,0.0,0.06745,0.0,0.0,0.13641999999999999,0.0,0.00504,0.0
2025-07-14 06:05:00,Urbano E8022,0.07513,0.0,0.0,0.07887000000000001,0.0,0.0,0.0,0.01041,0.0125,0.0,0.0,0.06778,0.0,0.0,0.10294,0.0,0.00487,0.0
2025-07-14 06:10:00,Urbano E8022,0.07490000000000001,0.0,0.0,0.07759999999999999,0.0,0.013609999999999999,0.0,0.01026,0.01264,0.0,0.0,0.06756999999999999,0.0,0.0,0.10141,0.0,0.00475,0.01428
2025-07-14 06:15:00,Urbano E8022,0.07562999999999999,0.0,0.0,0.07839,0.0,0.01357,0.0,0.01048,0.012580000000000001,0.0,0.0,0.06844,0.0,0.0,0.10249,0.0,0.004690000000000001,0.014150000000000001
2025-07-14 06:20:00,Urbano E8022,0.07526000000000001,0.0,0.0,0.0,0.0,0.013439999999999999,0.0,0.010539999999999999,0.012369999999999999,0.0,0.0,0.06812,0.0,0.0,0.023510000000000003,0.0,0.00481,0.01436
2025-07-14 06:25:00,Urbano E8022,0.07373,0.0,0.0,0.0,0.0,0.013529999999999999,0.0,0.01042,0.01231,0.0,0.0,0.06613,0.0,0.0,0.02345,0.0,0.00498,0.01442
2025-07-14 06:30:00,Urbano E8022,0.02577,3.04911,0.0,0.0,0.0,0.013560000000000001,0.0,0.04943,0.0,0.0,0.0,0.018539999999999997,0.0,0.00297,0.05158,0.0,0.00477,3.06684
2025-07-14 06:35:00,Urbano E8022,0.02544,0.0,0.0,0.0,0.0,0.01348,0.0,0.05136,0.0,0.0,0.0,0.0183,0.0,0.00296,0.053399999999999996,0.0,0.0048,0.017839999999999998
2025-07-14 06:40:00,Urbano E8022,0.00753,0.0,0.0,0.0,0.0,0.013550000000000001,0.0,0.05172,0.02666,0.0,0.0,0.0,0.0,0.0287,0.07911,0.0,0.004900000000000001,0.0435
2025-07-14 06:45:00,Urbano E8022,0.00708,3.0123800000000003,0.0,0.0,0.0,0.0136,0.0,0.04707,0.03014,0.0,0.0,0.0,0.0,0.026719999999999997,0.07819,0.0,0.00471,3.05375
2025-07-14 06:50:00,Urbano E8022,0.00744,3.02863,0.0,0.0,0.0,0.013550000000000001,0.0,0.04375,0.03015,0.0,0.0,0.0,0.0,0.026760000000000003,0.07479000000000001,0.0,0.00475,3.06995
2025-07-14 06:55:00,Urbano E8022,0.02568,0.0,0.0,0.0,0.0,0.01348,0.0,0.04753,0.03016,0.0,0.0,0.01844,0.0,0.0029100000000000003,0.07851000000000001,0.0,0.00477,0.01737
2025-07-14 07:00:00,Urbano E8022,0.02546,0.0,0.0,0.0,0.0,0.01348,0.0,0.04685,0.03012,0.0,0.0,0.01828,0.0,0.0029300000000000003,0.07764,0.0,0.00475,0.01732
2025-07-14 07:05:00,Urbano E8022,0.02526,0.0,0.0,0.0,0.0,0.013439999999999999,0.0,0.04739,0.030359999999999998,0.0,0.0,0.01828,0.0,0.00297,0.07853,0.0,0.004730000000000001,0.01717
2025-07-14 07:10:00,Urbano E8022,0.00734,0.0,0.0,0.0,0.0,0.013519999999999999,0.0,0.046799999999999994,0.02828,0.0,0.0,0.0,0.0,0.0029300000000000003,0.07603,0.0,0.00474,0.01745
2025-07-14 07:15:00,Urbano E8022,0.00733,0.0,0.0,0.0,0.0,0.0135,0.0,0.04639,0.027559999999999998,0.0,0.0,0.0,0.0,0.00289,0.07501999999999999,0.0,0.004730000000000001,0.01811
2025-07-14 07:20:00,Urbano E8022,0.00725,0.0,0.0,0.0,0.0,0.013439999999999999,0.0,0.0104,0.02607,0.0,0.0,0.0,0.0,0.00297,0.03737,0.0,0.00478,0.01742
2025-07-14 07:25:00,Urbano E8022,0.02558,0.0,0.0,0.0,0.0,0.013550000000000001,0.0,0.01033,0.02454,0.0,0.0,0.01837,0.0,0.0,0.03573,0.0,0.00477,0.0143
2025-07-14 07:30:00,Urbano E8022,0.02544,0.0,0.0,0.0,0.0,0.01341,0.0,0.01008,0.02361,0.0,0.0,0.01837,0.0,0.0,0.03469,0.0,0.0048200000000000005,0.014320000000000001
2025-07-14 07:35:00,Urbano E8022,0.0257,0.0,0.0,0.0,0.0,0.01349,0.0,0.01016,0.06551,0.0,0.0,0.01838,0.0,0.00299,0.07665999999999999,0.0,0.00498,0.01756
2025-07-14 07:40:00,Urbano E8022,0.02543,0.0,0.0,0.0,0.0,0.01349,0.0,0.009800000000000001,1.06898,0.0,0.0,0.01835,0.0,0.0,1.07975,0.0,0.0048200000000000005,0.01436
2025-07-14 07:45:00,Urbano E8022,0.02557,0.0,0.0,0.0,0.0,0.01342,0.0,0.04974,0.06314,0.0,0.0,0.01832,0.0,0.0,0.11399,0.0,0.00471,0.01438
2025-07-14 07:50:00,Urbano E8022,0.0072,0.0,0.0,0.0,0.0,0.01343,0.0,0.05109,0.06283,0.0,0.0,0.0,0.0,0.0,0.11447,0.0,0.0047599999999999995,0.0143
2025-07-14 07:55:00,Urbano E8022,0.00735,0.0,0.0,0.0,0.0,0.0135,0.0,0.05046,0.01909,0.0,0.0,0.0,0.0,0.0,0.07055,0.0,0.0048200000000000005,0.01436
2025-07-14 08:00:00,Urbano E8022,0.00728,0.0,0.0,0.0,0.0,0.01341,0.0,0.04736,0.01905,0.0,0.0,0.0,0.0,0.0,0.06729,0.0,0.0048,0.01436
2025-07-14 08:05:00,Urbano E8022,0.0071600000000000006,0.0,0.0,0.0,0.0,0.01343,0.0,0.0464,0.019260000000000003,0.0,0.0,0.0,0.0,0.0,0.06645000000000001,0.0,0.0046500000000000005,0.01434
2025-07-14 08:10:00,Urbano E8022,0.00728,0.0,0.0,0.0,0.0,0.013529999999999999,0.0,0.04597,0.01907,0.0,0.0,0.0,0.0,0.0,0.06606999999999999,0.0,0.00478,0.01433
2025-07-14 08:15:00,Urbano E8022,0.00724,0.0,0.0,0.0,0.0,0.0135,0.0,0.04556,0.019170000000000003,0.0,0.0,0.0,0.0,0.0,0.06576,0.0,0.004889999999999999,0.01422
2025-07-14 08:20:00,Urbano E8022,0.00735,0.0,0.0,0.0,0.0,0.01349,0.0,0.0453,0.01923,0.0,0.0,0.0,0.0,0.0,0.06534999999999999,0.0,0.00474,0.01426
2025-07-14 08:25:00,Urbano E8022,0.00714,0.0,0.0,0.0,0.0,0.0135,0.0,0.04537,0.01923,0.0,0.0,0.0,0.0,0.0,0.06537000000000001,0.0,0.00477,0.01433
2025-07-14 08:30:00,Urbano E8022,0.00724,0.0,0.0,0.0,0.0,0.013470000000000001,0.0,0.04506,0.019170000000000003,0.0,0.0,0.0,0.0,0.0,0.06481999999999999,0.0,0.00475,0.01435
2025-07-14 08:35:00,Urbano E8022,0.00731,0.0,0.0,0.0,0.0,0.0134,0.0,0.01046,0.01933,0.0,0.0,0.0,0.0,0.0,0.03059,0.0,0.00488,0.01434
2025-07-14 08:40:00,Urbano E8022,0.0071200000000000005,0.0,0.0,0.0,0.0,0.013470000000000001,0.0,0.009869999999999999,0.019280000000000002,0.0,0.0,0.0,0.0,0.0,0.03005,0.0,0.004849999999999999,0.01435
2025-07-14 08:45:00,Urbano E8022,0.02543,0.0,0.0,0.0,0.0,0.01348,0.0,0.00975,0.01924,0.0,0.0,0.01837,0.0,0.0,0.02995,0.0,0.00474,0.01428
2025-07-14 08:50:00,Urbano E8022,0.02541,0.0,0.0,0.07723999999999999,0.0,0.0134,0.0,0.01026,0.02032,0.0,0.0,0.01837,0.0,0.0,0.10831,0.0,0.00477,0.014119999999999999
2025-07-14 08:55:00,Urbano E8022,0.02549,0.0,0.0,0.07569,0.0,0.013470000000000001,0.0,0.00474,0.13244,0.0,0.0,0.01834,0.0,0.0,0.21434,0.0,0.004730000000000001,0.01427
2025-07-14 09:00:00,Urbano E8022,0.00733,0.0,0.0,0.07648,0.0,0.01348,0.0,0.037759999999999995,0.12991,0.0,0.0,0.0,0.0,0.0,0.24545,0.0,0.0048,0.01438
2025-07-14 09:05:00,Urbano E8022,0.00728,0.0,0.0,0.07524,0.0,0.01343,0.0,0.039729999999999994,0.12918000000000002,0.0,0.0,0.0,0.0,0.0,0.24538,0.0,0.00483,0.01428
2025-07-14 09:10:00,Urbano E8022,0.00728,0.0,0.0,0.0745,0.0,0.01343,0.0,0.04114,0.12632,0.0,0.0,0.0,0.0,0.0,0.24306999999999998,0.0,0.00461,0.014289999999999999
2025-07-14 09:15:00,Urbano E8022,0.00732,0.0,0.0,0.07492,0.0,0.013470000000000001,0.0,0.03658,0.12894,0.0,0.0,0.0,0.0,0.0,0.24157,0.0,0.00481,0.01408
2025-07-14 09:20:00,Urbano E8022,0.00726,0.0,0.0,0.07386,0.0,0.01348,0.0,0.034,0.12415000000000001,0.0,0.0,0.0,0.0,0.0,0.23377,0.0,0.00474,0.01433
2025-07-14 09:25:00,Urbano E8022,0.00728,0.0,0.0,0.07493999999999999,0.0,0.01348,0.0,0.03569,0.12916999999999998,0.0,0.0,0.0,0.0,0.0,0.24103,0.0,0.0047599999999999995,0.01428
2025-07-14 09:30:00,Urbano E8022,0.00732,0.0,0.0,0.0,0.0,0.01348,0.0,0.03572,0.12887,0.0,0.0,0.0,0.0,0.0,0.16549,0.0,0.0047599999999999995,0.0143
2025-07-14 09:35:00,Urbano E8022,0.0072699999999999996,0.0,0.0,0.0,0.0,0.01343,0.0,0.03547,0.12866,0.0,0.0,0.0,0.0,0.0,0.1651,0.0,0.00484,0.014320000000000001
2025-07-14 09:40:00,Urbano E8022,0.00726,0.0,0.0,0.0,0.0,0.0,0.0,0.03607,0.11062000000000001,0.0,0.0,0.0,0.0,0.0,0.14762,0.0,0.00478,0.0
2025-07-14 09:45:00,Urbano E8022,0.00722,0.0,0.0,0.02426,0.0,0.0,0.0,0.0,0.1105,0.0,0.0,0.0,0.0,0.0,0.13656000000000001,0.0,0.0048200000000000005,0.0
2025-07-14 09:50:00,Urbano E8022,0.00725,0.0,0.0,0.02442,0.0,0.0,0.0,0.0,0.11053,0.0,0.0,0.0,0.0,0.0,0.13658,0.0,0.0049299999999999995,0.0
2025-07-14 09:55:00,Urbano E8022,0.0074199999999999995,0.0,0.0,0.02377,0.0,0.0,0.0,0.0,0.11061,0.0,0.0,0.0,0.0,0.0,0.1361,0.0,0.00495,0.0
2025-07-14 10:00:00,Urbano E8022,0.00745,0.0,0.0,0.02487,0.0,0.0,0.0,0.0,0.0007,0.0,0.0,0.0,0.0,0.0,0.028,0.0,0.00488,0.0
2025-07-14 10:05:00,Urbano E8022,,0.0,0.0,0.024829999999999998,0.0,0.0,0.0,0.0,0.00061,,,,,0.0,0.027780000000000003,0.0,,0.0
2025-07-14 10:10:00,Urbano E8022,0.00731,0.0,0.0,0.02465,0.0,0.0,0.0,0.037759999999999995,0.00053,0.0,0.0,0.0,0.0,0.0,0.0653,0.0,0.004900000000000001,0.0
2025-07-14 10:15:00,Urbano E8022,0.00738,0.0,0.0,0.02494,0.0,0.0,0.0,0.039979999999999995,0.00041,0.0,0.0,0.0,0.0,0.0,0.06761,0.0,0.004849999999999999,0.0
2025-07-14 10:20:00,Urbano E8022,0.00725,0.0,0.0,0.02498,0.0,0.0,0.0,0.04056,0.0005899999999999999,0.0,0.0,0.0,0.0,0.0,0.06834,0.0,0.00478,0.0
2025-07-14 10:25:00,Urbano E8022,0.04374,0.0,0.0,0.14898,0.0,0.0,0.0,0.21678000000000003,0.0025199999999999997,0.0,0.0,0.0,0.0,0.0,0.3825,0.0,0.028659999999999998,0.0
2025-07-14 10:30:00,Urbano E8022,0.021929999999999998,0.0,0.0,0.07371,0.0,0.0,0.0,0.10605,0.00141,0.0,0.0,0.0,0.0,0.0,0.18803999999999998,0.0,0.01443,0.0
2025-07-14 10:35:00,Urbano E8022,0.0148,0.0,0.0,0.04952,0.0,0.0,0.0,0.07036,0.00082,0.0,0.0,0.0,0.0,0.0,0.12528,0.0,0.00955,0.0
2025-07-14 10:40:00,Urbano E8022,0.00733,0.0,0.0,0.02465,0.0,0.0,0.0,0.03492,0.00046,0.0,0.0,0.0,0.0,0.0,0.062299999999999994,0.0,0.00478,0.0
2025-07-14 10:45:00,Urbano E8022,0.00724,0.0,0.0,0.02498,0.0,0.0,0.0,0.03485,0.00043,0.0,0.0,0.0,0.0,0.0,0.06265,0.0,0.00474,0.0
2025-07-14 10:50:00,Urbano E8022,0.00733,0.0,0.0,0.0247,0.0,0.0,0.0,0.0,0.0006,0.0,0.0,0.0,0.0,0.0,0.027739999999999997,0.0,0.00478,0.0
2025-07-14 10:55:00,Urbano E8022,0.00728,0.0,0.0,0.02499,0.0,0.0,0.0,0.0,0.00046,0.0,0.0,0.0,0.0,0.0,0.0281,0.0,0.0048,0.0
2025-07-14 11:00:00,Urbano E8022,0.00708,0.0,0.0,0.02488,0.0,0.0,0.0,0.0,0.0006,0.0,0.0,0.0,0.0,0.0,0.027800000000000002,0.0,0.00484,0.0
2025-07-14 11:05:00,Urbano E8022,0.00701,0.0,0.0,0.02492,0.0,0.0,0.0,0.0,0.0005899999999999999,0.0,0.0,0.0,0.0,0.0,0.02798,0.0,0.00481,0.0
2025-07-14 11:10:00,Urbano E8022,0.00733,0.0,0.0,0.02504,0.0,0.0,0.0,0.0,0.00045,0.0,0.0,0.0,0.0,0.0,0.028140000000000002,0.0,0.0048200000000000005,0.0
2025-07-14 11:15:00,Urbano E8022,0.00721,0.0,0.0,0.02476,0.0,0.0,0.0,0.0,0.00054,0.0,0.0,0.0,0.0,0.0,0.02789,0.0,0.0047599999999999995,0.0
2025-07-14 11:20:00,Urbano E8022,0.00729,0.0,0.0,0.02478,0.0,0.0,0.0,0.1676,0.0003,0.0,0.0,0.0,0.0,0.0,0.19504,0.0,0.004730000000000001,0.0
2025-07-14 11:25:00,Urbano E8022,0.00735,0.0,0.0,0.02468,0.0,0.0,0.0,0.1666,0.00057,0.0,0.0,0.0,0.0,0.0,0.194,0.0,0.004730000000000001,0.0
2025-07-14 11:30:00,Urbano E8022,0.00731,0.0,0.0,0.02515,0.0,0.0,0.0,0.16913,0.00046,0.0,0.0,0.0,0.0,0.0,0.19696,0.0,0.004690000000000001,0.0
2025-07-14 11:35:00,Urbano E8022,0.00726,0.0,0.0,0.02503,0.0,0.0,0.0,0.16811,0.00032,0.0,0.0,0.0,0.0,0.0,0.19576,0.0,0.00481,0.0
2025-07-14 11:40:00,Urbano E8022,0.00736,0.0,0.0,0.02495,0.0,0.0,0.0,0.00043,0.00047,0.0,0.0,0.0,0.0,0.0,0.02918,0.0,0.004849999999999999,0.0
2025-07-14 11:45:00,Urbano E8022,0.00731,0.0,0.0,0.02502,0.0,0.0,0.0,0.09137,0.0005600000000000001,0.0,0.0,0.0,0.0,0.0,0.11927,0.0,0.00483,0.0
2025-07-14 11:50:00,Urbano E8022,0.00734,0.0,0.0,0.02511,0.0,0.0,0.0,0.09556,0.00047999999999999996,0.0,0.0,0.0,0.0,0.0,0.12340999999999999,0.0,0.004690000000000001,0.0
2025-07-14 11:55:00,Urbano E8022,0.00741,0.0,0.0,0.02528,0.0,0.0,0.0,0.10451,0.00035,0.0,0.0,0.0,0.0,0.0,0.1325,0.0,0.00487,0.0
2025-07-14 12:00:00,Urbano E8022,0.00733,0.0,0.0,0.02539,0.0,0.0,0.0,0.11443,0.00041,0.0,0.0,0.0,0.0,0.0,0.14252,0.0,0.004730000000000001,0.0
2025-07-14 12:05:00,Urbano E8022,0.00736,0.0,0.0,0.02564,0.0,0.0,0.0,0.10671,0.00049,0.0,0.0,0.0,0.0,0.0,0.1351,0.0,0.0047599999999999995,0.0
2025-07-14 12:10:00,Urbano E8022,0.00741,0.0,0.0,0.02562,0.0,0.0,0.0,0.09523999999999999,0.00047,0.0,0.0,0.0,0.0,0.0,0.12365000000000001,0.0,0.00484,0.0
2025-07-14 12:15:00,Urbano E8022,0.00746,0.0,0.0,0.02566,0.0,0.0,0.0,0.09292,0.0005,0.0,0.0,0.0,0.0,0.0,0.12136,0.0,0.00477,0.0
2025-07-14 12:20:00,Urbano E8022,0.0074199999999999995,0.0,0.0,0.02577,0.0,0.0,0.0,0.09190000000000001,0.00038,0.0,0.0,0.0,0.0,0.0,0.12034,0.0,0.00478,0.0
2025-07-14 12:25:00,Urbano E8022,0.00735,0.0,0.0,0.02589,0.0,0.0,0.0,0.09079000000000001,0.00054,0.0,0.0,0.0,0.0,0.0,0.11943000000000001,0.0,0.004730000000000001,0.0
2025-07-14 12:30:00,Urbano E8022,0.00758,0.0,0.0,0.02637,0.0,0.0,0.0,0.09098,0.00047999999999999996,0.0,0.0,0.0,0.0,0.0,0.11996,0.0,0.00491,0.0
2025-07-14 12:35:00,Urbano E8022,0.00749,0.0,0.0,0.026510000000000002,0.0,0.0,0.0,0.01069,0.00043,0.0,0.0,0.0,0.0,0.0,0.039810000000000005,0.0,0.004849999999999999,0.0
2025-07-14 12:40:00,Urbano E8022,0.00741,0.0,0.0,0.02657,0.0,0.0,0.0,0.01066,0.0003,0.0,0.0,0.0,0.0,0.0,0.039979999999999995,0.0,0.0047,0.0
2025-07-14 12:45:00,Urbano E8022,0.00747,0.0,0.0,0.0273,0.0,0.0,0.0,0.01103,0.00027,0.0,0.0,0.0,0.0,0.0,0.04107,0.0,0.0046500000000000005,0.0
2025-07-14 12:50:00,Urbano E8022,0.00745,0.0,0.0,0.02743,0.0,0.0,0.0,0.011009999999999999,0.00041999999999999996,0.0,0.0,0.0,0.0,0.0,0.04106,0.0,0.004730000000000001,0.0
2025-07-14 12:55:00,Urbano E8022,0.00722,0.0,0.0,0.02764,0.0,0.0,0.0,0.01122,0.00045,0.0,0.0,0.0,0.0,0.0,0.04138,0.0,0.00467,0.0
2025-07-14 13:00:00,Urbano E8022,0.00744,0.0,0.0,0.027899999999999998,0.0,0.0,0.0,0.011,0.00054,0.0,0.0,0.0,0.0,0.0,0.04162,0.0,0.0047599999999999995,0.0
2025-07-14 13:05:00,Urbano E8022,0.00744,0.0,0.0,0.02761,0.0,0.0,0.0,0.01106,0.00032,0.0,0.0,0.0,0.0,0.0,0.04124,0.0,0.00471,0.0
2025-07-14 13:10:00,Urbano E8022,0.0074199999999999995,0.0,0.0,0.027620000000000002,0.0,0.0,0.0,0.0111,0.00032,0.0,0.0,0.0,0.0,0.0,0.04144,0.0,0.00471,0.0
2025-07-14 13:15:00,Urbano E8022,0.00741,0.0,0.0,0.02761,0.0,0.0,0.0,0.049640000000000004,0.0006,0.0,0.0,0.0,0.0,0.0,0.07995000000000001,0.0,0.0047,0.0
2025-07-14 13:20:00,Urbano E8022,0.00747,0.0,0.0,0.027579999999999997,0.0,0.0,0.0,0.0514,0.00049,0.0,0.0,0.0,0.0,0.0,0.08166,0.0,0.00478,0.0
2025-07-14 13:25:00,Urbano E8022,0.00746,0.0,0.0,0.027370000000000002,0.0,0.0,0.0,0.05011,0.00053,0.0,0.0,0.0,0.0,0.0,0.0803,0.0,0.004730000000000001,0.0
2025-07-14 13:30:00,Urbano E8022,0.00735,0.0,0.0,0.02727,0.0,0.0,0.0,0.04679,0.00061,0.0,0.0,0.0,0.0,0.0,0.07678,0.0,0.004690000000000001,0.0
2025-07-14 13:35:00,Urbano E8022,0.00744,0.0,0.0,0.027129999999999998,0.0,0.0,0.0,0.04607,0.00054,0.0,0.0,0.0,0.0,0.0,0.07619,0.0,0.00477,0.0
2025-07-14 13:40:00,Urbano E8022,0.014960000000000001,0.0,0.0,0.05387,0.0,0.0,0.0,0.09182,0.00084,0.0,0.0,0.0,0.0,0.0,0.15144,0.0,0.009779999999999999,0.0
2025-07-14 13:45:00,Urbano E8022,0.03006,0.0,0.0,0.107,0.0,0.0,0.0,0.18308000000000002,0.00216,0.0,0.0,0.0,0.0,0.0,0.30092,0.0,0.019540000000000002,0.0
2025-07-14 13:50:00,Urbano E8022,0.00738,0.0,0.0,0.026539999999999998,0.0,0.0,0.0,0.01083,0.00041,0.0,0.0,0.0,0.0,0.0,0.040049999999999995,0.0,0.00468,0.0
2025-07-14 13:55:00,Urbano E8022,0.00744,0.0,0.0,0.02682,0.0,0.0,0.0,0.01088,0.00025,0.0,0.0,0.0,0.0,0.0,0.04022,0.0,0.004730000000000001,0.0
2025-07-14 14:00:00,Urbano E8022,0.00738,0.0,0.0,0.0,0.0,0.0,0.0,0.01073,0.00035,0.0,0.0,0.0,0.0,0.0,0.01311,0.0,0.00474,0.0
2025-07-14 14:05:00,Urbano E8022,0.00747,0.0,0.0,0.0,0.0,0.0,0.0,0.01084,0.00032,0.0,0.0,0.0,0.0,0.0,0.013130000000000001,0.0,0.0048200000000000005,0.0
2025-07-14 14:10:00,Urbano E8022,0.00739,0.0,0.0,0.0,0.0,0.0,0.0,0.01083,0.00076,0.0,0.0,0.0,0.0,0.0,0.01329,0.0,0.00474,0.0
2025-07-14 14:15:00,Urbano E8022,0.00747,0.0,0.0,0.03555,0.0,0.0,0.0,0.01066,0.1103,0.0,0.0,0.0,0.0,0.0,0.1574,0.0,0.004940000000000001,0.0
2025-07-14 14:20:00,Urbano E8022,0.00736,0.0,0.0,0.03551,0.0,0.0,0.0,0.044829999999999995,0.11148999999999999,0.0,0.0,0.0,0.0,0.0,0.19319,0.0,0.0048200000000000005,0.0
2025-07-14 14:25:00,Urbano E8022,0.00715,0.0,0.0,0.03523,0.0,0.0,0.0,0.044539999999999996,0.10918000000000001,0.0,0.0,0.0,0.0,0.0,0.19007,0.0,0.00478,0.0
2025-07-14 14:30:00,Urbano E8022,0.00738,0.0,0.0,0.03497,0.0,0.0,0.0,0.0105,0.11011,0.0,0.0,0.0,0.0,0.0,0.15722999999999998,0.0,0.0048,0.0
2025-07-14 14:35:00,Urbano E8022,0.00733,0.0,0.0,0.03498,0.0,0.0,0.0,0.01052,0.10931,0.0,0.0,0.0,0.0,0.0,0.15618,0.0,0.00478,0.0
2025-07-14 14:40:00,Urbano E8022,0.00744,0.0,0.0,0.03476,0.0,0.0,0.0,0.01038,0.11073000000000001,0.0,0.0,0.0,0.0,0.0,0.15713999999999997,0.0,0.00475,0.0
2025-07-14 14:45:00,Urbano E8022,0.00744,0.0,0.0,0.0,0.0,0.0,0.0,0.0105,0.127,0.0,0.0,0.0,0.0,0.0,0.13834,0.0,0.004849999999999999,0.0
2025-07-14 14:50:00,Urbano E8022,0.0074199999999999995,0.0,0.0,0.0,0.0,0.0,0.0,0.01043,0.12674,0.0,0.0,0.0,0.0,0.0,0.13811,0.0,0.00478,0.0
2025-07-14 14:55:00,Urbano E8022,0.00731,0.0,0.0,0.0,0.0,0.0,0.0,0.01057,0.12688,0.0,0.0,0.0,0.0,0.0,0.13821,0.0,0.00474,0.0
2025-07-14 15:00:00,Urbano E8022,,0.0,0.0,0.0,0.0,0.0,0.0,0.01057,0.13285,,,,,0.0,0.14404,0.0,,0.0
2025-07-14 15:05:00,Urbano E8022,0.01495,0.0,0.0,0.15702000000000002,0.0,0.0,0.0,0.02076,0.26758,0.0,0.0,0.0,0.0,0.0,0.44802,0.0,0.00975,0.0
2025-07-14 15:10:00,Urbano E8022,0.02589,0.0,0.0,0.0,0.0,0.0,0.0,0.01047,0.13054,0.0,0.0,0.01859,0.0,0.0,0.14149,0.0,0.0048200000000000005,0.0
2025-07-14 15:15:00,Urbano E8022,0.09228,0.0,0.0,0.0,0.0,0.0,0.0,0.05091,0.12984,0.0,0.0,0.08583,0.0,0.0,0.18178,0.0,0.0046500000000000005,0.0
2025-07-14 15:20:00,Urbano E8022,0.02562,0.0,0.0,0.0,0.0,0.0,0.0,0.05224,0.13019,0.0,0.0,0.018260000000000002,0.0,0.0,0.18328999999999998,0.0,0.004900000000000001,0.0
2025-07-14 15:25:00,Urbano E8022,0.02525,0.0,0.0,0.0,0.0,0.01375,0.0,0.05213,0.12916999999999998,0.0,0.0,0.01838,0.0,0.0,0.18233000000000002,0.0,0.00477,0.01422
2025-07-14 15:30:00,Urbano E8022,0.02564,0.0,0.0,0.0,0.0,0.0136,0.0,0.04887,0.12875,0.0,0.0,0.01835,0.0,0.0,0.17858000000000002,0.0,0.00483,0.01434
2025-07-14 15:35:00,Urbano E8022,0.02533,0.0,0.0,0.0,0.0,0.013560000000000001,0.0,0.047299999999999995,0.1305,0.0,0.0,0.01843,0.0,0.0,0.17862999999999998,0.0,0.0048,0.01435
2025-07-14 15:40:00,Urbano E8022,0.02557,0.0,0.0,0.0,0.0,0.0,0.0,0.04672,0.13001,0.0,0.0,0.01839,0.0,0.0030600000000000002,0.17754,0.0,0.004730000000000001,0.0035600000000000002
2025-07-14 15:45:00,Urbano E8022,0.02569,0.0,0.0,0.0,0.0039700000000000004,0.0,0.0,0.01035,0.17138,0.0,0.0,0.018260000000000002,0.0,0.0031,0.18647999999999998,0.0,0.00481,0.00379
2025-07-14 15:50:00,Urbano E8022,0.00754,0.0,0.0,0.0,0.28095,0.026789999999999998,0.0,0.01019,0.16812,0.0,0.0,0.0,0.0,0.0,0.46032999999999996,0.0,0.0048200000000000005,0.02775
2025-07-14 15:55:00,Urbano E8022,0.00739,0.0,0.0,0.0,0.28957,0.0,0.0,0.009949999999999999,0.01914,0.0,0.0,0.0,0.0,0.0,0.3196,0.0,0.0048,0.0
2025-07-14 16:00:00,Urbano E8022,0.00741,0.0,0.0,0.0,0.25467,0.0,0.0,0.01011,0.01891,0.0,0.0,0.0,0.0,0.0,0.28472000000000003,0.0,0.00477,0.0
2025-07-14 16:05:00,Urbano E8022,0.00714,0.0,0.0,0.0,0.006889999999999999,0.0,0.0,0.01047,0.01916,0.0,0.0,0.0,0.0,0.0,0.03735,0.0,0.0048,0.0
2025-07-14 16:10:00,Urbano E8022,0.00738,0.0,0.0,0.0,0.0066,0.0,0.0,0.010539999999999999,0.01923,0.0,0.0,0.0,0.0,0.0,0.03719,0.0,0.00478,0.0
2025-07-14 16:15:00,Urbano E8022,0.00733,0.0,0.0,0.0,0.251,0.0,0.0,0.046549999999999994,0.019129999999999998,0.0,0.0,0.0,0.0,0.0,0.31761,0.0,0.0048,0.0
2025-07-14 16:20:00,Urbano E8022,0.00738,0.0,0.0,0.0,0.11621,0.0,0.0,0.0506,0.01907,0.0,0.0,0.0,0.0,0.0,0.18674000000000002,0.0,0.00477,0.0
2025-07-14 16:25:00,Urbano E8022,0.00707,0.0,0.0,0.0,0.008289999999999999,0.0,0.0,0.05136,0.019,0.0,0.0,0.0,0.0,0.0,0.07947,0.0,0.00487,0.0
2025-07-14 16:30:00,Urbano E8022,0.0074199999999999995,0.0,0.0,0.01166,0.0029500000000000004,0.0,0.0,0.04747,0.11222,0.0,0.0,0.0,0.0,0.0,0.1755,0.0,0.00462,0.0
2025-07-14 16:35:00,Urbano E8022,0.00736,0.0,0.0,0.0114,0.24026,0.0,0.0,0.046270000000000006,0.11073000000000001,0.0,0.0,0.0,0.0,0.0,0.41001,0.0,0.00474,0.0
2025-07-14 16:40:00,Urbano E8022,0.00739,0.0,0.0,0.01148,0.00212,0.0,0.0,0.01039,0.11059000000000001,0.0,0.0,0.0,0.0,0.0,0.13591999999999999,0.0,0.00471,0.0
2025-07-14 16:45:00,Urbano E8022,0.00744,0.0,0.0,0.01148,0.00216,0.0,0.0,0.01042,0.11081,0.0,0.0,0.0,0.0,0.0,0.13597,0.0,0.00475,0.0
2025-07-14 16:50:00,Urbano E8022,0.00741,0.0,0.0,0.011550000000000001,0.0021000000000000003,0.0,0.0,0.01055,0.10992,0.0,0.0,0.0,0.0,0.0,0.13532,0.0,0.0047599999999999995,0.0
2025-07-14 16:55:00,Urbano E8022,0.0074199999999999995,0.0,0.0,0.011550000000000001,0.00213,0.0,0.0,0.01061,0.11001999999999999,0.0,0.0,0.0,0.0,0.0,0.13543,0.0,0.0047599999999999995,0.0
2025-07-14 17:00:00,Urbano E8022,0.00738,0.0,0.0,0.0,0.00216,0.0,0.0,0.01075,0.00061,0.0,0.0,0.0,0.0,0.0,0.01529,0.0,0.0048,0.0
2025-07-14 17:05:00,Urbano E8022,0.00738,0.0,0.0,0.0,0.00196,0.0,0.0,0.01084,0.00035999999999999997,0.0,0.0,0.0,0.0,0.0,0.015300000000000001,0.0,0.00477,0.0
2025-07-14 17:10:00,Urbano E8022,0.00734,0.0,0.0,0.0,0.00212,0.0,0.0,0.01084,0.00043,0.0,0.0,0.0,0.0,0.0,0.01517,0.0,0.00471,0.0
2025-07-14 17:15:00,Urbano E8022,0.00732,0.0,0.0,0.0,0.00197,0.0,0.0,0.049460000000000004,0.00041,0.0,0.0,0.0,0.0,0.0,0.053899999999999997,0.0,0.004730000000000001,0.0
2025-07-14 17:20:00,Urbano E8022,0.00738,0.0,0.0,0.0,0.00182,0.0,0.0,0.05082,0.00046,0.0,0.0,0.0,0.0,0.0,0.055310000000000005,0.0,0.0047599999999999995,0.0
2025-07-14 17:25:00,Urbano E8022,0.00736,0.0,0.0,0.0,0.0020499999999999997,0.0,0.0,0.049229999999999996,0.00053,0.0,0.0,0.0,0.0,0.0,0.053770000000000005,0.0,0.00475,0.0
2025-07-14 17:30:00,Urbano E8022,0.00738,0.0,0.0,0.0,0.00189,0.0,0.0,0.046740000000000004,0.00039,0.0,0.0,0.0,0.0,0.0,0.05114,0.0,0.00474,0.0
2025-07-14 17:35:00,Urbano E8022,0.00739,0.0,0.0,0.0,0.00184,0.0,0.0,0.046299999999999994,0.00047,0.0,0.0,0.0,0.0,0.0,0.05064,0.0,0.00477,0.0
2025-07-14 17:40:00,Urbano E8022,0.00732,0.0,0.0,0.0,0.0,0.0,0.0,0.01068,0.00049,0.0,0.0,0.0,0.0,0.0,0.01393,0.0,0.00478,0.0
2025-07-14 17:45:00,Urbano E8022,0.00741,0.0,0.0,0.0,0.0,0.0,0.0,0.011,0.00047999999999999996,0.0,0.0,0.0,0.0,0.0,0.01409,0.0,0.00478,0.0
2025-07-14 17:50:00,Urbano E8022,0.00739,0.0,0.0,0.0,0.0,0.0,0.0,0.01072,0.00035,0.0,0.0,0.0,0.0,0.0,0.01402,0.0,0.0048200000000000005,0.0
2025-07-14 17:55:00,Urbano E8022,0.07606,0.0,0.0,0.0,0.0,0.0,0.0,0.01053,0.11308,0.0,0.0,0.06869,0.0,0.0,0.12522,0.0,0.00477,0.0
2025-07-14 18:00:00,Urbano E8022,0.07711,0.0,0.0,0.0,0.0,0.0,0.0,0.00366,0.11015000000000001,0.0,0.0,0.06971,0.0,0.0,0.11578000000000001,0.0,0.00487,0.0
2025-07-14 18:05:00,Urbano E8022,0.00746,0.0,0.0,0.0,0.0,0.0,0.0,0.0,0.10817,0.0,0.0,0.0,0.0,0.0,0.11558,0.0,0.004900000000000001,0.0
2025-07-14 18:10:00,Urbano E8022,0.0071200000000000005,0.0,0.0,0.0,0.0,0.0,0.0,0.037090000000000005,0.0,0.0,0.0,0.0,0.0,0.0,0.03915999999999999,0.0,0.0047599999999999995,0.0
2025-07-14 18:15:00,Urbano E8022,0.0074199999999999995,0.0,0.0,0.0,0.0,0.0,0.0,0.03986,0.0,0.0,0.0,0.0,0.0,0.0,0.041909999999999996,0.0,0.00481,0.0
2025-07-14 18:20:00,Urbano E8022,0.00752,0.0,0.0,0.0,0.0,0.0,0.0,0.04077,0.0,0.0,0.0,0.0,0.0,0.0,0.04287,0.0,0.0049299999999999995,0.0
2025-07-14 18:25:00,Urbano E8022,0.0074,0.0,0.0,0.0,0.0,0.0,0.0,0.03848,0.0,0.0,0.0,0.0,0.0,0.0,0.04059,0.0,0.00475,0.0
2025-07-14 18:30:00,Urbano E8022,0.00752,0.0,0.0,0.07808,0.0,0.013699999999999999,0.0,0.03511,0.12792,0.0,0.0,0.0,0.0,0.0,0.24254,0.0,0.00475,0.01435
2025-07-14 18:35:00,Urbano E8022,0.00745,0.0,0.0,0.07809,0.0,0.01343,0.0,0.037200000000000004,0.12803,0.0,0.0,0.0,0.0,0.0,0.24464,0.0,0.004730000000000001,0.01447
2025-07-14 18:40:00,Urbano E8022,0.00744,0.0,0.0,0.07748999999999999,0.0,0.013439999999999999,0.0,0.0,0.12921000000000002,0.0,0.0,0.0,0.0,0.0,0.20802,0.0,0.0048,0.01413
2025-07-14 18:45:00,Urbano E8022,0.00739,0.0,0.0,0.07770999999999999,0.0,0.03982,0.0,0.0,0.12838999999999998,0.0,0.0,0.0,0.0,0.0,0.20742,0.0,0.0048,0.04064
2025-07-14 18:50:00,Urbano E8022,0.02603,0.0,0.0,0.0,0.0,0.03731,0.0,0.0,0.12802000000000002,0.0,0.0,0.01849,0.0,0.0,0.12862,0.0,0.00511,0.03818
2025-07-14 18:55:00,Urbano E8022,0.02568,0.0,0.0,0.0,0.0,0.03683,0.0,0.0,0.12879,0.0,0.0,0.01832,0.0,0.0,0.12974000000000002,0.0,0.0048200000000000005,0.03775
2025-07-14 19:00:00,Urbano E8022,0.02569,0.0,0.0,0.0,0.0,0.03648,0.0,0.0,0.12834,0.0,0.0,0.01837,0.0,0.0,0.12913999999999998,0.0,0.0047599999999999995,0.03731
2025-07-14 19:05:00,Urbano E8022,0.02578,0.0,0.0,0.0,0.0,0.036469999999999995,0.0,0.0,0.13091,0.0,0.0,0.01835,0.0,0.0,0.13178,0.0,0.00478,0.03731
2025-07-14 19:10:00,Urbano E8022,0.02585,0.0,0.0,0.0,0.0,0.01367,0.0,0.037079999999999995,0.12633,0.0,0.0,0.01838,0.0,0.0,0.1643,0.0,0.005030000000000001,0.01456
2025-07-14 19:15:00,Urbano E8022,0.0259,0.0,0.0,0.0,0.0,0.01368,0.0,0.04094,0.12868000000000002,0.0,0.0,0.01831,0.0,0.0,0.17073,0.0,0.00511,0.01455
2025-07-14 19:20:00,Urbano E8022,0.02564,0.0,0.0,0.0,0.0,0.013630000000000001,0.0,0.041210000000000004,0.12897999999999998,0.0,0.0,0.01837,0.0,0.0,0.17117,0.0,0.00474,0.0143
2025-07-14 19:25:00,Urbano E8022,0.02565,0.0,0.0,0.0,0.0,0.013630000000000001,0.0,0.03693,0.12991,0.0,0.0,0.01835,0.0,0.0,0.16782,0.0,0.00484,0.01453
2025-07-14 19:30:00,Urbano E8022,0.02557,0.0,0.0,0.0,0.0,0.01376,0.0,0.03593,0.12594,0.0,0.0,0.01829,0.0,0.0,0.16287000000000001,0.0,0.00475,0.014289999999999999
2025-07-14 19:35:00,Urbano E8022,0.02552,0.0,0.0,0.0,0.0,0.013699999999999999,0.0,0.03557,0.1286,0.0,0.0,0.01834,0.0,0.0,0.16509000000000001,0.0,0.00481,0.01449
2025-07-14 19:40:00,Urbano E8022,0.02555,0.0,0.0,0.0,0.0,0.013470000000000001,0.0,0.03673,0.12849000000000002,0.0,0.0,0.01834,0.0,0.0,0.16613999999999998,0.0,0.00471,0.0143
2025-07-14 19:45:00,Urbano E8022,0.00745,0.0,0.0,0.0,0.0,0.01354,0.0,0.0,0.12825999999999999,0.0,0.0,0.0,0.0,0.0,0.12891999999999998,0.0,0.00478,0.014320000000000001
2025-07-14 19:50:00,Urbano E8022,0.00734,0.0,0.0,0.0,0.0,0.01348,0.0,0.0,0.12822,0.0,0.0,0.0,0.0,0.0,0.12972999999999998,0.0,0.00471,0.01428
2025-07-14 19:55:00,Urbano E8022,0.025589999999999998,0.0,0.0,0.0,0.0,0.0135,0.0,0.0,0.13122,0.0,0.0,0.01838,0.0,0.0,0.13188999999999998,0.0,0.00477,0.014410000000000001
2025-07-14 20:00:00,Urbano E8022,0.02555,0.0,0.0,0.0,0.0,0.01342,0.0,0.0,0.12888999999999998,0.0,0.0,0.01844,0.0,0.0,0.12954,0.0,0.00487,0.01439
2025-07-14 20:05:00,Urbano E8022,0.02562,0.0,0.0,0.0,0.0,0.013529999999999999,0.0,0.0,0.12751,0.0,0.0,0.01844,0.0,0.0,0.12830000000000003,0.0,0.00468,0.01427
2025-07-14 20:10:00,Urbano E8022,0.02587,0.0,0.0,0.0,0.0,0.01349,0.0,0.03933,0.12667,0.0,0.0,0.01837,0.0,0.0,0.16674,0.0,0.004889999999999999,0.01426
2025-07-14 20:15:00,Urbano E8022,0.02541,0.0,0.0,0.0,0.0,0.01348,0.0,0.04052,0.0246,0.0,0.0,0.01846,0.0,0.0,0.06603,0.0,0.00474,0.014070000000000001
2025-07-14 20:20:00,Urbano E8022,0.02565,0.0,0.0,0.0,0.0,0.013460000000000001,0.0,0.04134,0.13149,0.0,0.0,0.01834,0.0,0.0,0.17366,0.0,0.0047599999999999995,0.0144
2025-07-14 20:25:00,Urbano E8022,0.007549999999999999,0.0,0.0,0.0,0.0,0.013529999999999999,0.0,0.03688,0.13105,0.0,0.0,0.0,0.0,0.0,0.16884,0.0,0.004889999999999999,0.01433
2025-07-14 20:30:00,Urbano E8022,0.00747,0.0,0.0,0.0,0.0,0.013460000000000001,0.0,0.03597,0.01943,0.0,0.0,0.0,0.0,0.0,0.05645,0.0,0.00481,0.014289999999999999
2025-07-14 20:35:00,Urbano E8022,0.02585,0.0,0.0,0.0,0.0,0.01349,0.0,0.03553,0.1272,0.0,0.0,0.01839,0.0,0.0,0.16369999999999998,0.0,0.00478,0.014320000000000001
2025-07-14 20:40:00,Urbano E8022,0.02585,0.0,0.0,0.0,0.0,0.01348,0.0,0.0,0.12822,0.0,0.0,0.01835,0.0,0.0,0.12902000000000002,0.0,0.00483,0.01428
2025-07-14 20:45:00,Urbano E8022,0.00754,0.0,0.0,0.04367,0.0,0.0135,0.0,0.0,0.12767,0.0,0.0,0.0,0.0,0.0,0.17299,0.0,0.004849999999999999,0.014289999999999999
2025-07-14 20:50:00,Urbano E8022,0.00808,0.0,0.0,0.054920000000000004,0.0,0.01349,0.0,0.0,0.17805,0.0,0.0,0.0,0.0,0.0,0.23455,0.0,0.00529,0.014320000000000001
2025-07-14 20:55:00,Urbano E8022,0.00764,0.0,0.0,0.05468,0.0,0.013470000000000001,0.0,0.0,0.17904,0.0,0.0,0.0,0.0,0.0,0.23533,0.0,0.00484,0.014320000000000001
2025-07-14 21:00:00,Urbano E8022,0.00762,0.0,0.0,0.05407,0.0,0.01348,0.0,0.0,0.17865999999999999,0.0,0.0,0.0,0.0,0.0,0.23422,0.0,0.00484,0.01435
2025-07-14 21:05:00,Urbano E8022,0.008119999999999999,0.0,0.0,0.053939999999999995,0.0,0.013519999999999999,0.0,0.0,0.17562,0.0,0.0,0.0,0.0,0.0,0.23115,0.0,0.00531,0.01434
2025-07-14 21:10:00,Urbano E8022,0.14773,0.0,0.0,0.05386,0.0,0.01349,0.0,0.03915999999999999,0.18012,0.0,0.0,0.13992,0.0,0.0,0.27436,0.0,0.00517,0.01434
2025-07-14 21:15:00,Urbano E8022,0.14342,0.0,0.0,0.0522,0.0,0.01348,0.0,0.04027,0.12729000000000001,0.0,0.0,0.136,0.0,0.0,0.22116,0.0,0.00488,0.01409
2025-07-14 21:20:00,Urbano E8022,0.15787,0.0,0.0,0.052719999999999996,0.0,0.01348,0.0,0.037950000000000005,0.12830000000000003,0.0,0.0,0.15080000000000002,0.0,0.0,0.22016,0.0,0.004730000000000001,0.01439
2025-07-14 21:25:00,Urbano E8022,0.14825,0.0,0.0,0.05264,0.0,0.013529999999999999,0.0,0.03587,0.12872,0.0,0.0,0.14097,0.0,0.003,0.21863,0.0,0.00487,0.01751
2025-07-14 21:30:00,Urbano E8022,0.14657,0.0,0.0,0.052590000000000005,0.0,0.013460000000000001,0.0,0.03522,0.12824000000000002,0.0,0.0,0.13904,0.0,0.0,0.21734,0.0,0.00481,0.014119999999999999
2025-07-14 21:35:00,Urbano E8022,0.09290000000000001,0.0,0.0,0.05256,0.0,0.013529999999999999,0.0,0.17501,0.12791,0.0,0.0,0.08615,0.0,0.0,0.35663,0.0,0.00477,0.01436
2025-07-14 21:40:00,Urbano E8022,0.09361,0.0,0.0,0.05271,0.0,0.013529999999999999,0.0,0.17590999999999998,0.12796,0.0,0.0,0.08696,0.0,0.0,0.35797,0.0,0.00462,0.0144
2025-07-14 21:45:00,Urbano E8022,0.09376999999999999,0.0,0.0,0.05287,0.0,0.01348,0.0,0.17635,0.1275,0.0,0.0,0.08679,0.0,0.0,0.35797,0.0,0.00481,0.01434
2025-07-14 21:50:00,Urbano E8022,0.07795999999999999,0.0,0.0,0.05336,0.0,0.01349,0.0,0.00041,0.13958,0.0,0.0,0.07003,0.0,0.0,0.19569999999999999,0.0,0.0052,0.01427
2025-07-14 21:55:00,Urbano E8022,0.07742,0.0,0.0,0.060289999999999996,0.0,0.0135,0.0,0.00035,0.10954000000000001,0.0,0.0,0.06985,0.0,0.0,0.17249,0.0,0.00477,0.014119999999999999
2025-07-14 22:00:00,Urbano E8022,0.07681,0.0,0.0,0.060469999999999996,0.0,0.013519999999999999,0.0,0.09301000000000001,0.10964,0.0,0.0,0.06893,0.0,0.0,0.26444999999999996,0.0,0.00523,0.01438
2025-07-14 22:05:00,Urbano E8022,0.07651999999999999,0.0,0.0,0.05996,0.0,0.01348,0.0,0.10095,0.11102,0.0,0.0,0.06905,0.0,0.0,0.27307,0.0,0.0048200000000000005,0.0143
2025-07-14 22:10:00,Urbano E8022,0.07572,0.0,0.0,0.059789999999999996,0.0,0.01348,0.0,0.10157,0.10995999999999999,0.0,0.0,0.06829,0.0,0.0,0.27266,0.0,0.00474,0.01427
2025-07-14 22:15:00,Urbano E8022,0.07612999999999999,0.0,0.0,0.05966,0.0,0.013529999999999999,0.0,0.11286,0.10897,0.0,0.0,0.06836,0.0,0.0,0.28284,0.0,0.004849999999999999,0.01434
2025-07-14 22:20:00,Urbano E8022,0.07626000000000001,0.0,0.0,0.0634,0.0,0.013550000000000001,0.0,0.10224,0.10934,0.0,0.0,0.0685,0.0,0.0,0.27646,0.0,0.00484,0.0143
2025-07-14 22:25:00,Urbano E8022,0.07683,0.0,0.0,0.06355,0.0,0.013560000000000001,0.0,0.09618,0.11048000000000001,0.0,0.0,0.0691,0.0,0.0,0.2715,0.0,0.00481,0.01408
2025-07-14 22:30:00,Urbano E8022,0.09345999999999999,0.0,0.0,0.06343,0.0,0.01354,0.0,0.09684999999999999,0.10920999999999999,0.0,0.0,0.08656,0.0,0.0,0.27103,0.0,0.00488,0.01428
2025-07-14 22:35:00,Urbano E8022,0.0762,0.0,0.0,0.06387,0.0,0.013529999999999999,0.0,0.09384999999999999,0.10916,0.0,0.0,0.06878000000000001,0.0,0.0,0.26825,0.0,0.00496,0.01414
2025-07-14 22:40:00,Urbano E8022,0.07696,0.0,0.0,0.06401000000000001,0.0,0.013519999999999999,0.0,0.01047,0.11270000000000001,0.0,0.0,0.06941,0.0,0.0,0.18844,0.0,0.0047,0.01428
2025-07-14 22:45:00,Urbano E8022,0.07686,0.0,0.0,0.10776000000000001,0.0,0.013560000000000001,0.0,0.0107,0.0,0.0,0.0,0.06952,0.0,0.0,0.12103,0.0,0.00475,0.01435
2025-07-14 22:50:00,Urbano E8022,0.0762,0.0,0.0,0.08043,0.0,0.0,0.0,0.01063,0.0,0.0,0.0,0.06859,0.0,0.0,0.0932,0.0,0.00468,0.0
2025-07-14 22:55:00,Urbano E8022,0.07676999999999999,0.0,0.0,0.08014,0.0,0.0,0.0,0.01191,0.0,0.0,0.0,0.06919,0.0,0.0,0.09376999999999999,0.0,0.00498,0.0
2025-07-14 23:00:00,Urbano E8022,0.07628,0.0,0.0,0.08005,0.0,0.0,0.0,0.01166,0.0,0.0,0.0,0.06904,0.0,0.0,0.09379000000000001,0.0,0.0047599999999999995,0.0
2025-07-14 23:05:00,Urbano E8022,0.07592,0.0,0.0,0.07987999999999999,0.0,0.0,0.0,0.011970000000000001,0.0,0.0,0.0,0.06856999999999999,0.0,0.0,0.0938,0.0,0.004690000000000001,0.0
2025-07-14 23:10:00,Urbano E8022,0.07703,0.0,0.0,0.07966,0.0,0.0,0.0,0.052039999999999996,0.0,0.0,0.0,0.06965,0.0,0.0,0.13416999999999998,0.0,0.004690000000000001,0.0
2025-07-14 23:15:00,Urbano E8022,0.07684999999999999,0.0,0.0,0.07998000000000001,0.0,0.0,0.0,0.0525,0.0,0.0,0.0,0.06893,0.0,0.0,0.13475,0.0,0.004730000000000001,0.0
2025-07-14 23:20:00,Urbano E8022,0.07644,0.0,0.0,0.0798,0.0,0.0,0.0,0.05249,0.0,0.0,0.0,0.06902,0.0,0.0,0.13468,0.0,0.00471,0.0
2025-07-14 23:25:00,Urbano E8022,0.07748000000000001,0.0,0.0,0.07954,0.0,0.0,0.0,0.048780000000000004,0.0,0.0,0.0,0.06955,0.0,0.0,0.13088999999999998,0.0,0.00475,0.0
2025-07-14 23:30:00,Urbano E8022,0.07690999999999999,0.0,0.0,0.08053,0.0,0.0,0.0,0.0471,0.0,0.0,0.0,0.06924,0.0,0.0,0.13006,0.0,0.00488,0.0
2025-07-14 23:35:00,Urbano E8022,0.07659,0.0,0.0,0.07967,0.0,0.0,0.0,0.046579999999999996,0.0,0.0,0.0,0.06863,0.0,0.0,0.12853,0.0,0.004889999999999999,0.0
2025-07-14 23:40:00,Urbano E8022,0.07654999999999999,0.0,0.0,0.07984000000000001,0.0,0.0,0.0,0.0107,0.0,0.0,0.0,0.06913,0.0,0.0,0.09268000000000001,0.0,0.004690000000000001,0.0
2025-07-14 23:45:00,Urbano E8022,0.07676000000000001,0.0,0.0,0.08009000000000001,0.0,0.0,0.0,0.01067,0.0,0.0,0.0,0.06906,0.0,0.0,0.09307,0.0,0.00477,0.0
2025-07-14 23:50:00,Urbano E8022,0.07709,0.0,0.0,0.07958,0.0,0.0,0.0,0.01055,0.0,0.0,0.0,0.06925,0.0,0.0,0.09240999999999999,0.0,0.00467,0.0
2025-07-14 23:55:00,Urbano E8022,0.07751000000000001,0.0,0.0,0.08039,0.0,0.0,0.0,0.01068,0.0,0.0,0.0,0.06983,0.0,0.0,0.09334,0.0,0.00474,0.0
2025-07-15 00:00:00,Urbano E8022,0.07737999999999999,0.0,0.0,0.08056,0.0,0.0,0.0,0.0108,0.0,0.0,0.0,0.06981,0.0,0.0,0.09359999999999999,0.0,0.00462,0.0
2025-07-15 00:05:00,Urbano E8022,0.07695,0.0,0.0,0.0805,0.0,0.0,0.0,0.01081,0.0,0.0,0.0,0.06929,0.0,0.0,0.09340999999999999,0.0,0.00468,0.0
2025-07-15 00:10:00,Urbano E8022,0.0767,0.0,0.0,0.07943,0.0,0.0,0.0,0.0485,0.0,0.0,0.0,0.06925,0.0,0.0,0.13019,0.0,0.00463,0.0
2025-07-15 00:15:00,Urbano E8022,0.07609,0.0,0.0,0.07970000000000001,0.0,0.0,0.0,0.05061,0.0,0.0,0.0,0.06889,0.0,0.0,0.13277,0.0,0.0046500000000000005,0.0
2025-07-15 00:20:00,Urbano E8022,0.07698999999999999,0.0,0.0,0.08009000000000001,0.0,0.0,0.0,0.0514,0.0,0.0,0.0,0.06955,0.0,0.0,0.13390000000000002,0.0,0.00471,0.0
2025-07-15 00:25:00,Urbano E8022,0.07684999999999999,0.0,0.0,0.08019,0.0,0.0,0.0,0.04814,0.0,0.0,0.0,0.06938,0.0,0.0,0.13077,0.0,0.00474,0.0
2025-07-15 00:30:00,Urbano E8022,0.07703,0.0,0.0,0.0805,0.0,0.0,0.0,0.04671,0.0,0.0,0.0,0.06931,0.0,0.0,0.12966,0.0,0.00468,0.0
2025-07-15 00:35:00,Urbano E8022,0.07697,0.0,0.0,0.07973999999999999,0.0,0.0,0.0,0.04624,0.0,0.0,0.0,0.06938,0.0,0.0,0.12847999999999998,0.0,0.004730000000000001,0.0
2025-07-15 00:40:00,Urbano E8022,0.07696,0.0,0.0,0.07993,0.0,0.0,0.0,0.04607,2e-05,0.0,0.0,0.06926,0.0,0.0,0.12853,0.0,0.0047599999999999995,0.0
2025-07-15 00:45:00,Urbano E8022,0.07675,0.0,0.0,0.08106999999999999,0.0,0.0,0.0,0.01086,0.0,0.0,0.0,0.06908,0.0,0.0,0.09416,0.0,0.00463,0.0
2025-07-15 00:50:00,Urbano E8022,0.07711,0.0,0.0,0.08011,0.0,0.0,0.0,0.01083,0.0,0.0,0.0,0.06954,0.0,0.0,0.09275,0.0,0.00468,0.0
2025-07-15 00:55:00,Urbano E8022,0.07776000000000001,0.0,0.0,0.08038,0.0,0.0,0.0,0.0107,0.0,0.0,0.0,0.06995,0.0,0.0,0.09329000000000001,0.0,0.00463,0.0
2025-07-15 01:00:00,Urbano E8022,0.07808,0.0,0.0,0.08111,0.0,0.0,0.0,0.0109,0.0,0.0,0.0,0.07042,0.0,0.0,0.09431,0.0,0.004730000000000001,0.0
2025-07-15 01:05:00,Urbano E8022,0.07783,0.0,0.0,0.08115,0.0,0.0,0.0,0.0109,0.0,0.0,0.0,0.07027,0.0,0.0,0.09398999999999999,0.0,0.0046500000000000005,0.0
2025-07-15 01:10:00,Urbano E8022,0.07834,0.0,0.0,0.08151,0.0,0.0,0.0,0.07445,0.0,0.0,0.0,0.07055,0.0,0.0,0.15830000000000002,0.0,0.0047599999999999995,0.0
2025-07-15 01:15:00,Urbano E8022,0.07740999999999999,0.0,0.0,0.08151,0.0,0.0,0.0,0.0502,0.0,0.0,0.0,0.07034,0.0,0.0,0.13419999999999999,0.0,0.00477,0.0
2025-07-15 01:20:00,Urbano E8022,0.07759999999999999,0.0,0.0,0.08129,0.0,0.0,0.0,0.05141,0.0,0.0,0.0,0.07053,0.0,0.0,0.1351,0.0,0.004690000000000001,0.0
2025-07-15 01:25:00,Urbano E8022,0.0773,0.0,0.0,0.08158,0.0,0.0,0.0,0.04826,0.0,0.0,0.0,0.07038,0.0,0.0,0.13204,0.0,0.00471,0.0
2025-07-15 01:30:00,Urbano E8022,0.07826999999999999,0.0,0.0,0.08128,0.0,0.0,0.0,0.04672,0.0,0.0,0.0,0.07094,0.0,0.0,0.13037,0.0,0.0048,0.0
2025-07-15 01:35:00,Urbano E8022,0.07794,0.0,0.0,0.08179,0.0,0.0,0.0,0.04624,0.0,0.0,0.0,0.07064,0.0,0.0,0.13046000000000002,0.0,0.00471,0.0
2025-07-15 01:40:00,Urbano E8022,0.07834999999999999,0.0,0.0,0.08165,0.0,0.0,0.0,0.010960000000000001,0.0,0.0,0.0,0.07056,0.0,0.0,0.09473999999999999,0.0,0.004849999999999999,0.0
2025-07-15 01:45:00,Urbano E8022,0.07870999999999999,0.0,0.0,0.08168,0.0,0.0,0.0,0.0109,0.0,0.0,0.0,0.07116,0.0,0.0,0.09470999999999999,0.0,0.00458,0.0
2025-07-15 01:50:00,Urbano E8022,0.07936,0.0,0.0,0.08231000000000001,0.0,0.0,0.0,0.01094,0.0,0.0,0.0,0.07089,0.0,0.0,0.0955,0.0,0.0058200000000000005,0.0
2025-07-15 01:55:00,Urbano E8022,0.07940000000000001,0.0,0.0,0.08205,0.0,0.0,0.0,0.01094,0.0,0.0,0.0,0.07045,0.0,0.0,0.09491,0.0,0.00579,0.0
2025-07-15 02:00:00,Urbano E8022,0.07934000000000001,0.0,0.0,0.08181999999999999,0.0,0.0,0.0,0.01104,0.0,0.0,0.0,0.07054,0.0,0.0,0.09492,0.0,0.00583,0.0
2025-07-15 02:05:00,Urbano E8022,0.07927,0.0,0.0,0.08184000000000001,0.0,0.0,0.0,0.01103,0.0,0.0,0.0,0.07049,0.0,0.0,0.09487000000000001,0.0,0.0058200000000000005,0.0
2025-07-15 02:10:00,Urbano E8022,0.07945999999999999,0.0,0.0,0.08144,0.0,0.0,0.0,0.04845,0.0,0.0,0.0,0.0708,0.0,0.0,0.13237000000000002,0.0,0.005860000000000001,0.0
2025-07-15 02:15:00,Urbano E8022,0.07931999999999999,0.0,0.0,0.08178,0.0,0.0,0.0,0.05067,0.0,0.0,0.0,0.07069,0.0,0.0,0.13491999999999998,0.0,0.00587,0.0
2025-07-15 02:20:00,Urbano E8022,0.07953,0.0,0.0,0.08136,0.0,0.0,0.0,0.05123,0.0,0.0,0.0,0.0707,0.0,0.0,0.13509000000000002,0.0,0.005860000000000001,0.0
2025-07-15 02:25:00,Urbano E8022,0.07968,0.0,0.0,0.082,0.0,0.0,0.0,0.047369999999999995,0.0,0.0,0.0,0.07113,0.0,0.0,0.13190000000000002,0.0,0.00577,0.0
2025-07-15 02:30:00,Urbano E8022,0.07916,0.0,0.0,0.08219,0.0,0.0,0.0,0.0466,0.0,0.0,0.0,0.07076,0.0,0.0,0.13116999999999998,0.0,0.00574,0.0
2025-07-15 02:35:00,Urbano E8022,0.08005,0.0,0.0,0.08227,0.0,0.0,0.0,0.01159,0.0,0.0,0.0,0.07106,0.0,0.0,0.09587000000000001,0.0,0.005889999999999999,0.0
2025-07-15 02:40:00,Urbano E8022,0.08003,0.0,0.0,0.08253,0.0,0.0,0.0,0.01094,0.0,0.0,0.0,0.07153,0.0,0.0,0.09553,0.0,0.00587,0.0
2025-07-15 02:45:00,Urbano E8022,0.08015,0.0,0.0,0.08312,0.0,0.0,0.0,0.01109,0.0,0.0,0.0,0.07162,0.0,0.0,0.09639,0.0,0.005809999999999999,0.0
2025-07-15 02:50:00,Urbano E8022,0.07972,0.0,0.0,0.08272,0.0,0.0,0.0,0.01108,0.0,0.0,0.0,0.07083,0.0,0.0,0.09578,0.0,0.005889999999999999,0.0
2025-07-15 02:55:00,Urbano E8022,0.08051,0.0,0.0,0.08331000000000001,0.0,0.0,0.0,0.01117,0.0,0.0,0.0,0.07143000000000001,0.0,0.0,0.09684999999999999,0.0,0.00588,0.0
2025-07-15 03:00:00,Urbano E8022,0.08086,0.0,0.0,0.08313,0.0,0.0,0.0,0.011130000000000001,0.0,0.0,0.0,0.07196,0.0,0.0,0.09648999999999999,0.0,0.00579,0.0
2025-07-15 03:05:00,Urbano E8022,0.08054,0.0,0.0,0.08349,0.0,0.0,0.0,0.01108,0.0,0.0,0.0,0.07175,0.0,0.0,0.0968,0.0,0.00587,0.0
2025-07-15 03:10:00,Urbano E8022,0.08073999999999999,0.0,0.0,0.08294,0.0,0.0,0.0,0.0495,0.0,0.0,0.0,0.07182,0.0,0.0,0.13498,0.0,0.0058200000000000005,0.0
2025-07-15 03:15:00,Urbano E8022,0.08012999999999999,0.0,0.0,0.08325,0.0,0.0,0.0,0.05114,0.0,0.0,0.0,0.07152,0.0,0.0,0.13681000000000001,0.0,0.00587,0.0
2025-07-15 03:20:00,Urbano E8022,0.08091,0.0,0.0,0.0829,0.0,0.0,0.0,0.05019,0.0,0.0,0.0,0.0723,0.0,0.0,0.1355,0.0,0.0058200000000000005,0.0
2025-07-15 03:25:00,Urbano E8022,0.081,0.0,0.0,0.08328,0.0,0.0,0.0,0.04708,0.0,0.0,0.0,0.07226,0.0,0.0,0.13254,0.0,0.00583,0.0
2025-07-15 03:30:00,Urbano E8022,0.081,0.0,0.0,0.08317000000000001,0.0,0.0,0.0,0.046450000000000005,0.0,0.0,0.0,0.07207,0.0,0.0,0.13216999999999998,0.0,0.00594,0.0
2025-07-15 03:35:00,Urbano E8022,0.08134999999999999,0.0,0.0,0.08387,0.0,0.0,0.0,0.01109,0.0,0.0,0.0,0.07225,0.0,0.0,0.09713,0.0,0.005889999999999999,0.0
2025-07-15 03:40:00,Urbano E8022,0.08066,0.0,0.0,0.08283,0.0,0.0,0.0,0.01108,0.0,0.0,0.0,0.07186,0.0,0.0,0.09606,0.0,0.0058200000000000005,0.0
2025-07-15 03:45:00,Urbano E8022,0.08131000000000001,0.0,0.0,0.08348,0.0,0.0,0.0,0.01114,0.0,0.0,0.0,0.07261,0.0,0.0,0.09675,0.0,0.005809999999999999,0.0
2025-07-15 03:50:00,Urbano E8022,0.08166,0.0,0.0,0.08416,0.0,0.0,0.0,0.01132,0.0,0.0,0.0,0.07257999999999999,0.0,0.0,0.09745999999999999,0.0,0.00596,0.0
2025-07-15 03:55:00,Urbano E8022,0.08126,0.0,0.0,0.08306999999999999,0.0,0.0,0.0,0.01125,0.0,0.0,0.0,0.07234,0.0,0.0,0.09644,0.0,0.00579,0.0
2025-07-15 04:00:00,Urbano E8022,0.08120999999999999,0.0,0.0,0.08387,0.0,0.0,0.0,0.01123,0.0,0.0,0.0,0.07235,0.0,0.0,0.09731999999999999,0.0,0.0059299999999999995,0.0
2025-07-15 04:05:00,Urbano E8022,0.08112,0.0,0.0,0.08369,0.0,0.0,0.0,0.04783,0.0,0.0,0.0,0.07207,0.0,0.0,0.13387000000000002,0.0,0.0059299999999999995,0.0
2025-07-15 04:10:00,Urbano E8022,0.08086,0.0,0.0,0.08365,0.0,0.0,0.0,0.05079,0.0,0.0,0.0,0.07196999999999999,0.0,0.0,0.13686,0.0,0.005889999999999999,0.0
2025-07-15 04:15:00,Urbano E8022,0.08113,0.0,0.0,0.08394,0.0,0.0,0.0,0.0514,0.0,0.0,0.0,0.0723,0.0,0.0,0.13776,0.0,0.00579,0.0
2025-07-15 04:20:00,Urbano E8022,0.08077,0.0,0.0,0.08347,0.0,0.0,0.0,0.047850000000000004,0.0,0.0,0.0,0.07196,0.0,0.0,0.13376,0.0,0.00607,0.0
2025-07-15 04:25:00,Urbano E8022,0.08036,0.0,0.0,0.0834,0.0,0.0,0.0,0.046579999999999996,0.0,0.0,0.0,0.07182,0.0,0.0,0.13240000000000002,0.0,0.005889999999999999,0.0
2025-07-15 04:30:00,Urbano E8022,0.08038,0.0,0.0,0.08377,0.0,0.0,0.0,0.01115,0.0,0.0,0.0,0.07161,0.0,0.0,0.09701,0.0,0.00577,0.0
2025-07-15 04:35:00,Urbano E8022,0.07958,0.0,0.0,0.0829,0.0,0.0,0.0,0.01109,0.0,0.0,0.0,0.07115,0.0,0.0,0.09609999999999999,0.0,0.005889999999999999,0.0
2025-07-15 04:40:00,Urbano E8022,0.0798,0.0,0.0,0.08274,0.0,0.0,0.0,0.01106,0.0,0.0,0.0,0.07114,0.0,0.0,0.09601000000000001,0.0,0.005809999999999999,0.0
2025-07-15 04:45:00,Urbano E8022,0.07995999999999999,0.0,0.0,0.08231999999999999,0.0,0.0,0.0,0.0109,0.0,0.0,0.0,0.0717,0.0,0.0,0.09525,0.0,0.00583,0.0
2025-07-15 04:50:00,Urbano E8022,0.07962999999999999,0.0,0.0,0.08226,0.0,0.0,0.0,0.01104,0.0,0.0,0.0,0.07110999999999999,0.0,0.0,0.09531999999999999,0.0,0.0057599999999999995,0.0
2025-07-15 04:55:00,Urbano E8022,0.08009000000000001,0.0,0.0,0.08213,0.0,0.0,0.0,0.010960000000000001,0.0,0.0,0.0,0.07106,0.0,0.0,0.09518,0.0,0.005900000000000001,0.0
2025-07-15 05:00:00,Urbano E8022,0.08036,0.0,0.0,0.08245999999999999,0.0,0.0,0.0,0.01111,0.0,0.0,0.0,0.07161,0.0,0.0,0.09559999999999999,0.0,0.00583,0.0
2025-07-15 05:05:00,Urbano E8022,0.07952,0.0,0.0,0.08239,0.0,0.0,0.0,0.049710000000000004,0.0,0.0,0.0,0.07071,0.0,0.0,0.13444,0.0,0.00577,0.0
2025-07-15 05:10:00,Urbano E8022,0.07936,0.0,0.0,0.081,0.0,0.0,0.0,0.05102,0.0,0.0,0.0,0.07038,0.0,0.0,0.13437000000000002,0.0,0.00592,0.0
2025-07-15 05:15:00,Urbano E8022,0.07804000000000001,0.0,0.0,0.08072,0.0,0.0,0.0,0.04906,0.0,0.0,0.0,0.06916,0.0,0.0,0.13219,0.0,0.00587,0.0
2025-07-15 05:20:00,Urbano E8022,0.07866,0.0,0.0,0.08069,0.0,0.0,0.0,0.04657,0.0,0.0,0.0,0.06983,0.0,0.0,0.12966,0.0,0.00584,0.0
2025-07-15 05:25:00,Urbano E8022,0.07822,0.0,0.0,0.08016,0.0,0.0,0.0,0.04589,0.0,0.0,0.0,0.06964000000000001,0.0,0.0,0.12849000000000002,0.0,0.00588,0.0
2025-07-15 05:30:00,Urbano E8022,0.07784,0.0,0.0,0.07989,0.0,0.0,0.0,0.01067,0.0,0.0,0.0,0.06924,0.0,0.0,0.09281,0.0,0.00587,0.0
2025-07-15 05:35:00,Urbano E8022,0.07784999999999999,0.0,0.0,0.08029,0.0,0.0,0.0,0.01082,0.0,0.0,0.0,0.06916,0.0,0.0,0.09315000000000001,0.0,0.00587,0.0
2025-07-15 05:40:00,Urbano E8022,0.07795,0.0,0.0,0.07955,0.0,0.0,0.0,0.01077,0.0,0.0,0.0,0.06911,0.0,0.0,0.09234,0.0,0.005809999999999999,0.0
2025-07-15 05:45:00,Urbano E8022,0.07801000000000001,0.0,0.0,0.07973999999999999,0.0,0.0,0.0,0.01069,0.0,0.0,0.0,0.06941,0.0,0.0,0.09259999999999999,0.0,0.0057,0.0
2025-07-15 05:50:00,Urbano E8022,0.07684999999999999,0.0,0.0,0.07947,0.0,0.0,0.0,0.0106,0.0,0.0,0.0,0.06826,0.0,0.0,0.09243000000000001,0.0,0.0058200000000000005,0.0
2025-07-15 05:55:00,Urbano E8022,0.07692,0.0,0.0,0.07894,0.0,0.0,0.0,0.01053,0.0,0.0,0.0,0.06831,0.0,0.0,0.09168000000000001,0.0,0.00574,0.0
2025-07-15 06:00:00,Urbano E8022,0.07648999999999999,0.0,0.0,0.07801999999999999,0.0,0.01367,0.0,0.04764,0.0,0.0,0.0,0.06791,0.0,0.0,0.12807,0.0,0.00592,0.01439
2025-07-15 06:05:00,Urbano E8022,0.07503,0.0,0.0,0.07742,0.0,0.013640000000000001,0.0,0.05095,0.0,0.0,0.0,0.06651,0.0,0.0,0.13082,0.0,0.005900000000000001,0.01408
2025-07-15 06:10:00,Urbano E8022,0.07529000000000001,0.0,0.0,0.07647,0.0,0.01357,0.0,0.05176,0.0,0.0,0.0,0.06677,0.0,0.0,0.13057,0.0,0.005860000000000001,0.01433
2025-07-15 06:15:00,Urbano E8022,0.07537999999999999,0.0,0.0,0.01061,0.0,0.013519999999999999,0.0,0.05048,0.0,0.0,0.0,0.0669,0.0,0.0,0.06343,0.0,0.00605,0.01426
2025-07-15 06:20:00,Urbano E8022,0.07385,0.0,0.0,0.01056,0.0,0.01348,0.0,0.04692,0.0,0.0,0.0,0.06523000000000001,0.0,0.0,0.05992,0.0,0.00588,0.01425
2025-07-15 06:25:00,Urbano E8022,0.07501000000000001,3.00235,0.0,0.0,0.0,0.01354,0.0,0.046740000000000004,0.0,0.0,0.0,0.0665,0.0,0.0030299999999999997,0.04879,0.0,0.005889999999999999,3.0198400000000003
2025-07-15 06:30:00,Urbano E8022,0.00857,0.0,0.0,0.0,0.0,0.01348,0.0,0.04686,0.0,0.0,0.0,0.0,0.0,0.00299,0.04897,0.0,0.0059900000000000005,0.01802
2025-07-15 06:35:00,Urbano E8022,0.00868,0.0,0.0,0.0,0.0,0.013550000000000001,0.0,0.047619999999999996,0.0,0.0,0.0,0.0,0.0,0.00292,0.04977,0.0,0.005860000000000001,0.01778
2025-07-15 06:40:00,Urbano E8022,0.0086,2.99759,0.0,0.00674,0.0,0.013519999999999999,0.0,0.04758,0.0,0.0,0.0,0.0,0.0,0.02725,0.056799999999999996,0.0,0.00595,3.03928
2025-07-15 06:45:00,Urbano E8022,0.02682,2.9857199999999997,0.0,0.01069,0.0,0.013550000000000001,0.0,0.011210000000000001,0.01939,0.0,0.0,0.01844,0.0,0.02641,0.04225,0.0,0.00579,3.02663
2025-07-15 06:50:00,Urbano E8022,0.025589999999999998,0.0,0.0,0.01073,0.0,0.01342,0.0,0.00445,0.019170000000000003,0.0,0.0,0.01834,0.0,0.027399999999999997,0.03574,0.0,0.00464,0.04231
2025-07-15 06:55:00,Urbano E8022,0.02557,0.0,0.0,0.010960000000000001,0.0,0.01348,0.0,0.00028000000000000003,0.01905,0.0,0.0,0.01835,0.0,0.0,0.032670000000000005,0.0,0.004690000000000001,0.0141
2025-07-15 07:00:00,Urbano E8022,0.02536,0.0,0.0,0.01091,0.0,0.013470000000000001,0.0,0.03186,0.018969999999999997,0.0,0.0,0.01831,0.0,0.0,0.06287,0.0,0.004730000000000001,0.014070000000000001
2025-07-15 07:05:00,Urbano E8022,0.0257,0.0,0.0,0.01089,0.0,0.013460000000000001,0.0,0.04218,0.018920000000000003,0.0,0.0,0.018449999999999998,0.0,0.0,0.07341,0.0,0.0047599999999999995,0.01433
2025-07-15 07:10:00,Urbano E8022,0.02565,0.0,0.0,0.011009999999999999,0.0,0.013460000000000001,0.0,0.0426,0.01891,0.0,0.0,0.01839,0.0,0.0,0.07390000000000001,0.0,0.00474,0.014060000000000001
2025-07-15 07:15:00,Urbano E8022,0.02565,0.0,0.0,0.01108,0.0,0.01354,0.0,0.04075,0.01896,0.0,0.0,0.01837,0.0,0.00309,0.07213,0.0,0.00463,0.01758
2025-07-15 07:20:00,Urbano E8022,0.02574,0.0,0.0,0.0112,0.0,0.01348,0.0,0.17549,0.018969999999999997,0.0,0.0,0.018420000000000002,0.0,0.0030299999999999997,0.20648,0.0,0.00497,0.01755
2025-07-15 07:25:00,Urbano E8022,0.02556,0.0,0.0,0.00674,0.0,0.013529999999999999,0.0,0.17475,0.01887,0.0,0.0,0.01835,0.0,0.0,0.20188,0.0,0.00468,0.01439
2025-07-15 07:30:00,Urbano E8022,0.02575,0.0,0.0,0.00784,0.0,0.01354,0.0,0.174,0.0189,0.0,0.0,0.01846,0.0,0.00302,0.20213,0.0,0.00478,0.01752
2025-07-15 07:35:00,Urbano E8022,0.02568,0.0,0.0,0.00641,0.0,0.01348,0.0,0.00053,0.01941,0.0,0.0,0.01837,0.0,0.0029500000000000004,0.02878,0.0,0.00478,0.01744
2025-07-15 07:40:00,Urbano E8022,0.02574,0.0,0.0,0.00528,0.0,0.01354,0.0,0.09972,0.019809999999999998,0.0,0.0,0.01839,0.0,0.0,0.12617,0.0,0.0047,0.01434
2025-07-15 07:45:00,Urbano E8022,0.02561,0.0,0.0,0.0,0.0,0.013560000000000001,0.0,0.10035,0.019989999999999997,0.0,0.0,0.01834,0.0,0.0,0.12136,0.0,0.004730000000000001,0.014320000000000001
2025-07-15 07:50:00,Urbano E8022,0.0075899999999999995,0.0,0.0,0.07729000000000001,0.0,0.01354,0.0,0.10528,0.14073,0.0,0.0,0.0,0.0,0.0,0.32461,0.0,0.004940000000000001,0.01436
2025-07-15 07:55:00,Urbano E8022,0.00741,0.0,0.0,0.07756,0.0,0.013550000000000001,0.0,0.1044,0.12822999999999998,0.0,0.0,0.0,0.0,0.0,0.31141,0.0,0.004690000000000001,0.014029999999999999
2025-07-15 08:00:00,Urbano E8022,0.00752,0.0,0.0,0.07936,0.0,0.01348,0.0,0.11505,0.12802000000000002,0.0,0.0,0.0,0.0,0.0,0.32377,0.0,0.004690000000000001,0.01396
2025-07-15 08:05:00,Urbano E8022,0.00726,0.0,0.0,0.07845,0.0,0.013460000000000001,0.0,0.10128,0.12764,0.0,0.0,0.0,0.0,0.0,0.30855,0.0,0.0046500000000000005,0.01434
2025-07-15 08:10:00,Urbano E8022,0.00749,0.0,0.0,0.07894,0.0,0.01349,0.0,0.09828,0.12717,0.0,0.0,0.0,0.0,0.0,0.30565,0.0,0.0047599999999999995,0.014289999999999999
2025-07-15 08:15:00,Urbano E8022,0.0074800000000000005,0.0,0.0,0.07839,0.0,0.01343,0.0,0.09497,0.12871000000000002,0.0,0.0,0.0,0.0,0.0,0.30327,0.0,0.00478,0.01427
2025-07-15 08:20:00,Urbano E8022,0.0075899999999999995,0.0,0.0,0.07764,0.0,0.01348,0.0,0.09419,0.12766,0.0,0.0,0.0,0.0,0.0,0.30074,0.0,0.00483,0.01402
2025-07-15 08:25:00,Urbano E8022,0.007690000000000001,0.0,0.0,0.033460000000000004,0.0,0.0,0.0,0.01103,0.11,0.0,0.0,0.0,0.0,0.0,0.15544999999999998,0.0,0.004940000000000001,0.0
2025-07-15 08:30:00,Urbano E8022,0.00741,0.0,0.0,0.0334,0.0,0.0,0.0,0.01026,0.11001000000000001,0.0,0.0,0.0,0.0,0.0,0.15478,0.0,0.00474,0.0
2025-07-15 08:35:00,Urbano E8022,0.00738,0.0,0.0,0.03306,0.0,0.0,0.0,0.01021,0.11094,0.0,0.0,0.0,0.0,0.0,0.15552000000000002,0.0,0.00477,0.0
2025-07-15 08:40:00,Urbano E8022,0.00751,0.0,0.0,0.03336,0.0,0.0,0.0,0.01143,0.01062,0.0,0.0,0.0,0.0,0.0,0.056530000000000004,0.0,0.00477,0.0
2025-07-15 08:45:00,Urbano E8022,0.0074199999999999995,0.0,0.0,0.0,0.0,0.0,0.0,0.01148,0.00049,0.0,0.0,0.0,0.0,0.0,0.013869999999999999,0.0,0.0047599999999999995,0.0
2025-07-15 08:50:00,Urbano E8022,0.0071600000000000006,0.0,0.0,0.0,0.0,0.0,0.0,0.011519999999999999,0.0004,0.0,0.0,0.0,0.0,0.0,0.013789999999999998,0.0,0.0046500000000000005,0.0
2025-07-15 08:55:00,Urbano E8022,0.0074199999999999995,0.0,0.0,0.0,0.0,0.0,0.0,0.05115,0.00041,0.0,0.0,0.0,0.0,0.0,0.05348,0.0,0.00474,0.0
2025-07-15 09:00:00,Urbano E8022,0.00771,0.0,0.0,0.0,0.0,0.0,0.0,0.05193,0.00055,0.0,0.0,0.0,0.0,0.0,0.054090000000000006,0.0,0.00513,0.0
2025-07-15 09:05:00,Urbano E8022,0.00735,0.0,0.0,0.0,0.0,0.0,0.0,0.05196,0.0006,0.0,0.0,0.0,0.0,0.0,0.05428,0.0,0.00474,0.0
2025-07-15 09:10:00,Urbano E8022,0.00735,0.0,0.0,0.0,0.0,0.0,0.0,0.04917,0.00054,0.0,0.0,0.0,0.0,0.0,0.05147,0.0,0.00467,0.0
2025-07-15 09:15:00,Urbano E8022,0.0074199999999999995,0.0,0.0,0.0,0.0,0.0,0.0,0.01019,0.00028000000000000003,0.0,0.0,0.0,0.0,0.0,0.012240000000000001,0.0,0.00477,0.0
2025-07-15 09:20:00,Urbano E8022,0.00736,0.0,0.0,0.0,0.0,0.0,0.0,0.01013,0.00027,0.0,0.0,0.0,0.0,0.0,0.01231,0.0,0.00478,0.0
2025-07-15 09:25:00,Urbano E8022,0.0074199999999999995,0.0,0.0,0.0,0.0,0.0,0.0,0.010060000000000001,0.00041999999999999996,0.0,0.0,0.0,0.0,0.0,0.01225,0.0,0.00477,0.0
2025-07-15 09:30:00,Urbano E8022,0.00741,0.0,0.0,0.0,0.0,0.0,0.0,0.00996,0.00038,0.0,0.0,0.0,0.0,0.0,0.012240000000000001,0.0,0.00478,0.0
2025-07-15 09:35:00,Urbano E8022,0.00746,0.0,0.0,0.0,0.0,0.0,0.0,0.01001,0.00038,0.0,0.0,0.0,0.0,0.0,0.0123,0.0,0.00478,0.0
2025-07-15 09:40:00,Urbano E8022,0.00734,0.0,0.0,0.0,0.0,0.0,0.0,0.01014,0.00028000000000000003,0.0,0.0,0.0,0.0,0.0,0.01216,0.0,0.00471,0.0
2025-07-15 09:45:00,Urbano E8022,0.00736,0.0,0.0,0.0,0.0,0.0,0.0,0.009869999999999999,0.00039,0.0,0.0,0.0,0.0,0.0,0.01213,0.0,0.00474,0.0
2025-07-15 09:50:00,Urbano E8022,0.00746,0.0,0.0,0.0,0.0,0.0,0.0,0.01001,0.00029,0.0,0.0,0.0,0.0,0.0,0.012060000000000001,0.0,0.0046,0.0
2025-07-15 09:55:00,Urbano E8022,0.0074199999999999995,0.0,0.0,0.0,0.0,0.0,0.0,0.06372,0.00049,0.0,0.0,0.0,0.0,0.0,0.06606000000000001,0.0,0.0047,0.0
2025-07-15 10:00:00,Urbano E8022,0.0074,0.0,0.0,0.0,0.0,0.0,0.0,0.05029,0.00047999999999999996,0.0,0.0,0.0,0.0,0.0,0.05266,0.0,0.00468,0.0
2025-07-15 10:05:00,Urbano E8022,0.00714,0.0,0.0,0.0,0.0,0.0,0.0,0.05122,0.00038,0.0,0.0,0.0,0.0,0.0,0.05372,0.0,0.004730000000000001,0.0
2025-07-15 10:10:00,Urbano E8022,0.00739,0.0,0.0,0.0,0.0,0.0,0.0,0.04944,0.0005200000000000001,0.0,0.0,0.0,0.0,0.0,0.05185,0.0,0.00463,0.0
2025-07-15 10:15:00,Urbano E8022,0.0072,0.0,0.0,0.0,0.0,0.0,0.0,0.04682,0.00047,0.0,0.0,0.0,0.0,0.0,0.049159999999999995,0.0,0.00474,0.0
2025-07-15 10:20:00,Urbano E8022,0.00745,0.0,0.0,0.0,0.0,0.0,0.0,0.04081,0.00046,0.0,0.0,0.0,0.0,0.0,0.04329,0.0,0.00478,0.0
2025-07-15 10:25:00,Urbano E8022,0.00747,0.0,0.0,0.0,0.0,0.0,0.0,0.0362,0.00033,0.0,0.0,0.0,0.0,0.0,0.038509999999999996,0.0,0.00483,0.0
2025-07-15 10:30:00,Urbano E8022,0.00744,0.0,0.0,0.0,0.0,0.0,0.0,0.03605,0.00034,0.0,0.0,0.0,0.0,0.0,0.03843,0.0,0.0047,0.0
2025-07-15 10:35:00,Urbano E8022,0.00757,0.0,0.0,0.0,0.0,0.0,0.0,0.0,0.0006,0.0,0.0,0.0,0.0,0.0,0.00231,0.0,0.0048,0.0
2025-07-15 10:40:00,Urbano E8022,0.00715,0.0,0.0,0.0,0.0,0.0,0.0,0.0,0.00049,0.0,0.0,0.0,0.0,0.0,0.0024500000000000004,0.0,0.00475,0.0
2025-07-15 10:45:00,Urbano E8022,0.00754,0.0,0.0,0.0,0.0,0.0,0.0,0.0,0.0004,0.0,0.0,0.0,0.0,0.0,0.0019,0.0,0.00491,0.0
2025-07-15 10:50:00,Urbano E8022,0.00749,0.0,0.0,0.0,0.0,0.0,0.0,0.0,0.0005600000000000001,0.0,0.0,0.0,0.0,0.0,0.00219,0.0,0.00491,0.0
2025-07-15 10:55:00,Urbano E8022,0.00747,0.0,0.0,0.0,0.0,0.0,0.0,0.0,0.00043,0.0,0.0,0.0,0.0,0.0,0.00231,0.0,0.004730000000000001,0.0
2025-07-15 11:00:00,Urbano E8022,0.00747,0.0,0.0,0.0,0.0,0.0,0.0,0.03642,0.00053,0.0,0.0,0.0,0.0,0.0,0.038829999999999996,0.0,0.00477,0.0
2025-07-15 11:05:00,Urbano E8022,0.00745,0.0,0.0,0.0,0.0,0.0,0.0,0.04039,0.0003,0.0,0.0,0.0,0.0,0.0,0.04279,0.0,0.00478,0.0
2025-07-15 11:10:00,Urbano E8022,0.0074800000000000005,0.0,0.0,0.0,0.0,0.0,0.0,0.04132,0.00054,0.0,0.0,0.0,0.0,0.0,0.043590000000000004,0.0,0.0047599999999999995,0.0
2025-07-15 11:15:00,Urbano E8022,0.00741,0.0,0.0,0.0,0.0,0.0,0.0,0.03762,0.00057,0.0,0.0,0.0,0.0,0.0,0.039990000000000005,0.0,0.0048,0.0
2025-07-15 11:20:00,Urbano E8022,0.00741,0.0,0.0,0.0,0.00141,0.0,0.0,0.03635,0.00047,0.0,0.0,0.0,0.0,0.0031,0.04075,0.0,0.00471,0.00382
2025-07-15 11:25:00,Urbano E8022,0.00757,0.0,0.0,0.0,0.00864,0.0,0.0,0.03597,0.00049,0.0,0.0,0.0,0.0,0.0030499999999999998,0.047009999999999996,0.0,0.00481,0.00352
2025-07-15 11:30:00,Urbano E8022,0.00741,0.0,0.0,0.0,0.00587,0.0,0.0,0.0,0.0009699999999999999,0.0,0.0,0.0,0.0,0.0030299999999999997,0.008490000000000001,0.0,0.0047,0.00375
2025-07-15 11:35:00,Urbano E8022,0.0075899999999999995,0.0,0.0,0.0,0.00664,0.0,0.0,0.0,0.00046,0.0,0.0,0.0,0.0,0.0030600000000000002,0.009130000000000001,0.0,0.0047599999999999995,0.00366
2025-07-15 11:40:00,Urbano E8022,0.00758,0.0,0.0,0.0,0.00825,0.0,0.0,0.0,0.0006,0.0,0.0,0.0,0.0,0.0030299999999999997,0.01082,0.0,0.00477,0.00381
2025-07-15 11:45:00,Urbano E8022,0.007549999999999999,0.0,0.0,0.0,0.24430000000000002,0.0,0.0,0.0,0.00047999999999999996,0.0,0.0,0.0,0.0,0.00296,0.24680000000000002,0.0,0.00477,0.00379
2025-07-15 11:50:00,Urbano E8022,0.00749,0.0,0.0,0.0,0.00638,0.0,0.0,0.0,0.00049,0.0,0.0,0.0,0.0,0.00299,0.00857,0.0,0.0047599999999999995,0.0035
2025-07-15 11:55:00,Urbano E8022,0.00754,0.0,0.0,0.0,0.00222,0.0,0.0,0.0,0.06240999999999999,0.0,0.0,0.0,0.0,0.0,0.06594,0.0,0.004849999999999999,0.0
2025-07-15 12:00:00,Urbano E8022,0.00749,0.0,0.0,0.0,0.00237,0.02678,0.0,0.038369999999999994,0.06161,0.0,0.0,0.0,0.0,0.0,0.10315,0.0,0.0048200000000000005,0.02763
2025-07-15 12:05:00,Urbano E8022,0.00752,0.0,0.0,0.0,0.00227,0.01374,0.0,0.037,0.01925,0.0,0.0,0.0,0.0,0.0,0.05938,0.0,0.00474,0.01443
2025-07-15 12:10:00,Urbano E8022,0.00762,0.0,0.0,0.0,0.0017900000000000001,0.013560000000000001,0.0,0.039850000000000003,0.01941,0.0,0.0,0.0,0.0,0.0,0.062189999999999995,0.0,0.00483,0.01435
2025-07-15 12:15:00,Urbano E8022,0.00749,0.0,0.0,0.0,0.00183,0.01359,0.0,0.04215,0.12909,0.0,0.0,0.0,0.0,0.0,0.17437,0.0,0.004690000000000001,0.014289999999999999
2025-07-15 12:20:00,Urbano E8022,0.00747,0.0,0.0,0.0,0.00227,0.01348,0.0,0.0381,0.12792,0.0,0.0,0.0,0.0,0.0,0.16909,0.0,0.004730000000000001,0.01425
2025-07-15 12:25:00,Urbano E8022,0.00757,0.0,0.0,0.0,0.00227,0.0,0.0,0.03671,0.12771,0.0,0.0,0.0,0.0,0.0,0.16791,0.0,0.0047,0.0
2025-07-15 12:30:00,Urbano E8022,0.00747,0.0,0.0,0.0,0.00217,0.02727,0.0,0.03598,0.12726,0.0,0.0,0.0,0.0,0.0,0.16649,0.0,0.00475,0.027960000000000002
2025-07-15 12:35:00,Urbano E8022,0.00752,0.0,0.0,0.0,0.00225,0.02434,0.0,0.03572,0.10876000000000001,0.0,0.0,0.0,0.0,0.0,0.14765999999999999,0.0,0.0047599999999999995,0.02526
